"gene_name","log2FoldChange","padj","Significance"
"FAM83A",6.79169955503033,4.29677444265371e-176,"Upregulated"
"PYCR1",3.68778284552719,2.97067106030629e-165,"Upregulated"
"OTUD1",-2.12045819009293,9.4217416734417e-146,"Downregulated"
"AFAP1-AS1",6.30580706970009,1.20465158629396e-128,"Upregulated"
"EPAS1",-2.72397932995301,4.17782302266439e-128,"Downregulated"
"STX11",-3.06733198108962,2.35383001229803e-127,"Downregulated"
"SPAAR",-2.72042985490703,3.00872845559633e-127,"Downregulated"
"PECAM1",-2.32194072429338,1.34990221983209e-126,"Downregulated"
"ETV4",3.84679264258589,6.71526656564101e-125,"Upregulated"
"TEDC2",3.51277904836723,6.99078090418126e-124,"Upregulated"
"IQGAP3",3.60524212249925,1.65546995244555e-122,"Upregulated"
"TOP2A",3.84859133357327,3.68057302985422e-122,"Upregulated"
"S1PR1",-2.85786461175457,1.23864486991279e-120,"Downregulated"
"FAM83A-AS1",6.61995562163355,1.89036442967977e-120,"Upregulated"
"B3GNT3",4.34654494058237,5.81646448348256e-120,"Upregulated"
"RGCC",-2.88225704486981,5.94702787429284e-119,"Downregulated"
"ACVRL1",-2.56966346872342,1.14233768099397e-118,"Downregulated"
"EMP2",-2.73403226434656,1.75411849705021e-116,"Downregulated"
"SEMA3G",-3.22936633093402,4.57887202879894e-116,"Downregulated"
"RTKN2",-4.06768470125319,1.04745477630348e-114,"Downregulated"
"LCAL1",7.8340297806561,5.93644331036976e-114,"Upregulated"
"TEK",-3.25504862552452,1.14473395263897e-113,"Downregulated"
"SAPCD2",3.79878941635378,3.09692238557226e-113,"Upregulated"
"PTPN21",-2.44960605480788,2.02051259060739e-112,"Downregulated"
"RAMP3",-3.23362026950206,3.48193663617737e-111,"Downregulated"
"KIF4A",3.81127980238813,5.97053110901281e-111,"Upregulated"
"UBE2T",3.3099485856487,5.39467939356036e-109,"Upregulated"
"HSPA12B",-2.79712893953787,7.17882892569252e-109,"Downregulated"
"PALM2AKAP2",-2.51266689817546,1.69663740084385e-108,"Downregulated"
"MEX3A",4.16535115564742,4.28965491597555e-108,"Upregulated"
"FAM107A",-4.5571136627906,7.70683580408774e-108,"Downregulated"
"CRABP2",5.56434313718907,9.29140251087249e-107,"Upregulated"
"ADM2",3.45477839608745,7.72383984068252e-106,"Upregulated"
"TMPRSS4",4.81637649058648,1.8514236644773e-105,"Upregulated"
"NEK2",3.73141762928185,4.05951797836428e-105,"Upregulated"
"RAMP2",-2.87152593675994,5.30532613917307e-105,"Downregulated"
"KIF14",3.75065006901283,5.62868195804942e-105,"Upregulated"
"LDB2",-2.58988584250434,7.21532028812622e-105,"Downregulated"
"HJURP",3.84565786205978,7.44146270253301e-105,"Upregulated"
"ABCA12",5.39746760244066,1.03588188491054e-104,"Upregulated"
"TMEM184A",3.1233566158206,2.18961187771641e-104,"Upregulated"
"WWC2",-2.36035254317592,6.94072565903778e-104,"Downregulated"
"CDC25C",3.68206507642494,9.97902551577582e-104,"Upregulated"
"UHRF1",3.34668035865284,1.52210641901721e-103,"Upregulated"
"ASPM",3.73312871215138,1.43983900974329e-102,"Upregulated"
"COL10A1",4.62621702123465,4.40278268246979e-102,"Upregulated"
"PTPRH",5.19079592166472,8.00636219842916e-101,"Upregulated"
"MMP11",5.51760045190878,8.66329496477432e-101,"Upregulated"
"EDNRB",-3.50209569055048,1.30598109650576e-100,"Downregulated"
"ANLN",3.76728695230741,1.63914826965685e-100,"Upregulated"
"DLGAP5",3.67241109740376,1.86271259703962e-100,"Upregulated"
"GOLM1",2.63234529963219,1.87474977109359e-100,"Upregulated"
"CENPF",3.4862337451466,2.32611658385689e-100,"Upregulated"
"ROBO4",-2.85578323510177,5.3309064578353e-100,"Downregulated"
"CDC20",3.75898120807849,6.11246270029152e-100,"Upregulated"
"PRX",-3.35892395319374,6.26877560206838e-100,"Downregulated"
"LIMS2",-2.81889069560271,1.13980951420236e-99,"Downregulated"
"CTHRC1",3.78908851295874,1.13980951420236e-99,"Upregulated"
"CDH5",-2.5597618765478,4.49504243877291e-99,"Downregulated"
"ERCC6L",3.29275184077704,4.54579006388398e-99,"Upregulated"
"Z98257.1",6.06885463178261,6.65748362783998e-99,"Upregulated"
"UBE2C",4.17534841346962,7.31389775876626e-99,"Upregulated"
"NUF2",3.70112667117685,1.03145632848424e-98,"Upregulated"
"JAM2",-2.51298153104638,1.49381119990957e-98,"Downregulated"
"KIF2C",3.56548695325415,2.32381876813112e-98,"Upregulated"
"CDC6",3.41259824415333,1.06339713585982e-97,"Upregulated"
"BUB1B",3.41884154071303,1.35212204755747e-97,"Upregulated"
"GREM1",5.04114994748336,1.46492205221772e-97,"Upregulated"
"LINC01977",4.78809497529595,2.55365068794774e-97,"Upregulated"
"XRCC2",3.23167042218829,3.68129691593012e-97,"Upregulated"
"KIF20A",3.14766965983544,4.68497475842081e-97,"Upregulated"
"E2F8",3.15764727672424,1.27934589388056e-96,"Upregulated"
"KIF18B",3.76147785294093,1.9767103715912e-96,"Upregulated"
"MELK",3.61035236062965,2.28724707844621e-96,"Upregulated"
"CYP24A1",6.69224178660055,4.06128353509251e-96,"Upregulated"
"EXO1",3.58930982276773,4.06128353509251e-96,"Upregulated"
"COL11A1",6.25794650402756,9.39140042154003e-96,"Upregulated"
"SPAG5",3.0763172156021,1.23069694291683e-95,"Upregulated"
"KIF26B",3.14157632340652,1.60484205337873e-95,"Upregulated"
"TROAP",3.79309243825183,1.74493914939957e-95,"Upregulated"
"ARHGEF39",2.73241130327211,7.26064729117427e-95,"Upregulated"
"SH2D3C",-2.30071805753218,1.00124617804017e-94,"Downregulated"
"DEPDC1B",3.62043680244606,1.55081132761707e-94,"Upregulated"
"AL590226.1",-3.63746602207054,1.5781026025418e-94,"Downregulated"
"ORC6",3.05000658869507,2.17345251947061e-94,"Upregulated"
"PLK1",3.18451736814943,3.45366957110834e-94,"Upregulated"
"DEPDC1",3.77525764283186,6.54903429342964e-94,"Upregulated"
"TPX2",3.62866396872956,7.21997281926611e-94,"Upregulated"
"PLEKHN1",3.1236189422974,7.40583801617081e-94,"Upregulated"
"PITX2",8.216440317457,9.79776674623611e-94,"Upregulated"
"KANK3",-2.86289558782525,1.2873803048304e-93,"Downregulated"
"FEZF1-AS1",6.16332435871024,1.76846716095967e-93,"Upregulated"
"CYYR1",-2.2826163988747,4.5744333453294e-93,"Downregulated"
"BIRC5",3.66793124290853,5.654431799173e-93,"Upregulated"
"CD101",-2.75557569957837,2.39598285048997e-92,"Downregulated"
"ZYG11A",5.43598457646439,5.59814648617388e-92,"Upregulated"
"SPOCK2",-3.21572868391465,2.49878604487546e-91,"Downregulated"
"FOXF1",-2.75003608262645,3.04642409429227e-91,"Downregulated"
"SYT12",5.69776238422125,3.94523074623479e-91,"Upregulated"
"CALCRL",-2.73692515515034,4.448625719027e-91,"Downregulated"
"TAL1",-2.7920912312145,1.512810094965e-90,"Downregulated"
"FCN3",-4.53041061189712,8.70767102840487e-90,"Downregulated"
"ALDH18A1",1.61513926242454,1.12753568150624e-89,"Upregulated"
"ZFPM2-AS1",5.39916427867741,4.46180570400432e-89,"Upregulated"
"ATP10B",5.50860290617761,5.08323830629139e-89,"Upregulated"
"CEP55",3.24283022599595,5.50551902542488e-89,"Upregulated"
"GINS1",3.0304709091098,6.63807762571182e-89,"Upregulated"
"RASAL1",4.01792030007726,6.63807762571182e-89,"Upregulated"
"FGD5",-2.25307751195115,8.39640707577648e-89,"Downregulated"
"EZH2",2.5414517103761,1.21866569949401e-88,"Upregulated"
"CDCA8",3.03301845591135,1.94576774950113e-88,"Upregulated"
"SPAG4",2.89107506240699,1.96058962682582e-88,"Upregulated"
"STIL",2.56019441191273,2.02809631529281e-88,"Upregulated"
"PLAC9",-2.71876736509484,2.12944455138619e-88,"Downregulated"
"GIMAP8",-2.45541864556229,3.45272231851716e-88,"Downregulated"
"PPP1R14D",5.99810600809821,3.60302248254779e-88,"Upregulated"
"RECQL4",3.01728727105818,5.4743491481333e-88,"Upregulated"
"LGR4",2.72356994549093,6.99426508780764e-88,"Upregulated"
"PRKCE",-1.86710727809628,1.62472995078823e-87,"Downregulated"
"SMAD6",-2.56449210281452,1.76590613768725e-87,"Downregulated"
"MYZAP",-3.29990512173667,2.0889304074247e-87,"Downregulated"
"MYEOV",6.28852163345695,6.2621387121646e-87,"Upregulated"
"EPHA10",3.62287309924268,1.25532639112633e-86,"Upregulated"
"LINC00511",3.16827061516802,1.33877427975122e-86,"Upregulated"
"FRMD5",3.55900167588905,2.4151386359387e-86,"Upregulated"
"MCM10",3.53032557589024,2.71789053108756e-86,"Upregulated"
"SPP1",4.80321516076103,3.15416194393618e-86,"Upregulated"
"SKA3",3.19697794103031,5.03562722499447e-86,"Upregulated"
"CAVIN2",-3.31533637563822,5.15967312062942e-86,"Downregulated"
"CDCA3",3.26747960132806,5.8060967780444e-86,"Upregulated"
"CBLC",3.19817973320784,6.16735402786825e-86,"Upregulated"
"AL162595.1",2.17125281656031,1.02610448133016e-85,"Upregulated"
"FUT2",3.17181398233889,1.14099476968252e-85,"Upregulated"
"CST1",6.83427445325037,1.28806131428433e-85,"Upregulated"
"TMPRSS11E",6.71611568553883,2.91781290103711e-85,"Upregulated"
"SLC6A4",-6.16024948129508,3.71036363578611e-85,"Downregulated"
"RRM2",3.19684110620559,4.30151949343689e-85,"Upregulated"
"STARD8",-2.21639162332444,4.8019158847845e-85,"Downregulated"
"GJB2",4.55971359512939,5.40038179749019e-85,"Upregulated"
"ANGPT4",-4.23178683081093,5.52359908097162e-85,"Downregulated"
"MNX1-AS1",5.24330720398941,5.55722860528711e-85,"Upregulated"
"CCNB1",2.97289067036758,6.52540442197079e-85,"Upregulated"
"GRK5",-2.49663429740158,7.80222670151282e-85,"Downregulated"
"SPTBN2",2.50064385361649,9.1968802260984e-85,"Upregulated"
"GTSE1",3.08921616894712,2.54438693597934e-84,"Upregulated"
"CENPA",3.6166299023667,3.23047388224798e-84,"Upregulated"
"FHL1",-3.42265765042492,6.88185151192903e-84,"Downregulated"
"HMGB3",3.48869782043485,7.99861116931311e-84,"Upregulated"
"KANK2",-1.64984419995764,1.05315002362184e-83,"Downregulated"
"MYCT1",-2.26272571727326,1.28164860747075e-83,"Downregulated"
"ECSCR",-2.25214737205536,1.57518233613476e-83,"Downregulated"
"TUBB3",4.50891965408895,1.59073088852235e-83,"Upregulated"
"CKAP2L",3.15872763288466,1.59330643120044e-83,"Upregulated"
"FER1L4",4.16400462025912,2.27074886427349e-83,"Upregulated"
"LRRC32",-2.37882014357626,2.41752813155998e-83,"Downregulated"
"CCM2L",-2.53340059573795,2.62101740387758e-83,"Downregulated"
"EFNA4",2.19381013444483,4.21204634923693e-83,"Upregulated"
"ARHGEF15",-2.46230787025116,4.84963782522016e-83,"Downregulated"
"STARD13",-2.00925814983537,4.89459265757537e-83,"Downregulated"
"CCNB2",3.03865411106276,4.94958605264973e-83,"Upregulated"
"CLEC1A",-2.29053439252526,6.7248017536926e-83,"Downregulated"
"FMO2",-3.26764711004018,6.90534132924572e-83,"Downregulated"
"IGSF9",3.2303047772018,1.47563322010067e-82,"Upregulated"
"AC093110.1",-3.26323898379562,1.71252415174828e-82,"Downregulated"
"GCNT3",5.15134057003159,1.97406701476989e-82,"Upregulated"
"SFXN1",1.5106657546879,2.03819814635859e-82,"Upregulated"
"FERMT1",3.21869354507494,2.12875664929833e-82,"Upregulated"
"LINC02014",3.95052760379051,2.53392614405992e-82,"Upregulated"
"GPT2",3.40430525856391,2.57854287493542e-82,"Upregulated"
"CLEC14A",-2.30377967300647,4.07698566053178e-82,"Downregulated"
"SGO1",3.21181619737398,4.08772614799428e-82,"Upregulated"
"NEIL3",4.27343806448611,9.62260841929969e-82,"Upregulated"
"AURKB",3.43148339515632,1.02187414691092e-81,"Upregulated"
"TMEM177",1.57178847932871,2.59738180360488e-81,"Upregulated"
"USHBP1",-2.3130323303123,3.14522834044632e-81,"Downregulated"
"EEF1A2",6.35377340994955,3.37833548510492e-81,"Upregulated"
"CELSR3",3.39850467049287,3.58751236050518e-81,"Upregulated"
"POLQ",3.31251444748326,4.4220618747077e-81,"Upregulated"
"STX1A",3.09462238889886,4.67428015981327e-81,"Upregulated"
"CDC45",3.19264213802941,6.50710417299225e-81,"Upregulated"
"PSAT1",3.48520913097602,6.84478516555335e-81,"Upregulated"
"CLEC3B",-3.77771154946595,6.84478516555335e-81,"Downregulated"
"TTK",3.28687413186776,7.44954621964859e-81,"Upregulated"
"ARHGEF26",-2.67662055995088,9.66569696058752e-81,"Downregulated"
"PAICS",1.85024804792455,1.51050759532232e-80,"Upregulated"
"KIF11",2.68323299662055,1.56194330633781e-80,"Upregulated"
"SRPK1",1.60080953883306,1.97046238202069e-80,"Upregulated"
"C20orf202",-2.56822364069233,2.22729300918035e-80,"Downregulated"
"FOXM1",3.33558314288444,2.7316820261445e-80,"Upregulated"
"ERG",-2.14488592564473,2.77428287268702e-80,"Downregulated"
"RAD54L",3.12207438234613,4.07723338338583e-80,"Upregulated"
"AL606469.1",-5.28319138638614,4.67976784441738e-80,"Downregulated"
"MKI67",3.09951804272555,4.99422834427417e-80,"Upregulated"
"NDC80",3.12279707980919,1.28210667455165e-79,"Upregulated"
"EFNA3",3.02118761655164,1.49835234851001e-79,"Upregulated"
"MMRN2",-2.14312851295522,3.09439891286877e-79,"Downregulated"
"CSRNP1",-2.39545118960328,4.08524908347997e-79,"Downregulated"
"PPAT",1.92721728014933,4.64731356919988e-79,"Upregulated"
"TRPM8",6.6516913084868,7.99146326332e-79,"Upregulated"
"MYBL2",3.79516573309353,8.6440638462353e-79,"Upregulated"
"ITPKA",5.1687949977827,9.06188585977203e-79,"Upregulated"
"FABP4",-4.9137771005074,1.1239440281456e-78,"Downregulated"
"PRAME",7.5278257621681,1.4245086009111e-78,"Upregulated"
"ADRB2",-3.08771317128815,1.44564037178269e-78,"Downregulated"
"THSD1",-2.23602163551232,1.87531879772263e-78,"Downregulated"
"NOVA2",-2.42150480236756,3.03122816295305e-78,"Downregulated"
"ZWINT",2.59495408183165,3.15484471543163e-78,"Upregulated"
"PDLIM2",-1.98774160838519,4.87327563208411e-78,"Downregulated"
"HS6ST2",3.68488159482417,8.02052314203146e-78,"Upregulated"
"AGER",-5.03641846574942,1.299658249648e-77,"Downregulated"
"RGS17",3.77124770459193,1.56045835893667e-77,"Upregulated"
"HMMR",3.01160880326746,1.75947841642748e-77,"Upregulated"
"RMI2",2.26962582624843,1.8453253848295e-77,"Upregulated"
"EPN3",3.06246440763488,2.80484872770071e-77,"Upregulated"
"HTR3A",5.96627073868509,4.61127776447159e-77,"Upregulated"
"NCAPG",3.20123245644443,4.79437138603817e-77,"Upregulated"
"CAV1",-3.43460125808358,5.45009271159505e-77,"Downregulated"
"CAT",-1.91169292971764,1.10977612091484e-76,"Downregulated"
"NCAPH",2.95766148427466,1.50809963237974e-76,"Upregulated"
"SLC2A1",3.4988856883615,2.21565606689599e-76,"Upregulated"
"BRIP1",2.70341427085857,2.61871032727652e-76,"Upregulated"
"FGL1",7.34171285258231,3.83503058162603e-76,"Upregulated"
"C10orf88B",3.54054896876884,6.58876392553222e-76,"Upregulated"
"SGCG",-3.84034722957654,6.8527102901431e-76,"Downregulated"
"TAMALIN",-2.35206017388471,8.39273766204687e-76,"Downregulated"
"LYVE1",-3.20833367040967,1.12223292883186e-75,"Downregulated"
"GYPE",-3.27469055403196,1.46863901023053e-75,"Downregulated"
"LMO2",-1.92357851285664,2.08459059219275e-75,"Downregulated"
"MNX1",4.31954893475483,2.67275159295906e-75,"Upregulated"
"AC140479.2",4.16184473707174,2.84077516744052e-75,"Upregulated"
"NDST1",-1.60622147251963,4.63720929215154e-75,"Downregulated"
"OTX1",3.30704496973407,6.43662733304227e-75,"Upregulated"
"AC004816.1",2.88397617387607,6.8056342724305e-75,"Upregulated"
"MYO19",1.64707011246724,7.84019030616262e-75,"Upregulated"
"PKMYT1",2.96426613279984,8.4532839912545e-75,"Upregulated"
"ONECUT1",6.68447241008629,2.00935372900615e-74,"Upregulated"
"HID1-AS1",-2.80819950996934,2.03910938885352e-74,"Downregulated"
"AC080037.2",5.31103808336199,2.09341950007547e-74,"Upregulated"
"RCC1",1.73766622216239,2.10482821707847e-74,"Upregulated"
"AL109741.1",-2.53867405941934,2.40185242056761e-74,"Downregulated"
"MDK",3.05114957396911,2.69616586671396e-74,"Upregulated"
"RAB26",3.64055865245021,2.94878258138117e-74,"Upregulated"
"PPP1R14B",2.06761486092919,3.41161027889901e-74,"Upregulated"
"ESPL1",3.11662501724374,4.1592642273369e-74,"Upregulated"
"SOX7",-2.94666771946932,4.34861910481417e-74,"Downregulated"
"TMEM100",-4.35815718783548,5.12150687823217e-74,"Downregulated"
"FENDRR",-3.88803296172475,1.05790044835747e-73,"Downregulated"
"LINC00968",-3.52230877935721,1.08616110281021e-73,"Downregulated"
"CDCA2",2.95976508802732,1.76463403870296e-73,"Upregulated"
"SLC39A8",-2.50013670372276,2.65084427952476e-73,"Downregulated"
"SASH1",-1.85034500949102,3.94955570452008e-73,"Downregulated"
"OCIAD2",2.18373936842522,4.65517521306946e-73,"Upregulated"
"CDCA5",2.95736063396362,5.14119667143103e-73,"Upregulated"
"KISS1R",6.2744651030547,5.71139441592979e-73,"Upregulated"
"ENTPD8",4.6741128302356,8.2647080680756e-73,"Upregulated"
"ARHGAP6",-2.3511719787948,1.03062025158536e-72,"Downregulated"
"SPINK1",6.64368749457939,1.18940532820101e-72,"Upregulated"
"FEZ1",-2.15567367259118,1.28693716936869e-72,"Downregulated"
"VIPR1",-3.21773471483849,1.44123703087274e-72,"Downregulated"
"UNC5CL",3.07343345248731,1.46792171992573e-72,"Upregulated"
"MMP13",6.13656271031012,2.11866104368584e-72,"Upregulated"
"RHBDL2",2.68322536046513,2.45091012855845e-72,"Upregulated"
"EMCN",-2.74883729059669,2.81397762939814e-72,"Downregulated"
"PLPP2",2.40884207272162,3.47660455580988e-72,"Upregulated"
"CCNA2",2.94103128291961,4.09158900197271e-72,"Upregulated"
"PNPLA6",-1.58003864647746,5.55510896045005e-72,"Downregulated"
"VIL1",7.00797792710031,6.22272182187001e-72,"Upregulated"
"CD93",-2.20887551328037,1.53457855855258e-71,"Downregulated"
"SPTBN1",-1.74632085718541,2.05436536689909e-71,"Downregulated"
"XDH",4.07082458821142,2.05436536689909e-71,"Upregulated"
"AC020907.1",5.64004303769129,2.68534512044506e-71,"Upregulated"
"AOC3",-2.66171364649212,2.8330168151209e-71,"Downregulated"
"STX12",-1.04391805136383,3.15720477398202e-71,"Downregulated"
"B4GALNT4",4.7568794305927,3.38275539663203e-71,"Upregulated"
"RXFP1",-3.11110330647657,3.54018302415588e-71,"Downregulated"
"RASIP1",-2.32338384470637,5.20911295757156e-71,"Downregulated"
"TNS1",-2.17873121694402,5.21310124767758e-71,"Downregulated"
"AC103718.1",5.80059953524751,5.70201444191537e-71,"Upregulated"
"GINS2",2.85126079641369,7.29918969797827e-71,"Upregulated"
"DMBX1",6.33451187243991,8.38900054426168e-71,"Upregulated"
"AC084871.3",-3.62291208742353,8.43569345523966e-71,"Downregulated"
"ST8SIA6",-3.54730713252877,2.72091826605841e-70,"Downregulated"
"CHEK1",2.59992812354839,2.72091826605841e-70,"Upregulated"
"HROB",2.72591951161302,3.26913574654422e-70,"Upregulated"
"SALL4",3.41966419832067,3.75768998571205e-70,"Upregulated"
"PBK",3.37437698941711,4.78651568309938e-70,"Upregulated"
"KIF15",2.67763616185834,5.55762098088067e-70,"Upregulated"
"CASKIN2",-1.73009591898171,1.03504687611459e-69,"Downregulated"
"FAM111B",2.73218764174471,1.19125961234643e-69,"Upregulated"
"SERINC1",-1.17562618381393,1.56216680295174e-69,"Downregulated"
"SOX17",-2.71525866919379,1.71790752224705e-69,"Downregulated"
"HHIPL2",6.07271112312467,2.00900778105043e-69,"Upregulated"
"IQANK1",2.23273285183948,2.30484893724189e-69,"Upregulated"
"ADPRH",-1.6082523202446,2.38927797891377e-69,"Downregulated"
"TICRR",2.87323597614229,3.96681258867492e-69,"Upregulated"
"TFR2",2.94899117901907,4.73015308338645e-69,"Upregulated"
"PTPRB",-2.55591023963117,5.16971826540199e-69,"Downregulated"
"CABYR",4.58538512318365,6.17748303167296e-69,"Upregulated"
"TFAP2A",3.74166824082522,6.63323362842868e-69,"Upregulated"
"GPRIN1",2.69579897508159,1.01308554263705e-68,"Upregulated"
"CENPI",2.74194782913429,1.04355027192111e-68,"Upregulated"
"HIGD1B",-2.75112467285172,1.16744115576668e-68,"Downregulated"
"SPC24",2.69354303600792,1.16744115576668e-68,"Upregulated"
"GRHL3",3.50657821231931,1.95520754621042e-68,"Upregulated"
"KNL1",2.63246306850799,1.95645689201087e-68,"Upregulated"
"RHOJ",-1.87448094797127,3.38129128722053e-68,"Downregulated"
"GPD1",-3.94691592509306,3.43284935217794e-68,"Downregulated"
"TMEM204",-1.91970199150319,3.5736431839154e-68,"Downregulated"
"CCNE1",3.27593871066125,4.04605404509045e-68,"Upregulated"
"FOXD3-AS1",7.03343680160142,5.48177211730013e-68,"Upregulated"
"AP001189.1",-3.06628189387231,5.52881649138826e-68,"Downregulated"
"EME1",2.68820926732148,6.12553921159055e-68,"Upregulated"
"C14orf132",-2.63726851629603,6.23497111390952e-68,"Downregulated"
"AL390719.1",2.77406431463702,9.44775983137923e-68,"Upregulated"
"HELLS",2.39482028619768,9.5408819163498e-68,"Upregulated"
"KNTC1",2.13235538887485,1.70364739268232e-67,"Upregulated"
"PCLAF",2.65029069071123,1.88988387241188e-67,"Upregulated"
"RUNDC3A-AS1",3.73818833114868,1.93709357645093e-67,"Upregulated"
"AC084880.1",-2.51031105630896,2.1872759224328e-67,"Downregulated"
"LINC02882",7.09156847607911,2.21911755102902e-67,"Upregulated"
"CLSPN",2.72699962019218,2.505578964802e-67,"Upregulated"
"LINC01270",2.84909419333571,4.24887736508064e-67,"Upregulated"
"STRA6",4.46253353776584,4.64361702808979e-67,"Upregulated"
"ORC1",2.74592173661744,4.71925674818233e-67,"Upregulated"
"CAVIN1",-2.08583118977927,4.98621128420448e-67,"Downregulated"
"AKR7A3",5.35192177185338,7.06669288577281e-67,"Upregulated"
"PAEP",7.45342089977044,7.74173174631371e-67,"Upregulated"
"BARX1",7.52884618172586,1.01882780708133e-66,"Upregulated"
"KDELR3",2.22859559375765,1.37005424616017e-66,"Upregulated"
"GIMAP6",-2.09449846085171,1.70154234153002e-66,"Downregulated"
"TNNC1",-3.5820161997653,1.71031326924959e-66,"Downregulated"
"AL391056.1",4.52768930641328,1.72516562748691e-66,"Upregulated"
"SKA1",3.02144016293261,1.82022522795093e-66,"Upregulated"
"PPP1R15A",-1.88422503791978,1.82599574185251e-66,"Downregulated"
"AC093890.1",-2.7583548513489,2.25638434481741e-66,"Downregulated"
"AC008496.3",6.67805336222555,2.27093317935379e-66,"Upregulated"
"C1orf112",1.73849472545722,2.55795666052019e-66,"Upregulated"
"INMT",-3.51792004317975,3.00245367404024e-66,"Downregulated"
"EFCC1",-2.59143807641664,3.70334590462979e-66,"Downregulated"
"CA9",5.61969877552065,3.85590012360945e-66,"Upregulated"
"GLIPR2",-2.21791910439436,5.35038932359188e-66,"Downregulated"
"CLIC5",-3.64063297311496,5.88933045956453e-66,"Downregulated"
"JPH4",-2.61311218301955,6.56146890818278e-66,"Downregulated"
"NECTIN4",2.32896379277502,8.60663809603027e-66,"Upregulated"
"PIMREG",3.20427200356113,9.02373085682901e-66,"Upregulated"
"HEG1",-2.13029224552133,1.06954902913861e-65,"Downregulated"
"LANCL1-AS1",-3.56746410616251,1.11299137225787e-65,"Downregulated"
"H2BC5",2.67232065172215,1.8231098297555e-65,"Upregulated"
"SCUBE1",-3.58005677451772,2.02865449421595e-65,"Downregulated"
"MCM4",2.20301924579049,2.12488973671333e-65,"Upregulated"
"DNA2",2.23068379157862,2.18792679063755e-65,"Upregulated"
"CDT1",2.7517009799865,2.38851790794633e-65,"Upregulated"
"LMCD1",-1.75736475985184,3.51386625973877e-65,"Downregulated"
"STXBP6",-3.50936094534769,4.1089381426302e-65,"Downregulated"
"PAFAH1B3",2.25698663065164,4.26729612118045e-65,"Upregulated"
"PCAT6",2.71155858530092,4.59024260868328e-65,"Upregulated"
"BCL2L15",3.4617623882954,6.20986898319733e-65,"Upregulated"
"ESCO2",2.63159941678347,6.69952189534663e-65,"Upregulated"
"NMUR1",-2.68960565025309,7.90033203075553e-65,"Downregulated"
"NME1",2.19862410047012,7.97001208552537e-65,"Upregulated"
"LASTR",3.96604873719813,8.64721751068144e-65,"Upregulated"
"KIFC1",2.73080755528115,9.4728320337363e-65,"Upregulated"
"ARHGAP31",-2.13220391432917,1.0811566999642e-64,"Downregulated"
"NECAB1",-3.19188749962251,1.3110038118911e-64,"Downregulated"
"RDM1",3.60759617835995,1.39633139987114e-64,"Upregulated"
"SLIT2",-2.47826241244368,1.6890695030861e-64,"Downregulated"
"MIR9-1HG",5.31348589288336,1.8725047406515e-64,"Upregulated"
"ADARB1",-1.76332322269746,1.8725047406515e-64,"Downregulated"
"PLEK2",2.72012394748848,2.26767094933362e-64,"Upregulated"
"FEZF1",5.5922291078734,3.062336120235e-64,"Upregulated"
"PITX1",4.5427717494859,3.28323776547057e-64,"Upregulated"
"ASF1B",2.36228120283836,3.60444488321615e-64,"Upregulated"
"DENND3",-1.74377044498674,3.91961974778684e-64,"Downregulated"
"SLC24A2",5.17502745202844,3.97915918853821e-64,"Upregulated"
"HBA2",-4.16369594757843,4.17208426317497e-64,"Downregulated"
"CHAF1B",1.92779246770989,5.45834137747496e-64,"Upregulated"
"SYT7",3.42655455699067,6.04374440756026e-64,"Upregulated"
"BUB1",2.633545653975,6.25683755267469e-64,"Upregulated"
"HNF4G",3.52084880265287,6.87970926440562e-64,"Upregulated"
"B3GNT6",5.74976884660341,7.65141084438187e-64,"Upregulated"
"TK1",2.63345421143415,8.49337579557069e-64,"Upregulated"
"GIMAP1",-2.03724932895547,9.86376614451199e-64,"Downregulated"
"POLE2",2.34960972426714,1.40331200364737e-63,"Upregulated"
"MSTO1",1.51654615953272,1.44238329254755e-63,"Upregulated"
"C11orf86",7.80626163648151,1.90405230584417e-63,"Upregulated"
"MMP1",4.92635290447958,2.00463231535695e-63,"Upregulated"
"CNOT11",1.11875863831621,2.8101212209477e-63,"Upregulated"
"FAM110D",-2.3221184877426,3.40012770380003e-63,"Downregulated"
"IL3RA",-1.73357436517591,3.85632581933208e-63,"Downregulated"
"HBB",-4.24427454653069,5.37414439905754e-63,"Downregulated"
"NMU",4.57917077081578,5.4979389953319e-63,"Upregulated"
"GPR146",-2.07977675418892,6.03465152989726e-63,"Downregulated"
"FGB",8.6203584205949,6.68390605520813e-63,"Upregulated"
"PPP1R14BP3",2.03396913432985,7.0167836954478e-63,"Upregulated"
"ANOS1",-2.79781038582869,8.56780976491791e-63,"Downregulated"
"PDIA4",1.75885628868474,8.92610967319677e-63,"Upregulated"
"LINC00942",6.27162735762881,1.43111276468449e-62,"Upregulated"
"CCNP",4.30428010997368,1.48317953663505e-62,"Upregulated"
"AURKA",2.62863568144223,1.54357801411066e-62,"Upregulated"
"YBX2",4.7366348917691,1.67953886831313e-62,"Upregulated"
"AC011294.1",4.89642850382862,1.73029332155361e-62,"Upregulated"
"C2CD4A",4.09637153834777,1.76865627507395e-62,"Upregulated"
"CENPU",2.35603899958074,2.05771705266429e-62,"Upregulated"
"AL445307.1",-3.46521752413395,2.08494750153124e-62,"Downregulated"
"CGREF1",4.24814596502565,2.14580713518362e-62,"Upregulated"
"HBEGF",-2.58419463889752,2.24788458178464e-62,"Downregulated"
"PLPP3",-1.39848140676394,2.30679249975388e-62,"Downregulated"
"GPM6A",-4.4361537308934,2.57884504051428e-62,"Downregulated"
"CENPE",2.652219084836,2.79145786805928e-62,"Upregulated"
"NLRC4",-2.06883828104457,2.89403896294391e-62,"Downregulated"
"KIF23",2.57381159551783,3.24317824502288e-62,"Upregulated"
"TFF1",8.1148881521807,3.32987890918029e-62,"Upregulated"
"PVT1",2.9998637680287,3.52996541875682e-62,"Upregulated"
"LHFPL6",-1.7150798776878,4.25015297767758e-62,"Downregulated"
"TONSL",2.11162417947621,6.30431109789829e-62,"Upregulated"
"DNAJC12",4.25971654126962,6.99359546344541e-62,"Upregulated"
"AGMAT",2.59306617911207,9.41642247397652e-62,"Upregulated"
"LINC00656",-3.52143055460205,1.29206604358152e-61,"Downregulated"
"NLN",1.39857834848994,1.35979940887219e-61,"Upregulated"
"AP001189.3",-2.5125626000232,2.22900255214736e-61,"Downregulated"
"MCEMP1",-4.0384969709872,2.71424866994427e-61,"Downregulated"
"THBD",-2.44753621896482,2.75170834190878e-61,"Downregulated"
"GPIHBP1",-3.71083223669514,2.90313224316989e-61,"Downregulated"
"GALNT14",3.66265487569521,2.98846232817859e-61,"Upregulated"
"PODXL2",3.23895545993336,4.08240886437691e-61,"Upregulated"
"KLF6",-1.79445610761446,5.45992972060938e-61,"Downregulated"
"CMTM2",-2.31447072662214,7.459225969564e-61,"Downregulated"
"RHBDL1",3.18880359119547,8.48150003419103e-61,"Upregulated"
"TENT5B",-2.80969693046754,1.08459251972373e-60,"Downregulated"
"PHKA1",1.6395422847907,1.09116315518261e-60,"Upregulated"
"F8",-1.81590268223589,1.22237529727821e-60,"Downregulated"
"MAST1",3.26173431613286,1.74642165854946e-60,"Upregulated"
"PELATON",-2.53961890209148,2.35794546353881e-60,"Downregulated"
"BBOX1-AS1",5.580783579451,2.54097587089324e-60,"Upregulated"
"KCNN4",3.22893513293066,2.55323701061213e-60,"Upregulated"
"CGNL1",-2.22368866988466,2.55323701061213e-60,"Downregulated"
"RHBG",4.63088026710839,2.55549646676648e-60,"Upregulated"
"MYO7A",1.97729632545603,2.72165613907751e-60,"Upregulated"
"KAT2A",1.69121880145035,2.97304053970702e-60,"Upregulated"
"SLC25A10",2.26878181518155,3.12080433693461e-60,"Upregulated"
"TCN1",6.71496864929069,3.37310114359345e-60,"Upregulated"
"AC125807.2",-2.15716249646855,3.55379830965096e-60,"Downregulated"
"CCNF",1.88190007456278,3.69645830448531e-60,"Upregulated"
"SPRYD7",-1.28575318568248,3.97899854328432e-60,"Downregulated"
"AOC1",4.97070396983356,4.53138742064427e-60,"Upregulated"
"LTBP4",-2.23121387908836,4.92583075372418e-60,"Downregulated"
"FANCA",1.95827526760092,5.24696578135938e-60,"Upregulated"
"CDCA7",2.91296916559937,5.29607284647911e-60,"Upregulated"
"AKR1B10",7.35193698470314,5.35834580733915e-60,"Upregulated"
"LINC00857",2.26348021416439,6.41186815631071e-60,"Upregulated"
"DLL3",6.79204645495117,6.81999630762632e-60,"Upregulated"
"COLEC10",-3.10467795348305,9.17322228644761e-60,"Downregulated"
"CDKN3",2.8780325384025,1.00374791383487e-59,"Upregulated"
"SLC35F2",1.86200122732274,1.07872592292876e-59,"Upregulated"
"SIRPB1",-2.78884323980009,1.09699195756578e-59,"Downregulated"
"P2RY6",2.98235047524607,1.26099940856569e-59,"Upregulated"
"PPM1F",-1.27799424742636,1.30795311450035e-59,"Downregulated"
"JCAD",-2.09912132625565,1.54996260055829e-59,"Downregulated"
"DGCR5",3.2720778283926,1.57044164292546e-59,"Upregulated"
"ECT2",2.16579173342782,1.66809424481332e-59,"Upregulated"
"MAD2L1",2.57957355030597,1.76572636657408e-59,"Upregulated"
"RCAN1",-1.81444163630668,2.08544453941386e-59,"Downregulated"
"RNU6-529P",-2.07182170601585,2.1873922612395e-59,"Downregulated"
"TNFRSF21",1.95436651742812,2.3404026282195e-59,"Upregulated"
"MIR3945HG",-3.37319589065819,2.42730770000799e-59,"Downregulated"
"SCN4B",-2.82031419229739,2.6207939494107e-59,"Downregulated"
"AC104211.1",-2.94358381792666,2.74951575961836e-59,"Downregulated"
"C1QTNF6",2.27902514712669,2.84037038623658e-59,"Upregulated"
"GSTM5",-2.46326227495827,3.24400686765617e-59,"Downregulated"
"AL365181.2",5.34558599017732,3.3674158996697e-59,"Upregulated"
"MYADM",-1.9887430205749,3.43787984550076e-59,"Downregulated"
"AC133785.1",6.71729297455928,3.73463093255506e-59,"Upregulated"
"PEAK1",-1.63825284346608,4.42686583164306e-59,"Downregulated"
"BTNL9",-3.42772348589433,4.67382146730858e-59,"Downregulated"
"TIE1",-1.98182083528281,5.32682571914692e-59,"Downregulated"
"LYPD1",3.52761699958592,7.78896313737416e-59,"Upregulated"
"HBA1",-4.37217930158942,8.46134538359693e-59,"Downregulated"
"ADGRF4",4.47863995241421,8.93510626779665e-59,"Upregulated"
"NOTCH4",-1.83751425510508,1.15741380620055e-58,"Downregulated"
"AL355835.1",-2.54928337817752,1.41055122727598e-58,"Downregulated"
"PROM2",2.60406431492323,1.50562314520711e-58,"Upregulated"
"SEMA6A",-2.54447260372778,1.53164227198307e-58,"Downregulated"
"EFNA2",5.95234936351598,1.77453454410239e-58,"Upregulated"
"NXPH3",-2.43146509242314,1.80794454174132e-58,"Downregulated"
"LDLR",-2.12734550086013,2.10432070006906e-58,"Downregulated"
"SHCBP1",2.28112337735442,3.12742093055757e-58,"Upregulated"
"DNAJC22",3.44897686812217,3.13238979807529e-58,"Upregulated"
"WFDC3",3.92756612064378,3.38071992330642e-58,"Upregulated"
"AC145343.1",3.02710194562882,3.45015971763534e-58,"Upregulated"
"TMEM63C",4.01591425063927,3.50417592736624e-58,"Upregulated"
"DDX11-AS1",2.46572101856078,3.50417592736624e-58,"Upregulated"
"TSACC",3.0909095529409,4.24058034174585e-58,"Upregulated"
"CILP2",3.48392908177453,6.31117167673786e-58,"Upregulated"
"RAI2",-2.1427866689846,6.50165971864883e-58,"Downregulated"
"GPX2",5.94577823215352,7.55742593168279e-58,"Upregulated"
"BLM",2.14125723355048,7.92846414053905e-58,"Upregulated"
"SESN1",-1.61826731805304,8.9976141790504e-58,"Downregulated"
"TERT",5.50053096443214,9.26748920244484e-58,"Upregulated"
"STYK1",2.59615307747068,9.41900254136088e-58,"Upregulated"
"TMEM182",1.53926332959039,1.1140756554248e-57,"Upregulated"
"WFS1",-1.75428310814685,1.13437533322262e-57,"Downregulated"
"BMPR2",-1.33018666956232,1.29414366713453e-57,"Downregulated"
"SNRK",-1.16967611189333,1.4219793359122e-57,"Downregulated"
"ONECUT2",4.9484434093158,1.67398911019769e-57,"Upregulated"
"CARD14",3.44274790239001,1.70801833715824e-57,"Upregulated"
"C1orf131",1.00854850294345,1.73689968017745e-57,"Upregulated"
"AL365181.3",4.42151917950621,2.05368336238904e-57,"Upregulated"
"ARSH",5.47720599798078,2.12444638097998e-57,"Upregulated"
"BMP8A",2.76068688446092,2.75694923272215e-57,"Upregulated"
"LINC01703",2.49560194230541,2.86849218590647e-57,"Upregulated"
"AC135012.3",-4.09291472714807,3.08808653352672e-57,"Downregulated"
"ABCC3",2.52145624322205,4.48809168166247e-57,"Upregulated"
"LINC01082",-3.90311121971939,5.02224419190999e-57,"Downregulated"
"AL031985.3",1.82144041688642,6.84560799526129e-57,"Upregulated"
"NCKAP5",-3.52086562751448,6.85579474306216e-57,"Downregulated"
"CD300LG",-4.97882874596854,7.51601329237786e-57,"Downregulated"
"ADAMTS14",2.66267293446766,9.4972817630855e-57,"Upregulated"
"AC009093.3",-4.15706796881799,9.4972817630855e-57,"Downregulated"
"KNOP1",1.11525378881606,9.67932319569543e-57,"Upregulated"
"FHL5",-2.76527599427403,1.04255116813855e-56,"Downregulated"
"TRAIP",1.80341601435841,1.21191820235349e-56,"Upregulated"
"VSIR",-1.60844667965732,1.26359115848897e-56,"Downregulated"
"SPN",-2.2851606963909,1.32531581799639e-56,"Downregulated"
"TACC1",-1.82825841548733,1.87390795259152e-56,"Downregulated"
"ALAS2",-4.05997300561356,2.09468047723529e-56,"Downregulated"
"SYNM",-1.82641485575132,2.25921351155965e-56,"Downregulated"
"PLXNB3",3.35973669349024,2.30605487254598e-56,"Upregulated"
"BCL6B",-1.77490938561556,2.4315216294952e-56,"Downregulated"
"FAM136A",1.17023103967757,3.57062873973668e-56,"Upregulated"
"AC021016.1",-1.59894528746886,6.6453693767967e-56,"Downregulated"
"TRPV2",-1.88337039893261,9.36801466788181e-56,"Downregulated"
"JDP2",-1.47532511822202,1.01012112555029e-55,"Downregulated"
"CDK1",2.4472841243446,1.46910020492524e-55,"Upregulated"
"HPS5",-1.12353637150649,1.51159902789844e-55,"Downregulated"
"FRMD3",-2.4076794908621,1.95962597582624e-55,"Downregulated"
"CLDN10-AS1",6.61845731333333,2.12743721055896e-55,"Upregulated"
"CCDC150",2.62553984894005,2.27226083696783e-55,"Upregulated"
"WNT3A",-4.11378210178362,2.70578808413526e-55,"Downregulated"
"KHDC4",1.48009620304333,3.20208695920595e-55,"Upregulated"
"CPNE7",3.2381808434291,3.57192395180704e-55,"Upregulated"
"AC009262.1",6.62602101104692,3.57192395180704e-55,"Upregulated"
"E2F2",2.33642486491395,4.05691888158016e-55,"Upregulated"
"LGSN",4.55912808411566,4.19538360669591e-55,"Upregulated"
"SOX4",1.65624361923675,5.55585468514125e-55,"Upregulated"
"AC022613.2",-1.54950398050337,6.65992280077384e-55,"Downregulated"
"TGFBR3",-2.55761003358039,7.31004811838629e-55,"Downregulated"
"ERO1A",2.06212422515607,7.31470000296696e-55,"Upregulated"
"DDX12P",2.40165232038555,7.4768149397721e-55,"Upregulated"
"VWF",-2.32289414684345,7.75224939564901e-55,"Downregulated"
"TBX15",3.73338826950352,8.41752674714261e-55,"Upregulated"
"PTTG1",2.32812815531443,9.90097743943859e-55,"Upregulated"
"FAM189A2",-2.85329764746631,1.07579461052981e-54,"Downregulated"
"CD5L",-4.04957059254026,1.19834111589783e-54,"Downregulated"
"C1orf74",1.26676278618834,1.19834111589783e-54,"Upregulated"
"LINC02864",6.6920403357723,1.20261513733585e-54,"Upregulated"
"CA4",-4.3610876496209,1.48488006137554e-54,"Downregulated"
"FANCI",1.89272214364509,1.89608390174045e-54,"Upregulated"
"NPR1",-2.6250855529088,1.93981316968237e-54,"Downregulated"
"DBNDD1",1.96768179217594,1.96904932853494e-54,"Upregulated"
"DARS-AS1",1.9534357756794,1.96904932853494e-54,"Upregulated"
"TGFBR2",-1.66568951093774,2.06075703098837e-54,"Downregulated"
"P3H4",2.06294565394155,2.16745067579668e-54,"Upregulated"
"AC025580.1",4.09833499114843,2.28164207347506e-54,"Upregulated"
"COX7A1",-1.93933467395738,2.34897496006761e-54,"Downregulated"
"ARHGEF16",1.75924468875721,2.47035224757939e-54,"Upregulated"
"SLCO5A1",3.2382617461508,2.93607818493928e-54,"Upregulated"
"CP",3.4947561695977,2.97871119646515e-54,"Upregulated"
"IGHG4",4.10077880725942,2.99558827234197e-54,"Upregulated"
"PEAR1",-2.02057798768722,4.50525007875311e-54,"Downregulated"
"AC112777.1",3.29586611946414,5.11673136048199e-54,"Upregulated"
"EPCAM",1.60198300974349,5.21058832371197e-54,"Upregulated"
"BARX2",3.87037232777926,6.16934797955391e-54,"Upregulated"
"PLPP4",4.07365552331063,6.66755174896107e-54,"Upregulated"
"MARCKSL1",1.89724489047504,6.78992705197349e-54,"Upregulated"
"E2F3",1.35026461543432,7.81539663987774e-54,"Upregulated"
"CHRNA5",3.63344615178873,9.27539430108324e-54,"Upregulated"
"ADAMTS8",-3.5276312583543,1.18218465853982e-53,"Downregulated"
"LINC00551",-2.65458118762473,1.20511597623579e-53,"Downregulated"
"NKX1-2",7.66430187823321,1.26852192523187e-53,"Upregulated"
"ADAM12",3.09794990179725,1.30040041851669e-53,"Upregulated"
"ARHGAP40",3.66339090025623,1.31273425082825e-53,"Upregulated"
"S100P",5.03336365432544,1.65138807652458e-53,"Upregulated"
"PTGES",2.96308527417392,1.656363637033e-53,"Upregulated"
"MIR22HG",-1.59361852917973,1.80802514373674e-53,"Downregulated"
"BLACAT1",2.85302796465568,1.98662048081343e-53,"Upregulated"
"GINS4",2.4116022842158,2.65373234501865e-53,"Upregulated"
"IL37",6.22084820744968,2.71003031538236e-53,"Upregulated"
"DUSP13",6.10059836841394,3.06992641103681e-53,"Upregulated"
"AC100861.1",1.61511312799834,3.21427100909366e-53,"Upregulated"
"KIF1C",-1.32790912892648,3.39743708454558e-53,"Downregulated"
"CENPK",2.24466990279945,3.61436982351681e-53,"Upregulated"
"GGCT",1.69530217899243,4.00965421097265e-53,"Upregulated"
"C11orf80",1.42027816637542,4.47555125661276e-53,"Upregulated"
"RAD51",2.19288086256826,5.35863261193783e-53,"Upregulated"
"CPS1",6.61371187160478,6.12649172437078e-53,"Upregulated"
"BNIP5",5.50630595692146,6.41033239631762e-53,"Upregulated"
"DPP6",-3.26059319272581,7.62588659791214e-53,"Downregulated"
"OVCH1",-3.87894952974196,9.71609475557698e-53,"Downregulated"
"SPARCL1",-1.97133537010413,1.04572388825636e-52,"Downregulated"
"GYPC",-1.75673587271911,1.05453265502636e-52,"Downregulated"
"MUC3A",4.71951340971001,1.19682083245434e-52,"Upregulated"
"CMTM5",-2.96808816606745,1.43245711108001e-52,"Downregulated"
"INAVA",2.19071744938595,1.47293873403117e-52,"Upregulated"
"DONSON",1.44736552183018,1.54794340052289e-52,"Upregulated"
"FLAD1",1.39333681833193,1.67392218453424e-52,"Upregulated"
"HAVCR1",5.25106784247327,1.73414113944848e-52,"Upregulated"
"NARF",1.2562571916949,1.79162584024053e-52,"Upregulated"
"CLEC4M",-4.50318465652608,1.8564252547299e-52,"Downregulated"
"SPDEF",3.2519694740182,2.01019933292067e-52,"Upregulated"
"KIF17",-2.00706641836522,2.16036432438914e-52,"Downregulated"
"FANCD2",1.54120531356556,2.22213460745928e-52,"Upregulated"
"DNASE1L3",-3.49914938793845,2.24310534272302e-52,"Downregulated"
"LINC01614",3.68707447020746,2.28597050947484e-52,"Upregulated"
"CCDC85A",-2.76436957855468,2.31926599171264e-52,"Downregulated"
"DPEP2",-2.17708424334815,2.33079899984742e-52,"Downregulated"
"GALNT7",1.73997865810976,2.36273845051171e-52,"Upregulated"
"TCF21",-3.1038409871455,2.58693849623831e-52,"Downregulated"
"ADAMTS1",-2.35160677835056,2.99210273667191e-52,"Downregulated"
"TRIP13",2.64097546930892,3.43900695115966e-52,"Upregulated"
"VPS9D1-AS1",2.77740958141322,3.63510724572882e-52,"Upregulated"
"ARC",-3.44751955475158,3.7020823899911e-52,"Downregulated"
"SCAT8",3.95534598220109,3.70818326408293e-52,"Upregulated"
"MUC13",5.93415322644507,3.94381052882916e-52,"Upregulated"
"FLI1",-1.68136682165594,4.20396132851874e-52,"Downregulated"
"INHA",5.85967463781976,4.35606982945811e-52,"Upregulated"
"ADCY4",-1.76706321044656,4.56321483166678e-52,"Downregulated"
"SPC25",2.35559940982721,4.61324419785624e-52,"Upregulated"
"ALG1L",3.2288184285816,5.13544840946413e-52,"Upregulated"
"COL17A1",4.63644345208868,5.3178065100089e-52,"Upregulated"
"SLC25A25",-1.66467954913509,5.85837056445957e-52,"Downregulated"
"C5orf34",2.04868619078386,6.37750330984428e-52,"Upregulated"
"TOM1L2",-1.38107463309749,6.60949493104895e-52,"Downregulated"
"IL36RN",6.28440753566946,7.49959869412639e-52,"Upregulated"
"KRT16",5.18581470514587,7.70661687659617e-52,"Upregulated"
"IGF2BP1",6.58952181083773,9.86784778908849e-52,"Upregulated"
"Z95114.3",-2.20018793484019,1.09088141376883e-51,"Downregulated"
"COX4I2",-2.29072126499579,1.26366078751231e-51,"Downregulated"
"SPP2",6.82494858732226,1.39058186373367e-51,"Upregulated"
"FGR",-2.10833043671673,1.39704438269376e-51,"Downregulated"
"CLDN5",-2.71698104362613,1.59330979826076e-51,"Downregulated"
"CDC25A",2.33978948862961,1.7410220220001e-51,"Upregulated"
"SYNJ2",1.53813112159225,1.82034800399608e-51,"Upregulated"
"ATIC",1.20832777951628,1.88969422921185e-51,"Upregulated"
"CEACAM5",4.75656647453095,2.46621714879498e-51,"Upregulated"
"PCDH12",-1.7122383933715,2.57589966587202e-51,"Downregulated"
"AFAP1L1",-1.68895603091916,2.60639174184126e-51,"Downregulated"
"FXYD6",-1.8679416856056,4.15614206856035e-51,"Downregulated"
"XYLB",1.61622228678055,5.0955664418454e-51,"Upregulated"
"PLK4",2.03901376840182,5.94794957109163e-51,"Upregulated"
"TRAP1",1.16296262003993,7.00290916780905e-51,"Upregulated"
"TMEM88",-2.15429514634003,7.90236036895699e-51,"Downregulated"
"TIMELESS",1.70419586022151,9.60663501271422e-51,"Upregulated"
"KIAA0040",-1.27008053993951,1.06855537353134e-50,"Downregulated"
"XPR1",1.89528509595641,1.07481441441259e-50,"Upregulated"
"NETO1",4.84720569174965,1.1295683562216e-50,"Upregulated"
"CDO1",-2.6987435909173,1.13467756266523e-50,"Downregulated"
"F12",2.75133421008687,1.21571776440197e-50,"Upregulated"
"KPNA2",1.94188692321423,1.40666443531786e-50,"Upregulated"
"MIR924HG",3.93941412531379,1.42696417563223e-50,"Upregulated"
"RILPL2",-1.3174152682376,1.69716193147749e-50,"Downregulated"
"SAMD10",1.72454949351933,1.86283215955191e-50,"Upregulated"
"TSPAN18",-2.02464926778193,1.92625144048153e-50,"Downregulated"
"DNAH14",2.1113210582164,2.03238991185402e-50,"Upregulated"
"HOXB9",6.63240189908327,2.04902684030166e-50,"Upregulated"
"TUBB1",-2.65020415465467,2.15532267010159e-50,"Downregulated"
"SELP",-2.33301310958821,2.25043523059403e-50,"Downregulated"
"LINC01426",2.56177754742779,2.40615273582684e-50,"Upregulated"
"ANKRD1",-4.44699525855119,2.51707663221781e-50,"Downregulated"
"FOXI3",6.84075338086964,2.66933448947913e-50,"Upregulated"
"AC007128.1",5.99979602415371,2.799326990824e-50,"Upregulated"
"LMNB1",1.86446717208131,3.24037024857696e-50,"Upregulated"
"SYNPO",-1.74239059209281,3.27119816533057e-50,"Downregulated"
"BAIAP2L2",3.68340931735939,3.37770458347762e-50,"Upregulated"
"FERMT2",-1.41284150690408,3.4531283322417e-50,"Downregulated"
"ITLN1",-4.7892491352358,3.4531283322417e-50,"Downregulated"
"IL1RAPL2",6.08472122929342,3.48865296897901e-50,"Upregulated"
"FAM162B",-2.30000937622523,3.54930530414422e-50,"Downregulated"
"AC018647.1",-2.44432394080986,3.88902348239944e-50,"Downregulated"
"ANKRD22",2.78863630141585,3.89505811676301e-50,"Upregulated"
"SERINC2",2.02852231464106,3.96226760353155e-50,"Upregulated"
"SLC50A1",1.75192659679856,4.33250868398872e-50,"Upregulated"
"FREM3",-4.24087845144877,5.00487196232527e-50,"Downregulated"
"LINC01572",3.13985984083472,5.07304049779024e-50,"Upregulated"
"INPP5K",-1.11349511394238,5.7699927302361e-50,"Downregulated"
"CASP12",-2.50790265495588,5.89891346126461e-50,"Downregulated"
"AC027228.2",3.88305099885097,5.96398517644805e-50,"Upregulated"
"TNFSF11",4.07703037097036,6.12443086432005e-50,"Upregulated"
"EMC3-AS1",2.0390114570169,6.67669317777026e-50,"Upregulated"
"KLF13",-1.39138521717244,6.84238068109597e-50,"Downregulated"
"SLC4A1",-3.4125221217103,7.3985536318469e-50,"Downregulated"
"WNT3",2.05870372796578,7.74329195769426e-50,"Upregulated"
"CBX7",-1.64957080904992,9.74616473800786e-50,"Downregulated"
"MMP12",3.98892625937206,1.16799891024103e-49,"Upregulated"
"AGTPBP1",-1.20776831456662,1.29486391620192e-49,"Downregulated"
"LAMP3",-2.78810831650125,1.41974404356785e-49,"Downregulated"
"DIPK2B",-1.77839841330841,1.52574721407187e-49,"Downregulated"
"LBX2",2.11592383221038,1.53197501196775e-49,"Upregulated"
"HMGA2",5.7569055844882,1.69808172650721e-49,"Upregulated"
"TNR",-3.83242368886558,2.15533579268562e-49,"Downregulated"
"SFXN4",1.3749312184472,2.26712677670368e-49,"Upregulated"
"EEF1AKMT4",2.09128596786059,2.40658614234886e-49,"Upregulated"
"GAD1",3.79440195288913,2.7684503213929e-49,"Upregulated"
"CSTF2",1.04302737048561,2.79169762481689e-49,"Upregulated"
"ITM2A",-2.04402346308836,2.82259075633101e-49,"Downregulated"
"SNX22",-2.25361738968522,2.92713541293821e-49,"Downregulated"
"ASPA",-2.62252322665473,3.10372417081357e-49,"Downregulated"
"PALMD",-2.04964913352149,3.23444330719756e-49,"Downregulated"
"AL121949.2",6.15182769402109,4.01591856576056e-49,"Upregulated"
"CAV2",-2.35716329203851,4.24720365468378e-49,"Downregulated"
"PROC",3.90189365781619,4.33364399294162e-49,"Upregulated"
"PCP4",5.22315564405969,4.99167354364478e-49,"Upregulated"
"ADGRE3",-2.85503771706767,5.00089971646931e-49,"Downregulated"
"PGM2L1",1.88262438888421,5.09339219151563e-49,"Upregulated"
"SCN8A",2.96768716500638,5.28389142936269e-49,"Upregulated"
"TBX3",-2.11382316249922,6.59971955049406e-49,"Downregulated"
"MS4A7",-2.11257521565009,6.74280868891962e-49,"Downregulated"
"LINC02159",4.2969357959592,6.90364127552724e-49,"Upregulated"
"CDH17",5.28868021900472,7.24937523877987e-49,"Upregulated"
"KCNMB2-AS1",4.8916904932589,7.35100655325861e-49,"Upregulated"
"LINC01833",6.90411407967813,9.26339897994762e-49,"Upregulated"
"SSTR4",-4.01910140842603,9.44710780051405e-49,"Downregulated"
"RAD54B",1.92883191226979,1.08583833407211e-48,"Upregulated"
"AC026369.3",-3.33756987540207,1.2566759947229e-48,"Downregulated"
"RASGRP4",-1.94613673657824,1.33509646108517e-48,"Downregulated"
"RALGPS2",1.65794241925398,1.35972166890118e-48,"Upregulated"
"KRTAP4-1",7.28233642342838,1.40742715939536e-48,"Upregulated"
"FIGNL1",1.57712009288522,1.40818006697424e-48,"Upregulated"
"SEMA5A",-2.51219362783535,1.69120738864912e-48,"Downregulated"
"LINC02416",4.4540215814296,1.75586761384191e-48,"Upregulated"
"LINC02535",4.44744940784501,2.28831437054005e-48,"Upregulated"
"UNC45B",-2.54902678173251,2.40748606626566e-48,"Downregulated"
"CD52",-2.37792333286961,2.44400318105932e-48,"Downregulated"
"COL1A1",2.88244154651377,2.47943917354798e-48,"Upregulated"
"CCT3",1.34624448410756,2.76881566112748e-48,"Upregulated"
"INKA2",-1.59688838405304,3.35975921632973e-48,"Downregulated"
"CALCOCO1",-1.22163862768111,4.26817643246661e-48,"Downregulated"
"AKR1B15",5.82811494083819,4.30935611779144e-48,"Upregulated"
"LATS2",-1.20881797934875,4.34956467918307e-48,"Downregulated"
"RBMS2",-1.24662001007224,4.70378716785836e-48,"Downregulated"
"DKK2",-2.31315556984893,4.78408736944499e-48,"Downregulated"
"AP001528.2",-2.35821645862034,4.79813288701193e-48,"Downregulated"
"FUT9",6.71455451359472,5.50829328515853e-48,"Upregulated"
"IL31RA",4.06609478912277,6.19089916871898e-48,"Upregulated"
"STEAP1",2.82187416829725,6.19151130918069e-48,"Upregulated"
"MFAP4",-2.66635502966703,6.28638226999328e-48,"Downregulated"
"UPK3B",-4.16099356356125,6.38174193185613e-48,"Downregulated"
"HPDL",3.46081131665854,6.90725422029645e-48,"Upregulated"
"TFAP4",1.23076196599889,7.47105326000608e-48,"Upregulated"
"CBX8",1.34276582083252,7.53672590951486e-48,"Upregulated"
"AP005233.2",6.30451568211048,7.67668224599834e-48,"Upregulated"
"AC107959.4",3.6141661790786,7.93252945774218e-48,"Upregulated"
"OR6K3",-4.18699992227017,8.12555394498166e-48,"Downregulated"
"PLCL1",-1.75109062682052,8.31137793472869e-48,"Downregulated"
"H2BC9",4.65811903253555,8.45294334728094e-48,"Upregulated"
"IL1RL2",2.2611971767866,8.65382736217169e-48,"Upregulated"
"SLC7A5",2.67415445199456,8.96853027967285e-48,"Upregulated"
"AC105219.3",2.69301571581893,9.14777539203887e-48,"Upregulated"
"QKI",-1.33422130925969,9.3219135314329e-48,"Downregulated"
"PLAC1",4.87521576018686,9.48657769638932e-48,"Upregulated"
"GNAQ",-1.18125204937679,9.65447688017017e-48,"Downregulated"
"PHACTR1",-2.19012722853999,9.71705381669754e-48,"Downregulated"
"PPP2R2C",4.98996267778701,1.06344227214917e-47,"Upregulated"
"RECK",-1.56979414043754,1.16725758708265e-47,"Downregulated"
"PTPRN2-AS1",-2.17715917025508,1.17457534349993e-47,"Downregulated"
"CSF3",-4.6805959383263,1.17694441595611e-47,"Downregulated"
"WDR62",2.34322195663393,1.21386525920614e-47,"Upregulated"
"HMGA1",2.26394568081961,1.45537843415424e-47,"Upregulated"
"ELAPOR2",-2.09432961515731,1.4601013529235e-47,"Downregulated"
"ZFP69B",1.68187453039813,1.46740197067727e-47,"Upregulated"
"MYOC",-4.53064471697931,1.71610173144713e-47,"Downregulated"
"AC007861.1",-3.14854327554429,1.78022303754346e-47,"Downregulated"
"NCAPG2",1.79130523333381,1.81840198415761e-47,"Upregulated"
"GLB1L3",5.20509591357744,1.93967640322395e-47,"Upregulated"
"METTL7A",-1.89626184312363,2.02464384343343e-47,"Downregulated"
"ABI3BP",-2.49705307755327,2.165183073638e-47,"Downregulated"
"CD34",-1.68126858727028,2.27305246707149e-47,"Downregulated"
"H2AC13",4.37662737127803,2.29607070507233e-47,"Upregulated"
"PARPBP",2.15758785480542,2.61688578881878e-47,"Upregulated"
"COCH",3.7532379616341,2.79380740076044e-47,"Upregulated"
"PRKG2",-2.64300194182822,2.79380740076044e-47,"Downregulated"
"DCST1",2.74287981560802,3.32635075880863e-47,"Upregulated"
"MPIG6B",-2.20899101215665,3.92095257428249e-47,"Downregulated"
"GCOM1",-2.56644742508937,4.41940248003468e-47,"Downregulated"
"RNF144B",-1.69073094282477,4.73769021184247e-47,"Downregulated"
"ZNF695",4.38442610912051,5.31351232828133e-47,"Upregulated"
"COL22A1",3.58456465149019,6.17883319724557e-47,"Upregulated"
"KRT81",4.9730142593794,6.41138078934193e-47,"Upregulated"
"LGALSL",-1.84213826279498,6.77564795680044e-47,"Downregulated"
"AMOTL1",-1.75303311460537,6.83851449796507e-47,"Downregulated"
"PRR11",2.22137107901102,7.73665226374943e-47,"Upregulated"
"IGF2BP3",4.01774402205121,8.72010099995835e-47,"Upregulated"
"CASKIN1",3.63982364666891,8.75648460564503e-47,"Upregulated"
"RFC4",1.77834381241511,1.11455234913624e-46,"Upregulated"
"CYP27B1",2.39452973693882,1.14684893485992e-46,"Upregulated"
"GPC2",3.29116987046821,1.20163064613044e-46,"Upregulated"
"SPRED3",2.47596352143056,1.32175784390429e-46,"Upregulated"
"GRIK4",-2.51142066096288,1.3561869318282e-46,"Downregulated"
"SNORC",2.4994467864926,1.38643466003468e-46,"Upregulated"
"AC084030.1",-4.33594429855414,1.5121862202262e-46,"Downregulated"
"ABCG2",-2.04531064336236,1.51304501174804e-46,"Downregulated"
"IQSEC3",-2.59375503594207,1.67044332674254e-46,"Downregulated"
"NPW",4.98299305269711,1.74114894123016e-46,"Upregulated"
"THBS2",2.94301645765914,1.75371549765533e-46,"Upregulated"
"MGAT3",-3.02199988552108,1.80473152074201e-46,"Downregulated"
"FHL2",2.34278417029589,1.91075418558076e-46,"Upregulated"
"LARGE2",2.45093664013755,1.91209081248002e-46,"Upregulated"
"PDK1",1.71881405941155,1.94539613728e-46,"Upregulated"
"ITPRIP",-1.6632444786234,2.00192128270999e-46,"Downregulated"
"ATAD2",1.84626177197133,2.21422846970735e-46,"Upregulated"
"AC004554.1",-2.74810891135504,2.22148999432466e-46,"Downregulated"
"TRAF4",1.31008692812582,2.27451078715326e-46,"Upregulated"
"KRT80",2.42856377993239,2.34604772129371e-46,"Upregulated"
"FKBP11",1.72798987898785,2.94053557397589e-46,"Upregulated"
"SLC19A3",-2.90975840572542,2.96198270982955e-46,"Downregulated"
"GIMAP7",-1.82004297533963,3.65320873518213e-46,"Downregulated"
"CD36",-2.91379109256321,3.69889011314052e-46,"Downregulated"
"WASIR2",3.45212243478532,4.07404009870635e-46,"Upregulated"
"H2BC6",3.40102466027053,4.13178291928111e-46,"Upregulated"
"GNGT1",6.37941848687434,4.17524184349818e-46,"Upregulated"
"KLF9",-1.67818378839652,4.4333735955388e-46,"Downregulated"
"AL445423.1",-2.38593590265876,4.62961292873322e-46,"Downregulated"
"LINC00862",3.28416723311029,4.64301838595472e-46,"Upregulated"
"AP003559.1",3.55701967209141,4.76108864805281e-46,"Upregulated"
"C1orf162",-1.82232113428855,4.94630944148062e-46,"Downregulated"
"H2BC20P",2.16398605705214,4.988276911122e-46,"Upregulated"
"KIF22",1.31978181825502,5.06342688906361e-46,"Upregulated"
"UTP25",1.02570550067755,5.17604726320456e-46,"Upregulated"
"AUNIP",2.3346974266631,5.22906688819936e-46,"Upregulated"
"SRPK3",3.15074900300574,5.65219152335848e-46,"Upregulated"
"APOLD1",-2.01445799389426,5.95287389753224e-46,"Downregulated"
"ZNF239",1.66968409138162,6.00547078089279e-46,"Upregulated"
"ECEL1",4.54567407649738,6.1244828122214e-46,"Upregulated"
"PTPN5",-3.42231719193334,6.63949449839976e-46,"Downregulated"
"DCAF13",1.33890716909156,6.68855339678014e-46,"Upregulated"
"LINC01996",-4.44905221272365,7.2017283414242e-46,"Downregulated"
"BEAN1",2.86609620810573,8.0997883271083e-46,"Upregulated"
"E2F7",2.73234928738994,8.2965079476746e-46,"Upregulated"
"RCCD1",1.33691297588278,8.4728516430803e-46,"Upregulated"
"MANF",1.36625610396461,8.77674654604462e-46,"Upregulated"
"ITGA11",2.85687104686832,9.42287526991908e-46,"Upregulated"
"BHLHA15",2.95125655303849,1.01593740579928e-45,"Upregulated"
"OLR1",-2.54603171407931,1.08386323901519e-45,"Downregulated"
"ARHGAP11A",2.06042344159686,1.09997977269138e-45,"Upregulated"
"AC009951.6",-1.99270316335866,1.10849106219071e-45,"Downregulated"
"AL512603.2",-2.54274192321287,1.13661513601633e-45,"Downregulated"
"PIF1",2.35821648265549,1.14029366099055e-45,"Upregulated"
"SEPTIN4",-1.49604238150487,1.21957575981559e-45,"Downregulated"
"C2CD4D",2.55240068052674,1.23655771471179e-45,"Upregulated"
"MRPL20-DT",1.67604832265913,1.23768761288495e-45,"Upregulated"
"C5AR1",-1.97451180709562,1.31910460740776e-45,"Downregulated"
"TDRKH-AS1",2.17589417853057,1.36037507857165e-45,"Upregulated"
"SNHG4",2.17726526779671,1.36789598056797e-45,"Upregulated"
"SLC39A11",1.31945159418968,1.41734774750677e-45,"Upregulated"
"SLC44A3-AS1",1.52378149149103,1.54507660837913e-45,"Upregulated"
"KLHDC7B-DT",2.89271404743906,1.58562671157437e-45,"Upregulated"
"LINC00896",3.3771872439889,1.83913087598859e-45,"Upregulated"
"MROH6",2.43628555652663,1.86941213897308e-45,"Upregulated"
"SERPINA4",8.08530160093557,1.97668319647546e-45,"Upregulated"
"LINC00163",-3.43238622368555,1.99903002446492e-45,"Downregulated"
"LINC01460",3.96223157070644,2.04041809689693e-45,"Upregulated"
"CT83",6.64908121111217,2.22542360597094e-45,"Upregulated"
"SBK1",2.53371612466775,2.30689376281423e-45,"Upregulated"
"PKNOX2",-2.44642537650824,2.34164187042491e-45,"Downregulated"
"MFNG",-1.53520354938803,2.75567295641453e-45,"Downregulated"
"OGFRP1",1.37155240963696,2.88745177887015e-45,"Upregulated"
"TPBG",1.75202497445527,3.03115909870131e-45,"Upregulated"
"CLDN6",5.84934477449039,3.1202997250223e-45,"Upregulated"
"ANKRD34B",5.14167212798123,3.17709484315142e-45,"Upregulated"
"TBX2",-1.91076726929929,3.63628475302031e-45,"Downregulated"
"ANKS1A",-1.09712565058329,3.92163694158835e-45,"Downregulated"
"AC009806.1",-2.3569432579956,4.16505504804066e-45,"Downregulated"
"AL133335.2",5.42295688122762,4.25997432584997e-45,"Upregulated"
"SIX4",1.9191906160624,4.52518299007422e-45,"Upregulated"
"AL390755.1",-2.80737929286609,4.59814074868608e-45,"Downregulated"
"C20orf194",-1.26013868685205,5.00890034277087e-45,"Downregulated"
"FAM83D",2.25601401314068,5.1010500583442e-45,"Upregulated"
"CCDC169",2.91817302539134,5.53625669098833e-45,"Upregulated"
"PADI1",5.56694855313015,5.55790653770729e-45,"Upregulated"
"FEN1",1.57176387178597,5.74120342287706e-45,"Upregulated"
"FAM172BP",3.97161082219656,5.78397359026412e-45,"Upregulated"
"AGRP",-3.07261595600664,6.41142262545896e-45,"Downregulated"
"MASP1",-2.71829864298809,6.63895036622259e-45,"Downregulated"
"NXPH4",4.1875886414913,6.67005562251641e-45,"Upregulated"
"AC068870.2",-1.32922479511503,6.82855534692569e-45,"Downregulated"
"WDHD1",1.77839573545964,7.05114401407681e-45,"Upregulated"
"GJB6",5.08887214402662,8.28663345510325e-45,"Upregulated"
"JPT1",1.6518324189641,8.50001279182869e-45,"Upregulated"
"AC087521.1",-2.63732698018027,8.68616551142944e-45,"Downregulated"
"SPATS2",1.20382137031923,9.14650825777082e-45,"Upregulated"
"ESAM",-1.95430730588109,9.9117076194209e-45,"Downregulated"
"MAP3K3",-1.05407359285236,1.0203612121969e-44,"Downregulated"
"PDX1",8.8028762633123,1.09936030535688e-44,"Upregulated"
"AC019193.2",-2.33194738394367,1.1408644284362e-44,"Downregulated"
"TGM1",-2.44432222170451,1.14748761333519e-44,"Downregulated"
"PGLYRP4",4.26501468700522,1.54636254243752e-44,"Upregulated"
"C10orf67",-3.76903016595081,1.68753546821187e-44,"Downregulated"
"PAK1",1.15745635665292,1.69891744748961e-44,"Upregulated"
"AL450345.2",5.63041601187639,1.74752025068036e-44,"Upregulated"
"PCSK1",5.69940317936881,1.78953880699839e-44,"Upregulated"
"TDRKH",1.37727683516596,1.94257453338099e-44,"Upregulated"
"LINC02016",-4.90577563651533,2.22556108573865e-44,"Downregulated"
"AC092306.1",2.85638040080068,2.32672009611476e-44,"Upregulated"
"INTS8",1.16196130785007,2.36801199319488e-44,"Upregulated"
"LINC01352",-2.29856055428662,2.45176784806315e-44,"Downregulated"
"MINAR1",2.02107593721493,2.53330436029922e-44,"Upregulated"
"AC120036.1",5.51986515532683,2.81669479935028e-44,"Upregulated"
"CCN4",2.23937952210706,2.90870694681528e-44,"Upregulated"
"SULT1C4",-2.25844877521339,3.01507462483854e-44,"Downregulated"
"LINC02156",4.0284772416956,3.18478050940265e-44,"Upregulated"
"SLC29A4",3.10914797352345,3.19108863341931e-44,"Upregulated"
"C1orf198",-1.23492351234265,3.27563024649486e-44,"Downregulated"
"AC068228.1",4.93421756145493,3.4485043508101e-44,"Upregulated"
"BZW2",1.3020032334931,3.73720402952767e-44,"Upregulated"
"RHOV",3.61592285443258,3.8868616261578e-44,"Upregulated"
"ARAP3",-1.35823335767725,3.90352889242874e-44,"Downregulated"
"SSMEM1",-3.16566879768875,3.9298777134496e-44,"Downregulated"
"CXCR2",-2.60716713580277,3.9936069573052e-44,"Downregulated"
"EGLN3",3.04458334233481,4.03693233343959e-44,"Upregulated"
"SYNC",-1.85006849802057,4.15118402176485e-44,"Downregulated"
"LRRC2",-2.46668024692654,4.29723764613483e-44,"Downregulated"
"ZC3HAV1L",1.59988963442361,5.11902911732126e-44,"Upregulated"
"OSCAR",-2.22613440667047,5.54816831269863e-44,"Downregulated"
"P4HA3",2.24114233095085,5.71078650752823e-44,"Upregulated"
"TRIM31",3.86059597401464,5.71595736897992e-44,"Upregulated"
"ARL13B",-1.07453178801899,5.86310881833665e-44,"Downregulated"
"DKC1",1.11741434343492,5.93987220153622e-44,"Upregulated"
"PFKP",2.11813603678284,6.03523427176977e-44,"Upregulated"
"ABHD6",-1.27335212626083,6.14619547011582e-44,"Downregulated"
"GYG2",2.22516733941493,7.5289331668727e-44,"Upregulated"
"LINC01506",-2.49078801117186,7.54574314666523e-44,"Downregulated"
"SIM2",5.32348741790546,8.19908541518276e-44,"Upregulated"
"SP8",6.88047789383409,8.64559143503843e-44,"Upregulated"
"AC007240.3",2.46669025588706,9.67519428738176e-44,"Upregulated"
"ENG",-1.61895060140945,1.00502390621464e-43,"Downregulated"
"RAB3B",4.31278370919856,1.01287247208947e-43,"Upregulated"
"AC015849.5",3.67527848782347,1.02920300420366e-43,"Upregulated"
"NQO1",3.03289447387257,1.07398257905361e-43,"Upregulated"
"MTBP",1.71082520704771,1.14157504873937e-43,"Upregulated"
"HYAL2",-1.24905677517205,1.17102126102569e-43,"Downregulated"
"POLG2",1.28468614880465,1.19129447449423e-43,"Upregulated"
"GOLGA7B",2.70752713872689,1.24186831896015e-43,"Upregulated"
"PC",1.71057715942812,1.31987742325721e-43,"Upregulated"
"MSRB3",-1.85019270727515,1.38848234110767e-43,"Downregulated"
"IBSP",4.7389377914813,1.42972730121277e-43,"Upregulated"
"PRAM1",-2.16209049572103,1.49469013705996e-43,"Downregulated"
"SIDT2",-1.100879378905,1.5183207808261e-43,"Downregulated"
"RBBP8NL",2.07779071741886,1.56886184979712e-43,"Upregulated"
"AC108479.1",2.42756252717123,1.60949147055623e-43,"Upregulated"
"GLDN",-2.5347637866583,1.61154431026139e-43,"Downregulated"
"MROH3P",5.18408827305563,1.61154431026139e-43,"Upregulated"
"STK39",1.52819172938763,1.81262574082212e-43,"Upregulated"
"ABCA8",-2.84124606723281,1.84805611545791e-43,"Downregulated"
"RPP40",1.54478197503145,1.85359138231426e-43,"Upregulated"
"AC110611.2",-1.71214950351023,1.85463456991547e-43,"Downregulated"
"COL3A1",2.52285455255757,1.91724685146901e-43,"Upregulated"
"CASS4",-1.90310593330309,1.98153940670404e-43,"Downregulated"
"CD300C",-2.09518177169992,2.02046163329704e-43,"Downregulated"
"MSR1",-2.29949019876267,2.07841388438237e-43,"Downregulated"
"TFB2M",1.17516388605107,2.20050757825161e-43,"Upregulated"
"AC097369.4",3.67809992329314,2.30914238071898e-43,"Upregulated"
"AC009065.5",3.68771627714638,2.42693801306253e-43,"Upregulated"
"Z99129.4",-1.5148818474619,2.60402307654112e-43,"Downregulated"
"AL121949.1",4.16841274060912,2.90244333670118e-43,"Upregulated"
"ODF3L1",-2.3723152749058,2.9601511892896e-43,"Downregulated"
"POLR2H",1.16885243801604,2.9854084035612e-43,"Upregulated"
"LINC01936",-2.39569972285312,3.08223037009831e-43,"Downregulated"
"TFAP2A-AS2",2.63723715187965,3.08578629256168e-43,"Upregulated"
"BRDT",6.15399317828796,3.11467623587876e-43,"Upregulated"
"GRIN1",3.15762346415547,3.12706518035487e-43,"Upregulated"
"JPT2",1.09278114300978,3.16785504668549e-43,"Upregulated"
"SLC14A1",-2.83141107139847,3.2537407265265e-43,"Downregulated"
"GNL3",1.08909171772496,3.80275317241745e-43,"Upregulated"
"MB",3.22424942626673,3.8618944238238e-43,"Upregulated"
"SYNPO2L",-2.65488019993343,3.96087136461267e-43,"Downregulated"
"HSF2BP",2.24907741599149,4.03069033564603e-43,"Upregulated"
"VEGFD",-3.58888528037295,4.04654665838962e-43,"Downregulated"
"NPM3",1.68113207733538,4.28381098389589e-43,"Upregulated"
"GPR19",2.43419319185054,4.69181482103259e-43,"Upregulated"
"ADAM8",2.12232482334474,4.95440725050111e-43,"Upregulated"
"TRIM15",6.35853584491097,5.10308512046246e-43,"Upregulated"
"DUSP9",4.58552760152356,5.16541216110774e-43,"Upregulated"
"SULF1",2.55014481597206,5.51089528911195e-43,"Upregulated"
"ALKAL2",-3.02287859869053,5.68881482226285e-43,"Downregulated"
"TNFRSF18",2.64866236616559,5.95150448639324e-43,"Upregulated"
"PDCD2L",1.54719381723825,6.01966309450209e-43,"Upregulated"
"MAP7D2",3.364733842763,6.43560878806336e-43,"Upregulated"
"FAM124B",-1.84790939436787,7.32359853235403e-43,"Downregulated"
"DLC1",-2.25607760342224,7.94701108295702e-43,"Downregulated"
"ANXA10",6.2038160013848,8.16142468130787e-43,"Upregulated"
"FUT3",2.31100250154975,8.54985475467914e-43,"Upregulated"
"IL22RA2",3.78627636626803,8.64187355928346e-43,"Upregulated"
"SH3GL3",-4.23836519853046,1.03812045506739e-42,"Downregulated"
"FPR2",-2.96665185919754,1.20198492056674e-42,"Downregulated"
"CD83",-1.70953914715345,1.27072850128695e-42,"Downregulated"
"CORO2B",-2.19402026084326,1.40070561243797e-42,"Downregulated"
"AC104984.1",-4.22345262441162,1.42844625910988e-42,"Downregulated"
"FBXO32",2.1066864001699,1.4427322236481e-42,"Upregulated"
"AL590666.2",3.77264700585124,1.67774805615849e-42,"Upregulated"
"MMACHC",1.0423865363339,1.7378377278253e-42,"Upregulated"
"MYL9",-1.72940299019378,2.11324231803878e-42,"Downregulated"
"MRPL3",1.047279677159,2.15950209794059e-42,"Upregulated"
"AK4",2.59355559512094,2.17122559463059e-42,"Upregulated"
"LINC02474",4.81231494506766,2.17122559463059e-42,"Upregulated"
"CHTF18",1.80280771933622,2.21914498160584e-42,"Upregulated"
"AC068831.6",2.13333589970965,2.46634819507325e-42,"Upregulated"
"ANKS4B",6.45661409447561,2.48824249910842e-42,"Upregulated"
"RNF122",-1.35893392768263,2.53694007383409e-42,"Downregulated"
"ZNF366",-1.95892132331851,2.8432799264648e-42,"Downregulated"
"LAD1",1.94334408837035,2.8988900279521e-42,"Upregulated"
"AC006273.1",-2.62350446425813,2.98984580609212e-42,"Downregulated"
"SLIT3",-2.47996347656075,3.13600916718218e-42,"Downregulated"
"PTPN1",-1.02371146824731,3.13674214481255e-42,"Downregulated"
"PHLDA2",2.29274116384924,3.46022881514396e-42,"Upregulated"
"IGFL2",3.79701163831562,3.71354327866979e-42,"Upregulated"
"NPSR1-AS1",5.74164526180291,3.93571764090989e-42,"Upregulated"
"DDIT4L",3.28447985521198,3.97251032882681e-42,"Upregulated"
"ANO7",1.87209133167997,3.97251032882681e-42,"Upregulated"
"LINC00987",-1.73547848164375,4.10975224149532e-42,"Downregulated"
"AC095050.1",-4.57953759534666,4.3145357286289e-42,"Downregulated"
"HLA-E",-1.35283200424151,4.96857426896567e-42,"Downregulated"
"AC104461.1",4.19815154442353,5.61055530680751e-42,"Upregulated"
"RAPGEF4",-1.80824606089359,5.75141485351831e-42,"Downregulated"
"PSMG3",1.53890941571253,6.42054237701225e-42,"Upregulated"
"KDM5B",1.10333388664573,6.79097322244428e-42,"Upregulated"
"MVB12B",-1.53747537191875,7.29520088896964e-42,"Downregulated"
"DPYSL2",-1.57060528588195,7.41900878537227e-42,"Downregulated"
"SATB2-AS1",2.99991625147872,7.54629258727101e-42,"Upregulated"
"CEACAM1",2.04773046714418,7.56554595880357e-42,"Upregulated"
"TACC3",1.65671578096973,7.58489223445322e-42,"Upregulated"
"ABCB6",2.4210826694653,7.82411887984411e-42,"Upregulated"
"AL354707.1",2.91085566011008,8.04367440701335e-42,"Upregulated"
"AC104984.4",-4.06786072162361,8.26545974741112e-42,"Downregulated"
"AC027288.3",-3.18824504838392,8.61726317584637e-42,"Downregulated"
"EPYC",5.33891069161634,8.84411928809752e-42,"Upregulated"
"PAX7",8.01378810065279,9.46590311652891e-42,"Upregulated"
"GREB1L",3.31219587625049,9.66154363618459e-42,"Upregulated"
"NGEF",2.98851381732342,1.06953020429531e-41,"Upregulated"
"PUS7",1.26636460279434,1.09443263718845e-41,"Upregulated"
"CENPL",1.4148621283519,1.10109486974137e-41,"Upregulated"
"LGI4",-1.68192974400661,1.15479885462152e-41,"Downregulated"
"SUV39H2",1.30219659330235,1.35121920108444e-41,"Upregulated"
"SNORA73B",5.20725810161989,1.37292756371431e-41,"Upregulated"
"PLEKHA8",1.30728005714288,1.42334295349893e-41,"Upregulated"
"ACE",-1.73884613358,1.45202233871167e-41,"Downregulated"
"ACTN2",-2.79371930619105,1.51144053554063e-41,"Downregulated"
"RNU5B-4P",-2.16534206044143,1.54467174080426e-41,"Downregulated"
"ACP5",-1.82190499900364,1.5822827544075e-41,"Downregulated"
"CTNNAL1",-1.39919815958344,1.73566226343872e-41,"Downregulated"
"ZNF485",1.23344138246789,1.73924755147786e-41,"Upregulated"
"LINC01197",-2.08159251880591,1.78076673369101e-41,"Downregulated"
"SIGLEC11",-2.4300596168812,1.83681268909987e-41,"Downregulated"
"GATA2",-1.88420174121591,1.8469994985737e-41,"Downregulated"
"PSMD10P2",5.37886338086356,1.84702253769574e-41,"Upregulated"
"AC013268.3",3.74665293528567,1.85996116482808e-41,"Upregulated"
"CHRM1",-4.49518742385495,1.92127704403216e-41,"Downregulated"
"GFOD1",-1.78188398047124,1.98010586883589e-41,"Downregulated"
"APCDD1L",3.94314547143471,2.06692690641961e-41,"Upregulated"
"TLCD1",1.7477697953436,2.10854321731964e-41,"Upregulated"
"CDKN2A",3.55780277068686,2.11096378423483e-41,"Upregulated"
"GMPPA",1.00738201611179,2.13215936549052e-41,"Upregulated"
"BCL2L10",4.14460676204065,2.15311491635589e-41,"Upregulated"
"AC128709.3",-4.37050373770765,2.20572747145527e-41,"Downregulated"
"RAD51AP1",2.05985051386995,2.29065491150509e-41,"Upregulated"
"TMEM79",1.33363384317865,2.68226305212404e-41,"Upregulated"
"TARS2",1.03263587032495,3.1366054490737e-41,"Upregulated"
"GBAP1",1.64172320460168,3.1366054490737e-41,"Upregulated"
"HOXC13",7.05429715829921,3.22196709489281e-41,"Upregulated"
"HSH2D",1.43379851941517,3.30427937635515e-41,"Upregulated"
"ZIC2",5.25573216035529,3.35186584483816e-41,"Upregulated"
"AL008729.2",-1.99040339837814,3.56064455136373e-41,"Downregulated"
"AC015921.1",3.15076577927314,3.58097874477696e-41,"Upregulated"
"SNHG1",1.55243045129683,3.7551996405685e-41,"Upregulated"
"CXCL14",4.30642000974635,3.81830035803638e-41,"Upregulated"
"OR6N1",-4.24941452368532,3.81830035803638e-41,"Downregulated"
"GAPDH",1.66105874425001,4.12334835068012e-41,"Upregulated"
"ADRB1",-3.16518114891438,4.17129025491045e-41,"Downregulated"
"TIMM8A",1.18391078551288,4.64877765327036e-41,"Upregulated"
"BOP1",1.70041616983949,4.74249237549734e-41,"Upregulated"
"AC111149.2",4.23046702002242,4.76719774377649e-41,"Upregulated"
"PTCRA",-2.44249575139601,4.78632723532317e-41,"Downregulated"
"AQP11",1.54216648085281,4.86605019218089e-41,"Upregulated"
"FOXD2-AS1",1.63537359899769,4.91165500276458e-41,"Upregulated"
"ACY3",2.88742322935116,4.92739572966326e-41,"Upregulated"
"POU3F2",5.97636658068425,5.16917729820352e-41,"Upregulated"
"AC067752.1",-3.77203730030449,5.25405497816097e-41,"Downregulated"
"DTL",1.85277662199513,5.55484849276862e-41,"Upregulated"
"FAM155B",3.21176174436352,5.58999683596205e-41,"Upregulated"
"LY6D",5.54369422940416,5.67675578452015e-41,"Upregulated"
"S100A3",-2.3668204756413,5.831564987023e-41,"Downregulated"
"BPHL",1.28142801538798,6.13058466689844e-41,"Upregulated"
"MRM1",1.26511177144845,6.36881164109407e-41,"Upregulated"
"RNF183",4.13567635382691,6.71276986286594e-41,"Upregulated"
"RAC3",2.29886454875771,6.93018475835524e-41,"Upregulated"
"C15orf48",3.02376700841791,6.94022836834597e-41,"Upregulated"
"LYPD3",3.43733060771644,7.10498675408336e-41,"Upregulated"
"GDF10",-3.19394330433307,7.33928411643592e-41,"Downregulated"
"LIN7A",-2.5171080424599,7.51470047725459e-41,"Downregulated"
"ADAM28",2.29836770931857,7.78417953297132e-41,"Upregulated"
"DAPK2",-1.93243393013965,7.8799579800468e-41,"Downregulated"
"VSIG4",-2.3901768849522,8.09037991886567e-41,"Downregulated"
"MARVELD3",1.46661211991391,8.49022648978967e-41,"Upregulated"
"P2RY1",-1.74275653840814,8.54130855925481e-41,"Downregulated"
"AL157838.1",2.54115413196067,8.69547408339312e-41,"Upregulated"
"PRKCH",-1.06688722328681,8.73393715845006e-41,"Downregulated"
"ADAMTSL3",-2.30657439463062,8.73393715845006e-41,"Downregulated"
"CLPSL2",5.49375342823345,8.75112564488069e-41,"Upregulated"
"MCM6",1.45646093035798,9.14148340656583e-41,"Upregulated"
"ZPLD1",4.37098136119515,9.54643465842302e-41,"Upregulated"
"CNFN",2.66620009655279,9.61085225375145e-41,"Upregulated"
"ZNF106",-1.28142345504381,1.00972711548871e-40,"Downregulated"
"UMODL1",4.285736173229,1.10553668807591e-40,"Upregulated"
"CBX3",1.0488555643096,1.13432732986047e-40,"Upregulated"
"KLF4",-2.28691906426958,1.14278714667089e-40,"Downregulated"
"PI16",-3.58846016969762,1.24242395063e-40,"Downregulated"
"HSPD1",1.28917307957189,1.37088624692689e-40,"Upregulated"
"CTIF",-1.21548801785843,1.42046838594147e-40,"Downregulated"
"FO681492.1",-2.85511186920936,1.46127728313952e-40,"Downregulated"
"SLC7A10",4.77093404945212,1.50579097620351e-40,"Upregulated"
"TRIM59",1.5319404140012,1.55337149993991e-40,"Upregulated"
"B3GNT4",2.8107183854884,1.64593042578807e-40,"Upregulated"
"GRIA1",-3.71886587547698,1.66312012909261e-40,"Downregulated"
"ATP6V1C2",3.10556880792228,1.66994926906164e-40,"Upregulated"
"H2BC8",3.78978530722366,1.71368222447895e-40,"Upregulated"
"LINC01447",-2.98034822533644,1.87654808663661e-40,"Downregulated"
"PKP3",1.56078324812773,2.15656954011727e-40,"Upregulated"
"DES",-3.06169660642946,2.25959916876114e-40,"Downregulated"
"CNRIP1",-1.47268007391584,2.52651826791339e-40,"Downregulated"
"AC109642.1",-2.70259407525839,2.61298813293425e-40,"Downregulated"
"NHSL1",-1.7553373630214,2.9506470136888e-40,"Downregulated"
"GPX3",-2.27516771205727,3.12392781165833e-40,"Downregulated"
"B4GALT2",1.19275785468544,3.1315300289814e-40,"Upregulated"
"TUBA5P",2.39149901582062,3.29048421790916e-40,"Upregulated"
"PRR19",2.16630826465861,3.70085049086615e-40,"Upregulated"
"LHFPL5",1.99690880879051,3.72925145380241e-40,"Upregulated"
"GPR89A",1.05236201373778,4.24137041614568e-40,"Upregulated"
"LINC01748",4.76028255028384,4.24137041614568e-40,"Upregulated"
"MTMR10",-1.1168165004502,4.30524003184051e-40,"Downregulated"
"ABCC2",4.81404030053189,4.7018279547313e-40,"Upregulated"
"TMEM132A",2.01229638875568,5.13492517076122e-40,"Upregulated"
"FAP",2.32214231249912,5.39834362673283e-40,"Upregulated"
"PMM2",1.22567183408939,5.41335588697337e-40,"Upregulated"
"SH2D4B",-2.23314843580897,5.44547700918406e-40,"Downregulated"
"DIXDC1",-1.26388824796767,5.78708100526762e-40,"Downregulated"
"SMIM41",-2.21533154062421,6.33116218293451e-40,"Downregulated"
"CDH3",2.78568951177271,6.35268629156669e-40,"Upregulated"
"AC113189.3",3.30473925518823,6.61304812590619e-40,"Upregulated"
"ACP6",1.29807893683378,6.75606769540607e-40,"Upregulated"
"ADCK5",1.64412790089582,7.2579533430191e-40,"Upregulated"
"PKHD1L1",-2.56993189363649,7.2703296382291e-40,"Downregulated"
"S1PR4",-1.80157362513377,7.30605168858355e-40,"Downregulated"
"FUT6",3.92109501026796,7.60620807541153e-40,"Upregulated"
"HSPB8",-1.99062252666792,7.65212208315603e-40,"Downregulated"
"ZNF692",1.61244885077878,7.77632485891385e-40,"Upregulated"
"TIMP3",-1.96672794016417,7.89778506889765e-40,"Downregulated"
"GNG4",4.25631480538741,7.89904851090256e-40,"Upregulated"
"KRT6A",5.37550643512945,9.68191689990058e-40,"Upregulated"
"C1orf220",2.38614323287522,1.05338653826588e-39,"Upregulated"
"MSI2",1.18912242166293,1.11611970461812e-39,"Upregulated"
"SRGAP2C",-1.14136145298579,1.11687412850084e-39,"Downregulated"
"SPDL1",1.29978351396508,1.15032139025554e-39,"Upregulated"
"ADGRL2",-1.88517296979129,1.19074018863471e-39,"Downregulated"
"IL20RB",3.8158419305052,1.31704299456538e-39,"Upregulated"
"RASL12",-1.60343160988487,1.41165647691096e-39,"Downregulated"
"ADGRE1",-2.67222006175596,1.63715849916031e-39,"Downregulated"
"SHANK3",-1.43937993015759,1.85965646571783e-39,"Downregulated"
"AC007877.1",-1.78332354428055,1.91023603226756e-39,"Downregulated"
"MARCO",-3.02503793269417,1.93425772400367e-39,"Downregulated"
"DMRTA2",5.07870874460842,1.96406812540753e-39,"Upregulated"
"ACADL",-3.12033166275493,1.97623293058162e-39,"Downregulated"
"TMEM47",-1.7337289033377,2.03928769405664e-39,"Downregulated"
"CLDN10",4.10496592555471,2.17153746051638e-39,"Upregulated"
"GAL",4.82078824978201,2.21970850341576e-39,"Upregulated"
"EPHX4",2.62388981831933,2.62014988893245e-39,"Upregulated"
"MCM2",1.95724594156501,2.6712593922543e-39,"Upregulated"
"ALG1L2",2.0226242970765,2.72910532380071e-39,"Upregulated"
"MIR4653",3.29282107856995,3.08160613769845e-39,"Upregulated"
"PCDH17",-1.69144391305342,3.36735201761364e-39,"Downregulated"
"PCYOX1",-1.13276380497985,3.38138713449758e-39,"Downregulated"
"TNS4",3.92049690700172,3.4034388088254e-39,"Upregulated"
"ITGA8",-2.10349016410906,3.48060423278736e-39,"Downregulated"
"NKAIN1",4.35069278551945,3.54983225652946e-39,"Upregulated"
"TFAP2A-AS1",2.90610038227671,3.71359424302357e-39,"Upregulated"
"EML1",-1.69297608344633,3.78613361928056e-39,"Downregulated"
"TMEM105",2.19306832263713,3.79237909417626e-39,"Upregulated"
"PDE2A",-1.77839955625401,3.84730692707822e-39,"Downregulated"
"PABPC1L",2.12720599854404,3.96778788074312e-39,"Upregulated"
"RASGEF1B",-1.42425951951641,4.68806770912592e-39,"Downregulated"
"RTN4RL2",2.82058586896966,5.03879306542743e-39,"Upregulated"
"REG4",7.30536140078562,5.19712537099456e-39,"Upregulated"
"A2M",-1.88478553647041,5.28594805986748e-39,"Downregulated"
"PLAC9P1",-2.80389853904187,5.31574050518146e-39,"Downregulated"
"AC022784.1",3.06514706066739,5.84396812638838e-39,"Upregulated"
"COL7A1",3.14646818709631,6.10362613408431e-39,"Upregulated"
"ERFE",3.31203084090011,6.13266259529954e-39,"Upregulated"
"GTF2IP7",3.08403127145511,6.1397202975567e-39,"Upregulated"
"SLC17A9",2.49136413065978,6.3783483239126e-39,"Upregulated"
"CDC37P2",3.95813955433652,6.38048686499429e-39,"Upregulated"
"MELTF",2.78555725442571,6.40250930352735e-39,"Upregulated"
"ZFYVE9",-1.28049441626799,6.53540858992826e-39,"Downregulated"
"JSRP1",3.07651761292753,6.72627259197934e-39,"Upregulated"
"H2BC19P",1.97459771148871,6.82181407219869e-39,"Upregulated"
"PODNL1",2.81325903121086,7.22041619015234e-39,"Upregulated"
"ST14",1.46777584930465,7.47547889644713e-39,"Upregulated"
"AC010719.1",2.92135260709231,7.51217323886981e-39,"Upregulated"
"DOK2",-1.88128559396075,7.53855713826599e-39,"Downregulated"
"LINC02362",2.68545577935891,7.57934473701948e-39,"Upregulated"
"ANGPT1",-2.27256165361199,7.72508988773628e-39,"Downregulated"
"DOCK4",-1.51217517317825,7.93360245303185e-39,"Downregulated"
"AL121949.3",5.37530569977266,8.17651593859918e-39,"Upregulated"
"SLC2A1-AS1",2.48919292501909,8.57364876098678e-39,"Upregulated"
"ZNF423",-1.81904707773374,8.76943617469512e-39,"Downregulated"
"HCN3",1.75268844311656,9.03120187081547e-39,"Upregulated"
"GAS6",-1.71371756206285,9.17800731370791e-39,"Downregulated"
"MIOX",4.17164305899128,9.41545130721926e-39,"Upregulated"
"AL079303.1",3.31723337799729,9.48865040738106e-39,"Upregulated"
"MAMDC2",-2.6752499759588,9.70428334689382e-39,"Downregulated"
"RUSC1",1.15711688153218,9.94897277208333e-39,"Upregulated"
"KIF1A",5.48451691881958,1.00657056296539e-38,"Upregulated"
"SYNGR3",2.8043940444351,1.01136689874289e-38,"Upregulated"
"TUBB2B",3.99794385620001,1.02987093114839e-38,"Upregulated"
"VGF",4.17142862676283,1.03037052528629e-38,"Upregulated"
"LRRN3",-2.74644161448558,1.03037052528629e-38,"Downregulated"
"MAFF",-1.51959119859014,1.09860685504496e-38,"Downregulated"
"LGI2",2.74500352403805,1.1077179374124e-38,"Upregulated"
"TBX4",-2.19268245859039,1.11824890210356e-38,"Downregulated"
"B3GNTL1",1.1971814507243,1.23339410082018e-38,"Upregulated"
"AHNAK",-1.91098031236324,1.25227205905635e-38,"Downregulated"
"NAT9",1.05945563385728,1.2683114769046e-38,"Upregulated"
"CNGA3",4.80045122948513,1.27081002316794e-38,"Upregulated"
"TBX2-AS1",-2.03844124821625,1.29815093973981e-38,"Downregulated"
"DACH1",-2.44679943042442,1.32896450534459e-38,"Downregulated"
"POC1A",1.55808619891116,1.3830070048474e-38,"Upregulated"
"DARS2",1.22385733123249,1.39397083714646e-38,"Upregulated"
"CIP2A",1.96957092379781,1.41630894103861e-38,"Upregulated"
"PGLYRP3",5.92147866100253,1.50979655295367e-38,"Upregulated"
"H2BC7",4.72185196921378,1.69566945268967e-38,"Upregulated"
"PRSS2",5.33450554312909,1.72263827982086e-38,"Upregulated"
"EPM2A",-1.15491354951655,1.72469547094107e-38,"Downregulated"
"SLC2A5",2.41166167188461,1.74468521458839e-38,"Upregulated"
"AC010789.1",6.85099278308393,1.75104806730706e-38,"Upregulated"
"TESMIN",2.74466396869463,1.77086471706307e-38,"Upregulated"
"CCNE2",1.92749333725074,1.79516956641628e-38,"Upregulated"
"FRMD4A",-1.29812391674791,1.79884905658721e-38,"Downregulated"
"EPS8L3",6.43939755018522,1.82255772002961e-38,"Upregulated"
"MMP17",2.67008388268643,1.87112945774113e-38,"Upregulated"
"SELE",-2.95752808410076,1.98600460275787e-38,"Downregulated"
"TNXB",-2.71400085161034,2.20324921366964e-38,"Downregulated"
"CAB39L",-1.40047753405482,2.37972110954449e-38,"Downregulated"
"DENND2A",-1.7672165838064,2.537987971907e-38,"Downregulated"
"PRSS3",4.77935618338456,2.73203918317945e-38,"Upregulated"
"ATAD5",1.61707419397588,2.81789003125802e-38,"Upregulated"
"ALPK2",2.99782664179943,3.23197729835321e-38,"Upregulated"
"CAMK2N2",3.20661879347696,3.30186187031763e-38,"Upregulated"
"AC026120.1",4.55240620256294,3.35538521760399e-38,"Upregulated"
"GADD45B",-1.78035020197239,3.37610316739032e-38,"Downregulated"
"FBXO43",2.33341783093692,3.42160160802935e-38,"Upregulated"
"ST6GALNAC3",-1.96250373965154,3.49087145468664e-38,"Downregulated"
"CALCA",7.06086983230907,3.52647981587235e-38,"Upregulated"
"CST4",5.90582420409697,3.69961382768988e-38,"Upregulated"
"OLFML1",-1.64358312689847,3.84096946074863e-38,"Downregulated"
"KCNMB3",1.79212778927712,3.88832746525739e-38,"Upregulated"
"AC138904.1",3.08846423481975,4.05913897045663e-38,"Upregulated"
"CHRNB4",3.34003443670078,4.0977934883278e-38,"Upregulated"
"IQCN",-2.44958945542631,4.17084283453233e-38,"Downregulated"
"AC005077.4",3.22463314233919,4.33499932252767e-38,"Upregulated"
"SLC44A2",-1.01298396280042,4.34821807135194e-38,"Downregulated"
"SLCO1B3",7.02632646012414,4.47426898351019e-38,"Upregulated"
"HOXC11",6.91829133747836,4.65845285318227e-38,"Upregulated"
"VAMP2",-1.18244456457,5.23620173697924e-38,"Downregulated"
"HORMAD1",4.4256995343226,5.32115611082564e-38,"Upregulated"
"ALOX5",-1.83514416089332,5.44991644523884e-38,"Downregulated"
"NRK",3.73697099940439,5.5428717127516e-38,"Upregulated"
"IRAK1",1.20142777672169,5.69733393444416e-38,"Upregulated"
"HGD",3.80128623701354,5.92364464203697e-38,"Upregulated"
"SHMT2",1.48370699872944,6.05921667112625e-38,"Upregulated"
"GPM6B",-1.96094144146761,6.20058836937694e-38,"Downregulated"
"HOXC10",6.0653664884889,6.46057244958179e-38,"Upregulated"
"LINC02544",3.56224951708124,6.53233359038436e-38,"Upregulated"
"DCST2",2.34909617434326,6.68877084254971e-38,"Upregulated"
"SLC5A6",1.14737901309812,6.7898404069152e-38,"Upregulated"
"AVL9",1.09915529954988,6.80747603582517e-38,"Upregulated"
"FAM178B",2.93032286410073,6.80747603582517e-38,"Upregulated"
"SRRM3",2.30218352821171,7.02295429685948e-38,"Upregulated"
"ADAMTS7P3",-3.51665140315232,7.38406943205911e-38,"Downregulated"
"EMP1",-1.79264018972054,8.51671452664825e-38,"Downregulated"
"LINC02709",2.09613570142643,8.57133278592999e-38,"Upregulated"
"PLSCR4",-1.43448078706807,8.8255002444053e-38,"Downregulated"
"AC011899.2",-2.15226912109084,8.89022982392963e-38,"Downregulated"
"ST6GALNAC5",-2.1702255119531,8.9959844792058e-38,"Downregulated"
"NPSR1",5.44869700896836,9.13253859429032e-38,"Upregulated"
"COL6A6",-2.81819549688606,9.32654144226517e-38,"Downregulated"
"XPO5",1.03327213874288,9.39834415861996e-38,"Upregulated"
"TMCO2",-2.73140013600589,9.51098641292275e-38,"Downregulated"
"CASC9",5.40809473257366,9.65761248903782e-38,"Upregulated"
"BCL9",1.28973144275076,9.6752808081662e-38,"Upregulated"
"MMRN1",-2.35994225925678,9.9511023401936e-38,"Downregulated"
"XKRX",2.82494547595692,1.00346758707647e-37,"Upregulated"
"TESC",3.58048960636133,1.04943170069359e-37,"Upregulated"
"COL5A2",2.18963930406297,1.08866885260614e-37,"Upregulated"
"BPIFA2",4.71605023831469,1.17242111516962e-37,"Upregulated"
"Z84485.1",2.25104686378119,1.19134236117486e-37,"Upregulated"
"SPTSSB",4.51148510092315,1.34339541422511e-37,"Upregulated"
"MIS18A",1.239923353268,1.38461485273424e-37,"Upregulated"
"CFD",-2.35534248551483,1.54866149777327e-37,"Downregulated"
"CD300H",-2.28174811323487,1.57224229560762e-37,"Downregulated"
"AP002498.1",4.14395015592128,1.68732199260962e-37,"Upregulated"
"IGHG1",3.11371222554418,1.74203084391037e-37,"Upregulated"
"MMP3",3.91917538952101,1.77817737387885e-37,"Upregulated"
"JUND",-1.46655153502089,1.91382334339219e-37,"Downregulated"
"C12orf56",4.85455032335198,2.00502835218387e-37,"Upregulated"
"PPP1R14A",-1.95693333628091,2.02905494383398e-37,"Downregulated"
"AC092115.3",2.94128897412349,2.08707639603424e-37,"Upregulated"
"CCN5",-2.18363150911891,2.08998267711843e-37,"Downregulated"
"GPR4",-1.5915100999423,2.1337478798013e-37,"Downregulated"
"FGF19",7.15674191187721,2.21328475806573e-37,"Upregulated"
"FOXP3",1.84323288099047,2.28621441011421e-37,"Upregulated"
"HYLS1",1.27890253261681,2.32113316700052e-37,"Upregulated"
"RS1",-3.99832916994493,2.36983670029032e-37,"Downregulated"
"CCDC141",-2.98535818589188,2.63477973663779e-37,"Downregulated"
"LINC01624",-2.33384169236775,2.67793834424677e-37,"Downregulated"
"COL24A1",1.95795878330868,2.72261985336365e-37,"Upregulated"
"CPED1",-1.96332529179729,2.90304415312391e-37,"Downregulated"
"AC017104.5",-2.48444854241103,3.15513384427038e-37,"Downregulated"
"AC099066.2",2.72824193833431,3.15842308767517e-37,"Upregulated"
"CLCN2",1.2956781343226,3.21340771700273e-37,"Upregulated"
"AL117329.1",5.44764779934096,3.22738466561098e-37,"Upregulated"
"RPL39L",2.31364504303723,3.23710353842469e-37,"Upregulated"
"LINC01559",6.04641648608111,3.41221189684613e-37,"Upregulated"
"FAM72B",2.37643160226621,3.6880694493531e-37,"Upregulated"
"FBXO41",1.69979722720028,3.86087511418025e-37,"Upregulated"
"PCDHGB7",-1.76584162026084,3.86813691880032e-37,"Downregulated"
"WASF3",-1.87206493256726,3.90136365833266e-37,"Downregulated"
"EPHB2",2.24585405373033,3.90594377111518e-37,"Upregulated"
"MCIDAS",2.90193269053945,3.94265352582209e-37,"Upregulated"
"PDZD2",-2.23685735559858,4.05157288954582e-37,"Downregulated"
"AP000438.1",-2.92163245905821,4.07398518603332e-37,"Downregulated"
"MMP19",-2.03241814721166,4.95986648832909e-37,"Downregulated"
"LINC01290",-2.17528187207063,4.96865221644264e-37,"Downregulated"
"GAB1",-1.33650897251686,5.14437813165254e-37,"Downregulated"
"IKBKE",1.1538527528547,5.3039599298786e-37,"Upregulated"
"AC093904.4",3.77678774966516,5.3634635547725e-37,"Upregulated"
"PRDM11",-1.19738753762523,5.60197396505626e-37,"Downregulated"
"KLF10",-1.14804816633445,5.71549621184751e-37,"Downregulated"
"CCL23",-2.51799299970174,6.02400644087705e-37,"Downregulated"
"HASPIN",1.92581013922024,6.067088112484e-37,"Upregulated"
"AL121832.3",2.27260758638975,6.6227665320037e-37,"Upregulated"
"RAB19",1.49509390801749,6.75460378879907e-37,"Upregulated"
"AC006525.1",5.32392115393522,7.1828285799327e-37,"Upregulated"
"CXCR1",-2.88679161894495,7.29814107377556e-37,"Downregulated"
"VARS1",1.16050430487658,7.37095359930854e-37,"Upregulated"
"IGSF10",-2.79941750684569,7.58233225680726e-37,"Downregulated"
"PLAU",2.59779299742905,7.85935406809845e-37,"Upregulated"
"YWHAEP7",3.94791838168026,8.09740153633362e-37,"Upregulated"
"SYNGR4",4.36705195101564,8.39951835481096e-37,"Upregulated"
"AC005041.3",1.92741386350932,8.63314912614801e-37,"Upregulated"
"MAGEA3",9.19974917737686,9.17863348729099e-37,"Upregulated"
"LMOD1",-1.83252559519254,9.18569059988041e-37,"Downregulated"
"ZBTB4",-1.03193856430342,9.25550923037158e-37,"Downregulated"
"PCMTD1P3",4.4349199303888,9.50658023743691e-37,"Upregulated"
"KLK6",6.12141751204961,9.55169939591461e-37,"Upregulated"
"RCOR2",2.81241308996123,1.02377901853299e-36,"Upregulated"
"NUP155",1.33371507773169,1.02869869386373e-36,"Upregulated"
"LGI3",-4.27622545040458,1.03802796173892e-36,"Downregulated"
"CFL2",-1.39834896058852,1.08292804120445e-36,"Downregulated"
"DUS1L",1.19223277393744,1.10230632828157e-36,"Upregulated"
"GIMAP4",-1.48249996429328,1.20196719983034e-36,"Downregulated"
"CCDC185",4.66984585610142,1.20582329018149e-36,"Upregulated"
"PAH",5.27246365337218,1.2810009192385e-36,"Upregulated"
"GFPT1",1.15779987987675,1.28984739157801e-36,"Upregulated"
"MESP1",2.38047238202895,1.36956319457278e-36,"Upregulated"
"CHEK2",1.47909554671899,1.42045556472098e-36,"Upregulated"
"SLC52A2",1.42670244883842,1.45139836613372e-36,"Upregulated"
"DRP2",3.096429003869,1.5820999232421e-36,"Upregulated"
"AC104024.2",3.21809520905547,1.59703056305215e-36,"Upregulated"
"AC069360.1",-2.3916930858464,1.69206311283278e-36,"Downregulated"
"C1QTNF2",-1.87538691413946,1.72370439498289e-36,"Downregulated"
"ABCA4",3.68127295175311,1.73715932080232e-36,"Upregulated"
"MYH10",-1.5153723590041,1.81207394137423e-36,"Downregulated"
"SYT15",-2.48552099639668,1.83574095592588e-36,"Downregulated"
"SLC7A11",3.07514307829609,1.84953336684174e-36,"Upregulated"
"SYNE3",-1.70771537495213,1.85559978891212e-36,"Downregulated"
"AC099509.1",3.82898547094928,1.91682523146556e-36,"Upregulated"
"ICAM2",-1.41185601372421,1.92417151738418e-36,"Downregulated"
"SRD5A1",1.55565942855581,2.03291684842439e-36,"Upregulated"
"AL109615.3",2.71743290740662,2.14703687495852e-36,"Upregulated"
"AP003108.5",3.90411652822682,2.20887204301499e-36,"Upregulated"
"CNTN6",-3.45146130194455,2.32535041248467e-36,"Downregulated"
"METTL7B",2.58050529149722,2.47439362920951e-36,"Upregulated"
"HACD4",-1.43539029706879,2.56601027366797e-36,"Downregulated"
"MYO3B",3.52350019231311,2.61426774849126e-36,"Upregulated"
"LDHA",1.33295095941864,2.66622087976034e-36,"Upregulated"
"AC010976.2",-2.99795066703755,2.71574287849507e-36,"Downregulated"
"AC096921.2",-1.76218795916779,2.79028987399514e-36,"Downregulated"
"TXNDC17",1.63025737178238,3.00137146192139e-36,"Upregulated"
"BRIX1",1.23832324136943,3.07314440843892e-36,"Upregulated"
"CKS1B",1.72307341369981,3.12776984941291e-36,"Upregulated"
"DBF4",1.41339367251892,3.23337554588608e-36,"Upregulated"
"MRGBP",1.1375278199618,3.30754029334404e-36,"Upregulated"
"AL138760.1",5.29593803914357,3.98727555394398e-36,"Upregulated"
"TMEM59L",4.13038039125325,4.04920144734115e-36,"Upregulated"
"MESP2",3.11525840203972,4.1762725263465e-36,"Upregulated"
"UQCC2",1.49445129892632,4.84889013250845e-36,"Upregulated"
"HOXC-AS2",5.1799936044858,5.36412988893475e-36,"Upregulated"
"AL355796.1",4.78811206061995,5.89784775875946e-36,"Upregulated"
"AL132712.2",1.66155266001928,6.28926561695177e-36,"Upregulated"
"PLA2G4F",-2.69397695880136,6.34050343541916e-36,"Downregulated"
"AP002957.1",4.36659678554498,6.34050343541916e-36,"Upregulated"
"RFX2",-1.65643300893751,6.45613303852934e-36,"Downregulated"
"FANCB",1.83393422664438,6.6676697485362e-36,"Upregulated"
"AC026785.3",7.56195364242203,6.91244394811444e-36,"Upregulated"
"CBX2",2.47769068990039,7.57719836629819e-36,"Upregulated"
"ZBED2",-2.37622248252789,7.62855991107255e-36,"Downregulated"
"DCC",-2.58610638351244,7.70961755842577e-36,"Downregulated"
"TBX5-AS1",-1.79456530981825,7.70961755842577e-36,"Downregulated"
"AP000769.1",2.28784687101615,7.92446337051117e-36,"Upregulated"
"H3C10",2.67928497543559,8.16895174229601e-36,"Upregulated"
"HBM",-3.98405951591955,8.21949721134402e-36,"Downregulated"
"AC011511.5",-2.84532439142399,8.31757445514467e-36,"Downregulated"
"ARHGEF6",-1.42247067373248,8.4816848445662e-36,"Downregulated"
"TFF2",9.57861018483676,8.49554015848347e-36,"Upregulated"
"AC244033.2",1.65038424284908,8.49554015848347e-36,"Upregulated"
"TMEM273",-1.57379421043952,9.30882399739121e-36,"Downregulated"
"H1-3",5.21852216037423,9.45895606332573e-36,"Upregulated"
"ZNF22-AS1",-1.21407271829651,9.56694759613252e-36,"Downregulated"
"CBX4",1.06182174271589,1.07900355139181e-35,"Upregulated"
"H2AC8",3.85064757954664,1.11011696800806e-35,"Upregulated"
"SLC12A4",-1.04811958672501,1.14531234339569e-35,"Downregulated"
"RUNX2",1.63249396144335,1.14531234339569e-35,"Upregulated"
"HES6",2.87466167601813,1.16922363338847e-35,"Upregulated"
"RPS10",1.78865242545026,1.22936266943037e-35,"Upregulated"
"LINC00702",-2.12662769105834,1.30806736252367e-35,"Downregulated"
"FAM133A",5.5157680591837,1.32033654497373e-35,"Upregulated"
"PTBP1P",2.85515230222348,1.34234524292875e-35,"Upregulated"
"CPP",3.5216140375255,1.3516651913348e-35,"Upregulated"
"ZNF217",1.33579982499029,1.38383277106512e-35,"Upregulated"
"DHH",-1.97188093857022,1.42177108638529e-35,"Downregulated"
"NKAIN3",4.61627045442757,1.45472441340248e-35,"Upregulated"
"ITLN2",-4.64817343785359,1.46298534579754e-35,"Downregulated"
"TNFRSF25",1.94026645362357,1.50703757293831e-35,"Upregulated"
"FOXA3",3.28190091854765,1.54852545813663e-35,"Upregulated"
"LINC01711",4.0032550842512,1.62186902998568e-35,"Upregulated"
"SPTB",3.31492116310666,1.71573413838843e-35,"Upregulated"
"STRIP2",2.73495351368242,1.75550003333909e-35,"Upregulated"
"IL6",-2.85443629231818,1.83268294390208e-35,"Downregulated"
"SFTPC",-4.73635853603475,1.83510109633301e-35,"Downregulated"
"HSPE1",1.34717071263814,1.91678602028096e-35,"Upregulated"
"OIP5",2.08487286545837,1.9194376559924e-35,"Upregulated"
"SNRPE",1.09857002722317,2.06479424319263e-35,"Upregulated"
"EGR2",-1.87124517889767,2.2170317777189e-35,"Downregulated"
"TYMSOS",2.4106720636729,2.2170317777189e-35,"Upregulated"
"GARS1",1.07410058907905,2.36498927753357e-35,"Upregulated"
"S100A2",3.38550265570693,2.43238307863745e-35,"Upregulated"
"CLK2",1.009595096747,2.49411905596641e-35,"Upregulated"
"AC093817.2",3.46606135092603,2.51959802449665e-35,"Upregulated"
"ZNF138",1.17744968717215,2.66954034391067e-35,"Upregulated"
"PHACTR2",-1.46081822012935,2.68209584869944e-35,"Downregulated"
"KCNA5",-2.28729292891441,2.73828009072828e-35,"Downregulated"
"OR51E1",3.29854886021824,2.79292108775345e-35,"Upregulated"
"SMAD7",-1.11332774003202,2.81507921267372e-35,"Downregulated"
"NCF2",-1.67631809431186,3.03418725803991e-35,"Downregulated"
"AC000050.2",-2.29548159039929,3.04533709128278e-35,"Downregulated"
"SLC25A39",1.19868317955115,3.11358038067391e-35,"Upregulated"
"HPCA",2.64657778267555,3.42260807710714e-35,"Upregulated"
"CASQ2",-2.75301302757008,3.72601471680892e-35,"Downregulated"
"HOXA10",4.10983736292537,3.7340723204043e-35,"Upregulated"
"AC119427.1",1.77177784585551,4.04405265350354e-35,"Upregulated"
"CPHL1P",3.87831420368468,4.07870881102184e-35,"Upregulated"
"ASPHD1",2.76185143936079,4.12316661671837e-35,"Upregulated"
"PANX2",2.43792392202236,4.29386142679869e-35,"Upregulated"
"RFLNB",-1.36153583228253,4.69583671591269e-35,"Downregulated"
"GNPNAT1",1.5322456556234,4.97489918930883e-35,"Upregulated"
"IGHGP",3.14371714986234,5.19215293452294e-35,"Upregulated"
"AP000424.1",3.87465566739769,5.36895771953429e-35,"Upregulated"
"MDGA1",-1.88420744919369,5.42580799959277e-35,"Downregulated"
"RHPN1",1.90183034130677,5.48283629407334e-35,"Upregulated"
"TMTC4",1.19360424490264,5.59107787580466e-35,"Upregulated"
"AC145207.9",2.5141179035427,5.65092708302171e-35,"Upregulated"
"FUT8",1.43677943046587,5.7649708576751e-35,"Upregulated"
"HTR3C",-4.57203644761097,5.87658104608208e-35,"Downregulated"
"LINC00887",3.96199101575032,6.0397303408204e-35,"Upregulated"
"DECR2",1.36555029738066,6.39521222787303e-35,"Upregulated"
"PDK4",-2.39990360237775,6.44098663066065e-35,"Downregulated"
"H4C5",4.13304180377129,6.46313664390328e-35,"Upregulated"
"IL7R",-2.02040844890798,6.80021139870673e-35,"Downregulated"
"AL133215.2",2.08599973433033,6.9449759169609e-35,"Upregulated"
"ARNTL2",2.47963609429023,6.97163721336641e-35,"Upregulated"
"Metazoa_SRP",-2.68526597625151,7.35968453572873e-35,"Downregulated"
"ACTG1P25",2.39557533280218,7.39843734343972e-35,"Upregulated"
"ARHGAP24",-1.37598356355164,7.84325615294843e-35,"Downregulated"
"SLFN13",1.59160237405788,8.11510847750055e-35,"Upregulated"
"MYH2",-3.11407404820768,8.11529291185305e-35,"Downregulated"
"CALML3-AS1",3.46583192337148,8.46407130545374e-35,"Upregulated"
"EPB41L2",-1.40716678099462,8.69834502905154e-35,"Downregulated"
"GJA5",-1.69423210862295,8.84403257861398e-35,"Downregulated"
"TAS2R2P",4.75184447961664,9.11721800184323e-35,"Upregulated"
"OVOL1",2.27974699048835,9.19600765561199e-35,"Upregulated"
"KREMEN2",2.85678576550575,9.28746623847131e-35,"Upregulated"
"PRR36",2.16765519094452,9.40801291457754e-35,"Upregulated"
"AC104938.1",-1.57376419337032,9.771326794557e-35,"Downregulated"
"LIMCH1",-1.60971520641605,9.85243959904007e-35,"Downregulated"
"FIBIN",-2.15776340356624,9.8823036030495e-35,"Downregulated"
"SP3P",6.53229033904039,1.06140702846066e-34,"Upregulated"
"LINC01607",2.38160954209089,1.13070274240619e-34,"Upregulated"
"ATAT1",1.26040892201962,1.1352556141607e-34,"Upregulated"
"SORBS1",-1.58145359118532,1.19899155321999e-34,"Downregulated"
"VMP1",1.35916609745512,1.24112005872688e-34,"Upregulated"
"HECW1",2.38349746612457,1.29907884192887e-34,"Upregulated"
"AC026273.1",1.61266962446806,1.30593419038783e-34,"Upregulated"
"LUCAT1",3.13625395150586,1.3955085716244e-34,"Upregulated"
"IGHV4-80",2.73188290731243,1.41452801755582e-34,"Upregulated"
"POU4F1",5.16623029252721,1.54594596624777e-34,"Upregulated"
"JAML",-1.77072783567309,1.64674270991775e-34,"Downregulated"
"PIP5K1B",-2.24255766429163,1.68851667256565e-34,"Downregulated"
"FGF11",3.33419531639067,1.71027143994365e-34,"Upregulated"
"CELF5",3.28594489154147,1.85827625950607e-34,"Upregulated"
"LINC00460",4.13724163808212,1.89054947314383e-34,"Upregulated"
"BCAN",2.83380552181402,1.9914397189379e-34,"Upregulated"
"PCCA-DT",1.70161232891573,2.089819139894e-34,"Upregulated"
"ZBTB47",-1.10168120872069,2.11538679155195e-34,"Downregulated"
"TMED2-DT",1.63146885249242,2.11655644002366e-34,"Upregulated"
"TOX3",2.80993868867243,2.11746185078151e-34,"Upregulated"
"CENPH",1.41500317794801,2.19146711594634e-34,"Upregulated"
"GHET1",1.7857841679107,2.25157130025808e-34,"Upregulated"
"MICALL2",1.59294512842427,2.27066436692285e-34,"Upregulated"
"SCAT1",2.7374849732231,2.29346702827673e-34,"Upregulated"
"PLA2G2F",5.44807024726871,2.67764413007808e-34,"Upregulated"
"HOXB13",6.57255573317964,2.82300637491855e-34,"Upregulated"
"MCOLN1",-1.03803758528188,2.84803447350557e-34,"Downregulated"
"Y_RNA",-1.27181629843455,2.85395983796292e-34,"Downregulated"
"LILRA5",-2.03744306867867,2.85709671386961e-34,"Downregulated"
"HEATR1",1.07877240181389,2.88611188827872e-34,"Upregulated"
"ABHD11",1.41481424310321,2.96755807698807e-34,"Upregulated"
"TWNK",1.2169339076182,3.04316983878691e-34,"Upregulated"
"SGO2",1.57303829396226,3.18961181150948e-34,"Upregulated"
"FAM167B",-1.44894501661139,3.39283804127528e-34,"Downregulated"
"HSPB6",-2.5246135364746,3.41118311296852e-34,"Downregulated"
"RPSAP52",5.06226546447179,3.47752086294089e-34,"Upregulated"
"SPINK4",6.02711179107869,3.549528622841e-34,"Upregulated"
"NAT8L",3.35127151852464,3.65084397700848e-34,"Upregulated"
"LINC01208",4.73188286744296,3.65084397700848e-34,"Upregulated"
"SCG5",2.8404116616614,3.71138463045369e-34,"Upregulated"
"MAGEA12",8.75626661077879,3.73434888387668e-34,"Upregulated"
"CCDC198",5.5334989359547,3.79971726109752e-34,"Upregulated"
"FA2H",2.51579964344727,3.81451173315386e-34,"Upregulated"
"VEPH1",-2.60678148863929,3.83765228849383e-34,"Downregulated"
"DSCC1",1.77740230131915,3.9149899246663e-34,"Upregulated"
"OTC",-3.68037779615117,3.92119759604768e-34,"Downregulated"
"H1-4",3.98591064294074,3.95686079897111e-34,"Upregulated"
"ILF2",1.05340694672116,4.09695360308919e-34,"Upregulated"
"FZD4",-1.61182984731083,4.4548693089921e-34,"Downregulated"
"TLL2",2.85001429946946,4.71255351942099e-34,"Upregulated"
"ADH1B",-3.2783527992324,5.01711071812343e-34,"Downregulated"
"SLC1A1",-2.19888596025873,5.02141596330755e-34,"Downregulated"
"LINC00891",-2.44491788969012,5.11174155197868e-34,"Downregulated"
"SMC1B",3.49703909075331,5.2477550115773e-34,"Upregulated"
"RSPO1",-3.08729422627384,5.29116859372258e-34,"Downregulated"
"IL36G",4.47107525326539,5.7517068370661e-34,"Upregulated"
"NTN4",-1.65145691253651,5.77465051176715e-34,"Downregulated"
"APOBEC1",7.02145529089426,6.051159225311e-34,"Upregulated"
"EXOC3L1",-1.27540677518171,6.09079142370353e-34,"Downregulated"
"CYP27C1",3.01134805747356,6.13084147466233e-34,"Upregulated"
"GPBAR1",-1.84846312080282,6.1313432737218e-34,"Downregulated"
"SLC15A1",4.00196639249794,6.31147956958351e-34,"Upregulated"
"SELENOI",1.27689011627516,6.31147956958351e-34,"Upregulated"
"SORD",1.41746238370942,6.45281693868075e-34,"Upregulated"
"AL353693.1",5.12558142350154,6.45281693868075e-34,"Upregulated"
"SOX11",4.31411925088365,6.57636539003517e-34,"Upregulated"
"LINC01852",-1.24690235136142,7.03269086525002e-34,"Downregulated"
"LILRA1",-1.6629562083585,7.15523059650129e-34,"Downregulated"
"AL355304.1",-2.22687517706847,7.26325520077762e-34,"Downregulated"
"NKPD1",2.56603406315373,7.87144931472362e-34,"Upregulated"
"MRAS",-1.13390226097495,8.23791748951306e-34,"Downregulated"
"SHOX2",3.18323946061092,8.40060521365601e-34,"Upregulated"
"EPHX3",2.20390556437497,8.42990379018482e-34,"Upregulated"
"NKAIN4",3.47429421284998,8.74423195308411e-34,"Upregulated"
"LINC01012",1.94833018511075,8.93249524847163e-34,"Upregulated"
"LRRC36",-2.9250747665577,8.95938535691631e-34,"Downregulated"
"SNHG3",1.5689187846371,9.02701814952289e-34,"Upregulated"
"RNFT2",2.21732090472379,9.40220678361168e-34,"Upregulated"
"IGKV1-33",3.55019986429327,9.42800916838356e-34,"Upregulated"
"ALOX5AP",-1.95023019511959,9.76871175876236e-34,"Downregulated"
"LINC02452",-2.09535836116832,9.8092500776204e-34,"Downregulated"
"DNMT3B",2.044563916623,9.95673242766558e-34,"Upregulated"
"LINC01705",3.52435360096805,1.0385579305266e-33,"Upregulated"
"FFAR4",-2.3887878342152,1.08650235227253e-33,"Downregulated"
"DEPP1",-1.81655725221443,1.10340884619156e-33,"Downregulated"
"FGFR4",-2.4717760090346,1.15872536109598e-33,"Downregulated"
"TBRG4",1.08189221336024,1.16626585901924e-33,"Upregulated"
"DUOX1",-2.58239115905004,1.20010740052227e-33,"Downregulated"
"GAREM2",1.93694154753531,1.22520529029938e-33,"Upregulated"
"TRIM54",3.68868940137394,1.24238029045805e-33,"Upregulated"
"LINC01285",2.93783069165603,1.24645442395334e-33,"Upregulated"
"AC004947.1",-2.95764586163811,1.24645442395334e-33,"Downregulated"
"CXCL2",-2.42121198280059,1.24738992713076e-33,"Downregulated"
"LHX2",4.73057449883215,1.3109353535179e-33,"Upregulated"
"NEXN",-1.54982704948659,1.35179519260585e-33,"Downregulated"
"PPFIA4",2.41852609456413,1.36689200131067e-33,"Upregulated"
"AP003469.2",2.77854774131174,1.37324918060205e-33,"Upregulated"
"TNS2",-1.41810578764277,1.40843053219815e-33,"Downregulated"
"NPC1L1",4.09957863791557,1.48466043914294e-33,"Upregulated"
"C2CD4D-AS1",1.92453841551259,1.50977741323006e-33,"Upregulated"
"PTH1R",-1.92224165094887,1.51246440392924e-33,"Downregulated"
"CYBRD1",-1.7743255733342,1.52594265012223e-33,"Downregulated"
"CFP",-1.77805148025459,1.55878518611943e-33,"Downregulated"
"P4HB",1.05621385642047,1.55878518611943e-33,"Upregulated"
"SIRPD",-2.19209233075346,1.56991377131478e-33,"Downregulated"
"FXYD1",-2.66135417941651,1.57598694373758e-33,"Downregulated"
"CRYGN",3.2530186067949,1.59354458531664e-33,"Upregulated"
"FBP1",-1.69237370589771,1.60182797108165e-33,"Downregulated"
"PID1",-1.95343466804107,1.70945844189218e-33,"Downregulated"
"REM1",-1.64163499205931,1.76712789749005e-33,"Downregulated"
"BICDL1",1.95111288727221,1.78850757385127e-33,"Upregulated"
"PYCR3",1.38612990219926,1.81018774385672e-33,"Upregulated"
"H3C12",4.90167162959538,1.81505371784126e-33,"Upregulated"
"HAS1",-3.3727661764304,1.87829402868583e-33,"Downregulated"
"METTL11B",4.98177451788044,1.90341505400982e-33,"Upregulated"
"ATAD3B",1.48563961147413,1.93859514024724e-33,"Upregulated"
"CRYAB",-1.97320395195684,2.15981908758453e-33,"Downregulated"
"GLRA3",3.97505288066191,2.18209458594387e-33,"Upregulated"
"EP300-AS1",-1.7627921064556,2.27362901969477e-33,"Downregulated"
"AC147067.2",-2.03538967198513,2.3347816688661e-33,"Downregulated"
"DSP",2.1798948194435,2.34970490206531e-33,"Upregulated"
"CPNE4",2.74538438587966,2.4866362044353e-33,"Upregulated"
"TEX11",3.4007719182818,2.53385769902234e-33,"Upregulated"
"BRI3BP",1.20523136307782,2.5905331140193e-33,"Upregulated"
"H3C2",6.00489956849481,2.77215558612106e-33,"Upregulated"
"ANO2",-2.0770650444418,3.01113798925551e-33,"Downregulated"
"COL5A1",2.00411627152167,3.08451584800466e-33,"Upregulated"
"TMEM156",2.48113343118142,3.30129261876615e-33,"Upregulated"
"LINC00973",6.20505270172079,3.36471407956907e-33,"Upregulated"
"AL645608.8",4.17939196063826,3.4524816835616e-33,"Upregulated"
"FOXB1",4.49244330492348,3.45917715558719e-33,"Upregulated"
"EEF1A1P6",-1.89726673082219,3.46439317340208e-33,"Downregulated"
"AC120498.4",5.47303182850411,3.5009342445225e-33,"Upregulated"
"GALNT18",-1.42899845683783,3.5330100086946e-33,"Downregulated"
"IGHV1-24",3.2230720849338,3.53970769998726e-33,"Upregulated"
"PTPRD-AS1",-2.21373647941221,3.66861156009657e-33,"Downregulated"
"NCAPGP2",-4.16851012929972,3.79756711142198e-33,"Downregulated"
"CCDC69",-1.51310568439737,3.81704505711387e-33,"Downregulated"
"DNASE2B",-2.90230446147581,3.81982228503476e-33,"Downregulated"
"PDLIM1",-1.08791542469026,4.00377484525601e-33,"Downregulated"
"H2AC11",3.02077689238172,4.06088020221137e-33,"Upregulated"
"RIPOR1",-1.22258193855778,4.12009141888415e-33,"Downregulated"
"HOTAIR",6.72310049280104,4.16781028710708e-33,"Upregulated"
"FLVCR1",1.24855037693405,4.18043364642357e-33,"Upregulated"
"GMNN",1.35113405876658,4.47292050005131e-33,"Upregulated"
"LINC00858",5.18681925955214,4.84378851829981e-33,"Upregulated"
"FRY",-1.49370942943429,4.86633182340579e-33,"Downregulated"
"SLC11A1",-1.82881806654524,4.99075316013465e-33,"Downregulated"
"C19orf48",1.43800621197413,4.99075316013465e-33,"Upregulated"
"AC022210.1",1.80459266997867,4.99075316013465e-33,"Upregulated"
"CLDN12",1.19933632479397,5.10391065521846e-33,"Upregulated"
"AC026401.3",1.34009852962693,5.17436664904452e-33,"Upregulated"
"GRTP1",1.50483699048392,5.43035221731292e-33,"Upregulated"
"ALB",5.21746413474571,5.57664595521873e-33,"Upregulated"
"NLRP3P1",4.79365539685546,5.69033645515219e-33,"Upregulated"
"PDIA2",4.08412914920451,6.0133186234279e-33,"Upregulated"
"AL731533.3",5.14125766905039,6.07274182565226e-33,"Upregulated"
"FGFBP2",-3.10535320362991,6.08488342355326e-33,"Downregulated"
"SERTM1",-4.79344037878293,6.13755173394e-33,"Downregulated"
"LINC01863",-3.26668654435495,6.42401697382676e-33,"Downregulated"
"KCNA4",-3.89860260205589,6.70123066212801e-33,"Downregulated"
"CYP4A22-AS1",2.61279178210797,7.09614371663818e-33,"Upregulated"
"LOXHD1",-2.1793539854365,7.27473398797733e-33,"Downregulated"
"RNF186",5.02395291838136,7.75885692638207e-33,"Upregulated"
"ESRP1",1.10845725322361,7.85522223309022e-33,"Upregulated"
"CSAG1",7.2879111820376,8.00841883219412e-33,"Upregulated"
"ARRB1",-1.36271120103215,8.55510517313023e-33,"Downregulated"
"DBF4B",1.31202901801348,8.66777044742824e-33,"Upregulated"
"BEND2",-3.20822851454294,9.16860459387582e-33,"Downregulated"
"GMFG",-1.48921092418574,9.38639566205993e-33,"Downregulated"
"OR52K3P",-2.14649128124828,9.86419185352986e-33,"Downregulated"
"GP9",-3.10067457406804,9.96147383694948e-33,"Downregulated"
"AC108053.1",-2.24437119179495,1.0603541849528e-32,"Downregulated"
"LINC00665",2.27735316437363,1.0701015916015e-32,"Upregulated"
"ENO1",1.18175082411952,1.10419883627489e-32,"Upregulated"
"UCA1",4.50549580727298,1.11200675224069e-32,"Upregulated"
"ZMYND19",1.00356849469285,1.17720972231564e-32,"Upregulated"
"TMEM45B",1.79489727339764,1.2088385557082e-32,"Upregulated"
"AC103591.4",-1.41960227593268,1.27002614339918e-32,"Downregulated"
"AC022007.1",1.3105994205971,1.28353935977145e-32,"Upregulated"
"PRB3",3.22153034371432,1.28714525810886e-32,"Upregulated"
"CREB3L4",1.40577479898301,1.34257843693679e-32,"Upregulated"
"MRC1",-2.30377605889943,1.37179158080613e-32,"Downregulated"
"AL359704.2",7.55712279604617,1.41816866027102e-32,"Upregulated"
"PLEKHO2",-1.17623490329559,1.48660460666724e-32,"Downregulated"
"STK32A-AS1",3.15466569208996,1.50048519067606e-32,"Upregulated"
"TPSP2",6.10691146827401,1.51265144596973e-32,"Upregulated"
"PDGFB",-1.50108443928582,1.5314633621923e-32,"Downregulated"
"IGKJ4",3.1275998925248,1.56285490204805e-32,"Upregulated"
"SOX18",-1.65005051537784,1.6117393036704e-32,"Downregulated"
"LMO7",-1.40709013001335,1.64302309630614e-32,"Downregulated"
"ALDH3B2",2.81457404015628,1.67681685107111e-32,"Upregulated"
"SLC25A13",1.05856900417397,1.68446388765989e-32,"Upregulated"
"AP003327.2",5.61734757171726,1.72159936984186e-32,"Upregulated"
"WWC2-AS2",-1.61697969043045,1.74936844722774e-32,"Downregulated"
"RADIL",-2.25568124061112,1.84557664463197e-32,"Downregulated"
"HMGA2-AS1",3.37128726356955,1.89288573831836e-32,"Upregulated"
"IGKV3-15",2.81380889531161,1.89414560749055e-32,"Upregulated"
"AL096865.1",2.2764063091776,1.98017959886714e-32,"Upregulated"
"MFAP3L",-2.07567174318971,1.98795925754176e-32,"Downregulated"
"MTARC2",-1.48174959453968,2.12941568878381e-32,"Downregulated"
"STOM",-1.23247351456854,2.28140489814215e-32,"Downregulated"
"GPER1",-2.21609103726707,2.3316600607127e-32,"Downregulated"
"AC104237.3",-3.51102226559186,2.42007433011718e-32,"Downregulated"
"PUS1",1.17362253400342,2.54787491122438e-32,"Upregulated"
"RTBDN",5.01247010029429,2.73702000591436e-32,"Upregulated"
"LINC01983",3.75403522147768,2.78406642403452e-32,"Upregulated"
"AIM2",2.84387552947618,2.78532472898385e-32,"Upregulated"
"SLC16A9",3.18650284192829,2.78994080508693e-32,"Upregulated"
"CTXND1",-3.13468263915873,2.7909102662258e-32,"Downregulated"
"PDE5A",-1.58383102104126,2.7916195268073e-32,"Downregulated"
"LINC01348",2.68988824791437,2.82957504286458e-32,"Upregulated"
"TFAP2D",7.01720032958848,2.87943747034474e-32,"Upregulated"
"C2orf91",-2.89438984428976,2.97295932086007e-32,"Downregulated"
"CRLF1",4.04706925804827,3.03825975692577e-32,"Upregulated"
"LNCAROD",3.37862181832047,3.03825975692577e-32,"Upregulated"
"AC084262.2",4.17392601707554,3.13359865655512e-32,"Upregulated"
"SGK2",2.63234091679813,3.19591308959533e-32,"Upregulated"
"BIK",2.00146869139694,3.36072382518868e-32,"Upregulated"
"AC009065.2",2.70498896051608,3.36549507871391e-32,"Upregulated"
"U52111.1",2.27375875950024,3.47155622244274e-32,"Upregulated"
"MUC21",3.75322725418544,3.54929521373322e-32,"Upregulated"
"ADCYAP1R1",-2.1503929881,3.89617613200082e-32,"Downregulated"
"SLC12A9-AS1",2.17828502558883,4.04646543481078e-32,"Upregulated"
"EDN1",-2.02619746685501,4.06446914558965e-32,"Downregulated"
"ACKR4",-2.37759890788002,4.12580270536369e-32,"Downregulated"
"DCST1-AS1",1.68312409312985,4.15782094105199e-32,"Upregulated"
"LINC02154",-3.38616566863574,4.19696430391153e-32,"Downregulated"
"NME4",1.39158390860544,4.52525631484489e-32,"Upregulated"
"AC090192.2",4.92223449661883,4.60872220343868e-32,"Upregulated"
"SEMA4B",1.57348555438252,4.69211749999239e-32,"Upregulated"
"SPOCK1",3.12403009380148,4.84078130619847e-32,"Upregulated"
"PADI4",-2.56202595153479,4.90737846374346e-32,"Downregulated"
"PTGIR",-1.36650818985476,5.03641714860149e-32,"Downregulated"
"GREB1",2.67441932798243,5.19405562171248e-32,"Upregulated"
"AC141586.1",1.05414056832022,5.46275209943502e-32,"Upregulated"
"FAM13C",-1.72421747385803,5.53220796497992e-32,"Downregulated"
"NET1",1.35106154992454,5.55907858409621e-32,"Upregulated"
"ARTN",2.60317165679338,5.70391307275923e-32,"Upregulated"
"CABLES2",1.26312360151902,5.97057225220833e-32,"Upregulated"
"LINC01395",5.0088476967553,6.30670697754117e-32,"Upregulated"
"CBY2",5.10011750140932,6.33605327044003e-32,"Upregulated"
"C12orf42",2.99452686286878,6.38082281259839e-32,"Upregulated"
"AC061975.6",6.29814892517533,6.49798382489513e-32,"Upregulated"
"AL035409.2",-2.3386124280455,6.58669206598147e-32,"Downregulated"
"STARD9",-1.72160470901117,6.79101003344645e-32,"Downregulated"
"H2BC18",2.72604361423062,6.97686429520506e-32,"Upregulated"
"AC022509.2",-2.96700480636759,7.07280983959319e-32,"Downregulated"
"CEP85",1.04945254243788,7.19715739679031e-32,"Upregulated"
"ERICH4",-2.30724614722097,7.21749220143581e-32,"Downregulated"
"IGHG3",2.82012826016338,7.39922148418789e-32,"Upregulated"
"MSTO2P",1.41465322472081,7.56952772566846e-32,"Upregulated"
"MOCS1",-1.37624464406494,7.78114473664433e-32,"Downregulated"
"HOXA5",-1.61973436552672,7.82707870609913e-32,"Downregulated"
"FCRL5",2.55552207864822,7.84930597636872e-32,"Upregulated"
"SOSTDC1",-3.74596172132715,7.84930597636872e-32,"Downregulated"
"IGFBP3",2.1584094159079,7.91117176880901e-32,"Upregulated"
"ZNF107",1.30303751025202,7.91441225399241e-32,"Upregulated"
"SLC7A7",-1.45630681135159,8.03228601019237e-32,"Downregulated"
"F2RL3",-1.89803659557195,8.18979638517215e-32,"Downregulated"
"CCDC167",1.39295424317038,8.20393329954114e-32,"Upregulated"
"KCNT2",-2.48075613254106,8.28773990373786e-32,"Downregulated"
"AGR2",2.48907758934054,8.32442230036288e-32,"Upregulated"
"KRT83",5.24253987792011,8.4167433426407e-32,"Upregulated"
"PTPRQ",-3.58823438464676,8.67002225844407e-32,"Downregulated"
"AL121933.2",-2.18497586376625,8.89032116332065e-32,"Downregulated"
"PTGER4",-1.58857473853809,8.97115864453217e-32,"Downregulated"
"IL23A",2.13677094801363,9.0117942224383e-32,"Upregulated"
"TMEM62",1.0652362553703,9.14875019286956e-32,"Upregulated"
"C1QTNF7",-2.40968730226738,9.15027176401435e-32,"Downregulated"
"UTRN",-1.36361569052929,9.2434487574389e-32,"Downregulated"
"AC016044.1",6.20618372164951,1.03098554478243e-31,"Upregulated"
"ANXA3",-1.88566332728437,1.03944135700508e-31,"Downregulated"
"CCHCR1",1.16599275558829,1.0436151163841e-31,"Upregulated"
"KPNA7",2.23031363389196,1.13681685142461e-31,"Upregulated"
"SVEP1",-2.07705341475798,1.18846481739493e-31,"Downregulated"
"DERL3",2.16330904996521,1.19184882053688e-31,"Upregulated"
"SHROOM4",-1.73859548216966,1.19748041679251e-31,"Downregulated"
"NSUN2",1.01373838393441,1.20742679324238e-31,"Upregulated"
"NDRG4",-2.05012364104626,1.23819954729597e-31,"Downregulated"
"TTC28",-1.25275529173822,1.26469290301611e-31,"Downregulated"
"AC009005.1",2.03876862819748,1.27018366557011e-31,"Upregulated"
"CRY2",-1.17232698619102,1.27816795044903e-31,"Downregulated"
"TCAM1P",4.51026490189711,1.34929720383892e-31,"Upregulated"
"MAGEA6",9.17743630060786,1.38472876709753e-31,"Upregulated"
"PIAS3",1.02279471682609,1.39397896715538e-31,"Upregulated"
"DTYMK",1.28011415775477,1.4016500307758e-31,"Upregulated"
"GHR",-2.02294581340268,1.43747453915313e-31,"Downregulated"
"CENPM",1.73326684540642,1.43857808565393e-31,"Upregulated"
"AC009237.14",1.27553027118744,1.50924855232393e-31,"Upregulated"
"SLC25A48",4.34918871363984,1.51035339542151e-31,"Upregulated"
"TIMP1",1.51703411939982,1.66318696439272e-31,"Upregulated"
"AC144831.1",-1.77061216667714,1.74209078054087e-31,"Downregulated"
"BAIAP2L1",1.22787133777067,1.82687643828463e-31,"Upregulated"
"PROS1",-1.52050667566524,1.85525449559618e-31,"Downregulated"
"AC116312.1",-2.88604278318534,1.85888668743086e-31,"Downregulated"
"METTL1",1.3591154402543,1.87020694399183e-31,"Upregulated"
"GABRA3",6.03378214269048,1.90038438416626e-31,"Upregulated"
"INSL3",2.08213516171038,1.95146576432717e-31,"Upregulated"
"IGHV3-33",2.91074355695952,1.9647086907074e-31,"Upregulated"
"UCHL1",3.45858797664401,2.03067344925601e-31,"Upregulated"
"ASAH2B",1.04925922058682,2.05865736850042e-31,"Upregulated"
"ICA1",1.15623432360767,2.34485163983535e-31,"Upregulated"
"ADGRL4",-1.28773461152906,2.3537263728803e-31,"Downregulated"
"LRRC37A9P",3.93526561549604,2.35691202253359e-31,"Upregulated"
"RPL13AP17",-3.9542400760636,2.38587952328298e-31,"Downregulated"
"KCNIP1",-2.12285386848776,2.38592583038363e-31,"Downregulated"
"TTYH1",2.46297363843912,2.43231944762883e-31,"Upregulated"
"AC068700.1",-2.29281179435375,2.46642958342776e-31,"Downregulated"
"FBXL19",1.15639993632609,2.60253680808682e-31,"Upregulated"
"DDX11",1.46615978654221,2.62085514489996e-31,"Upregulated"
"PRICKLE2",-1.37383043145379,2.66414670564747e-31,"Downregulated"
"EXD1",-2.4378457441336,2.94579818961292e-31,"Downregulated"
"AL096828.3",2.0336282483666,2.94579818961292e-31,"Upregulated"
"IL17C",3.89247694976408,3.01837565643345e-31,"Upregulated"
"LINC00629",3.69567646115509,3.28542845284641e-31,"Upregulated"
"AC093515.1",5.55998534435676,3.30428361775658e-31,"Upregulated"
"APBB1",-1.38263301301386,3.30885730774047e-31,"Downregulated"
"AC087269.1",3.84984687403759,3.38821893545128e-31,"Upregulated"
"GMDS",1.46951218124392,3.51036071185634e-31,"Upregulated"
"SCN7A",-2.35688782317875,3.55591567264944e-31,"Downregulated"
"LINC01518",5.58098899692099,3.56626909922973e-31,"Upregulated"
"TRAPPC3L",-2.12147649517165,3.62664634785584e-31,"Downregulated"
"PACSIN1",2.46053375668232,3.70350931192219e-31,"Upregulated"
"IGKC",2.62274465946182,3.89581777148866e-31,"Upregulated"
"AKR7L",2.99577996492392,3.92028367148097e-31,"Upregulated"
"ITPRID2",-1.14900739138653,3.97308599895055e-31,"Downregulated"
"TMEM145",2.93820028894204,4.10905429088867e-31,"Upregulated"
"AC093895.1",3.62654462301007,4.26240038381279e-31,"Upregulated"
"HDHD3",1.18423317771025,4.26505327598983e-31,"Upregulated"
"ANKRD36BP2",2.82576137515708,4.40912870963086e-31,"Upregulated"
"SALL1",5.74644445092541,4.44655417938544e-31,"Upregulated"
"PRDX4",1.39298528845312,4.59327391779942e-31,"Upregulated"
"LINC02009",3.10931911612005,4.61336486238784e-31,"Upregulated"
"SASS6",1.21909732752471,4.70097453449683e-31,"Upregulated"
"KCNAB1",-1.60359278009814,4.74122060045738e-31,"Downregulated"
"MT1M",-2.79605285610242,4.90445245964945e-31,"Downregulated"
"FPR1",-1.94159022474177,4.98663562497755e-31,"Downregulated"
"ROR1",-1.80858973128533,5.31087154172588e-31,"Downregulated"
"LINC00634",3.89569692560498,5.42312538763944e-31,"Upregulated"
"TDRD5",3.6641588561011,5.65900356302442e-31,"Upregulated"
"ARHGAP18",-1.14338463452927,5.70677669767013e-31,"Downregulated"
"SIX1",2.36652535359887,6.18796872111559e-31,"Upregulated"
"BYSL",1.21990745233707,6.93402330502776e-31,"Upregulated"
"AC010776.2",-3.85894196970112,6.95738167128907e-31,"Downregulated"
"LINC00525",3.4256314904886,7.25797277217033e-31,"Upregulated"
"SMIM24",3.89318743546234,7.28273089738766e-31,"Upregulated"
"SPRR1B",5.43545816891027,7.32000318045114e-31,"Upregulated"
"SLC6A13",-2.66406727750348,7.38477204533043e-31,"Downregulated"
"ANGPTL5",-2.47710315821717,7.4542709906466e-31,"Downregulated"
"AC112206.2",-2.80403331671251,7.51157607018248e-31,"Downregulated"
"CCT5",1.24244621816338,7.63033565420389e-31,"Upregulated"
"KLHL17",1.42766840728951,7.65041432177497e-31,"Upregulated"
"MTHFD2",1.49879868811115,7.79768633808927e-31,"Upregulated"
"SMOC1",3.81463315820031,7.91243810490451e-31,"Upregulated"
"HDGF",1.00761082513399,8.16104217148337e-31,"Upregulated"
"NEBL",-1.62216138969461,8.33427357068436e-31,"Downregulated"
"AL033397.2",3.64078368052065,8.33427357068436e-31,"Upregulated"
"SMPDL3B",1.80815435268501,8.7419147528887e-31,"Upregulated"
"SERPING1",-1.41537414866034,9.22638185500902e-31,"Downregulated"
"AC090559.1",-1.55738998438337,9.31413667683609e-31,"Downregulated"
"FRMD4B",-1.11396288989424,9.45144908019874e-31,"Downregulated"
"PAQR4",1.4543530788485,9.99024225381535e-31,"Upregulated"
"SMUG1",1.01177844414812,1.06216144196662e-30,"Upregulated"
"BNIP3P11",2.13388194240075,1.09598295306367e-30,"Upregulated"
"DAB2IP",-1.09263322695967,1.10621699584348e-30,"Downregulated"
"LINC02757",-2.14887327305088,1.11195143408532e-30,"Downregulated"
"GPR37",2.71384791547268,1.11899414379586e-30,"Upregulated"
"SELPLG",-1.46951071868178,1.1390891942093e-30,"Downregulated"
"AC023593.1",3.95946937291703,1.15003283657522e-30,"Upregulated"
"INKA1",-1.48565400777922,1.1773761827302e-30,"Downregulated"
"AC026992.2",-2.6883894734711,1.18152731299796e-30,"Downregulated"
"AC107959.3",2.25730590061415,1.19041768054972e-30,"Upregulated"
"GFUS",1.37246522844558,1.19692121495375e-30,"Upregulated"
"AC093582.1",2.09344393257466,1.29214221383659e-30,"Upregulated"
"CEACAM7",3.54534113944458,1.30571678298276e-30,"Upregulated"
"FGF10",-2.99546744898247,1.30906715030648e-30,"Downregulated"
"FOSB",-3.30691427696712,1.3305473019014e-30,"Downregulated"
"IGKV4-1",2.82673044573433,1.3305473019014e-30,"Upregulated"
"TINAG",6.77904301358163,1.37160910762844e-30,"Upregulated"
"TNS3",-1.1022303153936,1.3961406281765e-30,"Downregulated"
"IL11",2.69815609429837,1.40439558219765e-30,"Upregulated"
"SERPINB5",4.39823887570054,1.40594686055139e-30,"Upregulated"
"LPGAT1",1.10028113434137,1.407300646721e-30,"Upregulated"
"CHGB",4.48349730927453,1.45268994210596e-30,"Upregulated"
"TMEM171",2.88563205028565,1.45895915004744e-30,"Upregulated"
"ITPRID1",4.57349564699602,1.48369518831224e-30,"Upregulated"
"CDCA4",1.41917552383145,1.49301179037644e-30,"Upregulated"
"DUS4L-BCAP29",-1.01374680630821,1.59250202839103e-30,"Downregulated"
"IMPDH1P8",2.72902640064717,1.77589032072831e-30,"Upregulated"
"GSDMB",1.7230465758434,1.8002821602936e-30,"Upregulated"
"AL049634.1",-2.21937385213033,1.8405916598694e-30,"Downregulated"
"MANEAL",1.76628870047746,1.86729387824904e-30,"Upregulated"
"POU6F2-AS2",6.85052300042291,1.88625814698802e-30,"Upregulated"
"TMPO-AS1",1.54494632441018,1.90041572895169e-30,"Upregulated"
"LINC02473",4.39708533942623,2.03975796329714e-30,"Upregulated"
"CYRIA",-1.39659827201834,2.09282973249161e-30,"Downregulated"
"AKR1C2",4.58965565675784,2.14415154216216e-30,"Upregulated"
"CRIM1",-1.34423520104119,2.20725683641402e-30,"Downregulated"
"AC092969.1",4.14271053224899,2.31715250931041e-30,"Upregulated"
"ZWILCH",1.08077579337442,2.32377526088428e-30,"Upregulated"
"AC010776.3",-4.00334294264305,2.43145038157499e-30,"Downregulated"
"AP000974.1",2.4196279714486,2.43145038157499e-30,"Upregulated"
"CRABP1",4.87353959365589,2.43243543884668e-30,"Upregulated"
"CCDC50",-1.01644095671266,2.47438549559598e-30,"Downregulated"
"CNGB1",2.97236486464509,2.48904421581427e-30,"Upregulated"
"PLAAT1",2.80418104995313,2.48990885052374e-30,"Upregulated"
"SYNPO2",-1.79736455458768,2.53665926357332e-30,"Downregulated"
"ARHGEF19",1.51916736393717,2.57384438410676e-30,"Upregulated"
"H1-0",1.15629395472309,2.62712848336453e-30,"Upregulated"
"MTFR1",1.26199324679658,2.66921112622648e-30,"Upregulated"
"SH3BP5",-1.40512125204073,2.7671507048922e-30,"Downregulated"
"ATAD3A",1.19329338648187,2.82886625968673e-30,"Upregulated"
"CHRNA2",-3.62193301438314,2.96026120991823e-30,"Downregulated"
"FAM86JP",1.23946271159815,3.09897097378044e-30,"Upregulated"
"AC131649.2",-2.57929076273077,3.09897097378044e-30,"Downregulated"
"MXD3",1.49314321181256,3.1137644899075e-30,"Upregulated"
"KLF2",-1.77360761421998,3.23407526796812e-30,"Downregulated"
"TMEM82",4.93045665809948,3.29268986875265e-30,"Upregulated"
"RACGAP1",1.48476249827075,3.4017817165439e-30,"Upregulated"
"SLC26A6",1.36585550212984,3.41020828295433e-30,"Upregulated"
"GJA4",-1.46367465539502,3.45465424128962e-30,"Downregulated"
"STK32A",2.09079998157081,3.55306106742797e-30,"Upregulated"
"AC018529.1",-2.51263508652675,3.57559211214082e-30,"Downregulated"
"IGLV3-21",2.81802257636174,3.72343834155694e-30,"Upregulated"
"LINC00624",2.59518758290542,3.76123442924731e-30,"Upregulated"
"UNC93A",5.83432211838428,3.86211977993382e-30,"Upregulated"
"FANCG",1.67934310970161,3.91105589286385e-30,"Upregulated"
"TM4SF5",7.18304157010061,3.99147377977593e-30,"Upregulated"
"BARD1",1.16883487243317,4.04332242266001e-30,"Upregulated"
"C13orf46",-2.72913640215836,4.07522487751361e-30,"Downregulated"
"VSX1",3.93660933382038,4.09772742515016e-30,"Upregulated"
"PRG4",-3.10684552054802,4.49494655799247e-30,"Downregulated"
"SLC16A14",2.89800110784053,4.52947259718388e-30,"Upregulated"
"IGHV1-46",2.75971563173468,4.64217974357804e-30,"Upregulated"
"AC106900.1",4.62824597671361,4.65303215066145e-30,"Upregulated"
"LINC02086",3.83174460985912,4.77799349573349e-30,"Upregulated"
"LINC01081",-1.9582001831084,4.87999676809432e-30,"Downregulated"
"PRSS1",5.17595410527424,4.88030542350631e-30,"Upregulated"
"TLR4",-1.58856036301284,4.89387463615341e-30,"Downregulated"
"UBL3",-1.08963842149303,5.23554772652153e-30,"Downregulated"
"TRAF5",1.33365969800838,5.26421953228604e-30,"Upregulated"
"FADS6",5.19114337110237,5.59867951208627e-30,"Upregulated"
"AL355499.1",-3.18770205434859,5.77210294583138e-30,"Downregulated"
"ECEL1P2",-3.18513517100242,5.9317247012162e-30,"Downregulated"
"CYP27A1",-1.7316559481296,5.9477007748317e-30,"Downregulated"
"MIR3677",-2.44790314776283,6.03845468726221e-30,"Downregulated"
"RAMP1",2.20525033782173,6.10365286048013e-30,"Upregulated"
"MYOSLID",2.94455637089337,6.15524535415416e-30,"Upregulated"
"AC092868.1",3.80077234713782,6.25325913323973e-30,"Upregulated"
"AC103702.2",4.42660002267591,6.2548895051897e-30,"Upregulated"
"AC104237.2",-3.50684624996208,7.04648197195251e-30,"Downregulated"
"FBLN5",-1.80852543658708,7.07247302159415e-30,"Downregulated"
"IGHG2",2.62940790185998,7.07291437152751e-30,"Upregulated"
"TNFSF12",-1.21376435562556,7.21577736971748e-30,"Downregulated"
"HMGB3P10",-2.34306594917751,7.4108491884071e-30,"Downregulated"
"LMOD3",-1.26828821795939,7.60233508039138e-30,"Downregulated"
"AL844908.1",2.89175695467173,7.69033497733984e-30,"Upregulated"
"LINC00092",-1.84536015989045,8.16264235717963e-30,"Downregulated"
"DUS4L",1.11730921966827,8.29121122544379e-30,"Upregulated"
"TTYH3",1.33785107450985,8.29422256332665e-30,"Upregulated"
"UGT2B15",4.86568208150016,8.33265964709969e-30,"Upregulated"
"LINC00337",2.72377471092573,9.01497669378526e-30,"Upregulated"
"IGHV5-78",2.61811909305671,9.1117287676653e-30,"Upregulated"
"H1-5",5.37797183301762,9.5274461388665e-30,"Upregulated"
"ABCG1",-1.40168804610872,9.57207562466092e-30,"Downregulated"
"FAM72D",2.29613332367008,9.95328492424919e-30,"Upregulated"
"LINC01993",2.98769471957568,9.9696095646108e-30,"Upregulated"
"AC120114.1",1.60114334172414,9.97380494144029e-30,"Upregulated"
"LINC02341",4.03489965724607,9.98967832619355e-30,"Upregulated"
"DHTKD1",1.02576267366732,1.00203041553701e-29,"Upregulated"
"SMIM22",1.94716838567609,1.04990413755241e-29,"Upregulated"
"ANGPTL1",-2.28439340643491,1.08680192624431e-29,"Downregulated"
"SLC25A5P5",4.01235387241941,1.09526341963237e-29,"Upregulated"
"MYH16",2.90067118971504,1.12728054035188e-29,"Upregulated"
"LINC02104",-2.14110374015946,1.14505042769781e-29,"Downregulated"
"RRAS",-1.35684697827962,1.19858787824511e-29,"Downregulated"
"AC079089.1",3.34265593144828,1.19869068596245e-29,"Upregulated"
"AC010378.1",4.22296994989085,1.20861184445347e-29,"Upregulated"
"LINC01842",3.63596473937832,1.29576443273017e-29,"Upregulated"
"DEPDC7",2.54133469186523,1.3403870551725e-29,"Upregulated"
"DLX6-AS1",4.7389125150199,1.34276304997945e-29,"Upregulated"
"SHOC1",3.1449986339984,1.35401408207862e-29,"Upregulated"
"SYT14",4.62272788609523,1.36776431282759e-29,"Upregulated"
"HMBS",1.16067096278943,1.3824765970049e-29,"Upregulated"
"AL513497.1",1.93120651430576,1.40688600204025e-29,"Upregulated"
"WFDC1",-1.86942018103713,1.43542246915543e-29,"Downregulated"
"AC011503.2",1.99146988143935,1.45153913915892e-29,"Upregulated"
"AC007639.1",4.23889317906174,1.45707407309765e-29,"Upregulated"
"SPI1",-1.59561623905822,1.46349245806065e-29,"Downregulated"
"SEC14L1",-1.02682298863137,1.46659068530644e-29,"Downregulated"
"LINC02560",2.92660055500164,1.56852340601632e-29,"Upregulated"
"IGHV4-34",2.76356423493986,1.6300017096393e-29,"Upregulated"
"H2BC15",2.02291115919745,1.67749086303489e-29,"Upregulated"
"MELTF-AS1",1.84535438061951,1.80346939010532e-29,"Upregulated"
"ZEB1",-1.3332941041997,1.8159544503746e-29,"Downregulated"
"IGHV3-43",3.01489625007717,1.868235062889e-29,"Upregulated"
"RPS10P7",1.15330066872689,1.87405589894885e-29,"Upregulated"
"SNORD17",4.20278130459597,1.87942657691465e-29,"Upregulated"
"COX6B2",3.19924451103755,1.97396824021362e-29,"Upregulated"
"AL135960.1",-2.44826197279764,2.00566323294393e-29,"Downregulated"
"SGCA",-2.01831465378327,2.00791460249779e-29,"Downregulated"
"THEM5",1.87092434401793,2.06644696925956e-29,"Upregulated"
"MAP3K14-AS1",1.22397408529188,2.11719716753e-29,"Upregulated"
"KCNQ5",2.70221650329452,2.21475897457565e-29,"Upregulated"
"ADRA1A",-3.4284341766387,2.21834149240474e-29,"Downregulated"
"PLOD2",2.05594922686939,2.23552281738023e-29,"Upregulated"
"BARX1-DT",6.38089459550216,2.27670340934705e-29,"Upregulated"
"AC079160.1",6.00033571464429,2.33633126482592e-29,"Upregulated"
"TMEM150B",-1.82810526283838,2.54778898701495e-29,"Downregulated"
"LCN12",2.42490141653195,2.55311082683718e-29,"Upregulated"
"CEP72",1.27907098195192,2.57282261489553e-29,"Upregulated"
"NCCRP1",3.5895603875861,2.65008725594264e-29,"Upregulated"
"TM4SF4",4.56383042167986,2.6973422018813e-29,"Upregulated"
"UBASH3B",-1.62830657010744,2.7558054303007e-29,"Downregulated"
"KAT2B",-1.12529639850102,2.75963992990386e-29,"Downregulated"
"AC013731.1",2.27113125619184,2.79597929657403e-29,"Upregulated"
"CD300LF",-1.77288925380288,2.97871503401223e-29,"Downregulated"
"H2AX",1.29848482412981,3.34382826866579e-29,"Upregulated"
"ACACB",-1.33590596423264,3.35856884704835e-29,"Downregulated"
"FGF2",-2.01117788543931,3.40927349361584e-29,"Downregulated"
"INA",4.39909359221769,3.40953669492877e-29,"Upregulated"
"PCAT19",-2.01727380072738,3.425401686301e-29,"Downregulated"
"SRD5A3",1.58053480113466,3.51412967637718e-29,"Upregulated"
"SYT2",2.80914572654771,3.63573050948488e-29,"Upregulated"
"BCHE",-2.44757597152526,3.73061793675689e-29,"Downregulated"
"LINC02003",4.2242968739576,3.79407819925006e-29,"Upregulated"
"CKMT1B",2.917088138486,3.92588787655725e-29,"Upregulated"
"CDHR2",3.46184533138854,3.94454140390688e-29,"Upregulated"
"SAMHD1",-1.19265625140649,4.0129153481159e-29,"Downregulated"
"SLC24A4",-1.98998911600588,4.06676826262187e-29,"Downregulated"
"SOHLH2",4.42903389800781,4.08199750855269e-29,"Upregulated"
"COMP",2.8742204170106,4.138009299035e-29,"Upregulated"
"AL163953.1",4.73831031187922,4.236716608708e-29,"Upregulated"
"AJM1",1.51000083381168,4.5303933409361e-29,"Upregulated"
"PILRA",-1.52259600117527,4.55502334333901e-29,"Downregulated"
"PAPSS2",-1.4779374038147,4.55502334333901e-29,"Downregulated"
"AL021978.1",2.39360492750923,4.5927281165979e-29,"Upregulated"
"ADAMTSL4",-1.8127973883174,4.76307216436125e-29,"Downregulated"
"C20orf197",3.0890313671401,4.76622341168674e-29,"Upregulated"
"PPIF",1.07052174947321,4.78738076280136e-29,"Upregulated"
"AC005256.1",5.59351157129138,4.92445219036407e-29,"Upregulated"
"RAB40A",-1.66758676874504,5.05336884162724e-29,"Downregulated"
"CTDSPL",-1.04307802175061,5.10825273208983e-29,"Downregulated"
"ANGPTL7",-3.46200585627235,5.1654731785429e-29,"Downregulated"
"RAB11FIP1",-1.46054940820111,5.49206745839118e-29,"Downregulated"
"CKMT1A",2.87810852484643,5.60633458604797e-29,"Upregulated"
"MCM8",1.18517345258832,5.75527059381553e-29,"Upregulated"
"LINC01529",3.03753300439007,5.92983872212693e-29,"Upregulated"
"IGKV3D-15",3.00834808617707,5.93724156665242e-29,"Upregulated"
"PCDHGC3",-1.55039596025869,6.0337729657001e-29,"Downregulated"
"GFAP",2.8812408809445,6.19093791499304e-29,"Upregulated"
"GEN1",1.1343098864003,6.23829187753022e-29,"Upregulated"
"REEP6",2.21853422794795,6.38481061216061e-29,"Upregulated"
"BPIFA1",4.85586353553355,6.48527006414476e-29,"Upregulated"
"H3C3",5.40828180726072,6.56217102888654e-29,"Upregulated"
"RGS20",2.8911962795987,6.64453202399446e-29,"Upregulated"
"H2BC17",4.13986913368658,6.71726015629644e-29,"Upregulated"
"CHRNA9",4.74060020867383,6.7498440647425e-29,"Upregulated"
"TMOD1",-1.76783151940099,6.85716810442647e-29,"Downregulated"
"AC027601.5",1.76948052938764,7.01620711901717e-29,"Upregulated"
"RN7SL3",4.06910308431566,7.11373365611985e-29,"Upregulated"
"AC064836.3",1.71545928531305,7.17701387887929e-29,"Upregulated"
"PTPRM",-1.4034837204695,7.18163268868295e-29,"Downregulated"
"HNRNPA1P21",1.73716275183791,7.19823526164215e-29,"Upregulated"
"WFIKKN2",-3.06158419465429,7.24933733566664e-29,"Downregulated"
"FAM72C",2.73637998245081,7.31186146863563e-29,"Upregulated"
"GJB3",3.25954494277996,8.01216555750768e-29,"Upregulated"
"IL17D",-1.58344425531242,8.04951534083459e-29,"Downregulated"
"SLC27A3",-1.32710873494166,8.07967519437466e-29,"Downregulated"
"GPI",1.10893822622421,8.19044364983135e-29,"Upregulated"
"AL354714.1",-3.90095133952151,8.3579125292675e-29,"Downregulated"
"MNX1-AS2",3.07038354824061,8.36275940098948e-29,"Upregulated"
"ALG3",1.084336128053,8.40121967703523e-29,"Upregulated"
"AL355312.3",2.7750763664273,8.55286526345416e-29,"Upregulated"
"ITGB1-DT",3.35741061117864,8.67686123751327e-29,"Upregulated"
"PPP1R14B-AS1",2.70878956375436,8.75457699585868e-29,"Upregulated"
"NTM",-2.09137327454178,9.14748067440573e-29,"Downregulated"
"DAO",-2.46479502967729,9.15781146195594e-29,"Downregulated"
"AL357054.4",-1.73427803825856,9.15781146195594e-29,"Downregulated"
"H4C8",2.10205716179201,9.36102610006226e-29,"Upregulated"
"UBE2S",1.72818395627038,1.08593525369441e-28,"Upregulated"
"LAMB2",-1.02547797693604,1.09347745224077e-28,"Downregulated"
"POLR1G",1.16721536899312,1.14897730196307e-28,"Upregulated"
"SRSF12",2.11896864530631,1.16662461177814e-28,"Upregulated"
"BRCA1",1.47435590493087,1.17918745127952e-28,"Upregulated"
"DUXAP8",2.62701082244566,1.19167521968171e-28,"Upregulated"
"ZP3",1.86911264788353,1.20960824841894e-28,"Upregulated"
"CCDC137",1.00403208489427,1.21653005017608e-28,"Upregulated"
"CYGB",-1.25699411537289,1.22723508245792e-28,"Downregulated"
"KRT79",-3.12559593575368,1.29784314140315e-28,"Downregulated"
"LINC02418",7.40632586234905,1.31865068472245e-28,"Upregulated"
"AC024560.4",1.98014481292044,1.32274285057386e-28,"Upregulated"
"ZNF92",1.02615818087032,1.35662803381348e-28,"Upregulated"
"STK31",2.02498824330335,1.36865345955679e-28,"Upregulated"
"ARL6",-1.01402241546136,1.40098709459233e-28,"Downregulated"
"NATD1",-1.20310277565182,1.4624707118395e-28,"Downregulated"
"PAX9",2.70393635489091,1.46987427411103e-28,"Upregulated"
"AC006230.1",1.97707896419725,1.53965052517721e-28,"Upregulated"
"IGKV1-5",2.65724992134906,1.55246645073345e-28,"Upregulated"
"IGHV3-23",2.59262333350997,1.56863854713219e-28,"Upregulated"
"SOCS2",-1.96366064973702,1.57714640959443e-28,"Downregulated"
"UCN2",4.13005817357303,1.60091302062525e-28,"Upregulated"
"SRPX2",1.98064853182122,1.60511257052101e-28,"Upregulated"
"PTPRN",3.59762942837945,1.64150985894174e-28,"Upregulated"
"E2F5",1.26446424371938,1.66137001074775e-28,"Upregulated"
"SMKR1",2.7722084857533,1.67040619284936e-28,"Upregulated"
"ZFP36",-1.83734349878496,1.69189895823504e-28,"Downregulated"
"TAS1R3",2.25593104345304,1.69683071268499e-28,"Upregulated"
"DLX6",5.01652842768818,1.70989484021199e-28,"Upregulated"
"TENM4",1.79500370072758,1.79816832835725e-28,"Upregulated"
"OGDHL",3.52265760936023,1.79816832835725e-28,"Upregulated"
"INSL4",7.56680488267311,1.79969427247528e-28,"Upregulated"
"AC027601.2",-1.74044577059886,1.84375047671814e-28,"Downregulated"
"TBX5",-1.49846897437728,1.92549733427337e-28,"Downregulated"
"FAM177B",3.13614359406159,2.04154775207426e-28,"Upregulated"
"ZNF252P-AS1",2.00407675887182,2.04993458715254e-28,"Upregulated"
"ARHGAP44",-1.6600357089062,2.07998051338917e-28,"Downregulated"
"FAM72A",1.93481458724041,2.11211197438837e-28,"Upregulated"
"EN2",4.20210241752297,2.12339418820273e-28,"Upregulated"
"IGHV7-81",2.72965334984532,2.17340950164838e-28,"Upregulated"
"LINC00115",1.61584749436601,2.23173644762416e-28,"Upregulated"
"APOBR",-1.61841417562825,2.39770264489259e-28,"Downregulated"
"RPL23AP77",3.89946229609287,2.47042694545233e-28,"Upregulated"
"LINC02163",5.98321627573677,2.59665507443598e-28,"Upregulated"
"ACRV1",2.66595018564134,2.59952022619851e-28,"Upregulated"
"FLVCR2",-1.28316870590085,2.62402457823567e-28,"Downregulated"
"LINC00160",3.72328759568405,2.6461233164027e-28,"Upregulated"
"LINP1",4.22501191947155,2.65329284064313e-28,"Upregulated"
"LINC01194",8.20871799167876,2.76611970455634e-28,"Upregulated"
"ARL9",2.42814191042571,2.86985886380403e-28,"Upregulated"
"ACKR1",-2.39158759207288,2.94103782332812e-28,"Downregulated"
"AD000090.1",3.12546589891145,2.95937338281913e-28,"Upregulated"
"SBSPON",-2.28356589980547,3.00099041282844e-28,"Downregulated"
"PADI3",5.7635917585847,3.06255938791806e-28,"Upregulated"
"CDK5RAP3",1.76188197850787,3.2385400555181e-28,"Upregulated"
"ABCB9",1.28644959152866,3.24061160265602e-28,"Upregulated"
"TUBG1",1.15617935971066,3.27519093965912e-28,"Upregulated"
"TRIM46",1.77676898202129,3.29445376260652e-28,"Upregulated"
"SOX12",1.3305857107474,3.31076856019218e-28,"Upregulated"
"FAM24B",1.55341730121647,3.33055073859438e-28,"Upregulated"
"AC027288.2",-3.05951695450121,3.33433848496836e-28,"Downregulated"
"KIFC2",1.77983406473701,3.34829709697179e-28,"Upregulated"
"TRPM2-AS",3.48343625335385,3.37727508701198e-28,"Upregulated"
"CDIPTOSP",3.23153764156725,3.43083014033358e-28,"Upregulated"
"RASGEF1A",1.97846997549039,3.56438055409896e-28,"Upregulated"
"PREX1",-1.24219664072762,3.72244075020827e-28,"Downregulated"
"LINGO1",2.47342570622312,3.72342760348914e-28,"Upregulated"
"MIR559",2.52246935635076,4.23032548539463e-28,"Upregulated"
"AC090505.1",4.23728090406226,4.2357735742229e-28,"Upregulated"
"GUCY1A2",-1.91097612769093,4.31091440580889e-28,"Downregulated"
"LINC02202",-1.50759590528107,4.45077306323624e-28,"Downregulated"
"KIF20B",1.29630476212866,4.58225388479812e-28,"Upregulated"
"LINC01569",1.43469421508938,4.65289457174989e-28,"Upregulated"
"LCT",4.00200994792365,4.74366263412246e-28,"Upregulated"
"EIF4E3",-1.10131082320048,4.76598528076233e-28,"Downregulated"
"LPCAT3",-1.00487054095437,4.85998741442536e-28,"Downregulated"
"NFATC1",-1.16578836088328,4.86097560120717e-28,"Downregulated"
"AC084864.1",3.38300250983447,4.89302508062129e-28,"Upregulated"
"SIX2",3.27815812063141,4.99551334902707e-28,"Upregulated"
"BPIFB4",5.39867835071465,5.0126843962084e-28,"Upregulated"
"ADGRE5",-1.29625543179192,5.03745717374218e-28,"Downregulated"
"ADTRP",-2.10262381456539,5.10627524431058e-28,"Downregulated"
"AL606490.8",4.40592974556364,5.11000552557154e-28,"Upregulated"
"AC009236.1",3.31127857675891,5.26490497288813e-28,"Upregulated"
"AC007128.2",4.70626129935375,5.44345421817008e-28,"Upregulated"
"PUSL1",1.19005991470696,5.51840027229185e-28,"Upregulated"
"FRGCA",3.85893040911131,5.61428369098616e-28,"Upregulated"
"CARD11",1.83270641873677,5.71157180079705e-28,"Upregulated"
"QPCT",2.65960797707884,5.7643881148638e-28,"Upregulated"
"TBXT",5.55554599904519,5.98777649674116e-28,"Upregulated"
"TTC39C",1.4978805039041,6.05845979866057e-28,"Upregulated"
"INCENP",1.22275968202226,6.22853219317167e-28,"Upregulated"
"CAD",1.11097271546533,6.25551167673644e-28,"Upregulated"
"GSDMC",2.53066905210864,6.28849509343999e-28,"Upregulated"
"PTGFRN",1.15354230948023,6.68361292548565e-28,"Upregulated"
"LIPK",5.8579700477418,6.86368474737941e-28,"Upregulated"
"C11orf96",-1.84980296409827,7.33386365820664e-28,"Downregulated"
"NHS",1.85405300823089,7.38364871360881e-28,"Upregulated"
"DIRAS1",2.57167283298892,7.49641648524011e-28,"Upregulated"
"GATA1",-1.76737264011262,7.71690229666972e-28,"Downregulated"
"AIMP2",1.04116199935847,8.02044570305012e-28,"Upregulated"
"EMSLR",2.43135172945373,8.07600570700798e-28,"Upregulated"
"HEMGN",-2.45913614250188,8.1196338180849e-28,"Downregulated"
"AL109946.1",4.47974809076181,8.21603614644333e-28,"Upregulated"
"TRIM45",1.30661235578395,8.75135235184356e-28,"Upregulated"
"TYMS",1.35873223693669,9.1727780136634e-28,"Upregulated"
"KRTAP5-1",2.17813992983998,9.65751495859743e-28,"Upregulated"
"SLC5A9",-2.50577399671972,9.8115389738646e-28,"Downregulated"
"URB1",1.12071305947358,9.8825210103407e-28,"Upregulated"
"SLCO2A1",-1.80800044653852,9.90432040054047e-28,"Downregulated"
"THPO",3.06623590074211,9.95234083607028e-28,"Upregulated"
"PALD1",-1.26611611171501,1.00753594002432e-27,"Downregulated"
"AC134312.5",2.69450524799065,1.03179315535483e-27,"Upregulated"
"RETN",-2.96697247027716,1.10376603465316e-27,"Downregulated"
"RNF207",1.57081400277777,1.11137637846286e-27,"Upregulated"
"HSPB3",-2.54200782978928,1.12694335446658e-27,"Downregulated"
"TAF7L",3.59658918819066,1.18926075287671e-27,"Upregulated"
"AQP4",-2.97778259451309,1.21691972922024e-27,"Downregulated"
"FOXO6",2.25280511216818,1.21825152577762e-27,"Upregulated"
"AC012236.1",1.84986219575465,1.22396340194902e-27,"Upregulated"
"AL033397.1",6.23032107908279,1.25092428346627e-27,"Upregulated"
"DSN1",1.02401365538742,1.31095494738061e-27,"Upregulated"
"ARID5A",-1.09560527942635,1.33132928953813e-27,"Downregulated"
"SLC28A2",4.49010674358113,1.35494737019823e-27,"Upregulated"
"MUC6",4.76845071219277,1.4180873420302e-27,"Upregulated"
"IGHV1-69D",2.8304275107098,1.50787452024471e-27,"Upregulated"
"AC124944.2",1.7655881125447,1.52344616086758e-27,"Upregulated"
"MAGI2-AS3",-1.52015452240526,1.57185604879619e-27,"Downregulated"
"AP002761.3",-1.43538310427767,1.6194708258727e-27,"Downregulated"
"LINC02035",-1.03650497305187,1.62165037111303e-27,"Downregulated"
"ADAMTS12",1.84848927401731,1.65310095822854e-27,"Upregulated"
"AC084125.2",2.07227409074098,1.65310095822854e-27,"Upregulated"
"MUC5B",3.94484500583201,1.654852933505e-27,"Upregulated"
"KL",-2.31653974929425,1.67716388602735e-27,"Downregulated"
"KIF5A",2.68564976890452,1.81019533336835e-27,"Upregulated"
"AP000251.1",3.45567287763769,1.84795565807089e-27,"Upregulated"
"RAET1K",2.32991194363749,1.85337630300707e-27,"Upregulated"
"PLA2G4A",2.4225881170457,1.94790358341536e-27,"Upregulated"
"ADAMTS16",2.30861746466395,1.97010745825121e-27,"Upregulated"
"SUGCT",1.9947768392257,1.97010745825121e-27,"Upregulated"
"CCDC34",1.43864854631217,2.0170263944899e-27,"Upregulated"
"MUC20",2.13884656379323,2.02844389324666e-27,"Upregulated"
"IGLL5",2.44376459954662,2.07028331996472e-27,"Upregulated"
"LRRC20",1.15174812265104,2.12078275342303e-27,"Upregulated"
"ZCCHC24",-1.04714276994977,2.15577158231819e-27,"Downregulated"
"LINC01165",-2.4885046316507,2.16753295522717e-27,"Downregulated"
"SRL",-1.82550929807582,2.27889373971392e-27,"Downregulated"
"LSR",1.36381010922613,2.32540560548128e-27,"Upregulated"
"LINC00884",1.68951633584701,2.32540560548128e-27,"Upregulated"
"COL6A4P1",3.47651782192723,2.32916958292334e-27,"Upregulated"
"TFPI2",3.63147849564896,2.34573250919428e-27,"Upregulated"
"FAM124A",-1.36215016816917,2.42083739344654e-27,"Downregulated"
"AP000553.1",2.89792240232031,2.42087449876485e-27,"Upregulated"
"CERCAM",1.4406908187676,2.42680197727485e-27,"Upregulated"
"CASP4LP",-1.45788328384282,2.45759662717097e-27,"Downregulated"
"IL33",-2.08175120677069,2.47514634704323e-27,"Downregulated"
"SCARNA5",5.80908219546207,2.47765512037971e-27,"Upregulated"
"SORBS3",-1.17396470648129,2.4798425276805e-27,"Downregulated"
"AC011290.2",1.70628740164653,2.49108517220539e-27,"Upregulated"
"SSR4",1.34493775622241,2.49777187183331e-27,"Upregulated"
"HGH1",1.13185926356838,2.59034852923415e-27,"Upregulated"
"AFF3",-2.36310091539405,2.60507551551632e-27,"Downregulated"
"CCIN",-1.99218633923726,2.73602080475343e-27,"Downregulated"
"DIO2",2.42560541151403,2.82971872241332e-27,"Upregulated"
"SBF2-AS1",1.12300724661027,2.93996125776444e-27,"Upregulated"
"AC116407.1",-1.98674314391471,2.95919050831545e-27,"Downregulated"
"AC091305.1",-3.10436239096177,2.99896916993424e-27,"Downregulated"
"DNASE1",1.17980370928415,3.04218170446052e-27,"Upregulated"
"SYN3-AS1",-3.4821689805565,3.05638743823586e-27,"Downregulated"
"FOXE1",4.25286980601644,3.06531985554564e-27,"Upregulated"
"UPK3A",3.10962815351939,3.07057946606897e-27,"Upregulated"
"IGHV5-51",2.70121614728471,3.14686413062684e-27,"Upregulated"
"RALY-AS1",1.12397396391299,3.17305867305082e-27,"Upregulated"
"FBXO16",1.34785793668771,3.23787828832659e-27,"Upregulated"
"CCRL2",-1.54565581487792,3.26626056604694e-27,"Downregulated"
"HYOU1",1.10735616999337,3.37011697797243e-27,"Upregulated"
"NIM1K",-2.25995758738259,3.37693392543242e-27,"Downregulated"
"AC112482.2",-3.44534171645279,3.44411338014305e-27,"Downregulated"
"AC024560.2",2.04376733711148,3.55537138396357e-27,"Upregulated"
"LINC02495",3.11652328045773,3.61914628411668e-27,"Upregulated"
"IGLV1-40",2.52096127095023,3.621678055801e-27,"Upregulated"
"SLC15A3",-1.3828360233707,3.63083488519844e-27,"Downregulated"
"AC093904.2",3.53925044781689,3.64214143462515e-27,"Upregulated"
"MME",-2.45322525260826,3.69802016296429e-27,"Downregulated"
"LINC01963",-1.22539603987218,3.76640986713446e-27,"Downregulated"
"AL357146.1",-2.77495827838656,3.89473050784853e-27,"Downregulated"
"AC099850.1",-1.16588714234547,3.91263916189364e-27,"Downregulated"
"HNF1A",3.87658310718098,3.95447693317433e-27,"Upregulated"
"AL645608.2",3.67779038159037,4.00543556927928e-27,"Upregulated"
"ATP1A2",-2.29222798098186,4.02032976397706e-27,"Downregulated"
"VSIG1",3.87762684189304,4.10426972334741e-27,"Upregulated"
"FLT4",-1.35064665559923,4.11356572796324e-27,"Downregulated"
"BDH1",1.31948584510073,4.14476045075129e-27,"Upregulated"
"BX571818.1",2.54364292018128,4.1698908058093e-27,"Upregulated"
"LIM2",-3.13962045954544,4.30420797824689e-27,"Downregulated"
"NR2E1",4.77597735861067,4.3240314679058e-27,"Upregulated"
"RNU6-955P",-3.82300923878681,4.39920055061565e-27,"Downregulated"
"COL6A4P2",2.22931696742106,4.41254812154427e-27,"Upregulated"
"LNCDAT",5.65587790165022,4.41559616572243e-27,"Upregulated"
"IGKJ3",3.22651154926529,4.55136707249058e-27,"Upregulated"
"FAM241A",-1.1164633051608,4.67530836681059e-27,"Downregulated"
"AC119424.1",-3.45231363244299,4.69115157233144e-27,"Downregulated"
"AC009226.1",2.08742174728837,4.81546668108817e-27,"Upregulated"
"PDE1B",-1.57523223755017,4.8387649336864e-27,"Downregulated"
"IL4I1",1.9221923705128,4.91590750791595e-27,"Upregulated"
"PMP22",-1.1835647429343,4.92719533251008e-27,"Downregulated"
"TMEM52",1.97253940004352,4.95548083432604e-27,"Upregulated"
"TMED3",1.18568301491046,4.98927630377107e-27,"Upregulated"
"AC015712.6",2.94099966569703,4.99176476742905e-27,"Upregulated"
"AC089983.1",4.04648560269035,5.1618664013719e-27,"Upregulated"
"CGA",6.85088421520075,5.30208937276651e-27,"Upregulated"
"AP1S1",1.11908860845903,5.31298752893739e-27,"Upregulated"
"ARL14",4.29795902865228,5.31298752893739e-27,"Upregulated"
"H2BC4",2.32142950919499,5.67215696588431e-27,"Upregulated"
"LINC00461",4.19812907537076,5.90955399046027e-27,"Upregulated"
"COL25A1",4.24874300923242,5.98436893873776e-27,"Upregulated"
"HLX-AS1",-2.21696736063272,5.99745328929325e-27,"Downregulated"
"SCAI",-1.12079201439954,6.11989171574571e-27,"Downregulated"
"GPR35",2.36293716217647,6.38501515955004e-27,"Upregulated"
"DHRS13",1.14881822188431,6.5731097455061e-27,"Upregulated"
"CASC16",4.42105827254662,6.62463603564766e-27,"Upregulated"
"ANO9",1.65436561416103,6.62629754347127e-27,"Upregulated"
"KCTD12",-1.32228060270181,6.63340933260571e-27,"Downregulated"
"CKAP4",1.06467812412577,6.73402894418291e-27,"Upregulated"
"SLC6A8",1.86438675372857,6.75314688230775e-27,"Upregulated"
"LINC00676",10.512072433168,6.9215144618637e-27,"Upregulated"
"ALOXE3",2.73486137483014,6.96834650279742e-27,"Upregulated"
"MX2",1.45977106498496,7.31373041897447e-27,"Upregulated"
"AC141557.2",3.7357869623024,7.31854835739855e-27,"Upregulated"
"IER5L",1.72825510334102,7.41591997498682e-27,"Upregulated"
"HOXC13-AS",5.85020710597055,7.59305691075596e-27,"Upregulated"
"ID4",-1.95742931912163,7.94766623075849e-27,"Downregulated"
"ITIH5",-2.09778445006167,7.99707283526836e-27,"Downregulated"
"CPXM1",2.00511612713363,8.12942937037984e-27,"Upregulated"
"MBNL1-AS1",-1.71024166026865,8.13538569021838e-27,"Downregulated"
"DLG5",1.16451212437962,8.39061544811862e-27,"Upregulated"
"PDE8B",-1.37235164788775,8.5762829861488e-27,"Downregulated"
"LILRB3",-1.36538508158191,8.63405785828492e-27,"Downregulated"
"HPCAL1",-1.10574486973208,8.77596726651028e-27,"Downregulated"
"LINC01412",-2.14991207520892,8.78999758662643e-27,"Downregulated"
"LAPTM4B",1.42717964422876,9.2455793612485e-27,"Upregulated"
"AL118508.3",-1.93368371359026,9.52139325588092e-27,"Downregulated"
"SERPINH1",1.07722956996784,9.67766385398844e-27,"Upregulated"
"RFX8",2.21976269472486,9.76319403037541e-27,"Upregulated"
"AL445524.1",1.90842863687169,1.0133031931284e-26,"Upregulated"
"PKD1L2",2.96693284856959,1.02596797198157e-26,"Upregulated"
"H2AC14",5.30781141615909,1.03671869349516e-26,"Upregulated"
"PLEKHG6",1.67847051979775,1.05167269652899e-26,"Upregulated"
"H3C8",3.54362032251364,1.16193839639407e-26,"Upregulated"
"MMP10",3.34560164683728,1.17576611258033e-26,"Upregulated"
"PLCE1",-1.38579606033245,1.19426665727932e-26,"Downregulated"
"AL928654.4",1.38321263571674,1.20470660093077e-26,"Upregulated"
"ESPN",2.25302461508116,1.2069084194952e-26,"Upregulated"
"AC009962.1",-1.46083176944559,1.20923647356079e-26,"Downregulated"
"TLCD3B",2.96238434955862,1.21787493725676e-26,"Upregulated"
"CENPO",1.09967743140892,1.26249327146636e-26,"Upregulated"
"CCN1",-1.63988282013242,1.26249327146636e-26,"Downregulated"
"H4C14",2.28110469486879,1.37085717025124e-26,"Upregulated"
"IGKV1D-33",3.002680004659,1.41018003398247e-26,"Upregulated"
"N4BP2L1",-1.19135534526788,1.44302370279159e-26,"Downregulated"
"KCNQ3",2.00241633141447,1.44825312779816e-26,"Upregulated"
"NIPSNAP1",1.06166192980757,1.48163221030021e-26,"Upregulated"
"SLC19A1",-1.03558842530233,1.50960360517655e-26,"Downregulated"
"AC012459.1",2.3567423735168,1.53233657063229e-26,"Upregulated"
"PLA2G2C",2.0498380372229,1.61819537038061e-26,"Upregulated"
"PRSS35",-2.23320148977718,1.61911466969444e-26,"Downregulated"
"CCN2",-1.61322921959777,1.63451009122669e-26,"Downregulated"
"NES",-1.5984844583187,1.66498668043016e-26,"Downregulated"
"MYCN",3.37040664814223,1.74270707253058e-26,"Upregulated"
"TEKT5",2.37645988751293,1.78473940107519e-26,"Upregulated"
"SOCS3",-1.53190094666456,1.80827192182231e-26,"Downregulated"
"NMRAL2P",3.48569157544551,1.80976160445665e-26,"Upregulated"
"TNNT1",3.2171097486469,1.87524311829928e-26,"Upregulated"
"AC068205.2",1.6873159683559,1.99164358801834e-26,"Upregulated"
"AL355499.2",-3.72509880026442,2.01499462913306e-26,"Downregulated"
"WWTR1",-1.0378919690745,2.14852666748291e-26,"Downregulated"
"SPRING1",-1.05653562840154,2.16844198831508e-26,"Downregulated"
"ABCB4",2.13147581978483,2.21870524922915e-26,"Upregulated"
"C1orf115",-1.61201879873298,2.2315907607947e-26,"Downregulated"
"AC116317.1",-1.71889714687957,2.25077726318258e-26,"Downregulated"
"VASH1",-1.12783478207382,2.31296778756422e-26,"Downregulated"
"UGDH",1.87956515682818,2.31376420767959e-26,"Upregulated"
"EGR1",-1.88340668506781,2.34206734346094e-26,"Downregulated"
"EFEMP1",-1.61309168565348,2.35092064513734e-26,"Downregulated"
"LINC00491",5.7754333093432,2.3768493908115e-26,"Upregulated"
"DTX2",1.27252024483196,2.38498962253328e-26,"Upregulated"
"IGKJ5",2.88800161417694,2.42635058080204e-26,"Upregulated"
"WDR88",1.41659656745554,2.463966209132e-26,"Upregulated"
"MTG1",1.18639957591052,2.5219877449175e-26,"Upregulated"
"AP005230.1",3.69487275875527,2.57093375788431e-26,"Upregulated"
"SUZ12P1",1.10884915913676,2.58130990072709e-26,"Upregulated"
"AC120036.4",2.28985299864297,2.6040676052528e-26,"Upregulated"
"TRIM31-AS1",2.54053765684298,2.62977245236935e-26,"Upregulated"
"AL033539.2",-3.87038393998916,2.66560600663197e-26,"Downregulated"
"PKP4-AS1",2.53509237363204,2.68815070181817e-26,"Upregulated"
"ZDHHC9",1.2334108529672,2.71143082533118e-26,"Upregulated"
"ATP2B1-AS1",-1.24449756965135,2.75332625673093e-26,"Downregulated"
"RIMS2",3.92469438010729,2.77203713732658e-26,"Upregulated"
"IGHV3-15",2.57739899504086,2.82514675951993e-26,"Upregulated"
"AL732437.3",3.74882718714681,2.93443685373679e-26,"Upregulated"
"FNDC1",2.38960630672378,3.00188679204732e-26,"Upregulated"
"PRKCQ",-1.58901359662163,3.00608343247305e-26,"Downregulated"
"LHX5",5.26867826708622,3.04127290214442e-26,"Upregulated"
"SLC12A8",1.29739219673291,3.15185085875247e-26,"Upregulated"
"NDUFA13",1.1143487271823,3.16980038296666e-26,"Upregulated"
"FCGR3B",-2.36588313373956,3.19042252211111e-26,"Downregulated"
"NKX3-2",3.59265971950218,3.19506819469831e-26,"Upregulated"
"TMEM51-AS1",1.65250379938581,3.22286690218898e-26,"Upregulated"
"ACOXL",-1.58616316408458,3.33914233576911e-26,"Downregulated"
"AP000944.5",-1.80764007547469,3.36530292826617e-26,"Downregulated"
"AL356309.3",-2.57032228786205,3.38562081578111e-26,"Downregulated"
"PIWIL1",5.14726806901604,3.40727745233325e-26,"Upregulated"
"CLPSL1",4.97957833358211,3.45668238108826e-26,"Upregulated"
"DUSP4",2.41212156147524,3.49873026726814e-26,"Upregulated"
"FOLR3",-3.31054140403186,3.53931419567052e-26,"Downregulated"
"SECISBP2L",-1.37269061394493,3.57337039165335e-26,"Downregulated"
"MZT2A",1.16568314866583,3.60145745411795e-26,"Upregulated"
"LINC00628",3.75603456410827,3.61046214398357e-26,"Upregulated"
"FAM131C",3.50917818839474,3.62059063321532e-26,"Upregulated"
"CBARP",1.94854392451172,3.63460993414096e-26,"Upregulated"
"AC105118.1",4.09930393524814,3.85594965487865e-26,"Upregulated"
"RHPN1-AS1",1.50456766809209,4.01419179103728e-26,"Upregulated"
"TPI1",1.10551001650424,4.35122676561526e-26,"Upregulated"
"BTK",-1.39638034394496,4.47976185625743e-26,"Downregulated"
"INHBE",4.2319209448411,4.75793800983932e-26,"Upregulated"
"DQX1",3.04887858174533,4.77247816115266e-26,"Upregulated"
"NSMF",1.25999092300024,4.79936160545735e-26,"Upregulated"
"PTHLH",2.77209226010514,5.00837287356739e-26,"Upregulated"
"DOK5",2.26169232198185,5.16792055957008e-26,"Upregulated"
"TSKU",1.72665912918016,5.23977180684342e-26,"Upregulated"
"MAGEC1",6.95094527573633,5.25479351337282e-26,"Upregulated"
"ANKRD29",-2.17159571278992,5.28477794723158e-26,"Downregulated"
"BCO1",2.51562600527752,5.28485887143648e-26,"Upregulated"
"CARD16",-1.31467069298004,5.28591330797302e-26,"Downregulated"
"HOOK1",1.0809659477611,5.32640595976923e-26,"Upregulated"
"NDC1",1.013289458969,5.66821180057676e-26,"Upregulated"
"IGKV3D-11",2.54372702974828,5.72164398738132e-26,"Upregulated"
"IGKV3-11",2.43666206016321,5.80657346732448e-26,"Upregulated"
"NPR3",-1.77691634143886,5.92195558738917e-26,"Downregulated"
"AC117464.1",5.06189330338983,6.18571994477203e-26,"Upregulated"
"PHOSPHO1",-1.67379082613534,6.28203377994971e-26,"Downregulated"
"GRIN2D",2.50049921184337,6.47624282666107e-26,"Upregulated"
"NECTIN1",1.58090431179797,6.55156981490874e-26,"Upregulated"
"IGKJ1",2.41290144531644,6.59331309549017e-26,"Upregulated"
"SLC16A8",2.20228463787224,6.71176916577118e-26,"Upregulated"
"SCIMP",-1.53895680750919,6.73239440375137e-26,"Downregulated"
"YDJC",1.24258453473567,6.79723564064875e-26,"Upregulated"
"APBA2",1.99900097666408,6.92557606810742e-26,"Upregulated"
"AC090772.3",2.95925814642294,6.96014136632576e-26,"Upregulated"
"CDH13",-1.8277261984685,7.10626556477124e-26,"Downregulated"
"AC015726.1",-1.29419528155628,7.15328245188354e-26,"Downregulated"
"F2",5.71369862233305,7.19658251288708e-26,"Upregulated"
"CCDC58",1.00765810762258,7.21274654438711e-26,"Upregulated"
"TSHR",2.53762579603139,7.229832875918e-26,"Upregulated"
"SLC22A18",1.39060563280462,7.46552733120383e-26,"Upregulated"
"SCAT2",2.10671311585647,7.59992485124248e-26,"Upregulated"
"CYTOR",1.31458080799869,7.69402484685929e-26,"Upregulated"
"TSPAN6",1.10403015519118,7.81929231376417e-26,"Upregulated"
"AC073210.3",3.06952928614608,8.08994840084315e-26,"Upregulated"
"LINC02817",-2.59186546527492,8.30566838802951e-26,"Downregulated"
"B4GALNT1",2.61871661918351,8.49869585917298e-26,"Upregulated"
"LEMD1",2.81337681334994,8.57669658645433e-26,"Upregulated"
"CAPN10-DT",1.28280595474987,8.70142862218595e-26,"Upregulated"
"NSUN5P1",1.42877907547217,8.76466069475617e-26,"Upregulated"
"SNORD3A",3.29154654886539,8.800455678981e-26,"Upregulated"
"SYPL1P2",2.30530614978557,8.88879526490866e-26,"Upregulated"
"LINC02122",4.8545424825543,9.01272186491363e-26,"Upregulated"
"CCDC54",-2.22243884157724,9.16260546326406e-26,"Downregulated"
"C20orf144",1.83845130813315,9.21865952759289e-26,"Upregulated"
"LINC02323",2.90907378681366,9.25560188671374e-26,"Upregulated"
"CDH24",1.52344785138065,9.43506440638605e-26,"Upregulated"
"FAM53A",1.32927801629722,9.48173620950154e-26,"Upregulated"
"DSG2",1.45210844661253,9.56596082167077e-26,"Upregulated"
"PPIL1",1.0224426023974,9.60791275599865e-26,"Upregulated"
"IVL",4.28158092559638,9.70828507908378e-26,"Upregulated"
"AC013553.3",-1.59656910609982,9.8085549610647e-26,"Downregulated"
"LYSMD1",1.0068918413315,9.83816739495907e-26,"Upregulated"
"RPL32P33",4.15417433250977,9.88541585557341e-26,"Upregulated"
"HOXC9",3.25723201994431,1.02235568259057e-25,"Upregulated"
"PODXL",-1.10264004635936,1.03070398687306e-25,"Downregulated"
"AL031058.1",2.07368095439555,1.03070398687306e-25,"Upregulated"
"NEDD9",-1.59038308534489,1.05114554030239e-25,"Downregulated"
"CAMP",-2.65259566505075,1.06309769129427e-25,"Downregulated"
"LIPN",-2.43721574360072,1.14458496125784e-25,"Downregulated"
"MIR548XHG",8.19018295284049,1.14460830476242e-25,"Upregulated"
"CLDN3",1.98874850450913,1.16996296904187e-25,"Upregulated"
"LINC02576",2.3379822726505,1.18401631929705e-25,"Upregulated"
"GNB3",1.79341399399605,1.21124598760114e-25,"Upregulated"
"GGTA1",-1.37140022291095,1.21803674010298e-25,"Downregulated"
"LIFR",-1.60392287089594,1.21803936682336e-25,"Downregulated"
"OVCH2",-2.97708662131773,1.219684770837e-25,"Downregulated"
"ELF3-AS1",1.26037962306261,1.22285799820464e-25,"Upregulated"
"MCM7",1.27013996673216,1.24275943140514e-25,"Upregulated"
"C1orf56",1.20342423854592,1.24997682837466e-25,"Upregulated"
"IGHV1-58",3.02382451767299,1.25719239380947e-25,"Upregulated"
"KIF18A",1.37596928296497,1.27165866607182e-25,"Upregulated"
"MGAT4EP",3.81020829946869,1.30112331807413e-25,"Upregulated"
"SERTAD1",-1.25138616290705,1.30112331807413e-25,"Downregulated"
"POMK",1.22455156083796,1.34954474338484e-25,"Upregulated"
"DSCAM-AS1",8.07445674254233,1.35848528438121e-25,"Upregulated"
"LPXN",-1.10461954352547,1.40044684249767e-25,"Downregulated"
"PRICKLE1",-1.45654442726244,1.40230831938096e-25,"Downregulated"
"MAP3K8",-1.14568744488342,1.40488470878082e-25,"Downregulated"
"PRDM12",3.19129826457271,1.40647354316515e-25,"Upregulated"
"RNU6-917P",-2.46501257586644,1.42232191569098e-25,"Downregulated"
"BPIFB2",4.69961738520576,1.4578517069613e-25,"Upregulated"
"PGM5",-1.87259363649148,1.48711171722054e-25,"Downregulated"
"PFDN6",1.03602679823055,1.4917006674722e-25,"Upregulated"
"AC016769.5",5.69803172965435,1.51833834907026e-25,"Upregulated"
"AC026992.1",-2.50018760034442,1.56828705607088e-25,"Downregulated"
"DEPTOR",1.52832429455307,1.6029020501454e-25,"Upregulated"
"AP005435.1",4.30613675031411,1.62986997212236e-25,"Upregulated"
"ST13P20",-2.75915348260565,1.63376815008775e-25,"Downregulated"
"XKR9",2.20171661838332,1.70796989396387e-25,"Upregulated"
"NDRG2",-1.5040632027042,1.82468530052364e-25,"Downregulated"
"CCL24",-2.46212408278622,1.8324230594405e-25,"Downregulated"
"C2orf15",1.16773044854566,1.87242107425937e-25,"Upregulated"
"AC016877.3",3.22045506270233,1.90252779936232e-25,"Upregulated"
"C4orf54",3.64742735821712,1.90623060361204e-25,"Upregulated"
"GRASLND",2.12353844437864,1.98795904260668e-25,"Upregulated"
"AC004921.1",-1.54081195262365,2.02333611992191e-25,"Downregulated"
"CDK5R1",1.54973415464212,2.03645121980756e-25,"Upregulated"
"ABCA3",-2.1167255716362,2.06221384538001e-25,"Downregulated"
"KIRREL2",3.67578959449511,2.08250733657697e-25,"Upregulated"
"DHRS11",1.05747430300465,2.10678058017039e-25,"Upregulated"
"SLC1A4",1.1013893259647,2.18856638881599e-25,"Upregulated"
"AC011298.1",5.63563638323012,2.23021956711749e-25,"Upregulated"
"IGHV2-26",2.86289681089987,2.25061676920223e-25,"Upregulated"
"C2orf16",1.19122019755126,2.26566045339021e-25,"Upregulated"
"CASC8",3.23453840946611,2.28003969505689e-25,"Upregulated"
"STAC",-2.0842105846945,2.34379666383595e-25,"Downregulated"
"HSF4",1.91196373844439,2.38148672655647e-25,"Upregulated"
"NPTX1",3.50120785240458,2.42741903329938e-25,"Upregulated"
"IGKV1OR2-108",2.66713036109885,2.52870120863922e-25,"Upregulated"
"SLC9A7",1.22254391727635,2.53930588385605e-25,"Upregulated"
"LRRC8C",-1.12037811769626,2.55454094947001e-25,"Downregulated"
"AC233280.2",2.502165875723,2.66201439314812e-25,"Upregulated"
"IGHV1OR15-2",2.88843504774112,2.74372623413704e-25,"Upregulated"
"GPR182",-1.5954961053619,2.74864841539462e-25,"Downregulated"
"ATP2A1",1.69614695915187,2.87518349112989e-25,"Upregulated"
"LINC02133",4.39431295844205,2.88128600114116e-25,"Upregulated"
"AC243772.3",-2.03295656120613,2.90338168861547e-25,"Downregulated"
"AL136162.1",1.88811465875498,2.91814040133834e-25,"Upregulated"
"AC092384.1",-1.86303520783518,2.94192167186198e-25,"Downregulated"
"CHRDL1",-2.29991261497279,2.94430849639819e-25,"Downregulated"
"CXCL13",2.64107055851526,3.06349863508933e-25,"Upregulated"
"AL133284.1",4.70000611977176,3.07333472660265e-25,"Upregulated"
"GCKR",3.04805842656833,3.09157045166109e-25,"Upregulated"
"CAPN5",1.94013729847683,3.09771468827924e-25,"Upregulated"
"H4C12",2.57047680794815,3.13214542442542e-25,"Upregulated"
"ZNF280B",1.92747681335877,3.20446574431943e-25,"Upregulated"
"RASSF2",-1.23176893285973,3.22572977801557e-25,"Downregulated"
"SNCA",-1.59892922366183,3.244736320842e-25,"Downregulated"
"KLHL33",-1.72315477492222,3.34585023144011e-25,"Downregulated"
"EGF",2.21155439384093,3.43731014474141e-25,"Upregulated"
"CDX2",4.96972411673383,3.44162492065523e-25,"Upregulated"
"LINC00501",4.94283988115362,3.53720885721304e-25,"Upregulated"
"AC025575.2",5.11893353247676,3.63288975097255e-25,"Upregulated"
"LINC02785",-1.96747683588593,3.63760184274684e-25,"Downregulated"
"RMDN2-AS1",2.52761084200618,3.65265270502397e-25,"Upregulated"
"AC244153.1",-2.50033817800645,3.71040322605734e-25,"Downregulated"
"ABCB1",-1.66335323498547,3.79926381121862e-25,"Downregulated"
"LEPR",-1.83747721021193,3.92975208340746e-25,"Downregulated"
"POU6F2",3.9624040726019,4.06056883388233e-25,"Upregulated"
"SRMS",2.43396261483892,4.08935895915575e-25,"Upregulated"
"VAC14-AS1",2.61627612905856,4.09009553529841e-25,"Upregulated"
"AC106045.1",5.02165399491614,4.09268664905026e-25,"Upregulated"
"AC023421.1",5.10833426696049,4.15251315523429e-25,"Upregulated"
"LINC02804",2.09171167241165,4.20681317835648e-25,"Upregulated"
"CAV3",-3.03347879765572,4.31906839865882e-25,"Downregulated"
"XAGE1A",4.89061068316209,4.31906839865882e-25,"Upregulated"
"APOBEC3B",2.19310107218092,4.35859830624393e-25,"Upregulated"
"AZIN2",1.28527979280578,4.41603856238688e-25,"Upregulated"
"EHMT2-AS1",1.90462553225839,4.44478248683633e-25,"Upregulated"
"PREX2",-1.80749905293885,4.73770918713526e-25,"Downregulated"
"IGLV2-14",2.45614588203248,4.76582245716708e-25,"Upregulated"
"FBXL6",1.17195532395143,4.79665178874927e-25,"Upregulated"
"AC016737.1",1.97370554901004,4.83217604769968e-25,"Upregulated"
"AL024498.1",1.39343670825222,4.83303173801903e-25,"Upregulated"
"IGHJ5",2.84265021918941,4.86964566053564e-25,"Upregulated"
"HVCN1",-1.1110293474038,4.92482055703871e-25,"Downregulated"
"P2RY14",-1.44766553887099,5.0310936144347e-25,"Downregulated"
"WDR86",2.28878520983995,5.12023939126735e-25,"Upregulated"
"FGD3",-1.18506620388536,5.15106292295901e-25,"Downregulated"
"PRRT3-AS1",1.68800534534249,5.17119680576341e-25,"Upregulated"
"AC064805.1",-1.84462682808418,5.26401425510914e-25,"Downregulated"
"FKBP10",1.78757367219319,5.39324182876092e-25,"Upregulated"
"PTPRG-AS1",1.79300199139506,5.51461653699062e-25,"Upregulated"
"GPR78",3.43485925401263,5.64644224797018e-25,"Upregulated"
"SULT4A1",3.91474685563505,5.6794104383667e-25,"Upregulated"
"AC138409.2",2.0926809648973,5.71770902975287e-25,"Upregulated"
"KLF17",-1.91243266527478,6.01737743960299e-25,"Downregulated"
"RCN3",1.73511171263627,6.24361841588634e-25,"Upregulated"
"LRRC37A6P",1.91163630951457,6.24909882127216e-25,"Upregulated"
"LINC00211",-2.26911498989184,6.2543363738609e-25,"Downregulated"
"ELFN1-AS1",3.82361633845948,6.25502688458727e-25,"Upregulated"
"ANKRD18A",2.00649307008347,6.52369042287619e-25,"Upregulated"
"AC105384.1",-2.06567061672376,6.72862776405881e-25,"Downregulated"
"MEST",1.26460337027921,6.83858030587755e-25,"Upregulated"
"MSH5",1.66959979781329,6.97492031097145e-25,"Upregulated"
"AC245052.4",1.89286604115164,7.3985391087619e-25,"Upregulated"
"CYP4F23P",4.81936412234814,7.49281963488976e-25,"Upregulated"
"AL731533.2",2.27553344593333,7.81034102631955e-25,"Upregulated"
"AC243960.3",-1.57440433835456,7.91430908059175e-25,"Downregulated"
"AC022211.3",1.85172653477022,7.96766559582984e-25,"Upregulated"
"RPLP0P2",2.07715743724713,8.01427308815421e-25,"Upregulated"
"SEMA6D",-2.05364793727232,8.1306475625466e-25,"Downregulated"
"RNU4-2",5.90178956883665,8.1306475625466e-25,"Upregulated"
"PLPP5",1.13036857982194,8.22735235857731e-25,"Upregulated"
"AC093510.2",-1.68131762581645,8.22735235857731e-25,"Downregulated"
"PNCK",2.85266932051658,8.26548151140963e-25,"Upregulated"
"TSPAN12",-1.3037352568649,8.29797418242102e-25,"Downregulated"
"KCND2",2.2738126371329,8.29919146918685e-25,"Upregulated"
"C2CD6",2.24169085340329,8.3208981850309e-25,"Upregulated"
"CRELD2",1.06352225042974,8.41492395490922e-25,"Upregulated"
"SIRPA",-1.26419962264193,8.48072023073174e-25,"Downregulated"
"LINC02588",5.42488630420552,8.48134795889342e-25,"Upregulated"
"DNAH17-AS1",2.60366012758936,8.51578272850653e-25,"Upregulated"
"SMCO2",2.49755478380865,8.84599030979116e-25,"Upregulated"
"LINC01214",5.72071766144319,8.88401522465137e-25,"Upregulated"
"PLEKHA6",1.61800688142918,8.91662354613594e-25,"Upregulated"
"TOX2",-1.56857912970231,9.02460878462181e-25,"Downregulated"
"ETS1",-1.18713772951868,9.04061340884031e-25,"Downregulated"
"NR4A3",-2.27048062005885,9.18622255163882e-25,"Downregulated"
"AC093001.2",4.48657207559245,9.26173574850133e-25,"Upregulated"
"DCSTAMP",-2.18017449230451,9.31917295104121e-25,"Downregulated"
"GATA6",-1.7281911785328,9.53458017605593e-25,"Downregulated"
"AC078923.1",4.07057987675341,9.78569196637973e-25,"Upregulated"
"CETP",-1.17899185877912,1.00330582013477e-24,"Downregulated"
"HK3",-1.7748474017904,1.00564488775745e-24,"Downregulated"
"PABPC1",1.03427847587238,1.0120238913723e-24,"Upregulated"
"SCUBE3",2.35805447034803,1.01970265862825e-24,"Upregulated"
"SPINK13",3.42842296316081,1.02068560524558e-24,"Upregulated"
"LINC01303",2.51352713996694,1.0234412102705e-24,"Upregulated"
"SCARNA21",4.44292400401915,1.04339423501793e-24,"Upregulated"
"AL391427.1",3.97533253062793,1.11715662420922e-24,"Upregulated"
"HOXC-AS3",5.87245337101399,1.11897559060922e-24,"Upregulated"
"AC008897.3",-1.67288544268048,1.12990365806389e-24,"Downregulated"
"AC005865.2",2.48631818563623,1.15751556439198e-24,"Upregulated"
"AKAP7",-1.10391571414482,1.18430896188289e-24,"Downregulated"
"AK4P1",2.35144801373731,1.21855148253714e-24,"Upregulated"
"EPB41L4A-DT",-1.23979434660127,1.22784020388563e-24,"Downregulated"
"AC005180.2",-1.91284661603513,1.2588763828553e-24,"Downregulated"
"SNORD99",1.82498076736771,1.31166212142385e-24,"Upregulated"
"ABCC11",2.2091981650001,1.32756685745621e-24,"Upregulated"
"IGFBPL1",2.25571486823917,1.34176719199662e-24,"Upregulated"
"CEACAM21",-1.62591472847963,1.36927598027574e-24,"Downregulated"
"FILIP1",-1.81150187127838,1.36927598027574e-24,"Downregulated"
"IRF7",1.25857467536146,1.38502852791272e-24,"Upregulated"
"ADGRG1",1.37413587246508,1.40963253972823e-24,"Upregulated"
"LINC01980",6.09216540949744,1.4589202021104e-24,"Upregulated"
"SRPX",-1.79661939328866,1.48943261223897e-24,"Downregulated"
"RRP7BP",1.02806693750212,1.49029878160187e-24,"Upregulated"
"DNTTIP1",1.52864361733462,1.51801849863684e-24,"Upregulated"
"AHNAK2",2.18552290772919,1.54630078301196e-24,"Upregulated"
"CKM",2.99083919495059,1.63037551995791e-24,"Upregulated"
"ZIC5",5.56104082763223,1.65967829405398e-24,"Upregulated"
"ZNF724",1.83088295540867,1.65967829405398e-24,"Upregulated"
"RPGR",-1.03558314736582,1.67084278147032e-24,"Downregulated"
"PRKDC",1.11164666188559,1.7329929026835e-24,"Upregulated"
"IGKV2-28",2.9640838358213,1.74578147417857e-24,"Upregulated"
"SLC6A3",3.60309520507427,1.74995568528425e-24,"Upregulated"
"APOL3",-1.32382551916957,1.77603097738749e-24,"Downregulated"
"FAAP24",1.23341472544954,1.82304620043566e-24,"Upregulated"
"AC087741.1",1.64006901353439,1.87756033976435e-24,"Upregulated"
"VWC2",-2.51259256479358,1.90394290425877e-24,"Downregulated"
"PPP1R14BP2",3.35300367739714,1.90624394704549e-24,"Upregulated"
"PCOLCE2",-2.33641382612942,1.90885946610047e-24,"Downregulated"
"ELAVL2",3.56024772279266,1.92319425687808e-24,"Upregulated"
"PPARGC1B",-1.40291830045557,1.92406333210921e-24,"Downregulated"
"AC005865.1",2.83864553311524,1.93202444980625e-24,"Upregulated"
"Y_RNA",-1.81398068612652,1.95455304841581e-24,"Downregulated"
"PPFIBP1",-1.11880373402056,1.97786228437317e-24,"Downregulated"
"CA10",4.96535794173406,2.0429549202463e-24,"Upregulated"
"IGHV4-55",2.4478696173766,2.05383535079957e-24,"Upregulated"
"SLC22A18AS",1.67224158366565,2.05457877073153e-24,"Upregulated"
"IGHV3-53",2.51104338422311,2.05911339056276e-24,"Upregulated"
"SEPTIN10P1",-1.51922654035281,2.13700083814282e-24,"Downregulated"
"SRCIN1",1.81362958707241,2.20470903990878e-24,"Upregulated"
"LINC02827",3.03606818758491,2.21181046153567e-24,"Upregulated"
"KRTCAP3",1.54290271668685,2.22561706406501e-24,"Upregulated"
"IGLV4-69",2.65951522648902,2.32323078155038e-24,"Upregulated"
"IGHV1-2",2.6594402351571,2.33196047368476e-24,"Upregulated"
"LINC02313",4.61241904613962,2.40357956367196e-24,"Upregulated"
"UQCC3",1.0759232028788,2.48140087383773e-24,"Upregulated"
"CD33",-1.45191038030595,2.51111827773008e-24,"Downregulated"
"GLDC",2.74714458897108,2.51763234080713e-24,"Upregulated"
"SHC3",-1.82898663295047,2.52485918493539e-24,"Downregulated"
"AC016027.1",1.28997115792471,2.5443010435967e-24,"Upregulated"
"SGMS2",-1.33299817278178,2.54741130986489e-24,"Downregulated"
"SYT16",3.00120131847344,2.59607547860154e-24,"Upregulated"
"LINC02321",2.64782717036567,2.60124364826718e-24,"Upregulated"
"NFE2L3",1.45589435993495,2.60958429659563e-24,"Upregulated"
"AC111152.2",-1.68111476227164,2.63203551904692e-24,"Downregulated"
"GRIP1",1.57199440677032,2.65772478879666e-24,"Upregulated"
"PDIA6",1.00687660985039,2.7667177720975e-24,"Upregulated"
"IGKV1-9",2.49894293549299,2.78336329297131e-24,"Upregulated"
"LINC01484",2.20556222332634,2.81002708267383e-24,"Upregulated"
"HOXC12",7.75717706862887,2.84680207188905e-24,"Upregulated"
"AC131212.3",1.54584777287611,2.90316133146952e-24,"Upregulated"
"LINC02721",-2.48605505997301,2.92612794655591e-24,"Downregulated"
"ENO3",2.57375680489521,3.01489945375247e-24,"Upregulated"
"SEC61A2",1.02668645279084,3.02554341144711e-24,"Upregulated"
"LINC01436",3.16159175432358,3.07311183418804e-24,"Upregulated"
"GPR84",1.84993972508014,3.21226947534755e-24,"Upregulated"
"SELENOP",-1.5599020852503,3.42654988181075e-24,"Downregulated"
"LINC01985",-2.576704413593,3.4290568643489e-24,"Downregulated"
"AL024508.1",1.95437968900466,3.57422039288853e-24,"Upregulated"
"AC044810.2",-3.13381308696438,3.58912790448334e-24,"Downregulated"
"OR2B6",3.67036989259461,3.87794892717648e-24,"Upregulated"
"PIK3IP1",-1.02877792414612,3.90795477370437e-24,"Downregulated"
"IL1RL1",-2.88016676583943,4.23143692002485e-24,"Downregulated"
"PRC1",1.82766986139254,4.27398945725814e-24,"Upregulated"
"CCT6A",1.08874274214255,4.28829051524863e-24,"Upregulated"
"MRPL24",1.07735987046204,4.29935711743127e-24,"Upregulated"
"CHAF1A",1.01245628574768,4.41959315025146e-24,"Upregulated"
"FIRRE",2.47583450904129,4.41959315025146e-24,"Upregulated"
"RTN1",-1.60794293642565,4.48349419664378e-24,"Downregulated"
"AC021087.3",1.72672248112187,4.6329841487065e-24,"Upregulated"
"PCNA",1.10000475618997,4.83931903772694e-24,"Upregulated"
"GALNT6",1.82756644889881,4.85068021720719e-24,"Upregulated"
"TRIM9",2.83085323041653,5.00427203900787e-24,"Upregulated"
"AC004947.2",-2.22009132950549,5.14930124131908e-24,"Downregulated"
"FSIP2",2.85108680274453,5.1680044647798e-24,"Upregulated"
"AC097358.2",3.23208881418944,5.27696351550949e-24,"Upregulated"
"PIK3R1",-1.03462030019503,5.35920208235809e-24,"Downregulated"
"AC138393.3",2.50054713262733,5.44497634288811e-24,"Upregulated"
"RFLNA",2.56789154521377,5.49517714501682e-24,"Upregulated"
"AC010207.1",-1.8145755994295,5.5966788078525e-24,"Downregulated"
"MED4-AS1",-2.2833252353596,5.62563889726911e-24,"Downregulated"
"NAALADL2-AS2",5.05552490538107,5.66049094865798e-24,"Upregulated"
"GCLC",2.22901971813135,5.66238443330831e-24,"Upregulated"
"ENC1",1.24196405088334,5.75687476409875e-24,"Upregulated"
"CR589904.2",5.40130705365295,5.87096738694887e-24,"Upregulated"
"LOXL1-AS1",1.30926233825605,5.87977830925368e-24,"Upregulated"
"OR1L8",-1.62408163641924,5.94906972589411e-24,"Downregulated"
"MSMO1",-1.10306629611013,5.95998018607332e-24,"Downregulated"
"AC074117.1",1.06879925356798,5.96255154516336e-24,"Upregulated"
"ABCA9",-1.66479406031339,6.04936346040277e-24,"Downregulated"
"SYT13",4.15398963673385,6.13188647420406e-24,"Upregulated"
"AC134312.1",-2.54087162503644,6.26572356709271e-24,"Downregulated"
"MEIOC",2.62509429762801,6.38454920047398e-24,"Upregulated"
"LIMK1",1.10308281608006,6.4542092743235e-24,"Upregulated"
"MEFV",-1.66101580895507,6.46431339066758e-24,"Downregulated"
"IGKV2D-28",2.93049650642252,6.64410751163223e-24,"Upregulated"
"SPINK2",2.73715158543143,6.7936405375974e-24,"Upregulated"
"LY6K",3.51902357889363,6.86398879050139e-24,"Upregulated"
"HSD17B1",2.03035935749808,7.00011716613197e-24,"Upregulated"
"FLRT1",1.98519987517919,7.03157074978637e-24,"Upregulated"
"AC011352.3",4.25850843897057,7.14029804790295e-24,"Upregulated"
"KRT18P8",2.03436184144317,7.21986565092226e-24,"Upregulated"
"CRTAC1",-2.5915492111437,7.42806936101259e-24,"Downregulated"
"LINC02475",4.08650047109099,7.53963058455206e-24,"Upregulated"
"AC244258.1",3.98105288903304,7.73991683182222e-24,"Upregulated"
"MEGF10",2.82093003508725,7.83764196530665e-24,"Upregulated"
"ART4",-2.22718766111586,7.85258155384763e-24,"Downregulated"
"AL133370.1",5.58774954924308,7.85258155384763e-24,"Upregulated"
"LIPA",-1.26303306363388,7.96600143647218e-24,"Downregulated"
"THEMIS2",-1.10323863850695,7.96600143647218e-24,"Downregulated"
"AC006449.5",1.63115623650404,8.05614823588482e-24,"Upregulated"
"FAM83H",1.16668587161741,8.15137367177243e-24,"Upregulated"
"RHCE",1.97700864130488,8.16806470536957e-24,"Upregulated"
"AL049871.1",-1.63843488066597,8.18246676465702e-24,"Downregulated"
"KRT6B",4.38333040307358,8.21278891939124e-24,"Upregulated"
"EXOSC5",1.18332278850823,8.24679194685746e-24,"Upregulated"
"AC027307.3",-1.34327954096806,8.27020934197413e-24,"Downregulated"
"BCAR3-AS1",1.99137548359907,8.35318083113215e-24,"Upregulated"
"LINC02884",-1.81198149405901,8.57232230165749e-24,"Downregulated"
"LCN2",2.6829940882658,8.74571264170095e-24,"Upregulated"
"IGKV3OR2-268",2.59128667936579,8.77596541534934e-24,"Upregulated"
"AC025031.4",2.40819051152053,9.40967131164214e-24,"Upregulated"
"CHPF",1.22960008515632,9.59386338102163e-24,"Upregulated"
"ZNF331",-1.20720952135035,9.61889607065876e-24,"Downregulated"
"NUP210L",2.45884612508131,9.69472624584387e-24,"Upregulated"
"PPP1R35",1.26604179624614,9.82270915909254e-24,"Upregulated"
"IGHV4-4",2.81085183978389,9.82270915909254e-24,"Upregulated"
"LINC01597",2.95657861759572,9.91974227381973e-24,"Upregulated"
"FGFR2",-1.789934481999,1.00711758067128e-23,"Downregulated"
"TLR8",-1.77293047536691,1.01092881081304e-23,"Downregulated"
"IGHV1-18",2.52957655377348,1.03141183043133e-23,"Upregulated"
"AC007182.1",-2.87862477388354,1.06460008347057e-23,"Downregulated"
"PERM1",2.44792081789598,1.07048035763906e-23,"Upregulated"
"FSD1",2.49204941441368,1.12792625470174e-23,"Upregulated"
"AC108058.1",2.54081898341515,1.19718538734374e-23,"Upregulated"
"IGLV3-12",2.99976811451393,1.23661653745537e-23,"Upregulated"
"LINC00707",3.49321823393978,1.27931904877479e-23,"Upregulated"
"CFHR3",2.51253609971259,1.28506686941466e-23,"Upregulated"
"AC125603.2",4.65245125012802,1.28933748987774e-23,"Upregulated"
"CACNA1E",2.70858871665264,1.33798009656559e-23,"Upregulated"
"CECR7",2.53162536332673,1.36726632726816e-23,"Upregulated"
"IGLV6-57",2.62036879117255,1.39641747942756e-23,"Upregulated"
"COLEC12",-1.68978925630525,1.39752571912549e-23,"Downregulated"
"HCN2",2.28359592814754,1.42885023417127e-23,"Upregulated"
"AL355596.1",4.53506589331439,1.50178868843247e-23,"Upregulated"
"SEZ6L2",1.70445709418261,1.51354306752418e-23,"Upregulated"
"AC013268.4",3.47966211693005,1.51354306752418e-23,"Upregulated"
"HGFAC",2.94783728628096,1.54329553218657e-23,"Upregulated"
"KRT15",2.4176573580613,1.56265205067461e-23,"Upregulated"
"LINC01564",3.12504903219763,1.56265205067461e-23,"Upregulated"
"TRIM72",3.51709717505516,1.64079955795821e-23,"Upregulated"
"IGHV3-30",2.34680087493426,1.69528761455219e-23,"Upregulated"
"AP000553.7",2.99385119826076,1.73508976844405e-23,"Upregulated"
"RPL7AP64",-1.56242094711286,1.74790259350863e-23,"Downregulated"
"IGHV3-11",2.47397105918337,1.75114376280398e-23,"Upregulated"
"AC117488.1",-1.76768550332961,1.76334347331632e-23,"Downregulated"
"GFRA2",-1.72280020655132,1.77726368266296e-23,"Downregulated"
"AL356274.2",5.22232911447122,1.77897483866344e-23,"Upregulated"
"WFDC10B",2.47415878258164,1.79531334896668e-23,"Upregulated"
"TRIM51BP",4.98528755376053,1.80743465557733e-23,"Upregulated"
"ALG1L5P",2.83064806106701,1.83380523729216e-23,"Upregulated"
"ARHGAP30",-1.16006302609136,1.86782874608122e-23,"Downregulated"
"IDH2",1.17112028636218,1.89045674126766e-23,"Upregulated"
"AL033527.3",2.02228457074201,1.91462438158708e-23,"Upregulated"
"NETO2",1.39332007683625,1.96650102591639e-23,"Upregulated"
"CPT1B",2.02124256219233,2.0474617179653e-23,"Upregulated"
"TM6SF1",-1.34638623377673,2.06990960530589e-23,"Downregulated"
"LAMC3",-1.68705166358865,2.12618391342188e-23,"Downregulated"
"LINC01615",2.37784749146549,2.1569471660357e-23,"Upregulated"
"IGHV1OR15-9",2.76033146106173,2.18693212922915e-23,"Upregulated"
"LHX1",5.62334734664993,2.18697032101539e-23,"Upregulated"
"SLC6A11",3.73889194429571,2.260561053374e-23,"Upregulated"
"TCF19",1.16112075569241,2.32036259598163e-23,"Upregulated"
"C8orf76",1.15989119844673,2.32295250945931e-23,"Upregulated"
"C1QA",-1.57630637218796,2.44956873325732e-23,"Downregulated"
"HMGB3P6",3.43637546038095,2.46895285543806e-23,"Upregulated"
"ACHE",2.45328624714479,2.54882367199073e-23,"Upregulated"
"AGT",2.77022742529543,2.62786589264318e-23,"Upregulated"
"IGHV2-5",2.54459460630207,2.6913759040601e-23,"Upregulated"
"AL022322.1",1.96959256105409,2.79316218415178e-23,"Upregulated"
"LINC02866",4.51794890529233,2.90550366224623e-23,"Upregulated"
"AC011239.2",-2.30247287008667,2.92055399869424e-23,"Downregulated"
"IGLV3-19",2.57247657013787,2.9510949410277e-23,"Upregulated"
"FNDC4",1.93140966196437,3.04865397993101e-23,"Upregulated"
"IGLV3-1",2.45866480216686,3.05236644744791e-23,"Upregulated"
"C9orf50",2.11619620599801,3.08181080370824e-23,"Upregulated"
"GRIK2",2.62508326788892,3.1674799635131e-23,"Upregulated"
"ITIH3",-1.47958437384853,3.1807559771129e-23,"Downregulated"
"IGLV2-8",2.44267991415801,3.24259206730899e-23,"Upregulated"
"AL118505.1",2.02412576480097,3.27732842165758e-23,"Upregulated"
"LINC01719",1.4373654364794,3.32166524781013e-23,"Upregulated"
"AC006033.2",-1.37685901363522,3.33279407084473e-23,"Downregulated"
"IGHV1-67",2.67947274429305,3.38772184417428e-23,"Upregulated"
"WDR76",1.14066564477439,3.3910423656776e-23,"Upregulated"
"GPC3",-2.16471942256681,3.42927753650083e-23,"Downregulated"
"NMNAT2",2.74347320560301,3.4994082244616e-23,"Upregulated"
"AC009148.1",2.0971380328006,3.54859528601783e-23,"Upregulated"
"IGHV6-1",2.5612951327336,3.60043183412188e-23,"Upregulated"
"HAL",2.62326287761492,3.89574969242379e-23,"Upregulated"
"AC007368.1",4.16887475646488,3.99869897539955e-23,"Upregulated"
"UBE2FP1",-1.15441564758409,4.03466471882984e-23,"Downregulated"
"NOX5",2.54282614851358,4.05098582590915e-23,"Upregulated"
"E2F1",1.45337781069603,4.17194281171205e-23,"Upregulated"
"SNORA14B",3.81040407061389,4.17765942630716e-23,"Upregulated"
"AC117386.2",4.83081833807317,4.18194237386136e-23,"Upregulated"
"AC100793.4",-2.21895913230609,4.31801888045095e-23,"Downregulated"
"AC068305.2",3.12647610784365,4.38612485155348e-23,"Upregulated"
"DUXAP10",2.3583575495296,4.44293018680786e-23,"Upregulated"
"IGLC3",2.28826908802231,4.66247708397482e-23,"Upregulated"
"EHD2",-1.29225726427117,4.76137814272981e-23,"Downregulated"
"CPD",1.42633578740629,4.76439178758044e-23,"Upregulated"
"AP001469.3",1.35250518974437,4.93198078192815e-23,"Upregulated"
"PRSS22",1.65308851372391,4.9703390899496e-23,"Upregulated"
"AC007285.1",2.68590427813259,4.99500537760719e-23,"Upregulated"
"AL121772.1",2.01552652963757,5.26142483832439e-23,"Upregulated"
"CA3",-2.11459438255407,5.30020692342553e-23,"Downregulated"
"NPNT",-1.81854400532479,5.36828467376026e-23,"Downregulated"
"CKAP2",1.10156865933942,5.39270366323946e-23,"Upregulated"
"RBMS3",-1.51733883935255,5.41239279485745e-23,"Downregulated"
"CNGA1",2.32527311594952,5.55904525791189e-23,"Upregulated"
"ANGPTL3",3.91886435899948,5.6896903343805e-23,"Upregulated"
"AP000553.2",2.88290162065841,5.70505623408898e-23,"Upregulated"
"ETV5",-1.18213764983974,5.82049229403021e-23,"Downregulated"
"AL117379.1",1.6098265884828,5.91998466531353e-23,"Upregulated"
"DGKI",2.07379280132848,6.08597445840429e-23,"Upregulated"
"AC013652.1",2.3670162213426,6.15802737979589e-23,"Upregulated"
"HPSE2",-2.39231639851231,6.16580783691424e-23,"Downregulated"
"HOXB7",2.07608231321157,6.17197419544243e-23,"Upregulated"
"FKBP2",1.66967873020596,6.3027068821893e-23,"Upregulated"
"EEF1E1P1",2.28115792341659,6.3852823397674e-23,"Upregulated"
"OTUB2",1.22127092806399,6.38651809833234e-23,"Upregulated"
"ANKRD36C",2.55887767670014,6.39013691873791e-23,"Upregulated"
"IGKV1-8",2.67857276450662,6.41901243360581e-23,"Upregulated"
"DUSP5P1",3.29116097044298,6.55654313025066e-23,"Upregulated"
"RUFY4",2.26330799830804,6.66708607747409e-23,"Upregulated"
"MGC27382",-2.94487502174436,6.66896372621046e-23,"Downregulated"
"OR8T1P",-1.63027749435965,6.72642830783214e-23,"Downregulated"
"GNG11",-1.71633057245967,6.80682297027096e-23,"Downregulated"
"ST20-AS1",-1.00940967171149,6.88726119426844e-23,"Downregulated"
"POLB",1.1481606752139,6.94333055460291e-23,"Upregulated"
"AC007326.1",4.17950546299376,7.00973971333434e-23,"Upregulated"
"AC048341.2",1.7842057450205,7.00973971333434e-23,"Upregulated"
"CILP",2.45375202713068,7.028922365406e-23,"Upregulated"
"CAPN12",1.74672141081395,7.11315292743623e-23,"Upregulated"
"AVPR2",-1.97314632119333,7.25987329806988e-23,"Downregulated"
"CCNO",2.11586090467452,7.28693863059483e-23,"Upregulated"
"VIM",-1.15593621968383,7.32673875704487e-23,"Downregulated"
"AC243830.1",3.2242278293282,7.40983406816689e-23,"Upregulated"
"IGHV4-39",2.45587210198851,7.46512644485731e-23,"Upregulated"
"AC007743.1",-1.84690953888476,7.4914738193228e-23,"Downregulated"
"AL031777.1",2.85690410497147,7.56212890840826e-23,"Upregulated"
"KC877392.1",-2.47510072721763,7.71046817784395e-23,"Downregulated"
"IGHV3-74",2.32332167842405,7.75711375502394e-23,"Upregulated"
"ADSS1",1.67183862710362,7.85654088841628e-23,"Upregulated"
"CELF3",3.38943965675785,7.98832530885651e-23,"Upregulated"
"BORA",1.09831809952769,8.07717632793713e-23,"Upregulated"
"DCN",-1.47060833641264,8.2687832306962e-23,"Downregulated"
"AC026368.1",2.62837025801975,8.36283076721485e-23,"Upregulated"
"PCDH15",-2.99231887642363,8.38539967450895e-23,"Downregulated"
"DUBR",-1.22578414123067,8.41087466172523e-23,"Downregulated"
"TPPP3",-2.21111710393674,8.53424999847267e-23,"Downregulated"
"AC093249.2",2.17320996820961,8.53424999847267e-23,"Upregulated"
"AC105339.2",2.01790348744839,8.54993814666102e-23,"Upregulated"
"ANKRD61",1.73497437798399,8.84715412919281e-23,"Upregulated"
"LINC00467",1.04110460439066,9.01904571740296e-23,"Upregulated"
"AL049539.1",3.74865726120917,9.08792191734835e-23,"Upregulated"
"TRIM2",1.42766867612119,9.15255795818441e-23,"Upregulated"
"GIPC3",-1.22731798254437,9.35561538592814e-23,"Downregulated"
"XAGE1B",4.29163488307627,9.35561538592814e-23,"Upregulated"
"AC113346.1",3.99033001457645,9.3962855220866e-23,"Upregulated"
"NUP62CL",1.45300553639705,9.42197585774624e-23,"Upregulated"
"MUC2",4.46385361167737,9.58454561552838e-23,"Upregulated"
"H2AW",2.3772618976614,9.70758475880478e-23,"Upregulated"
"RBP2",-2.8596220184224,9.72461077811371e-23,"Downregulated"
"PPIAP45",3.39909623497154,9.75636111540578e-23,"Upregulated"
"SKP2",1.28425594884123,9.92861978633544e-23,"Upregulated"
"CHD1L",1.73094612161361,1.01838067681894e-22,"Upregulated"
"AC138356.1",-1.22490344362914,1.03224227550372e-22,"Downregulated"
"LINC02065",3.63801226661337,1.03900861015083e-22,"Upregulated"
"IGKV3-7",2.41373442705469,1.04679792178132e-22,"Upregulated"
"CXCL16",-1.08962013903507,1.05495498894738e-22,"Downregulated"
"HSD17B6",-2.27712641382659,1.06402009175302e-22,"Downregulated"
"AC007342.4",1.75846208549943,1.06764242037756e-22,"Upregulated"
"AC019131.2",-1.06958711414303,1.08247026311112e-22,"Downregulated"
"CATSPERB",2.24841609492806,1.09851052433151e-22,"Upregulated"
"KLHL23",1.14824031607564,1.10170313247082e-22,"Upregulated"
"SLCO2B1",-1.44865449206363,1.11546463384821e-22,"Downregulated"
"MIR25",1.89191744719712,1.11916087616983e-22,"Upregulated"
"CDC7",1.25311212232815,1.16492062772305e-22,"Upregulated"
"AC091057.1",1.37008937375333,1.16523343392603e-22,"Upregulated"
"DRAIC",2.8368329275157,1.1802024197666e-22,"Upregulated"
"ODAM",-3.14934877265467,1.18289589500978e-22,"Downregulated"
"HTR1D",2.68214552644699,1.20772542854482e-22,"Upregulated"
"ARHGAP11B",1.94072627885026,1.21100748079244e-22,"Upregulated"
"AP001626.1",2.85229501380399,1.21417652657264e-22,"Upregulated"
"LDC1P",4.5750090669079,1.24395124471415e-22,"Upregulated"
"TWIST1",2.45642939940302,1.27164030027642e-22,"Upregulated"
"SLC14A2",4.14592116285844,1.27657222109384e-22,"Upregulated"
"AF222684.1",4.3567321482365,1.29190881351999e-22,"Upregulated"
"MIR137HG",5.20231767293014,1.29849017161465e-22,"Upregulated"
"Z69733.1",-1.47005971122696,1.30320508099151e-22,"Downregulated"
"AC022211.1",1.98053363197505,1.30700925432929e-22,"Upregulated"
"ZKSCAN2-DT",1.53618632329129,1.31322752942989e-22,"Upregulated"
"FAM241B",1.06525137359553,1.31545926107652e-22,"Upregulated"
"AC006946.2",2.7008414595623,1.32324427389469e-22,"Upregulated"
"TBX10",4.38774709831177,1.32815004082519e-22,"Upregulated"
"LINC01311",1.51061905577403,1.3373797481292e-22,"Upregulated"
"H4C9",1.32907635098759,1.35531833401109e-22,"Upregulated"
"LINC01515",1.69280505236164,1.37387387355665e-22,"Upregulated"
"AC139887.2",1.20323291447473,1.37387387355665e-22,"Upregulated"
"CCDC173",-2.07594909648348,1.38919071464772e-22,"Downregulated"
"MNDA",-1.46385996856221,1.4893981646752e-22,"Downregulated"
"DDN",2.41634350526097,1.49465708381066e-22,"Upregulated"
"SEC14L6",-2.10449180168092,1.51770081757394e-22,"Downregulated"
"TRIM67",2.3569802118446,1.53092593199719e-22,"Upregulated"
"PTK6",1.71880831375844,1.55895257761013e-22,"Upregulated"
"AC099518.1",2.20629703142728,1.56224285211802e-22,"Upregulated"
"AL133482.1",-1.65215704188284,1.58987414042974e-22,"Downregulated"
"AL133373.3",2.93636312862516,1.59253548697658e-22,"Upregulated"
"ALKBH6",1.35951010127125,1.60871915284893e-22,"Upregulated"
"TUBAP13",5.0930136029209,1.62661255199389e-22,"Upregulated"
"ALDH1B1",1.06975288864937,1.64348732393243e-22,"Upregulated"
"AC016773.1",1.76460810692335,1.69500689623717e-22,"Upregulated"
"AC012073.1",1.31540132452693,1.73610470687697e-22,"Upregulated"
"FGF14-AS2",-1.57263942607161,1.84483227034541e-22,"Downregulated"
"LINC01645",-2.48080731084508,1.86903415181351e-22,"Downregulated"
"AL356275.1",-2.32452309084761,1.90425461081562e-22,"Downregulated"
"H2BC11",2.46481872679,1.92006805441876e-22,"Upregulated"
"IGHJ3P",2.64964232120876,1.93241135679096e-22,"Upregulated"
"IGLV2-5",2.42351213707199,2.03221689085526e-22,"Upregulated"
"ACAD8",1.2877983840413,2.1120654217377e-22,"Upregulated"
"DBN1",1.13476231971725,2.13472190168739e-22,"Upregulated"
"SLC2A9",-1.1075721458999,2.19301254318629e-22,"Downregulated"
"MRPL15",1.05335832209358,2.19512670439463e-22,"Upregulated"
"MYBPH",3.26802200527458,2.2543567649867e-22,"Upregulated"
"HECW2",-1.27263713527805,2.29646332756709e-22,"Downregulated"
"MUC5AC",4.55418143569594,2.38029964771268e-22,"Upregulated"
"ATP1B2",-1.5891091797813,2.4401662542982e-22,"Downregulated"
"IGHV1OR21-1",2.87596578325066,2.46810281331783e-22,"Upregulated"
"MTMR11",1.40676080106357,2.47960093872309e-22,"Upregulated"
"AC018755.4",-1.68234803016954,2.47960093872309e-22,"Downregulated"
"KCNQ2",4.29670777391061,2.51363422363628e-22,"Upregulated"
"SCN4A",3.04834171191179,2.55311829563168e-22,"Upregulated"
"TUBB6",-1.31288062134812,2.56440672623534e-22,"Downregulated"
"NOSTRIN",-1.50844533477549,2.59148594431583e-22,"Downregulated"
"AC034105.1",3.01513591733462,2.59493358271973e-22,"Upregulated"
"NFIX",-1.45909593993143,2.59846241441441e-22,"Downregulated"
"AL590666.4",3.8602336188555,2.62382652136883e-22,"Upregulated"
"IGLV3-25",2.43871335079208,2.69757816854064e-22,"Upregulated"
"PARD3B",-1.1350331715769,2.71740351428978e-22,"Downregulated"
"ITM2C",1.19023117087826,2.72120256378059e-22,"Upregulated"
"RANBP3L",-1.85623167609055,2.72127740607181e-22,"Downregulated"
"AC004870.2",4.14217577685134,2.81658989761906e-22,"Upregulated"
"C1QB",-1.60146992961688,2.82940724913911e-22,"Downregulated"
"SRM",1.00892549997748,2.8654895904508e-22,"Upregulated"
"ZEB2",-1.30616270166081,2.8945908891905e-22,"Downregulated"
"AC105942.1",-1.12681480379931,2.89642657691083e-22,"Downregulated"
"MITF",-1.16671349145296,2.95141589640996e-22,"Downregulated"
"CYCSP6",5.5107242509194,3.01390498215161e-22,"Upregulated"
"IGSF1",2.76232755385318,3.02140531112656e-22,"Upregulated"
"AC084262.1",3.97161195949115,3.02562519845086e-22,"Upregulated"
"AC025470.2",-2.56217006512185,3.0323074198923e-22,"Downregulated"
"AC116345.1",5.30781730852874,3.07398116553745e-22,"Upregulated"
"ATF3",-1.7765721740616,3.08136015304322e-22,"Downregulated"
"DDN-AS1",1.63959367167569,3.09697310191953e-22,"Upregulated"
"AC024901.1",3.01885424768241,3.17777222497098e-22,"Upregulated"
"AP1G2",1.03454266291354,3.19146576380606e-22,"Upregulated"
"KHDC1",1.17080885658404,3.22873506249784e-22,"Upregulated"
"HRCT1",-1.75065312613751,3.25873346141174e-22,"Downregulated"
"ITPKC",-1.19795617025104,3.26521355419269e-22,"Downregulated"
"AC010328.1",3.85468231771104,3.27301313018457e-22,"Upregulated"
"TYROBP",-1.49470302499614,3.27960036543643e-22,"Downregulated"
"UBE2Q1-AS1",2.01724325005002,3.43458111552176e-22,"Upregulated"
"VCAN",1.76825104207094,3.50762670647797e-22,"Upregulated"
"MZB1",2.0952107029806,3.61356374792434e-22,"Upregulated"
"LHX6",-1.44121408517379,3.70239539808652e-22,"Downregulated"
"FAM83B",3.27578773016789,3.73307981265047e-22,"Upregulated"
"TRAF2",1.01127812753598,3.75558111468479e-22,"Upregulated"
"CSP2",-1.70587328168978,3.75740403215257e-22,"Downregulated"
"PCARE",-2.99118595798497,3.87837467032934e-22,"Downregulated"
"ZBTB12",1.21542050067698,3.93901512744027e-22,"Upregulated"
"NFATC4",1.18744202068586,3.96338597909905e-22,"Upregulated"
"SNHG12",1.16566128957835,4.03090275073681e-22,"Upregulated"
"IGHJ2",2.57090534483717,4.0846513685636e-22,"Upregulated"
"MYH11",-1.82963755956494,4.33357501300488e-22,"Downregulated"
"IGLV1-47",2.31948215237336,4.40420093944721e-22,"Upregulated"
"IGHV4-28",2.29409271989974,4.46551151209127e-22,"Upregulated"
"EPOP",1.37658927931524,4.48829129994546e-22,"Upregulated"
"IGHV1-3",2.91534489201288,4.68782908530344e-22,"Upregulated"
"CLDN18",-3.53222748791547,4.80572601986754e-22,"Downregulated"
"AC024940.1",2.56587519962456,4.83124129842211e-22,"Upregulated"
"ACMSD",2.80388921347466,4.88352258492217e-22,"Upregulated"
"TNFSF13",-1.10172000033465,4.89945210819812e-22,"Downregulated"
"DOCK11",-1.25265864151362,4.94105143993957e-22,"Downregulated"
"EGR3",-1.7559814118723,5.01436331377336e-22,"Downregulated"
"SAMMSON",3.10293694157269,5.07313929124137e-22,"Upregulated"
"PTPRVP",1.96978629597802,5.07416997831572e-22,"Upregulated"
"NTRK3",-1.88351713761712,5.08462902714392e-22,"Downregulated"
"AC093787.1",-4.15158508709373,5.15888357420805e-22,"Downregulated"
"AC130371.2",-1.49641076050135,5.15933662354985e-22,"Downregulated"
"ACOT11",1.1858289242974,5.1754551588159e-22,"Upregulated"
"CYP1A2",-3.86234777132885,5.25511086105278e-22,"Downregulated"
"AP000577.2",3.39707905795844,5.31437651080424e-22,"Upregulated"
"ETNPPL",5.97997556795561,5.40276417659009e-22,"Upregulated"
"HHIP",-2.89724788846972,5.43543360848604e-22,"Downregulated"
"SLC15A2",-1.61467384207822,5.45080547625269e-22,"Downregulated"
"FHDC1",-1.16067213408172,5.50919883154895e-22,"Downregulated"
"TPTE2",2.56985820501864,5.51953982454234e-22,"Upregulated"
"CTSV",2.24883980985142,5.53337215749396e-22,"Upregulated"
"MCHR1",2.07671152502856,5.63971631146006e-22,"Upregulated"
"AC005537.1",3.64851621550387,5.67040057447513e-22,"Upregulated"
"COA6",1.13951591472691,5.84908009211035e-22,"Upregulated"
"LINC01926",3.6846760501929,5.84908009211035e-22,"Upregulated"
"FABP5",-1.7354672226192,5.84919669237582e-22,"Downregulated"
"AC109322.1",1.35558399088107,5.86193432173509e-22,"Upregulated"
"BHMT2",2.87180557766775,5.87186202073267e-22,"Upregulated"
"CLEC12A",-1.83266786028922,5.92719826171483e-22,"Downregulated"
"AL358777.3",1.98833229545098,5.92719826171483e-22,"Upregulated"
"NXPH1",4.46208115517816,5.9581603655943e-22,"Upregulated"
"AL135786.1",-1.63751913195941,6.07550821652872e-22,"Downregulated"
"INSIG1",-1.03995869942878,6.12164982751493e-22,"Downregulated"
"PTGES2-AS1",2.55945272641735,6.20351814436523e-22,"Upregulated"
"LAGE3",1.17452656499705,6.30256827756042e-22,"Upregulated"
"AC112721.2",3.2530073279624,6.36865063838318e-22,"Upregulated"
"IL18R1",-1.48055524447966,6.40372693795508e-22,"Downregulated"
"MUC4",2.43973347025006,6.40754061221506e-22,"Upregulated"
"TFPI2-DT",3.464520162275,6.49533490160885e-22,"Upregulated"
"MOGAT1",-2.60912604557473,6.51922570537688e-22,"Downregulated"
"PIK3R5",-1.23301874773184,6.62914533212968e-22,"Downregulated"
"CMTM1",1.15772355521262,6.68841564233722e-22,"Upregulated"
"AL021707.2",1.37404626218454,6.77102741569719e-22,"Upregulated"
"CCDC81",-1.96886384073083,6.94616637935199e-22,"Downregulated"
"AC007773.1",1.56535187349503,7.01028442833732e-22,"Upregulated"
"MS4A14",-1.60519054480264,7.02258258365045e-22,"Downregulated"
"MSL3P1",2.68591357177868,7.11431074160351e-22,"Upregulated"
"VWFP1",-2.14192833808599,7.21924814968352e-22,"Downregulated"
"GFY",5.13421912870272,7.57845360613723e-22,"Upregulated"
"TRGV6",-2.11129886967108,7.74176852031483e-22,"Downregulated"
"AC092119.2",1.6409390797048,7.87385272226272e-22,"Upregulated"
"FLRT3",-1.79415037813691,8.01347072179825e-22,"Downregulated"
"IGKV1-16",2.55502845145582,8.33025555387536e-22,"Upregulated"
"REXO5",1.02469333740104,8.45513512435876e-22,"Upregulated"
"PRR5-ARHGAP8",2.27958125345009,8.5517007741906e-22,"Upregulated"
"GUCY1B2",2.2313365894843,8.9900208477528e-22,"Upregulated"
"MID1IP1",-1.06501858981316,9.05090875603984e-22,"Downregulated"
"HOXA13",5.77138919138145,9.35874816693502e-22,"Upregulated"
"ERVH48-1",3.60220501332113,9.65637668866947e-22,"Upregulated"
"VIT",-2.39406309447692,9.72255202257503e-22,"Downregulated"
"GAB2",-1.03353797663179,9.91859231253575e-22,"Downregulated"
"AC112722.1",-2.01400645806271,1.00699625054667e-21,"Downregulated"
"EMILIN2",-1.14696619323516,1.00850713882145e-21,"Downregulated"
"BNIP3",1.14824914650343,1.01532991700835e-21,"Upregulated"
"AC104248.1",2.81245848120279,1.0254561001056e-21,"Upregulated"
"NSA2P3",2.59833616095816,1.02653085650283e-21,"Upregulated"
"SLC5A4",-1.80197711995072,1.03250216016904e-21,"Downregulated"
"UGT1A6",4.98299214364061,1.05390243155157e-21,"Upregulated"
"PPP5D1",-1.04377442207055,1.13545651012549e-21,"Downregulated"
"MYL6B",1.02147723123936,1.15476465208106e-21,"Upregulated"
"AL589765.4",1.37587646893361,1.15893972443799e-21,"Upregulated"
"ARAP2",-1.15717681764912,1.16240290771576e-21,"Downregulated"
"PRRX2",2.17521974655552,1.1625193198248e-21,"Upregulated"
"IGHV4-61",2.50576944372674,1.19316700873401e-21,"Upregulated"
"AC090796.1",-2.79767904151912,1.19686059058242e-21,"Downregulated"
"GRID1",-1.44926636609388,1.20205873129928e-21,"Downregulated"
"KLK12",4.56915230890759,1.23334567303174e-21,"Upregulated"
"TMEM75",3.91643301307204,1.23347767221773e-21,"Upregulated"
"ZMYND15",-1.19630190323336,1.25104119068637e-21,"Downregulated"
"AC233280.1",2.47765537735255,1.29443630282689e-21,"Upregulated"
"PGR",-1.71766468357135,1.32071639214237e-21,"Downregulated"
"PAK6",1.04734132522384,1.33904918841844e-21,"Upregulated"
"IGKV1-17",2.3971774444684,1.35083900573406e-21,"Upregulated"
"GRHL1",1.51354612914417,1.40658863342494e-21,"Upregulated"
"JAK3",1.10850703112827,1.40904447473765e-21,"Upregulated"
"ARMH2",-3.1846546766117,1.45869903953362e-21,"Downregulated"
"LINC01914",-1.79651689998256,1.49355176474886e-21,"Downregulated"
"PRDM5",-1.16130100119566,1.49959142085745e-21,"Downregulated"
"NINJ2-AS1",-1.05236086981267,1.51051407164511e-21,"Downregulated"
"AC092821.3",1.84124361257573,1.51700034617546e-21,"Upregulated"
"STAU2-AS1",2.01716058820622,1.52815350836035e-21,"Upregulated"
"HPRT1",1.01288776479401,1.54092749766811e-21,"Upregulated"
"EVI2B",-1.24277420266676,1.55121470682201e-21,"Downregulated"
"PRELP",-1.59021839031903,1.55962583615849e-21,"Downregulated"
"ADCY9",-1.1575602594368,1.56863034493513e-21,"Downregulated"
"MT1JP",-2.94610775543199,1.56984750656749e-21,"Downregulated"
"NCKAP1L",-1.2742556057845,1.57596749731209e-21,"Downregulated"
"STON1",-1.18593166150988,1.57899698091228e-21,"Downregulated"
"STAC3",-1.0634975250445,1.60337229571405e-21,"Downregulated"
"H4C3",4.12211078935687,1.60617744175779e-21,"Upregulated"
"LINC00519",2.26432629883472,1.62870407644234e-21,"Upregulated"
"ALG1L9P",1.50793952495156,1.6614719613468e-21,"Upregulated"
"GRID2IP",1.22844331520561,1.66851720788276e-21,"Upregulated"
"LRRC15",2.30528414500614,1.67439909242572e-21,"Upregulated"
"WDR97",2.06102341656317,1.71322598886961e-21,"Upregulated"
"RBMS2P1",-1.07158658717568,1.75213813499386e-21,"Downregulated"
"ACTL8",5.77731632319401,1.85473114160646e-21,"Upregulated"
"CEMIP",2.11801330265265,1.86763470598574e-21,"Upregulated"
"RADX",-1.6789311513965,1.88151040663079e-21,"Downregulated"
"AL355388.1",1.46227331451722,1.89038174477958e-21,"Upregulated"
"AL356299.2",1.93702096710624,1.90396374930446e-21,"Upregulated"
"SNX25",-1.21762075208309,1.94089785876079e-21,"Downregulated"
"SLC4A3",1.78626721379249,1.9572290969072e-21,"Upregulated"
"PCAT7",1.91424209222591,1.9572290969072e-21,"Upregulated"
"UGT8",2.1698317257429,1.99550736280214e-21,"Upregulated"
"HELLPAR",2.04835816539229,2.05355595626518e-21,"Upregulated"
"BECN2",3.86183229721259,2.11089346831475e-21,"Upregulated"
"MTFR2",1.46718303997982,2.14036806237623e-21,"Upregulated"
"DUOXA1",-2.01447826688844,2.16349659585288e-21,"Downregulated"
"IGHV3-66",2.3682007077783,2.17200820512973e-21,"Upregulated"
"AVPR1B",3.4774639975761,2.18702206790214e-21,"Upregulated"
"SIGLEC17P",-1.7341952142785,2.2147627244775e-21,"Downregulated"
"PRKG1",-1.37568446078163,2.24947051042641e-21,"Downregulated"
"CACNB3",1.13760534281676,2.25171445028169e-21,"Upregulated"
"AC105046.1",-2.32219888118041,2.25300793806991e-21,"Downregulated"
"ENTPD2",2.13726808637009,2.27064827129749e-21,"Upregulated"
"MXRA5",1.69977854136952,2.2795056572693e-21,"Upregulated"
"DUSP1",-1.58736420910567,2.29417389487234e-21,"Downregulated"
"SLC39A5",2.99228993915506,2.34370288433651e-21,"Upregulated"
"IGBP1P4",4.00989673306423,2.3510980106999e-21,"Upregulated"
"GPA33",-2.71376643024352,2.3542275301418e-21,"Downregulated"
"Y_RNA",3.30923372037567,2.37389266420697e-21,"Upregulated"
"MAGI1",-1.06759334970536,2.43721177025386e-21,"Downregulated"
"EGOT",2.62876523586174,2.44323339232036e-21,"Upregulated"
"MIR31HG",3.46554137722642,2.46241672770359e-21,"Upregulated"
"AC009533.1",1.41016951101792,2.47841287293166e-21,"Upregulated"
"LCTL",1.72710550817358,2.53085019797601e-21,"Upregulated"
"OACYLP",2.40592407728076,2.54529427262206e-21,"Upregulated"
"AC090844.3",-2.36493983580072,2.67316930996116e-21,"Downregulated"
"RNF139-AS1",1.38216035399038,2.68169254890685e-21,"Upregulated"
"MAFA-AS1",3.92037572381005,2.69676538836469e-21,"Upregulated"
"MFSD2A",-1.61052529182492,2.71189243089597e-21,"Downregulated"
"CCDC162P",2.41456835480987,2.75259957314218e-21,"Upregulated"
"SCD5",-1.6065424378696,2.77202707895119e-21,"Downregulated"
"DUXAP9",2.54023016034112,2.77449739775724e-21,"Upregulated"
"KCNU1",6.68372549474862,2.79100644788784e-21,"Upregulated"
"ENPP2",-1.29698703367125,2.81410934905163e-21,"Downregulated"
"MAFG-DT",1.19692580022719,2.88652589999514e-21,"Upregulated"
"AC069544.1",1.38832051599369,3.01664796064972e-21,"Upregulated"
"LINC02783",4.40031535765227,3.0367311578771e-21,"Upregulated"
"IGLV1-50",2.42027193744933,3.0408946206456e-21,"Upregulated"
"URAHP",1.43883828025552,3.04333912714916e-21,"Upregulated"
"NUDT8",1.32138266377501,3.05547078208251e-21,"Upregulated"
"IGLV2-23",2.31385475898823,3.05876858155155e-21,"Upregulated"
"USH1C",3.5517663152819,3.0614672076794e-21,"Upregulated"
"AC009275.1",2.33784625239913,3.0614672076794e-21,"Upregulated"
"BDNF",-2.35125811236062,3.14791943633428e-21,"Downregulated"
"NAXE",1.06625937316235,3.16808607074676e-21,"Upregulated"
"ZNF726",1.61248161204038,3.18491475377568e-21,"Upregulated"
"AC005993.1",4.5417227618091,3.23851540219034e-21,"Upregulated"
"HLX",-1.19754529686864,3.25257969799241e-21,"Downregulated"
"ATP5MC1P4",1.99421256016158,3.40129632469075e-21,"Upregulated"
"AC113615.2",4.27694017794423,3.40963330091055e-21,"Upregulated"
"CACNA2D2",-2.38558619225177,3.45685905180515e-21,"Downregulated"
"APLNR",-1.48283691772206,3.45974955810978e-21,"Downregulated"
"B3GAT1-DT",2.98042192773643,3.59438352929296e-21,"Upregulated"
"PDGFRL",1.45791819798933,3.63228883961009e-21,"Upregulated"
"AL157829.1",4.39912017422628,3.92010676304836e-21,"Upregulated"
"OPLAH",1.3329916742789,3.97900517657488e-21,"Upregulated"
"SEMA6A-AS2",-1.85639392020421,4.13081204695348e-21,"Downregulated"
"SERPINB4",4.59368302281792,4.14042552085889e-21,"Upregulated"
"TRIM17",2.16187445253822,4.15078638932227e-21,"Upregulated"
"NELL1",4.29798260288593,4.18130040793314e-21,"Upregulated"
"IGKV1-13",3.28992188119094,4.27335896106542e-21,"Upregulated"
"WNK2",2.0371394217928,4.30445196059905e-21,"Upregulated"
"PLA2G5",-1.26913154518494,4.37523002151564e-21,"Downregulated"
"AL135902.1",-2.54542405319198,4.37720813100682e-21,"Downregulated"
"PXDC1",-1.07271482751279,4.43572311698774e-21,"Downregulated"
"AC073529.1",1.61723228389904,4.43804323894723e-21,"Upregulated"
"AF131215.7",-2.1948499146719,4.43804323894723e-21,"Downregulated"
"CCDC154",2.31136648536844,4.44494688019282e-21,"Upregulated"
"C1orf147",1.92709985598587,4.56111385564238e-21,"Upregulated"
"AL390726.5",2.39450536135818,4.56702335732393e-21,"Upregulated"
"AC022596.2",3.28476611436291,4.58609043579505e-21,"Upregulated"
"LIN28B",7.70551213958009,4.64988172459855e-21,"Upregulated"
"LINC02570",-3.51056471760257,4.68231122723269e-21,"Downregulated"
"LINC01150",-1.46085393326146,4.72543440104639e-21,"Downregulated"
"AC007731.1",1.44212638530933,4.73399336794211e-21,"Upregulated"
"AL352984.1",3.58935685446335,4.73399336794211e-21,"Upregulated"
"BMP8B",1.21412446198766,4.81305101179391e-21,"Upregulated"
"SH2D1B",-1.80087557048973,4.89500149672054e-21,"Downregulated"
"SYN2",-2.29599016787074,4.92031144226473e-21,"Downregulated"
"BEND6",1.76209638991112,4.92855318476932e-21,"Upregulated"
"PKIB",2.03825604814036,4.94343035443156e-21,"Upregulated"
"RSPO4",-2.30177532258362,4.97036667061963e-21,"Downregulated"
"AL356056.2",-1.88984964658136,4.97049349965492e-21,"Downregulated"
"CIT",2.02080309890599,4.98310753719312e-21,"Upregulated"
"TLL1",-1.56286087615327,5.16601140633884e-21,"Downregulated"
"CACNA1S",-3.18873454863778,5.28714776665667e-21,"Downregulated"
"FAM3C",1.22081586611855,5.38790446624338e-21,"Upregulated"
"AL355987.5",2.88507612854846,5.40050289649944e-21,"Upregulated"
"PIP5KL1",1.53614442128758,5.41877929996494e-21,"Upregulated"
"SLC39A4",1.43215620792358,5.4650110689627e-21,"Upregulated"
"CLDN4",1.14244506024543,5.58816494462392e-21,"Upregulated"
"RGS14",1.00486035401784,5.58855361309705e-21,"Upregulated"
"ARHGAP29",-1.19077147879731,5.59171060863374e-21,"Downregulated"
"C8orf44",1.18145069198722,5.61021762624614e-21,"Upregulated"
"LRP2BP",-1.59323005453874,5.64175622406577e-21,"Downregulated"
"JUNB",-1.16292265520536,5.64175622406577e-21,"Downregulated"
"PNMA3",2.65791089237998,5.64384535701812e-21,"Upregulated"
"IGHJ1",2.9667753219061,5.65263499299728e-21,"Upregulated"
"RSPO2",-2.62724722226657,5.69571726287158e-21,"Downregulated"
"FOXH1",3.18424262526163,5.7331905530903e-21,"Upregulated"
"MPHOSPH9",1.00895810051593,5.74673849245902e-21,"Upregulated"
"PTPRO",-1.42651110897435,5.85370303416719e-21,"Downregulated"
"BMP2",-1.76330023053542,5.93220433097823e-21,"Downregulated"
"SLC44A5",2.48765248409282,5.94406670610139e-21,"Upregulated"
"DAB2",-1.09245967233109,6.08054791614946e-21,"Downregulated"
"TRPV1",1.32548233204643,6.09879049922406e-21,"Upregulated"
"TIGD3",1.46224574768277,6.15400549933713e-21,"Upregulated"
"AL139351.3",3.10334376334318,6.20121843011263e-21,"Upregulated"
"NHSL2",-1.27622591201388,6.24453659839657e-21,"Downregulated"
"HCAR1",2.45716937649336,6.29862040378172e-21,"Upregulated"
"L1TD1",-1.87712963804714,6.35756409519422e-21,"Downregulated"
"MYOM2",-1.54335120684818,6.4536456396838e-21,"Downregulated"
"AC010491.1",1.72219771754031,6.50163269616518e-21,"Upregulated"
"IGHJ4",2.46537199592465,6.54746662729051e-21,"Upregulated"
"AC012640.2",1.42546386831386,6.65538326079646e-21,"Upregulated"
"GCM1",2.71794521195806,6.72017645787079e-21,"Upregulated"
"AC106882.1",2.75125968213005,6.75455229132071e-21,"Upregulated"
"RPL17",1.10844827236657,6.78023447986723e-21,"Upregulated"
"FAM222A-AS1",2.61893649298214,7.05770173784505e-21,"Upregulated"
"OR7E11P",-2.6969305587452,7.2969071425485e-21,"Downregulated"
"MYL3",-1.07622390530503,7.38501539982211e-21,"Downregulated"
"MAGEC2",6.93480439886617,7.46687135928627e-21,"Upregulated"
"AL592211.2",3.10488942565853,7.49529281448997e-21,"Upregulated"
"AC017083.1",2.04212428427735,7.56321891410424e-21,"Upregulated"
"AC025271.4",-2.12174285783126,7.66113548639221e-21,"Downregulated"
"IGLV3-9",2.57245777752617,7.70100415219521e-21,"Upregulated"
"MMP9",1.99416205591775,7.72291410015002e-21,"Upregulated"
"TMPRSS11D",3.95643762908347,7.92588932974218e-21,"Upregulated"
"HMGCLL1",-1.80428662988614,8.01504911443759e-21,"Downregulated"
"IGHV1-17",3.20291109807573,8.01852811070369e-21,"Upregulated"
"LINC01138",1.32576272933677,8.06754658251177e-21,"Upregulated"
"ZNF367",1.20996005781267,8.08153978169791e-21,"Upregulated"
"AC091564.5",-1.63911485537346,8.09594080438605e-21,"Downregulated"
"LY86",-1.41071229857616,8.13625612671849e-21,"Downregulated"
"AC234917.3",1.15680415471018,8.18181922989219e-21,"Upregulated"
"EIF4EBP1",1.59752650201312,8.21521169303659e-21,"Upregulated"
"IGKV1-39",2.51700883328733,8.21521169303659e-21,"Upregulated"
"NT5E",1.91938177408614,8.24524310561886e-21,"Upregulated"
"AC009121.2",2.31973072811484,8.28172166018998e-21,"Upregulated"
"MYBPC1",3.6527064744175,8.29923525945418e-21,"Upregulated"
"KCNJ10",2.08826473538539,8.3003209520534e-21,"Upregulated"
"NCAPD2P1",4.5497736679437,8.3003209520534e-21,"Upregulated"
"CELF2",-1.20122396581753,8.45449753709655e-21,"Downregulated"
"SAMD12-AS1",1.49361383538896,8.51585162295086e-21,"Upregulated"
"ZFAND2A-DT",1.07786500535216,8.51908470782926e-21,"Upregulated"
"CYP7A1",-1.76713778491793,8.55346384610398e-21,"Downregulated"
"LOXL2",1.73105732845509,8.56911803905418e-21,"Upregulated"
"GPR17",-2.0439864483467,8.67608840335348e-21,"Downregulated"
"GPT",2.07285575348283,8.8718591100826e-21,"Upregulated"
"AC009509.4",-1.3191241637171,8.90856733211215e-21,"Downregulated"
"SNHG31",1.72896423286571,8.97486563153958e-21,"Upregulated"
"SLC22A20P",1.66428146842778,9.13572180831156e-21,"Upregulated"
"SNHG17",1.02504633208664,9.22266009944867e-21,"Upregulated"
"PLD5",2.7459374664392,9.2700399818797e-21,"Upregulated"
"COL9A2",1.93525741798113,9.3805186450867e-21,"Upregulated"
"NANOS1",1.39350557682082,9.40161174344566e-21,"Upregulated"
"RBM12B-AS1",1.67259805562811,9.49045477782225e-21,"Upregulated"
"AL158214.2",1.58275303218247,9.65420149604811e-21,"Upregulated"
"ASCL1",4.71311289399817,9.78190542385511e-21,"Upregulated"
"H2AC16",4.14825824072348,9.89025092545612e-21,"Upregulated"
"IGKV3-20",2.16853295597209,9.94203788451984e-21,"Upregulated"
"SLC5A12",3.25180391740655,9.94452532949843e-21,"Upregulated"
"ANKRD33B",-1.70814576518914,1.00084549034942e-20,"Downregulated"
"RAB5IF",1.40577474200466,1.00139834648342e-20,"Upregulated"
"SCARNA6",3.51430488749524,1.00837919073806e-20,"Upregulated"
"IGHV3OR16-8",2.49882226849221,1.0113552983913e-20,"Upregulated"
"AC008875.1",2.08888709946464,1.01485749678699e-20,"Upregulated"
"ADAMDEC1",2.26152371543214,1.01701273957792e-20,"Upregulated"
"IGHV3-48",2.32002557822378,1.02412307033414e-20,"Upregulated"
"TF",3.2676126888929,1.0340583878062e-20,"Upregulated"
"IGKV2D-40",2.88639593250942,1.04513719771337e-20,"Upregulated"
"CDKL5",-1.05863696856168,1.04801334610333e-20,"Downregulated"
"MTX1P1",1.12980335278801,1.06047889402585e-20,"Upregulated"
"B4GALT4",1.02276442405742,1.07939583317435e-20,"Upregulated"
"IGLON5",2.19681574571811,1.0834302196635e-20,"Upregulated"
"LINC01232",1.45789851029089,1.09765572457485e-20,"Upregulated"
"EPB42",-3.52094770256735,1.09924590544606e-20,"Downregulated"
"KCNE4",2.27874283511171,1.11045317242713e-20,"Upregulated"
"AC018641.1",4.23632345571465,1.11479503733913e-20,"Upregulated"
"MRPL36",1.04844666112451,1.11770068224132e-20,"Upregulated"
"KCNAB2",-1.06818444771733,1.11922811369892e-20,"Downregulated"
"VPS37D",1.48896568694049,1.13003155153601e-20,"Upregulated"
"AL354861.3",-2.59826205199339,1.1309045638948e-20,"Downregulated"
"AC004540.2",-1.65416946666764,1.13221802885739e-20,"Downregulated"
"ANP32E",1.12059532441053,1.1492417193354e-20,"Upregulated"
"NKAPL",-1.72443515812711,1.15727693266869e-20,"Downregulated"
"KRT20",5.16772387409629,1.16225925832472e-20,"Upregulated"
"EMC9",1.01141731625565,1.16516640420312e-20,"Upregulated"
"AL591686.1",-2.96825765285468,1.17352887429797e-20,"Downregulated"
"SYNDIG1L",-2.37776982618892,1.19986590738874e-20,"Downregulated"
"CDC37P1",3.01511670310577,1.20000952154822e-20,"Upregulated"
"NFE2L1-DT",1.50977658108415,1.20481978315548e-20,"Upregulated"
"SRRM5",1.33261886025154,1.20988993742712e-20,"Upregulated"
"FKBP14-AS1",1.53784835022846,1.23948974831204e-20,"Upregulated"
"EFNA5",1.42663314794034,1.24615085114821e-20,"Upregulated"
"SALRNA1",2.75901476529212,1.24615085114821e-20,"Upregulated"
"MIXL1",1.98385349465461,1.26077626672655e-20,"Upregulated"
"LINC02324",2.46065449972009,1.26240971384274e-20,"Upregulated"
"ARMCX1",-1.05458182912628,1.27025975364166e-20,"Downregulated"
"TUBB8",1.97985086542026,1.30023022183423e-20,"Upregulated"
"PSRC1",1.21689927332484,1.30311449502885e-20,"Upregulated"
"ELMO3",1.12378318176135,1.31625780404415e-20,"Upregulated"
"SLC9A3-AS1",1.77880399801464,1.32447289943456e-20,"Upregulated"
"KLHDC8A",2.12790501271438,1.32695786122791e-20,"Upregulated"
"ARRDC4",-1.14887452670807,1.32975226271924e-20,"Downregulated"
"OVGP1",1.52799197790806,1.33403045317826e-20,"Upregulated"
"PEAK3",-1.27770715400861,1.35603336252217e-20,"Downregulated"
"AC010326.4",1.11669647946276,1.36988609634888e-20,"Upregulated"
"FAM3C2P",1.40633312151548,1.37097198186716e-20,"Upregulated"
"STEAP1B",2.37458303634666,1.38681494063383e-20,"Upregulated"
"AC142381.1",2.39447800311046,1.41294504564611e-20,"Upregulated"
"GTF2IP13",1.31670169420593,1.44722207328172e-20,"Upregulated"
"TEX48",3.72935024957285,1.4639831040256e-20,"Upregulated"
"KRT8",1.26467532349913,1.48187050454804e-20,"Upregulated"
"LINC01036",3.87771181043247,1.54908854697202e-20,"Upregulated"
"POSTN",1.62874616211962,1.55345816167522e-20,"Upregulated"
"AC092053.4",-1.28062342082015,1.57803681167815e-20,"Downregulated"
"CHRNB1",1.06920289361152,1.5825826556887e-20,"Upregulated"
"NPTX2",2.49143570933271,1.63041752510568e-20,"Upregulated"
"IGLC2",2.07335154998684,1.65444619181041e-20,"Upregulated"
"AP006222.2",4.2581095927566,1.69072081185384e-20,"Upregulated"
"H4C2",4.86941024161514,1.71268074923014e-20,"Upregulated"
"OR10H1",4.06186763589156,1.72706717799495e-20,"Upregulated"
"PGM5-AS1",-2.27145838631375,1.73623583302381e-20,"Downregulated"
"TEF",-1.16881394680215,1.74326003998155e-20,"Downregulated"
"IGKV1OR22-1",2.84193882807299,1.75629107921803e-20,"Upregulated"
"CCL25",2.95300966078641,1.80482982617937e-20,"Upregulated"
"AC127164.1",2.78772510689063,1.84577820521228e-20,"Upregulated"
"CCL2",-1.52314306743003,1.84720211431327e-20,"Downregulated"
"SLC9A3",2.06939301896086,1.85891324667307e-20,"Upregulated"
"IGKV1D-17",3.27156787547407,1.8668197318292e-20,"Upregulated"
"LDB3",-1.56982937566053,1.86690782112328e-20,"Downregulated"
"AL691482.3",1.97934645116692,1.91158692682033e-20,"Upregulated"
"AC096677.1",1.04048283335943,1.91539875086779e-20,"Upregulated"
"AL589765.6",2.32798341892623,1.93854555825514e-20,"Upregulated"
"UACA",-1.0188157482578,1.94780695161227e-20,"Downregulated"
"TEX45",2.31157198866506,1.95052201571852e-20,"Upregulated"
"PRR7",1.43425053927777,1.97592904163968e-20,"Upregulated"
"AC010092.1",2.76812589259359,1.98588796016938e-20,"Upregulated"
"AL033527.2",2.21754655529959,1.99021615477893e-20,"Upregulated"
"ZMAT4",4.31240708984584,1.99156761274165e-20,"Upregulated"
"H4C4",4.29786339754657,2.00909947148732e-20,"Upregulated"
"LINC01031",-1.73082366193706,2.04400671199224e-20,"Downregulated"
"TCEAL2",-2.51806408544078,2.08512533837596e-20,"Downregulated"
"AC067930.4",2.32705924440136,2.0946878855188e-20,"Upregulated"
"FCN1",-1.74673967659359,2.10584860238085e-20,"Downregulated"
"SCN2B",-1.91008040430185,2.11349362503435e-20,"Downregulated"
"KCNK3",-2.21396583759543,2.11566780845986e-20,"Downregulated"
"LINC02428",4.53241674600553,2.14240913621395e-20,"Upregulated"
"AL136981.1",4.58041275149851,2.21829408804973e-20,"Upregulated"
"SOX5",-1.60035355451233,2.24875799679489e-20,"Downregulated"
"TTBK1",1.6009173087281,2.2655994033216e-20,"Upregulated"
"IGHV3OR16-11",3.03807023529795,2.27265653711957e-20,"Upregulated"
"PIK3CD-AS2",1.64203337948351,2.32811656079076e-20,"Upregulated"
"SLC5A3",1.52353176392098,2.34056301810659e-20,"Upregulated"
"MTNR1A",3.82592918522483,2.3442875250232e-20,"Upregulated"
"NFAM1",-1.32045851002435,2.37797867943723e-20,"Downregulated"
"SP5",2.32359911070777,2.42349946287428e-20,"Upregulated"
"TEX19",4.29581651337796,2.46344710563024e-20,"Upregulated"
"AP000553.6",3.20239909064706,2.62801279638278e-20,"Upregulated"
"ST6GALNAC2",-1.66732500748214,2.71909339865463e-20,"Downregulated"
"FKBP4",1.12283391964696,2.73919877298799e-20,"Upregulated"
"AC245041.2",-2.55080109392388,2.78602341828926e-20,"Downregulated"
"DLX5",2.42370049591663,2.83862486539155e-20,"Upregulated"
"IGHV3OR16-13",2.37408044881549,2.83862486539155e-20,"Upregulated"
"SLC12A7",1.18001244612344,2.84611944703725e-20,"Upregulated"
"IGKV1D-39",2.3608996641712,2.87207308447094e-20,"Upregulated"
"CSMD2",1.79759205586237,2.91183170168045e-20,"Upregulated"
"CNN1",-1.51435335557772,2.97076173232138e-20,"Downregulated"
"AC073316.2",3.78598487061832,3.03955282157806e-20,"Upregulated"
"ST8SIA2",3.07128451205718,3.04839342400374e-20,"Upregulated"
"SH3RF3-AS1",-1.27959280420115,3.08116868222332e-20,"Downregulated"
"AC053503.5",-2.91433789791679,3.08864561667719e-20,"Downregulated"
"RPSAP69",1.89615326263719,3.108622039178e-20,"Upregulated"
"LBH",-1.01974337876446,3.14993521437605e-20,"Downregulated"
"DNAJB4",-1.19775476513835,3.20659855899121e-20,"Downregulated"
"FAM167A",-1.90748381469917,3.21995772949888e-20,"Downregulated"
"THRA1/BTR",4.38505957967848,3.2376437456252e-20,"Upregulated"
"CCR8",1.6327293608339,3.27493207851068e-20,"Upregulated"
"SIGLEC22P",-1.57163963362284,3.34409519742876e-20,"Downregulated"
"IGKV2OR22-4",2.6020123526854,3.34726918600051e-20,"Upregulated"
"PTX3",-2.07151094974475,3.3837318565543e-20,"Downregulated"
"CRYBA2",4.37249280902835,3.40029301654782e-20,"Upregulated"
"IGLV1-44",2.26449380480606,3.42771327567832e-20,"Upregulated"
"NANOGP1",3.40379902858198,3.43860128322137e-20,"Upregulated"
"FOS",-1.68971609985195,3.44187595548629e-20,"Downregulated"
"CD79A",2.00404300163949,3.49607911832503e-20,"Upregulated"
"AC040174.1",4.59535281793166,3.53437459749377e-20,"Upregulated"
"CALML6",2.40710128231766,3.60400783449962e-20,"Upregulated"
"AC079834.1",1.71181538363838,3.62297355202889e-20,"Upregulated"
"AL356234.2",3.53737939133876,3.62661285118435e-20,"Upregulated"
"HSPB7",-1.51249711557039,3.65840169381876e-20,"Downregulated"
"GEMIN8P4",1.32408062074171,3.66307679243722e-20,"Upregulated"
"AC107918.4",2.40520367564493,3.70178090650902e-20,"Upregulated"
"STEAP2-AS1",3.45303253673404,3.72885706365779e-20,"Upregulated"
"AC092171.4",1.84020429013331,3.74541469042777e-20,"Upregulated"
"ST6GALNAC1",1.9439720985192,3.75043178060081e-20,"Upregulated"
"ALDH2",-1.20715576219314,3.76463395403636e-20,"Downregulated"
"ERVV-1",4.27299808682371,3.88074381906583e-20,"Upregulated"
"STEAP2",1.67330931336193,3.96608534751139e-20,"Upregulated"
"AC010894.2",3.30468463453775,3.96731360582858e-20,"Upregulated"
"AC073842.2",1.62304888562349,4.05732121696768e-20,"Upregulated"
"LINC01876",2.36911762684067,4.15938121499612e-20,"Upregulated"
"CHRM2",-3.40635506929291,4.1777987609649e-20,"Downregulated"
"SGPP2",1.39050967031236,4.18541960193184e-20,"Upregulated"
"KCNK12",2.11825358691765,4.22365548555398e-20,"Upregulated"
"PLLP",-1.51693269855771,4.39921265982966e-20,"Downregulated"
"SOWAHB",1.29094368936718,4.54964597405309e-20,"Upregulated"
"IGHV3OR16-9",2.42617240518291,4.56798877270389e-20,"Upregulated"
"SCLY",1.04904120108237,4.6124732188895e-20,"Upregulated"
"DPP10-AS1",3.17714841537875,4.61259004936517e-20,"Upregulated"
"LINC01355",1.51070052490223,4.73971936573512e-20,"Upregulated"
"LINC01151",3.21284150165616,4.78007394467071e-20,"Upregulated"
"CALCB",3.55204404516391,4.78215432430687e-20,"Upregulated"
"SFTPA1",-2.83501699124529,4.80059653155878e-20,"Downregulated"
"AC245140.3",1.80462810227183,4.81204988394182e-20,"Upregulated"
"MEX3B",1.10495645875856,4.84128787884565e-20,"Upregulated"
"GCSH",1.12492285436173,4.85294043676752e-20,"Upregulated"
"LINC00866",3.00581763681883,4.86101956028766e-20,"Upregulated"
"FAM86HP",1.1371965114921,4.88477879111443e-20,"Upregulated"
"RASGEF1C",3.30224444012915,4.92015223167927e-20,"Upregulated"
"AC007671.1",-1.9742694412133,4.92161689086194e-20,"Downregulated"
"LINC02293",5.43842344667435,4.99470203907857e-20,"Upregulated"
"AQP6",2.89247539032443,5.0168368877707e-20,"Upregulated"
"GALE",1.06115626218226,5.04490604737439e-20,"Upregulated"
"MAP10",1.3579531748384,5.07290192763102e-20,"Upregulated"
"MFAP2",1.5075732805931,5.08222350243415e-20,"Upregulated"
"RDM1P5",1.59424460482066,5.08598190462312e-20,"Upregulated"
"C20orf204",1.81274139736025,5.10344310820475e-20,"Upregulated"
"RAB15",1.35781507110829,5.17175993232481e-20,"Upregulated"
"IGHV2-70",2.48456331360526,5.19508421371325e-20,"Upregulated"
"C4orf48",1.60361916487441,5.27231238556328e-20,"Upregulated"
"AP001574.1",2.72918818220674,5.39663937740022e-20,"Upregulated"
"AP003390.1",2.25078328829385,5.43227367468241e-20,"Upregulated"
"AC048382.5",-1.09591726817008,5.50648676608937e-20,"Downregulated"
"NRG3",-2.4097283566901,5.59354568999862e-20,"Downregulated"
"SUN3",3.47711453602225,5.65935556778613e-20,"Upregulated"
"Y_RNA",4.53792789514336,5.69612676975617e-20,"Upregulated"
"LILRA6",-1.44713280167548,5.87933240595351e-20,"Downregulated"
"MYOZ3",-1.4058001137672,5.95034103048494e-20,"Downregulated"
"RNF43",1.25359363742444,5.9567697969563e-20,"Upregulated"
"GDNF",2.51778084946361,5.97672668065457e-20,"Upregulated"
"ARHGAP23",-1.11981822252076,6.07607083696562e-20,"Downregulated"
"FAM171A2",1.74311205327742,6.1711951951134e-20,"Upregulated"
"CDK5R2",3.32477096243724,6.24687101817966e-20,"Upregulated"
"IGHV3-64",2.88424005287458,6.30690628118637e-20,"Upregulated"
"JPH3",2.93807005898086,6.32971510897032e-20,"Upregulated"
"MS4A2",-1.88964852809833,6.4027478516404e-20,"Downregulated"
"LINC01213",3.91877788559671,6.45008616963188e-20,"Upregulated"
"LRRC37A14P",-1.90763860946536,6.49876564494089e-20,"Downregulated"
"AC089999.2",2.51855318232184,6.50104335101148e-20,"Upregulated"
"IGKV3D-20",2.21178323838301,6.51658768569002e-20,"Upregulated"
"CD302",-1.39896830274236,6.57710765209871e-20,"Downregulated"
"AC244102.4",7.62367972103213,6.58140602513777e-20,"Upregulated"
"GAPDHP65",1.75939383219367,6.66281901938478e-20,"Upregulated"
"PMAIP1",1.64674668861801,6.72517756336342e-20,"Upregulated"
"SLC7A9",2.73828036891445,6.79693232893749e-20,"Upregulated"
"CENPW",1.45090586875354,6.79693232893749e-20,"Upregulated"
"A2ML1",3.28557150650854,6.84601828959919e-20,"Upregulated"
"VTCN1",2.80650255060062,6.93419920923042e-20,"Upregulated"
"AC012513.3",-1.21175808552186,6.96255038071728e-20,"Downregulated"
"TBC1D31",1.05277182364374,6.98353004380461e-20,"Upregulated"
"SNRPEP2",1.07667738335191,6.98353004380461e-20,"Upregulated"
"AL031009.1",1.94567148331324,7.01293474597913e-20,"Upregulated"
"OLFM4",4.18926472232558,7.05457452292164e-20,"Upregulated"
"PSPH",1.21935657755979,7.11755964799552e-20,"Upregulated"
"AC004034.1",2.50625326576833,7.18616849560548e-20,"Upregulated"
"JAKMIP3",2.32133690713633,7.31303284348225e-20,"Upregulated"
"AC129507.4",3.13535050803523,7.34711810684085e-20,"Upregulated"
"SEL1L2",-2.57231741211486,7.40912872674857e-20,"Downregulated"
"DPY19L1P1",1.15908293598154,7.42050980229146e-20,"Upregulated"
"ZNF887P",2.17612844389894,7.53239974533938e-20,"Upregulated"
"RPL36A",1.1154120092228,7.57304756103533e-20,"Upregulated"
"MTURN",-1.25634110181974,7.60490979373222e-20,"Downregulated"
"LINC01271",2.09574811364374,7.69690342121347e-20,"Upregulated"
"IGHV3-49",2.32645278658489,7.78972203551515e-20,"Upregulated"
"AC004112.1",-1.58306486938134,7.82090526498751e-20,"Downregulated"
"MYLK",-1.22070364321656,7.90850850181284e-20,"Downregulated"
"FTCD",2.71272029332171,7.92685923184242e-20,"Upregulated"
"LTC4S",-1.23360640974713,8.02817168714027e-20,"Downregulated"
"BASP1",1.7621431666206,8.0792709491111e-20,"Upregulated"
"CDH15",2.13570516469631,8.18006610126019e-20,"Upregulated"
"UGT2B11",5.59651604315156,8.23178691741682e-20,"Upregulated"
"AC005050.2",2.9559546742129,8.63584868745462e-20,"Upregulated"
"FBLN1",-1.37230087913452,8.74977720751207e-20,"Downregulated"
"DHCR24",-1.01756368456205,8.78406500523328e-20,"Downregulated"
"MUC16",2.91681570525049,8.80513580111368e-20,"Upregulated"
"MIR9-3HG",2.46693764989642,8.84338194627016e-20,"Upregulated"
"KCP",2.06402033030726,9.07847140967187e-20,"Upregulated"
"AC026412.1",1.31801426400739,9.16985329294044e-20,"Upregulated"
"AL133153.1",3.00602248211995,9.18046030639679e-20,"Upregulated"
"EYS",1.99826447066627,9.19345648845126e-20,"Upregulated"
"LINC01419",8.19756425143351,9.19345648845126e-20,"Upregulated"
"BRSK1",1.53358034752285,9.21068622811026e-20,"Upregulated"
"IGHV3-71",2.3205629150176,9.34309534614135e-20,"Upregulated"
"CCNI2",1.69624098840173,9.63521271326576e-20,"Upregulated"
"AC008687.4",1.97331706091375,9.77556773289107e-20,"Upregulated"
"C6orf141",1.96900680750531,9.95060408341103e-20,"Upregulated"
"IGHV3-62",2.32803531720968,1.0074079610018e-19,"Upregulated"
"AC010275.1",4.70620317348093,1.02592553791026e-19,"Upregulated"
"MIR4713HG",3.98437939274237,1.0266982820239e-19,"Upregulated"
"ATG9B",1.8690928251216,1.03467834456825e-19,"Upregulated"
"EXOSC4",1.08198560852688,1.04285392914772e-19,"Upregulated"
"CDX1",1.81804568476542,1.04529928144807e-19,"Upregulated"
"GAPDHP63",2.00325365170628,1.0604136709363e-19,"Upregulated"
"TMEM88B",2.91252769732593,1.07246111513074e-19,"Upregulated"
"AKAP13",-1.02895824435964,1.08783098652855e-19,"Downregulated"
"KIF3AP1",3.69496495078645,1.08866105740411e-19,"Upregulated"
"AC004834.1",1.94181834078268,1.09192148816564e-19,"Upregulated"
"SLC31A2",-1.31257603512899,1.09882039618152e-19,"Downregulated"
"AC053503.1",2.26949617586079,1.09882039618152e-19,"Upregulated"
"LINC00944",2.08741566569499,1.10945026704345e-19,"Upregulated"
"AL034351.4",4.35133507095974,1.11741450858498e-19,"Upregulated"
"CCN6",3.17892048279686,1.12172957441388e-19,"Upregulated"
"CDA",2.43413047303816,1.12319611194848e-19,"Upregulated"
"TPSAB1",-1.76174085667671,1.13735293014295e-19,"Downregulated"
"PGGHG",1.94477059826417,1.16633771871643e-19,"Upregulated"
"STRC",3.03564121679293,1.1684194151795e-19,"Upregulated"
"AC007529.2",2.71097349109633,1.17524123040812e-19,"Upregulated"
"CDC14A",-1.02851969647765,1.19745514261468e-19,"Downregulated"
"LMNB2",1.00310848521169,1.19972819736733e-19,"Upregulated"
"DUSP8",-1.15449225933214,1.24821294435392e-19,"Downregulated"
"CREG2",2.50135285975902,1.25059163710818e-19,"Upregulated"
"ASPRV1",-1.05615198609428,1.26541003026134e-19,"Downregulated"
"AC078820.1",3.52376418544519,1.27463265468766e-19,"Upregulated"
"PPP2R3B",1.0014051007506,1.28531385430248e-19,"Upregulated"
"SMOX",1.48421486386221,1.29277227460057e-19,"Upregulated"
"LINC01070",-3.62596601146711,1.32247481391147e-19,"Downregulated"
"AL109761.1",3.04179853137493,1.32968422482328e-19,"Upregulated"
"AL158211.1",-1.5631053815749,1.3392838159052e-19,"Downregulated"
"TTLL11-IT1",3.27024848498769,1.35884346516502e-19,"Upregulated"
"ZG16B",2.50072025611036,1.36988851410316e-19,"Upregulated"
"LPL",-2.0919479590022,1.39407055004686e-19,"Downregulated"
"GPR87",3.92780794830694,1.40042097958034e-19,"Upregulated"
"AC105137.2",1.88146573313309,1.40943149338565e-19,"Upregulated"
"KCNJ5",-1.80442917163976,1.42408684156232e-19,"Downregulated"
"GLB1L2",1.46277214465439,1.42733860808486e-19,"Upregulated"
"IGHV5-10-1",3.10484714365436,1.46357716337176e-19,"Upregulated"
"AC254629.1",3.99113347389233,1.47207291073504e-19,"Upregulated"
"H1-2",1.6944492625748,1.47430086302492e-19,"Upregulated"
"AF127577.3",5.80158214095433,1.4788926264773e-19,"Upregulated"
"IGHV3-21",2.25275751411581,1.53500342696402e-19,"Upregulated"
"HOXB8",3.36124847061892,1.54255592690577e-19,"Upregulated"
"AC109583.1",3.24302807760789,1.58123106623523e-19,"Upregulated"
"AMIGO1",-1.0816826475448,1.59535426352153e-19,"Downregulated"
"LINC01738",-3.2818037508603,1.61361597006363e-19,"Downregulated"
"ZBTB16",-2.37973800088018,1.65703435835478e-19,"Downregulated"
"SAMD14",-1.12424987922302,1.66129783017115e-19,"Downregulated"
"CFAP20DC",1.45657863198985,1.6622449491023e-19,"Upregulated"
"MIR503HG",1.81325681197058,1.6836629797076e-19,"Upregulated"
"SGK1",-1.20599218355036,1.68584003774424e-19,"Downregulated"
"VSTM4",-1.24743503143286,1.69769182477822e-19,"Downregulated"
"AC024337.2",-1.69521325467459,1.71115273277017e-19,"Downregulated"
"DLEU1",1.46209194237007,1.72485026308669e-19,"Upregulated"
"FGA",3.87335792802902,1.73265083377095e-19,"Upregulated"
"SIGLEC16",-1.70985781379497,1.75784686489094e-19,"Downregulated"
"AC132192.2",1.50087643624829,1.75957693349528e-19,"Upregulated"
"HYAL1",-1.89756563508959,1.7623842717318e-19,"Downregulated"
"AC133681.1",3.71700976021038,1.78344411516895e-19,"Upregulated"
"MTHFD1P1",2.32427750755519,1.79736566736312e-19,"Upregulated"
"TFF3",3.01829444098876,1.82590304050477e-19,"Upregulated"
"AC007342.5",1.59780142449455,1.86161404960211e-19,"Upregulated"
"FCRL4",2.51128507006386,1.91751521935642e-19,"Upregulated"
"AC106795.1",1.11297391781229,1.9701374686398e-19,"Upregulated"
"FOXD3",3.76501851360383,1.97739265739763e-19,"Upregulated"
"SNORD14E",2.24759852086478,1.99987795477964e-19,"Upregulated"
"DNASE1L2",1.73830191128465,2.02351875336006e-19,"Upregulated"
"ARHGEF37",-1.33933023046055,2.02971005880074e-19,"Downregulated"
"LINC01535",2.21282637583383,2.04010946654678e-19,"Upregulated"
"H2BC12",1.34918278806158,2.06813917778804e-19,"Upregulated"
"C1QL2",4.16731548120028,2.11756448220185e-19,"Upregulated"
"TNNC2",2.89327791528105,2.1352265131076e-19,"Upregulated"
"ACSS3",-1.62190341868107,2.13706269627768e-19,"Downregulated"
"TRGV7",-1.39406388591866,2.17674581676628e-19,"Downregulated"
"OLA1P1",1.18147852196718,2.18165290689299e-19,"Upregulated"
"CPLX2",4.72545362106441,2.20596309208715e-19,"Upregulated"
"LINC02594",3.35662439936154,2.22689768374545e-19,"Upregulated"
"ZNF670-ZNF695",3.47917669933784,2.26672826536488e-19,"Upregulated"
"MKRN2OS",1.51713812398921,2.26980602663644e-19,"Upregulated"
"AC130686.1",2.55637330295204,2.2731777722045e-19,"Upregulated"
"ESPNP",2.71799831237411,2.31103271452948e-19,"Upregulated"
"WFDC2",1.7375347658567,2.33993577512499e-19,"Upregulated"
"AL355353.1",1.3707162833072,2.35519687105688e-19,"Upregulated"
"WASF1",1.25189615058237,2.37608386123373e-19,"Upregulated"
"IGHV3-52",2.53992321701399,2.37984928391183e-19,"Upregulated"
"AP000357.2",-2.96015665719216,2.38546647979242e-19,"Downregulated"
"AC135068.3",2.45975414083079,2.39766782056143e-19,"Upregulated"
"LINC02562",2.20063811011867,2.40414664410452e-19,"Upregulated"
"LINC00880",3.32785442015124,2.41390372512098e-19,"Upregulated"
"CFB",1.59013539597923,2.42581125159029e-19,"Upregulated"
"IGKV2D-29",2.52062996843961,2.4362304793414e-19,"Upregulated"
"KRTCAP2",1.26872121916741,2.44469943379852e-19,"Upregulated"
"IGHV3-35",2.41863042479291,2.4712273090461e-19,"Upregulated"
"AC006042.1",1.42960028008898,2.48288062173956e-19,"Upregulated"
"HAGLROS",2.30670941645847,2.48620797054425e-19,"Upregulated"
"LINC02015",2.48896566198918,2.51641152336678e-19,"Upregulated"
"PRTFDC1",1.25566249798932,2.53595389722799e-19,"Upregulated"
"AL445183.2",3.26562893122165,2.5877828692895e-19,"Upregulated"
"AC004156.1",1.74982058478924,2.58969627274236e-19,"Upregulated"
"NRN1",-1.67160698975849,2.59206579222555e-19,"Downregulated"
"SLC16A3",1.3140410081172,2.60150132568933e-19,"Upregulated"
"AC090945.1",3.44423210742333,2.60360000405602e-19,"Upregulated"
"HOXC6",2.33028018608872,2.6646307279035e-19,"Upregulated"
"LINC01968",2.68738870116764,2.69147921385985e-19,"Upregulated"
"MAMDC4",1.54870568640284,2.70309403522961e-19,"Upregulated"
"FOXA1",1.38501234083869,2.73424067576199e-19,"Upregulated"
"NCAPD2",1.02406782357185,2.74309236103458e-19,"Upregulated"
"C5orf64",-1.80450208737312,2.77379028971207e-19,"Downregulated"
"AC062028.1",1.98582647072968,2.78447401405817e-19,"Upregulated"
"IGHV3-79",2.65978945850423,2.78854761889886e-19,"Upregulated"
"AC015712.1",1.97941396478597,2.82220263717595e-19,"Upregulated"
"TEX55",4.01197648284962,2.83218766754133e-19,"Upregulated"
"NUP210",1.09836130703992,2.84895002055646e-19,"Upregulated"
"HIF1A-AS3",2.17948902649428,2.90136124444547e-19,"Upregulated"
"ANKRD18B",2.79404142678419,2.93767110081956e-19,"Upregulated"
"GTF2IP20",1.18955704820989,2.987172248709e-19,"Upregulated"
"MCMDC2",1.2577521100066,3.00670138206105e-19,"Upregulated"
"AC114811.2",1.70622783700914,3.00670138206105e-19,"Upregulated"
"C11orf91",-2.06176235324395,3.02123965556612e-19,"Downregulated"
"TET1",1.6002055316268,3.02527874895422e-19,"Upregulated"
"AC137936.1",3.17752970363921,3.08601977469204e-19,"Upregulated"
"IGLC6",2.21801963113341,3.08824857801749e-19,"Upregulated"
"AC145676.1",2.37537639972142,3.11348386781324e-19,"Upregulated"
"AC007493.1",5.7990927088856,3.16772163336878e-19,"Upregulated"
"AF131215.5",-1.60607418963205,3.19307879045091e-19,"Downregulated"
"MCRIP2",1.09891938292836,3.23493196888901e-19,"Upregulated"
"KAZN",-1.29033078964289,3.24475345185545e-19,"Downregulated"
"LINC00032",-2.11115030342666,3.27849596594456e-19,"Downregulated"
"ZNF93",1.20558519268336,3.29510246339563e-19,"Upregulated"
"NR0B1",5.99389101298767,3.31450679694646e-19,"Upregulated"
"CASP1P2",2.22939077491356,3.34576369509614e-19,"Upregulated"
"ZGRF1",1.11574673183637,3.43009355204123e-19,"Upregulated"
"FAM189A1",-2.14675136370708,3.4914898114641e-19,"Downregulated"
"ERN2",3.07888946693876,3.52955296160495e-19,"Upregulated"
"AL358115.1",2.15987445701994,3.63287588282275e-19,"Upregulated"
"MAOB",-1.53544259456403,3.676105812292e-19,"Downregulated"
"AC073140.2",3.39188417352585,3.75352185633405e-19,"Upregulated"
"CHRNA6",1.90440703467479,3.78269448551967e-19,"Upregulated"
"SDF2L1",1.0964028318142,3.78692795148394e-19,"Upregulated"
"SLC35F3",2.19788715017702,3.80267653950997e-19,"Upregulated"
"AL512413.1",2.11127764669825,3.82366449702219e-19,"Upregulated"
"JPH2",-1.51361474201483,3.84642654875556e-19,"Downregulated"
"UBE2QL1",2.21912587075075,3.85437507958227e-19,"Upregulated"
"AL390719.2",1.81505071884673,3.91096994201836e-19,"Upregulated"
"AC006262.1",2.45085385294093,3.92669754005608e-19,"Upregulated"
"AL606489.1",1.93626657819279,3.93869862362049e-19,"Upregulated"
"AC104836.1",-1.33189297726483,4.02200759713301e-19,"Downregulated"
"PPM1J",1.42034506628725,4.03521237462666e-19,"Upregulated"
"AP001931.2",2.04578380556237,4.13976100205205e-19,"Upregulated"
"HCK",-1.33481807067045,4.14855033052264e-19,"Downregulated"
"RPS17",1.00983116383602,4.28932449186232e-19,"Upregulated"
"CD19",1.97038993708751,4.29704601875595e-19,"Upregulated"
"LINC01667",6.77758132647384,4.30067614150333e-19,"Upregulated"
"LINC01561",3.30229936614466,4.33187730261609e-19,"Upregulated"
"HS3ST1",1.51837033421386,4.37073808504139e-19,"Upregulated"
"CELA2B",-1.51310826181541,4.37834590150083e-19,"Downregulated"
"AC103740.2",3.55012902542449,4.47274179944383e-19,"Upregulated"
"AC091588.3",-2.05137190053288,4.52293931060746e-19,"Downregulated"
"LINC02398",3.84504481489367,4.55210602046968e-19,"Upregulated"
"SLC5A5",3.1539564693838,4.56235313796629e-19,"Upregulated"
"LAPTM5",-1.20950059384682,4.5910936863877e-19,"Downregulated"
"AC005914.1",2.27857760485807,4.61565891345157e-19,"Upregulated"
"JUN",-1.10253497570501,4.62416228625334e-19,"Downregulated"
"CHML",1.33193781837123,4.62714335131319e-19,"Upregulated"
"AL031777.2",2.78338680554572,4.63065603625591e-19,"Upregulated"
"AC007920.2",-2.13545701103346,4.66755324011711e-19,"Downregulated"
"CYP4B1",-2.54177504556194,4.70381979113994e-19,"Downregulated"
"TMEM220",-1.27775012827033,4.74347101762338e-19,"Downregulated"
"AC131009.3",1.31931465181427,4.80233848825821e-19,"Upregulated"
"AC141930.1",2.65751871079483,4.81530221351165e-19,"Upregulated"
"SCRIB",1.05604464166568,4.81578474205663e-19,"Upregulated"
"SLC41A2",1.12704236642398,4.82785582628708e-19,"Upregulated"
"CCDC24",1.01646140474398,4.83082025973708e-19,"Upregulated"
"IGKV1-27",2.25759287767608,4.90266411377543e-19,"Upregulated"
"FCER1G",-1.24925999854359,4.96910884291057e-19,"Downregulated"
"AC144450.1",2.61426695605706,4.98486090395974e-19,"Upregulated"
"CYP2D7",1.64982418996691,5.04555724138376e-19,"Upregulated"
"CYP2D6",1.84775380096,5.05169324230971e-19,"Upregulated"
"LINC01836",-1.64077062143735,5.07681332361412e-19,"Downregulated"
"SLC1A7",3.00616128292235,5.13754775566264e-19,"Upregulated"
"AC004221.1",3.00428198230146,5.22365932289529e-19,"Upregulated"
"CHMP4C",1.03568565535052,5.24848857052874e-19,"Upregulated"
"AC009093.10",-2.19635388116604,5.24900641503979e-19,"Downregulated"
"SLITRK2",-2.41927588591566,5.29055105129771e-19,"Downregulated"
"PRCD",-1.03891722959901,5.31657564962029e-19,"Downregulated"
"MYO1F",-1.06058574824969,5.35941779322761e-19,"Downregulated"
"AC012531.1",3.77472415286541,5.37199285033592e-19,"Upregulated"
"GCGR",3.42865273285158,5.47560461631362e-19,"Upregulated"
"SNORD46",2.15539017134824,5.51051561942419e-19,"Upregulated"
"AC138904.3",3.3390510595815,5.57696245285418e-19,"Upregulated"
"BTG2",-1.31310731598063,5.60494000738017e-19,"Downregulated"
"AC073957.3",1.51171145824358,5.61665891401559e-19,"Upregulated"
"PACRG-AS3",-3.49556506226102,5.62942108640696e-19,"Downregulated"
"TPPP",-1.69097465854443,5.68974044173511e-19,"Downregulated"
"AC131011.1",1.84979178930523,5.78348198952492e-19,"Upregulated"
"LINC02387",3.46871840799605,6.07186734314032e-19,"Upregulated"
"LINC01393",2.0900714159648,6.08504712032072e-19,"Upregulated"
"AC010761.4",1.70276853482842,6.09914067068728e-19,"Upregulated"
"AL157931.1",3.46467569462048,6.11161567301522e-19,"Upregulated"
"KCNK5",1.46826634183492,6.15048040514281e-19,"Upregulated"
"FAM81A",1.38206299616964,6.40562418754666e-19,"Upregulated"
"AC020891.2",4.28384553250454,6.4160912379557e-19,"Upregulated"
"ECRG4",-2.54052651103633,6.53036246511371e-19,"Downregulated"
"IGLV3-10",2.40867453640478,6.57894171700834e-19,"Upregulated"
"FBXW11P1",1.86616311036525,6.61024517870456e-19,"Upregulated"
"IGKV1D-16",2.40690237734572,6.79084245425161e-19,"Upregulated"
"CSTL1",4.42876021793187,6.84523156254705e-19,"Upregulated"
"H2AC12",4.67837011959412,6.94018491067311e-19,"Upregulated"
"LINC01409",1.66785012752324,7.0195371693178e-19,"Upregulated"
"IGLL1",2.99945110124617,7.02866432505731e-19,"Upregulated"
"AC010198.2",2.31767157633453,7.067856606736e-19,"Upregulated"
"DLX3",2.16409174900349,7.37597525801014e-19,"Upregulated"
"GPSM2",1.0669665274201,7.37597525801014e-19,"Upregulated"
"AC007750.1",2.07231288897056,7.38968076709125e-19,"Upregulated"
"TLCD2",-1.04552923493126,7.40731483071193e-19,"Downregulated"
"AKR1C1",3.23183094960622,7.41636196602605e-19,"Upregulated"
"GJC2",-1.42343748392272,7.66117709614543e-19,"Downregulated"
"AL035252.2",3.50372735856186,7.66342813399747e-19,"Upregulated"
"ALG1L3P",4.12285154896223,7.73592248529773e-19,"Upregulated"
"PKIG",-1.15020417129613,7.75292211214581e-19,"Downregulated"
"AC116025.2",3.18759135149976,8.07902901992313e-19,"Upregulated"
"TMEM92-AS1",1.55516904880217,8.25582084742333e-19,"Upregulated"
"USH1G",3.48400342575054,8.350457766365e-19,"Upregulated"
"DPY19L1",1.11658001504476,8.44292254582917e-19,"Upregulated"
"AKR1C4",3.85942361505514,8.46400611565832e-19,"Upregulated"
"AC021851.1",1.35481769619382,8.50605389630769e-19,"Upregulated"
"BMPER",-2.19421533891957,8.54126574594623e-19,"Downregulated"
"AC000082.1",-2.39421472243228,8.59806351293269e-19,"Downregulated"
"NME2",1.28130531218137,8.63328888333867e-19,"Upregulated"
"PLXNA3",1.01070663555164,8.80506764227841e-19,"Upregulated"
"VSTM2L",2.04493499949717,8.82758084697335e-19,"Upregulated"
"AC006064.3",2.16088549543045,9.0021212938272e-19,"Upregulated"
"AL135786.2",-1.71564228201148,9.04066679157538e-19,"Downregulated"
"IGHV3-20",2.48493036912324,9.43286379787631e-19,"Upregulated"
"LINC01547",1.37607594823229,9.44539168941116e-19,"Upregulated"
"CASC19",2.93366881958549,9.44539168941116e-19,"Upregulated"
"AC024270.4",-1.50686267285125,9.58067172840774e-19,"Downregulated"
"SIRPB2",-1.23933919731669,9.62051193568782e-19,"Downregulated"
"PRSS46P",2.66098077205747,9.65265137962138e-19,"Upregulated"
"H2BC13",2.90985078233895,9.68066343678236e-19,"Upregulated"
"RSKR",1.20867657533774,9.78517964296574e-19,"Upregulated"
"LINC01970",2.07805500958581,9.819833823695e-19,"Upregulated"
"AC140479.5",3.35695250080672,9.83150952473573e-19,"Upregulated"
"ENDOU",-1.60186644668603,9.84240571843318e-19,"Downregulated"
"PPARG",-1.58621298813496,9.90127660535366e-19,"Downregulated"
"LINC01843",2.2132892235562,9.99212576400595e-19,"Upregulated"
"CHIAP2",-3.71087835130067,1.00495426474439e-18,"Downregulated"
"ADAMTS9-AS1",-2.16879483354764,1.01304065600339e-18,"Downregulated"
"CNGB3",2.8562574277882,1.0133056857023e-18,"Upregulated"
"AL645608.6",3.34064755394709,1.01394367120323e-18,"Upregulated"
"AC062029.1",1.27334549995366,1.0178768894442e-18,"Upregulated"
"SULT1A1",-1.27225406338826,1.02238271408399e-18,"Downregulated"
"LINC00342",2.18064296973037,1.02717645687287e-18,"Upregulated"
"IGKV1D-12",2.55491088597342,1.02717645687287e-18,"Upregulated"
"GRM4",2.71837675910942,1.05857764586209e-18,"Upregulated"
"ECM2",-1.24108732859562,1.06170570354785e-18,"Downregulated"
"NOXA1",1.38683857204328,1.07065194405768e-18,"Upregulated"
"AC069277.1",4.45289706684668,1.07815226787982e-18,"Upregulated"
"STXBP5L",3.99273154626164,1.08095637404699e-18,"Upregulated"
"SENCR",-1.34554505017573,1.08451443054419e-18,"Downregulated"
"LHB",2.10135050336629,1.0951755652294e-18,"Upregulated"
"AP000873.2",1.2822976228343,1.10226885720944e-18,"Upregulated"
"ZNF215",1.54428537593966,1.10431629838227e-18,"Upregulated"
"KLHL2P1",1.90362792631754,1.10431629838227e-18,"Upregulated"
"TGM5",3.06926481416508,1.11584615382882e-18,"Upregulated"
"PNPLA5",5.1043547767277,1.12403348323996e-18,"Upregulated"
"AC133644.1",2.05124461641419,1.12977691404603e-18,"Upregulated"
"OAZ3",1.01508795310019,1.14373878540471e-18,"Upregulated"
"CD244",-1.3519692175266,1.17187371687441e-18,"Downregulated"
"IGHV1OR16-1",3.11059806557694,1.18192213428818e-18,"Upregulated"
"AC100821.1",1.84244680122063,1.18454423564703e-18,"Upregulated"
"AL445623.2",3.60901939442736,1.18454423564703e-18,"Upregulated"
"PURPL",3.75719065939417,1.2314720018579e-18,"Upregulated"
"AC092354.2",-1.01131883454813,1.23858464318119e-18,"Downregulated"
"RPS16P9",4.7559641792702,1.2499591926372e-18,"Upregulated"
"H2BC14",5.06651823449069,1.26307846385605e-18,"Upregulated"
"KNSTRN",1.05571796624372,1.26434058394466e-18,"Upregulated"
"AL365256.1",4.4183114329007,1.26960710272365e-18,"Upregulated"
"IGKV6-21",2.68936448414535,1.27987949812793e-18,"Upregulated"
"ITGB4",1.67097834337728,1.29398184395976e-18,"Upregulated"
"AC090820.2",3.86011811540997,1.29619098435684e-18,"Upregulated"
"AL356417.2",2.24171879714637,1.31139068871855e-18,"Upregulated"
"AC114316.1",3.60982409520834,1.38700592217706e-18,"Upregulated"
"NARF-AS1",2.03985633583659,1.39083221419166e-18,"Upregulated"
"GFRA3",2.93382163326801,1.40466902478203e-18,"Upregulated"
"IGHV1-69",2.56749833520269,1.41715833270719e-18,"Upregulated"
"CTAGE7P",1.52107654762908,1.42013272206068e-18,"Upregulated"
"HOXC8",2.68896253134624,1.42358673503254e-18,"Upregulated"
"AC136428.1",2.47262034903634,1.42541175695838e-18,"Upregulated"
"LINC01287",4.29474687984662,1.42735310230708e-18,"Upregulated"
"GPRIN2",-1.66803814189869,1.43557731787292e-18,"Downregulated"
"KRT18",1.18898271902546,1.46036718643617e-18,"Upregulated"
"AC083880.1",1.60428402665402,1.48074679810709e-18,"Upregulated"
"SLCO1B1",5.19826774937896,1.48953523891917e-18,"Upregulated"
"LSAMP",-1.41679263504114,1.49938557840757e-18,"Downregulated"
"PNMA6A",2.1225745563929,1.51856477605424e-18,"Upregulated"
"PFN4",1.18770724930558,1.54496894343418e-18,"Upregulated"
"EMBP1",1.48582355649245,1.56015398672459e-18,"Upregulated"
"NDNF",-1.80550239784901,1.58008688357422e-18,"Downregulated"
"TNFAIP8L3",-1.20265887044633,1.58544454472831e-18,"Downregulated"
"P3H2",-1.93215263603941,1.58983580734583e-18,"Downregulated"
"GPX8",1.21739633324898,1.59063135693287e-18,"Upregulated"
"AC124944.1",1.76693417596742,1.60952837186691e-18,"Upregulated"
"ADGRB1",2.23910214192749,1.63451693407799e-18,"Upregulated"
"GLYATL2",3.83591763565434,1.64178331714692e-18,"Upregulated"
"KLHL7-DT",1.61956774665842,1.66111589686481e-18,"Upregulated"
"AC087379.1",4.19405009181646,1.66217785820879e-18,"Upregulated"
"C1orf105",3.38561138005598,1.67233078636112e-18,"Upregulated"
"PLSCR2",1.87455659173158,1.71985142361141e-18,"Upregulated"
"KCNG2",1.98901210429508,1.75901831159749e-18,"Upregulated"
"LINC01587",3.0642618929021,1.7630516807249e-18,"Upregulated"
"CHST15",1.00137581258138,1.78211925823311e-18,"Upregulated"
"AC104260.2",-1.8598070410262,1.80863443203693e-18,"Downregulated"
"KRT8P39",1.6770953177445,1.84446177774082e-18,"Upregulated"
"HDAC10",1.20750868387106,1.85176792076768e-18,"Upregulated"
"IGHV4-31",2.32181562623843,1.86108319027319e-18,"Upregulated"
"PAQR6",1.66310078910255,1.86906809273586e-18,"Upregulated"
"IGHV3-73",2.6292090922843,1.89083565506663e-18,"Upregulated"
"H2AC20",2.16463105929015,1.89590560542937e-18,"Upregulated"
"IL20RA",-1.73136198794266,1.89786820155085e-18,"Downregulated"
"PDCD6",1.20944123804962,1.93032868344211e-18,"Upregulated"
"LACTB2-AS1",1.7203613616126,1.94806754288493e-18,"Upregulated"
"B4GALNT2",3.38281560453418,1.99535110308469e-18,"Upregulated"
"SIGLEC5",-1.61451596522603,1.99918487852073e-18,"Downregulated"
"SNORA38B",4.24100348836774,2.02147643640343e-18,"Upregulated"
"WNT9A",-1.27327819276152,2.03352932584593e-18,"Downregulated"
"AC090772.4",1.59948077916676,2.04245608740837e-18,"Upregulated"
"AL031123.2",1.3446955659874,2.0460765313035e-18,"Upregulated"
"FLJ12825",2.15615127218333,2.04821921312132e-18,"Upregulated"
"AL135841.1",-2.40213982157199,2.05427917971488e-18,"Downregulated"
"HEYL",-1.01619598812332,2.05514695948647e-18,"Downregulated"
"TRIB3",1.28601627005308,2.08404602545443e-18,"Upregulated"
"SLC4A11",1.88418606520016,2.09647658615919e-18,"Upregulated"
"AL353708.3",1.6822063005955,2.12356269509694e-18,"Upregulated"
"RILP",-1.00056127035576,2.12537787218989e-18,"Downregulated"
"AL160313.1",-1.36968746172433,2.17853608905009e-18,"Downregulated"
"TPRG1",-1.43344945783746,2.20303833996947e-18,"Downregulated"
"MIR2052HG",3.91423751029197,2.20667227359392e-18,"Upregulated"
"HMGB2P1",2.32668610319702,2.21377070686932e-18,"Upregulated"
"LINC00682",5.09496978668968,2.21405372027614e-18,"Upregulated"
"ADAM32",1.75280828119497,2.2489325213428e-18,"Upregulated"
"RGS9BP",-1.70032452766975,2.25113613127985e-18,"Downregulated"
"NFKBIA",-1.03964607105525,2.29372307988693e-18,"Downregulated"
"MLLT11",2.11064418420571,2.31836221120388e-18,"Upregulated"
"NEGR1",-1.6520325270094,2.34257194547426e-18,"Downregulated"
"AC010336.7",1.92262934387402,2.37056748760633e-18,"Upregulated"
"NUS1P2",3.55963899146009,2.40575558754551e-18,"Upregulated"
"AL591518.1",3.0617803399377,2.42904554549101e-18,"Upregulated"
"DTNB-AS1",2.25640601989596,2.44715129588386e-18,"Upregulated"
"PHLDB2",-1.39573344055917,2.48195391464386e-18,"Downregulated"
"ITGB2-AS1",1.72531090608436,2.50950633432069e-18,"Upregulated"
"PRC1-AS1",1.73493021471843,2.59554007331156e-18,"Upregulated"
"DCAF12L2",3.35461848287645,2.61092927023592e-18,"Upregulated"
"KLHL41",-1.46293393174637,2.61597071966233e-18,"Downregulated"
"SFTPA2",-2.68034722515425,2.63646554127247e-18,"Downregulated"
"AC026462.3",4.53317473037508,2.67201229058883e-18,"Upregulated"
"IGHV3-41",2.33457615231085,2.69202146867685e-18,"Upregulated"
"KLHDC7B",1.7963046205423,2.69450353229807e-18,"Upregulated"
"AL355974.1",-2.85745598368462,2.70328749937728e-18,"Downregulated"
"LRP8",1.3203199218646,2.73697232071195e-18,"Upregulated"
"SMTNL2",-1.72441862760271,2.74280523326701e-18,"Downregulated"
"SPRR2D",4.06898421479687,2.75315024301033e-18,"Upregulated"
"CADM3-AS1",-2.07594936301827,2.7824952956767e-18,"Downregulated"
"SLC26A1",1.04844347936378,2.78298735985818e-18,"Upregulated"
"FGF5",4.05224460277674,2.79817234639631e-18,"Upregulated"
"HKDC1",1.6993628570533,2.84803818291629e-18,"Upregulated"
"SEPTIN14P12",3.31619226985991,2.92866430532624e-18,"Upregulated"
"SIGLEC18P",-1.67987652317726,2.94494631225572e-18,"Downregulated"
"PPEF1",1.76900803148816,2.98517903198439e-18,"Upregulated"
"SNORA12",4.04696358639063,3.09718975991499e-18,"Upregulated"
"AL034417.2",1.66880802972938,3.10086554389235e-18,"Upregulated"
"CACNG5",3.4542528035835,3.10283570873665e-18,"Upregulated"
"MSH5-SAPCD1",1.76425143737297,3.12705488431808e-18,"Upregulated"
"CCSER1",1.60405350275487,3.13548439135183e-18,"Upregulated"
"Z97989.1",-1.1076149858636,3.15869785335639e-18,"Downregulated"
"CAMK2A",-1.52997296030297,3.21829337811964e-18,"Downregulated"
"SYCE3",1.87704711620278,3.21829337811964e-18,"Upregulated"
"TRPV3",1.85312383223566,3.26693187075472e-18,"Upregulated"
"RNF225",2.57557618835216,3.27434588626081e-18,"Upregulated"
"AC027801.1",1.57466068288996,3.30763313190208e-18,"Upregulated"
"TMOD2",-1.00177138945541,3.37098950562512e-18,"Downregulated"
"GSEC",1.31137553724688,3.38371440400901e-18,"Upregulated"
"AL591506.1",2.33846924098778,3.38371440400901e-18,"Upregulated"
"AC092691.1",-2.95447567405534,3.40404670368971e-18,"Downregulated"
"NOX1",1.31889250738199,3.40537912726424e-18,"Upregulated"
"SLC23A3",1.61717093108608,3.51910583388123e-18,"Upregulated"
"AL355076.2",2.14169246655197,3.54209136961298e-18,"Upregulated"
"AC073349.4",1.97611012774727,3.5468925105555e-18,"Upregulated"
"AGPAT4",-1.10519924887869,3.6231853512571e-18,"Downregulated"
"AC008764.8",1.23665397716494,3.65098424294416e-18,"Upregulated"
"ITGAL",-1.21218653090298,3.78153768212086e-18,"Downregulated"
"SCAMP5",1.1978999007592,3.80251774866606e-18,"Upregulated"
"IGHV3OR16-6",2.54300450940934,3.81843220283079e-18,"Upregulated"
"ZDHHC19",-1.87235724490449,3.83097662714869e-18,"Downregulated"
"AC069209.2",-1.41063658491264,3.84218209209642e-18,"Downregulated"
"AL357079.1",1.28031694796216,3.85080856271841e-18,"Upregulated"
"AC097468.1",2.00214528408926,3.86147304091186e-18,"Upregulated"
"MAGEA10",6.78297052001455,3.88231866088426e-18,"Upregulated"
"LHFPL4",3.5513512908269,3.89224006189068e-18,"Upregulated"
"ONECUT3",4.71405866199185,3.90929957775693e-18,"Upregulated"
"IGKV1OR2-6",2.41093134523372,3.98847058855318e-18,"Upregulated"
"GSG1L",-2.42630934827338,4.01876654210525e-18,"Downregulated"
"PLK5",3.57658531174751,4.08572495715315e-18,"Upregulated"
"AL353759.1",1.58297051036575,4.08618857880636e-18,"Upregulated"
"KCNK9",3.0604779508166,4.14981202477409e-18,"Upregulated"
"UGT1A10",6.70102556980634,4.15000284546797e-18,"Upregulated"
"CLIC3",-1.81855303511712,4.16160371338952e-18,"Downregulated"
"LINC02816",2.98958117987153,4.23303480570077e-18,"Upregulated"
"PNMA8C",-2.12235933256259,4.30907055609923e-18,"Downregulated"
"LIME1",1.46146074132585,4.35705172033932e-18,"Upregulated"
"DPP4-DT",2.25185836043063,4.38216118676132e-18,"Upregulated"
"AC010973.2",1.62225734180717,4.47089217566356e-18,"Upregulated"
"AC092810.3",3.41887279858348,4.47985354729891e-18,"Upregulated"
"RET",2.68337312543065,4.54181883351352e-18,"Upregulated"
"SRD5A3-AS1",1.56866035410135,4.54341772469353e-18,"Upregulated"
"SLC6A17",2.65445105687842,4.60968976693843e-18,"Upregulated"
"KMO",-1.28084095517915,4.65632354013813e-18,"Downregulated"
"MCC",-1.19701777431976,4.71397812326048e-18,"Downregulated"
"ISL1",4.19556940426624,4.72306573442772e-18,"Upregulated"
"OGFOD2",1.13180856969465,4.72306573442772e-18,"Upregulated"
"ID3",-1.15665820728188,4.75456038308822e-18,"Downregulated"
"H2AC9P",3.8728175365516,5.2299267073203e-18,"Upregulated"
"F5",2.33073579459063,5.35846520611546e-18,"Upregulated"
"IGKV3D-7",3.43341598048565,5.36880342048888e-18,"Upregulated"
"AC103705.1",4.34614364937869,5.37377967851043e-18,"Upregulated"
"F11",-2.85616714146828,5.39263868676188e-18,"Downregulated"
"C5orf46",2.11369052629726,5.40227569739651e-18,"Upregulated"
"TPD52",1.10206540877217,5.44756367483938e-18,"Upregulated"
"AL928596.1",3.95120401493586,5.47561102524146e-18,"Upregulated"
"LRRC14B",3.25076746854191,5.57312819919377e-18,"Upregulated"
"IGKV1-6",2.09021954611844,5.63131038082138e-18,"Upregulated"
"PCDHGA12",-1.31784822271212,5.67996911827647e-18,"Downregulated"
"SOBP",-1.42986575008271,5.74362329233531e-18,"Downregulated"
"CASZ1",-1.03159593521385,5.85817824226353e-18,"Downregulated"
"AF131215.6",-1.54202131266137,5.87377891330303e-18,"Downregulated"
"MIR497HG",-1.50075554327697,5.92670605483207e-18,"Downregulated"
"FCRL2",1.95597921318001,6.00354090041308e-18,"Upregulated"
"IGKV1D-8",2.18211352610536,6.0560113697441e-18,"Upregulated"
"NRROS",-1.08584022814715,6.29350700841849e-18,"Downregulated"
"PRDM13",4.99734566343732,6.31546288322233e-18,"Upregulated"
"NFE4",3.40534409754324,6.32501209725262e-18,"Upregulated"
"SATB2",1.28859420444651,6.37834482823137e-18,"Upregulated"
"ABLIM3",-1.42422900698578,6.39340769835055e-18,"Downregulated"
"MEIS1",-1.07492795726665,6.42429637528885e-18,"Downregulated"
"GET4",1.28171209368508,6.46068907357183e-18,"Upregulated"
"KRT3",3.44001751579871,6.51082673493661e-18,"Upregulated"
"IL5RA",-2.09339036148951,6.55240862540381e-18,"Downregulated"
"AC022144.1",1.57974062827758,6.79626480011771e-18,"Upregulated"
"SMIM31",2.69048871260717,6.86510515979038e-18,"Upregulated"
"HOMER3",1.01080185726786,7.00487417907953e-18,"Upregulated"
"AL137060.3",1.46835460820183,7.02538215681274e-18,"Upregulated"
"MYH6",3.6589623141318,7.05617007119929e-18,"Upregulated"
"LST1",-1.35553477504403,7.07375253266591e-18,"Downregulated"
"AL136452.1",-2.18117688843824,7.19584812007664e-18,"Downregulated"
"AL133153.2",2.59355649495454,7.19584812007664e-18,"Upregulated"
"SNORA23",4.718881820149,7.31851679197492e-18,"Upregulated"
"THEG",3.54928018335604,7.33407964651015e-18,"Upregulated"
"TDO2",1.63300141774038,7.35216713300728e-18,"Upregulated"
"CLDN14",1.92848881587147,7.35398217141181e-18,"Upregulated"
"RCCD1-AS1",1.58907255893154,7.46178997774253e-18,"Upregulated"
"PARD6B",-1.02979090477392,7.64963171657251e-18,"Downregulated"
"LINC02029",3.30807872711647,7.76522479119039e-18,"Upregulated"
"ADGRF1",2.42262230996983,7.81949559175729e-18,"Upregulated"
"IGLV5-45",2.38291479597378,7.88027910465132e-18,"Upregulated"
"AC114489.1",4.07164131528023,8.18912030368208e-18,"Upregulated"
"ADGRB2",1.52069984689633,8.28323428851604e-18,"Upregulated"
"VPREB3",1.9271299475471,8.41544974480618e-18,"Upregulated"
"H3C7",4.98659727290662,8.4739318064788e-18,"Upregulated"
"AC010996.1",1.82634573440231,8.47749488501955e-18,"Upregulated"
"GABRQ",3.26721760134322,8.50064358215258e-18,"Upregulated"
"ANKRD13B",1.26591383091293,8.95877093213335e-18,"Upregulated"
"Z95331.1",1.89629288606479,9.02054779490648e-18,"Upregulated"
"FRMPD3",1.94099277304519,9.09132164147551e-18,"Upregulated"
"AC245060.6",1.38661435262374,9.11206505667501e-18,"Upregulated"
"CNKSR2",-1.74836011013901,9.18632614817673e-18,"Downregulated"
"RXRG",-2.36539842141849,9.22425122100693e-18,"Downregulated"
"FSTL4",2.52068889155088,9.33999936494267e-18,"Upregulated"
"AC067817.2",-1.65379898997076,9.34155116823858e-18,"Downregulated"
"CALML5",5.13638547770704,9.40956553699618e-18,"Upregulated"
"AC127024.8",2.12565188458913,9.55299804773512e-18,"Upregulated"
"DENND2C",-1.11252485297793,9.68432253356467e-18,"Downregulated"
"NR4A1",-1.78338671984371,9.70170850496343e-18,"Downregulated"
"AL353807.3",1.14294072026946,9.77102155053396e-18,"Upregulated"
"THEGL",2.98695239671404,9.79547583529352e-18,"Upregulated"
"BNIP3P10",2.77623203669842,9.88822227996374e-18,"Upregulated"
"TMEM74B",-1.44510148200016,1.00030375476072e-17,"Downregulated"
"SSTR1",-2.2210450549106,1.00197115684158e-17,"Downregulated"
"RUNX3-AS1",2.43027694180912,1.00889693855308e-17,"Upregulated"
"ALOX12P2",2.04780929331972,1.02637384553778e-17,"Upregulated"
"AL096701.1",1.66820932813936,1.03097559789071e-17,"Upregulated"
"MYOZ1",-1.82767760323796,1.03601065785389e-17,"Downregulated"
"STPG3-AS1",2.15096951226037,1.0653355347715e-17,"Upregulated"
"AC092645.2",1.66777083363359,1.06623255053555e-17,"Upregulated"
"AC008610.1",1.37916036988776,1.07596983992368e-17,"Upregulated"
"AC005551.1",4.10915110267188,1.09150576551665e-17,"Upregulated"
"AP003472.1",2.72910122970483,1.09329544305982e-17,"Upregulated"
"TLX1",4.62082018786242,1.09592771996075e-17,"Upregulated"
"AL137009.1",-1.74107853083223,1.09745402945072e-17,"Downregulated"
"AC008771.1",1.04606237265069,1.10340347503877e-17,"Upregulated"
"AP001363.2",-1.48434137353127,1.10874904300201e-17,"Downregulated"
"AC105001.1",-1.29382319399987,1.11256792658902e-17,"Downregulated"
"AL136221.1",2.484695874674,1.12820057039216e-17,"Upregulated"
"B3GALNT1",-1.26717444950332,1.13655701882912e-17,"Downregulated"
"FUT8-AS1",1.3814567161406,1.14714522941977e-17,"Upregulated"
"COL1A2",1.48510208204995,1.16423679960425e-17,"Upregulated"
"AC009501.2",2.72938327546246,1.16513450194429e-17,"Upregulated"
"LINC02365",3.31845710419885,1.17916895980693e-17,"Upregulated"
"F7",2.85015740457065,1.18945672414405e-17,"Upregulated"
"CLDN9",2.28739034959188,1.20229960770633e-17,"Upregulated"
"SNRPCP1",4.59215208468532,1.20567179153646e-17,"Upregulated"
"TBXA2R",-1.017543562401,1.21610498633858e-17,"Downregulated"
"RAB25",1.0452769159993,1.21622864970707e-17,"Upregulated"
"KRT17",2.6975910107898,1.23063387977653e-17,"Upregulated"
"DPEP1",1.97786109860675,1.24276729119133e-17,"Upregulated"
"AL008628.1",-1.98994049904377,1.26439146453735e-17,"Downregulated"
"AP003119.3",1.7058414104874,1.27721165802991e-17,"Upregulated"
"HOXC-AS1",3.407353501973,1.28169436091223e-17,"Upregulated"
"FRG2EP",7.26606828999097,1.3009286157701e-17,"Upregulated"
"IL17REL",2.53086085841914,1.3019260560666e-17,"Upregulated"
"AC018629.1",2.76607417786965,1.31274186280801e-17,"Upregulated"
"TRIM16L",1.91618280309884,1.33455518359915e-17,"Upregulated"
"TPSB2",-1.86227055800319,1.3418641335919e-17,"Downregulated"
"AC087468.2",3.38434257643565,1.35654188518052e-17,"Upregulated"
"AC098827.1",-1.93006628198775,1.36571872851474e-17,"Downregulated"
"LINC02623",-2.13157986360673,1.38915212771418e-17,"Downregulated"
"DCLRE1CP1",-1.8679944551791,1.40015576574585e-17,"Downregulated"
"CCND2",-1.25112622625403,1.40535002563448e-17,"Downregulated"
"MANCR",3.44162129042983,1.41121362146296e-17,"Upregulated"
"SLA",-1.12994340906114,1.41191272114759e-17,"Downregulated"
"HOXD4",2.51268702986116,1.4357594337469e-17,"Upregulated"
"AC131206.1",2.94043034434534,1.4357594337469e-17,"Upregulated"
"IGHV3OR15-7",2.31901628589472,1.4384940920655e-17,"Upregulated"
"ADAMTS20",4.70091653014676,1.44066580786838e-17,"Upregulated"
"CASP14",6.6743474105811,1.45504100721161e-17,"Upregulated"
"AL365226.1",3.21300169490359,1.45504100721161e-17,"Upregulated"
"IGLV2-33",2.66047147518342,1.47567173447479e-17,"Upregulated"
"LINC01134",1.46271522481498,1.47822950296239e-17,"Upregulated"
"TMEM106C",1.02118491374493,1.52754876291102e-17,"Upregulated"
"AC091178.2",1.69344626320685,1.53657732269437e-17,"Upregulated"
"AC009121.3",1.723132733265,1.53813606326475e-17,"Upregulated"
"MRPL38",1.01397002703913,1.54269743925929e-17,"Upregulated"
"HOXA4",-1.67960708701934,1.55288364546178e-17,"Downregulated"
"LINC00513",2.43380215586567,1.55504135595509e-17,"Upregulated"
"AC132872.5",1.32342366004866,1.5574349942308e-17,"Upregulated"
"SNORD15B",3.13076374464579,1.58532873232685e-17,"Upregulated"
"AL078644.1",1.15365278618635,1.59548963561597e-17,"Upregulated"
"TMPOP2",2.29027435757957,1.60523649188205e-17,"Upregulated"
"AC092834.1",-2.92070458577775,1.61938934988728e-17,"Downregulated"
"APCDD1L-DT",2.62649412185728,1.64580701233921e-17,"Upregulated"
"IGKV1-12",2.09440884857351,1.68018627238339e-17,"Upregulated"
"GUCY2C",2.23439057499756,1.68710600771718e-17,"Upregulated"
"RNF182",-2.03746569321539,1.71792113041393e-17,"Downregulated"
"TSLP",-1.76075472613518,1.72742646128573e-17,"Downregulated"
"LINC02185",-1.84415270283813,1.7383793958242e-17,"Downregulated"
"AC112721.1",3.06698786810429,1.73996147039357e-17,"Upregulated"
"U62317.3",1.74464057064361,1.7554127159216e-17,"Upregulated"
"ERV3-1",1.56026760329475,1.75887489691149e-17,"Upregulated"
"AL161740.1",-3.51178536748987,1.78488342739845e-17,"Downregulated"
"AC026904.2",-1.5805079814617,1.78717024209539e-17,"Downregulated"
"AC005225.4",-1.13804443925969,1.79457993352703e-17,"Downregulated"
"PCYT1B",-1.97266720519,1.85370791795555e-17,"Downregulated"
"PGM5P4",-2.13643055808968,1.8601572876427e-17,"Downregulated"
"SLC25A21",1.90124124126364,1.87076643449669e-17,"Upregulated"
"GAS7",-1.0975123457138,1.87780313223139e-17,"Downregulated"
"SST",6.38268138099045,1.89350441136102e-17,"Upregulated"
"GGTLC3",-2.35259277509847,1.89533713899824e-17,"Downregulated"
"AL031123.3",1.42670032912971,1.90588587073477e-17,"Upregulated"
"LINC01389",1.59310966878872,1.95776322142229e-17,"Upregulated"
"IGLJ2",2.22605419196628,1.9725699091885e-17,"Upregulated"
"PRSS53",1.46886240523399,1.97582205421872e-17,"Upregulated"
"AL138789.1",3.67084426535232,1.98235606784754e-17,"Upregulated"
"U8",3.69848975115583,1.9919148296873e-17,"Upregulated"
"AL031710.2",2.36925375753196,1.99615803748973e-17,"Upregulated"
"GDA",3.24877500223204,2.00983634236332e-17,"Upregulated"
"AC024592.2",2.60156660261401,2.00983634236332e-17,"Upregulated"
"LINC02331",2.68455832226177,2.0176370718781e-17,"Upregulated"
"F10",-1.53753589860424,2.01935450628106e-17,"Downregulated"
"LRIG3",1.43260103988403,2.05371198212261e-17,"Upregulated"
"AC126323.1",2.67856939579617,2.07838598745219e-17,"Upregulated"
"LINC01792",3.51365263786003,2.08470077760615e-17,"Upregulated"
"AC114296.1",3.74812947173087,2.08470077760615e-17,"Upregulated"
"AC003965.2",2.13877958336854,2.08608467590776e-17,"Upregulated"
"PGM5P4-AS1",-2.04394597397758,2.09413794211371e-17,"Downregulated"
"AC008115.3",1.36160579448916,2.10396295121063e-17,"Upregulated"
"ANKRD7",2.2334123415157,2.10750047298509e-17,"Upregulated"
"CNTFR",-2.4454453835198,2.1136204831005e-17,"Downregulated"
"MTFP1",1.18006066090207,2.14073628918601e-17,"Upregulated"
"PEBP4",-2.58523261782565,2.14318810403637e-17,"Downregulated"
"RPL3L",1.89185497610705,2.14499708472835e-17,"Upregulated"
"TRHDE",-2.63788466075416,2.15011296745397e-17,"Downregulated"
"FBXO36P1",3.15823128971307,2.15383887382339e-17,"Upregulated"
"AL353586.1",4.54982431329123,2.1614969095868e-17,"Upregulated"
"RNU4-1",4.94961895486943,2.17630283500572e-17,"Upregulated"
"CENPN",1.03915308572422,2.18334090894402e-17,"Upregulated"
"SERPINA2",-3.43445390011029,2.28841054482951e-17,"Downregulated"
"APLN",-1.63154808788271,2.3036886862796e-17,"Downregulated"
"CHKB-CPT1B",2.1344755500383,2.30767888379006e-17,"Upregulated"
"IGKV1OR22-5",2.60218968148487,2.34310690524695e-17,"Upregulated"
"LBP",3.53412899319836,2.3791491034315e-17,"Upregulated"
"CXCL3",-1.74202063004726,2.45388525484467e-17,"Downregulated"
"AC010329.2",4.76368825986862,2.45599821569823e-17,"Upregulated"
"INSYN2A",2.27863877516712,2.54111289024256e-17,"Upregulated"
"IGHA2",2.06102720293326,2.54513053671101e-17,"Upregulated"
"PDPN",-1.34250393856952,2.5554865300082e-17,"Downregulated"
"SEC14L3",-3.06905830729421,2.55742912705502e-17,"Downregulated"
"VWDE",2.10640159757466,2.56468282286808e-17,"Upregulated"
"JAM3",-1.26483665731294,2.56477896232556e-17,"Downregulated"
"MAP6",-1.43365644488331,2.5668728036573e-17,"Downregulated"
"LENG8-AS1",1.00645860176623,2.57337788489018e-17,"Upregulated"
"CCBE1",-2.10227330611301,2.58587995133639e-17,"Downregulated"
"IGHVII-78-1",3.33434137744478,2.60248906648143e-17,"Upregulated"
"PP7080",1.65862686373503,2.60870865991156e-17,"Upregulated"
"SH2D6",2.25995729771135,2.64891519790603e-17,"Upregulated"
"AMBP",2.8536764530955,2.76708025440682e-17,"Upregulated"
"AC007014.2",1.92445036420599,2.79183729879456e-17,"Upregulated"
"AL031768.1",1.72010470004931,2.86811053735355e-17,"Upregulated"
"EPHB3",1.30914050341094,2.87371099780554e-17,"Upregulated"
"LRRIQ4",2.09079297211408,2.87371099780554e-17,"Upregulated"
"AC245100.2",2.1722099850435,2.88921175995689e-17,"Upregulated"
"AC069120.1",3.55448157086114,2.94051139592174e-17,"Upregulated"
"AL662890.1",2.759371674962,2.9563071981821e-17,"Upregulated"
"TFAP2C",1.19469738559765,2.96764537789182e-17,"Upregulated"
"CYP3A7",-2.12720957860935,2.97045269304726e-17,"Downregulated"
"IGHV1-14",2.73948536542038,3.02177392095824e-17,"Upregulated"
"COL9A3",1.73996401786822,3.17315982305214e-17,"Upregulated"
"LINC02257",2.20142136972619,3.18756054147984e-17,"Upregulated"
"TRIM47",1.00484692743247,3.18826764247668e-17,"Upregulated"
"ADRA1D",-1.91575441045723,3.40509213526729e-17,"Downregulated"
"KRT14",3.29452466671117,3.4198021824028e-17,"Upregulated"
"OPRD1",2.24314677273671,3.42106536637323e-17,"Upregulated"
"B3GAT1",2.25711331598221,3.46806948326242e-17,"Upregulated"
"SALL3",4.37962431546347,3.50461888542756e-17,"Upregulated"
"AQP10",-2.20905789672408,3.50689568695666e-17,"Downregulated"
"OSBPL6",-1.52499763213188,3.51565288878476e-17,"Downregulated"
"AL928654.1",1.11450355432037,3.51653332494693e-17,"Upregulated"
"GIPC2",-1.75185000389683,3.5616200185276e-17,"Downregulated"
"AGTR2",-3.00834436076364,3.58904116454534e-17,"Downregulated"
"AL355864.1",2.03750350277934,3.66389445867971e-17,"Upregulated"
"AC107223.1",-1.64966516291313,3.73465060996847e-17,"Downregulated"
"CCDC102B",-1.02070758309836,3.82323965554343e-17,"Downregulated"
"SPRY4",-1.14238980551428,3.86143049385221e-17,"Downregulated"
"AC018865.2",5.2799747162811,3.94327699630409e-17,"Upregulated"
"ZNF681",1.11120961663983,3.95697523996106e-17,"Upregulated"
"AL590004.3",2.33928443103178,4.01951320614237e-17,"Upregulated"
"GBP4",-1.32798356003665,4.15847198622957e-17,"Downregulated"
"NCF1",-1.31711178896866,4.18211387650103e-17,"Downregulated"
"IGLVI-70",3.07353183412363,4.19348497905353e-17,"Upregulated"
"AC125611.2",2.28210157451455,4.25931502539131e-17,"Upregulated"
"SFTPD",-2.24303320205446,4.26206483602507e-17,"Downregulated"
"ATP1B1",1.26310612641673,4.29531408201497e-17,"Upregulated"
"AC105219.1",3.03433883299012,4.31895111898442e-17,"Upregulated"
"TNFRSF17",1.83803365920419,4.32648868989652e-17,"Upregulated"
"IGLV3-16",2.43182022010741,4.37707609385638e-17,"Upregulated"
"BST1",-1.19522851675544,4.38318987167673e-17,"Downregulated"
"HEPHL1",2.31342697946603,4.4059399978129e-17,"Upregulated"
"IGHV2-70D",2.59625775763889,4.45973846650736e-17,"Upregulated"
"AC103563.1",2.7483271083114,4.47281343939201e-17,"Upregulated"
"AL031600.1",1.56936950470986,4.53804164274211e-17,"Upregulated"
"LINC02346",-2.66215079756102,4.61260338660678e-17,"Downregulated"
"BTBD16",2.16333926298115,4.62710488248721e-17,"Upregulated"
"CLEC4E",-1.6478355189392,4.74782147235132e-17,"Downregulated"
"SLC28A1",2.31848951544583,4.77512285976362e-17,"Upregulated"
"TEX22",1.4065836591561,4.79589075663816e-17,"Upregulated"
"AC023796.2",3.4331711454187,4.82633044685654e-17,"Upregulated"
"SCX",1.58141114155476,4.83323830221152e-17,"Upregulated"
"FAM43A",-1.19623413029723,4.85911010052293e-17,"Downregulated"
"LINC02253",5.10463669000205,4.91827513256734e-17,"Upregulated"
"AC005336.1",3.52165127706323,5.06502914620709e-17,"Upregulated"
"SIRPG",1.43134751669804,5.0862927519399e-17,"Upregulated"
"KCNK1",1.37236507908689,5.09869708559401e-17,"Upregulated"
"MIR34AHG",1.29839154888699,5.15314930911516e-17,"Upregulated"
"CHAT",4.67927004764869,5.19973958700067e-17,"Upregulated"
"AC131237.1",-1.97564990626424,5.22941591528682e-17,"Downregulated"
"AC026412.3",1.51340924083603,5.44176054850743e-17,"Upregulated"
"LRRK2",-2.00037664393073,5.49902827937468e-17,"Downregulated"
"TCF4",-1.090596419851,5.55189088489117e-17,"Downregulated"
"AP000553.4",2.89130259818932,5.57557667788912e-17,"Upregulated"
"LINC02734",-1.38892201298967,5.61978821498309e-17,"Downregulated"
"AC109583.3",-1.26418280595015,5.6201699328285e-17,"Downregulated"
"OR7E14P",1.12062374108819,5.6563695694517e-17,"Upregulated"
"FAR2P1",5.59108492124975,5.65744409100302e-17,"Upregulated"
"CXCL12",-1.27303242213685,5.69873709732464e-17,"Downregulated"
"C22orf34",-1.16836401780726,5.72533899547961e-17,"Downregulated"
"AL139023.1",5.46001414270313,5.7441057542795e-17,"Upregulated"
"ALDOA",1.1268572899457,5.80189097701471e-17,"Upregulated"
"NAGPA-AS1",-1.87494322830171,5.89241422444038e-17,"Downregulated"
"H3C6",1.86563570223126,5.98093105052948e-17,"Upregulated"
"PROK2",-2.05145923589341,6.01703920157978e-17,"Downregulated"
"BFSP2",1.95776905498287,6.04585148917424e-17,"Upregulated"
"AC087289.5",1.26143280716507,6.06388979497801e-17,"Upregulated"
"AL606970.1",4.59717514620964,6.09326867607394e-17,"Upregulated"
"PLAGL1",-1.18980347477537,6.12812182692487e-17,"Downregulated"
"AC026412.2",2.12939064251913,6.14064341767889e-17,"Upregulated"
"AL356095.1",-2.87519297403823,6.32554332221726e-17,"Downregulated"
"ASPHD2",1.34537506846366,6.38261758878153e-17,"Upregulated"
"IGKV1D-27",2.71407754795221,6.42498223835702e-17,"Upregulated"
"SLAMF9",1.91935925158832,6.46682330554996e-17,"Upregulated"
"RPL22L1",1.16220132368552,6.48092717375612e-17,"Upregulated"
"RNU6-415P",-1.40436384567992,6.67223007267959e-17,"Downregulated"
"LINC01971",3.2853675047832,6.76013144538516e-17,"Upregulated"
"TRPM2",1.19904671424768,6.76800244760851e-17,"Upregulated"
"AC110014.1",-2.23329635712491,6.88438573149166e-17,"Downregulated"
"AC021218.1",2.87764490963141,6.92057877611883e-17,"Upregulated"
"NEB",2.00425910348448,6.95645851383419e-17,"Upregulated"
"KRT78",2.54173391232844,6.96723996552149e-17,"Upregulated"
"CDKN2B",-1.31954778068258,7.00533663522638e-17,"Downregulated"
"SLC13A5",2.91085634842708,7.08016341136298e-17,"Upregulated"
"AC093281.2",3.92424388976771,7.10031723475024e-17,"Upregulated"
"TUSC8",3.96085711737615,7.24020959414333e-17,"Upregulated"
"LINC01275",1.79093667975796,7.35506613814239e-17,"Upregulated"
"AC079460.2",4.46503738495455,7.37290018266265e-17,"Upregulated"
"MMP14",1.16685341569708,7.38658290915488e-17,"Upregulated"
"AC061975.1",3.25763272205027,7.38658290915488e-17,"Upregulated"
"COBLP1",3.6801518792852,7.44235996156567e-17,"Upregulated"
"TNFSF4",1.25964914028454,7.50687540340094e-17,"Upregulated"
"AL132780.5",1.76843629164891,7.59880157530928e-17,"Upregulated"
"AC120036.3",2.36127604360497,7.63885527988671e-17,"Upregulated"
"Y_RNA",2.25392391880449,7.672552878945e-17,"Upregulated"
"HILPDA",1.57774888480337,7.74940809007042e-17,"Upregulated"
"AC025766.1",1.87462808100751,7.78435971163155e-17,"Upregulated"
"TNFAIP3",-1.14134148896157,7.84342991788657e-17,"Downregulated"
"AOC4P",-1.29952831289327,7.86035362548267e-17,"Downregulated"
"AP000866.2",-1.42187999037579,7.93825253207386e-17,"Downregulated"
"COX7B2",8.27895045721526,7.9961441407248e-17,"Upregulated"
"AL391684.1",1.13886897911227,8.0485595925388e-17,"Upregulated"
"NOX4",1.36158440545314,8.09349883879446e-17,"Upregulated"
"Z99129.3",2.71811137921933,8.22249838583495e-17,"Upregulated"
"CDK8P2",4.12396212395916,8.24362426574464e-17,"Upregulated"
"TCEAL7",-1.24494116105976,8.34740858190742e-17,"Downregulated"
"AP002856.2",-4.12192475320381,8.66125832989188e-17,"Downregulated"
"AC068946.1",1.71806138040496,8.67071389710917e-17,"Upregulated"
"AC116049.1",4.61746612317864,8.80523860193938e-17,"Upregulated"
"SORD2P",1.49983496012129,8.80523860193938e-17,"Upregulated"
"LINC02616",6.30894839846531,8.81349298449648e-17,"Upregulated"
"AL136114.1",3.87401524785931,8.82665011427394e-17,"Upregulated"
"SUGT1-DT",1.31035029913773,8.86837896758101e-17,"Upregulated"
"LINC01524",3.5225659840399,8.95658367720777e-17,"Upregulated"
"CAMK2B",2.5445587200984,8.96602793783455e-17,"Upregulated"
"AC136475.3",2.13074159431608,9.0037613531764e-17,"Upregulated"
"GPRC5A",-1.33371077294835,9.10613525925344e-17,"Downregulated"
"NSUN5P2",1.84212072519803,9.1073926552323e-17,"Upregulated"
"TMEM255B",-1.01985985103948,9.12412502214644e-17,"Downregulated"
"C6orf15",4.78847388552282,9.18626345811601e-17,"Upregulated"
"AL031599.1",-2.47742020429187,9.22190823349234e-17,"Downregulated"
"AC135068.9",3.68288474213668,9.36174831665325e-17,"Upregulated"
"LPO",2.38146450589953,9.37606388919594e-17,"Upregulated"
"RASSF8",-1.28539902220852,9.49532653500448e-17,"Downregulated"
"COL13A1",-1.2855410140468,9.51375066871607e-17,"Downregulated"
"BACE2",1.47547544248526,9.52737551590115e-17,"Upregulated"
"DOCK8",-1.04711607145162,9.61773721139462e-17,"Downregulated"
"HOXA11",4.0701514351028,9.73204354274924e-17,"Upregulated"
"SCARF1",-1.11555998690906,9.79474064841111e-17,"Downregulated"
"EXTL3-AS1",1.63474009978114,9.81856850959517e-17,"Upregulated"
"FAM86LP",2.94866296887521,9.90113281125085e-17,"Upregulated"
"TMEM92",1.28457845525353,9.9405979772204e-17,"Upregulated"
"TGFBR3L",2.05999311397369,9.98578800296239e-17,"Upregulated"
"RAET1L",3.89057041764255,1.00185552486333e-16,"Upregulated"
"AL590550.1",2.78968742409536,1.00817435055194e-16,"Upregulated"
"DAPK1",-1.09116562719005,1.0097976565528e-16,"Downregulated"
"AC114341.2",2.39800874055306,1.02282477404021e-16,"Upregulated"
"MUC20P1",1.79704418054937,1.03314903943196e-16,"Upregulated"
"RTEL1-TNFRSF6B",1.38465552555583,1.03334139098588e-16,"Upregulated"
"AC026780.2",-2.33052588299341,1.03485162900363e-16,"Downregulated"
"AC018892.3",2.74504737844394,1.04363081375351e-16,"Upregulated"
"LINC01616",-3.28222131441941,1.056027589707e-16,"Downregulated"
"AC090954.1",3.55238332098547,1.05968296711137e-16,"Upregulated"
"AC130466.1",-2.17173844961918,1.06044979480277e-16,"Downregulated"
"TMEM139",-1.91883838495672,1.06236118886129e-16,"Downregulated"
"MAPK8IP3",1.12976429346487,1.07110401076142e-16,"Upregulated"
"LINC02580",-1.32067571415975,1.08011436008979e-16,"Downregulated"
"PGLYRP1",-2.03557034184416,1.10069671914747e-16,"Downregulated"
"AC008870.2",1.2058013053806,1.11279000305865e-16,"Upregulated"
"AL359922.2",2.13992014755457,1.11760652234916e-16,"Upregulated"
"AP003119.2",1.89422909652669,1.1243483117624e-16,"Upregulated"
"DIABLO",1.10476964833018,1.13117367931023e-16,"Upregulated"
"ITGA2",1.5764782516648,1.13184914674026e-16,"Upregulated"
"H3C11",4.90016148421247,1.13187734904782e-16,"Upregulated"
"CLCA3P",3.16228249644256,1.13797468615383e-16,"Upregulated"
"AC016240.1",2.90518390203089,1.14773718024008e-16,"Upregulated"
"SLC16A11",-1.63464146362774,1.14871805823331e-16,"Downregulated"
"IGKV2-40",3.86620724118837,1.15097337522693e-16,"Upregulated"
"SCNN1D",1.50520931888154,1.15405335717498e-16,"Upregulated"
"AL353572.4",1.97277354682709,1.16283187839341e-16,"Upregulated"
"AC022126.1",1.72607010586577,1.16957261571397e-16,"Upregulated"
"LINC01979",2.43657308904823,1.17208669977261e-16,"Upregulated"
"FAM180B",-2.12439574624314,1.17373563453399e-16,"Downregulated"
"CCNL2",1.01239906672404,1.18125719077513e-16,"Upregulated"
"LINC01106",1.27805823537332,1.18272508434323e-16,"Upregulated"
"LCP1",-1.09441025893066,1.18579360442323e-16,"Downregulated"
"CNTNAP2",2.65203159662628,1.21321934993042e-16,"Upregulated"
"LINC01281",1.97449153028948,1.23170165171512e-16,"Upregulated"
"AC008180.3",4.18620895571057,1.23170165171512e-16,"Upregulated"
"OR7E38P",1.95892835407735,1.24632243294212e-16,"Upregulated"
"RN7SL4P",2.86438025150963,1.24694017443805e-16,"Upregulated"
"AC245884.3",1.65906097537397,1.25299590304636e-16,"Upregulated"
"CD24",1.428720960988,1.25317754881053e-16,"Upregulated"
"LINC01978",2.15001701274393,1.26677939713212e-16,"Upregulated"
"AL033530.1",5.31303058594993,1.2738139196538e-16,"Upregulated"
"STRCP1",2.21023875041146,1.28097113047997e-16,"Upregulated"
"HID1",1.02905841606353,1.28271153574501e-16,"Upregulated"
"AC069222.1",1.77446708915034,1.28482885621554e-16,"Upregulated"
"RNU6-1161P",2.49872522533304,1.32075408406808e-16,"Upregulated"
"THY1",1.27829156056052,1.33119088230498e-16,"Upregulated"
"MCM3AP-AS1",1.07429567408795,1.33826297400675e-16,"Upregulated"
"LEMD1-AS1",2.39807222542306,1.34301026254918e-16,"Upregulated"
"IGKV2-30",2.02817609267777,1.34797567715928e-16,"Upregulated"
"IGFL4",2.4947381168985,1.36411684879509e-16,"Upregulated"
"IGKV1OR2-11",2.78804893700011,1.36775011255191e-16,"Upregulated"
"AC021613.1",-2.17597010794001,1.39692302928862e-16,"Downregulated"
"GLIPR1L2",-1.32634291053975,1.40303169756679e-16,"Downregulated"
"BEND3P2",-2.42418351466189,1.40461088685147e-16,"Downregulated"
"NRG1",-1.75064216034987,1.40660757673583e-16,"Downregulated"
"AL359764.2",3.47619669238344,1.43681243597966e-16,"Upregulated"
"ITIH6",3.17252815353578,1.4392694557371e-16,"Upregulated"
"PTGDS",-1.48905112174615,1.44925477138318e-16,"Downregulated"
"SLC9A4",4.38898152796674,1.46165980324355e-16,"Upregulated"
"IGLV2-11",1.98503429164414,1.47623175425842e-16,"Upregulated"
"SFRP5",-2.62964414004847,1.50290964777697e-16,"Downregulated"
"CRYM-AS1",1.81163329479165,1.50385906331364e-16,"Upregulated"
"MSLNL",2.99861303968642,1.50388539750067e-16,"Upregulated"
"ELOVL4",1.97327646813473,1.51200726971111e-16,"Upregulated"
"LNCOC1",1.67176931287679,1.51745416944101e-16,"Upregulated"
"NHLRC4",-1.57871916687826,1.53676702241459e-16,"Downregulated"
"ANKRD34A",1.49489137520131,1.5686176982258e-16,"Upregulated"
"AC008764.6",1.07486561143741,1.61971874896091e-16,"Upregulated"
"PLAC4",3.30791176583681,1.6396001177752e-16,"Upregulated"
"MIR4717",-2.94148370476131,1.64543375938579e-16,"Downregulated"
"ZBTB8B",2.56279378005273,1.64685562076286e-16,"Upregulated"
"AC025265.1",1.73644106068534,1.66985358677942e-16,"Upregulated"
"KCTD16",-1.60832099727712,1.69396515246161e-16,"Downregulated"
"TUBA1A",-1.07682901850297,1.7018647879814e-16,"Downregulated"
"TAC4",2.23809421990911,1.74058071095066e-16,"Upregulated"
"ACTG1P22",2.86717560822394,1.74553551422409e-16,"Upregulated"
"HNRNPA1P27",2.1194600124965,1.75101774590746e-16,"Upregulated"
"ADAMTS15",-1.5211586729814,1.76477976354095e-16,"Downregulated"
"AC007569.1",1.55922027915965,1.7819370479001e-16,"Upregulated"
"FAXC",1.29382028513556,1.80660659832762e-16,"Upregulated"
"SAPCD1",1.75675502332894,1.82948176304047e-16,"Upregulated"
"ETNK2",1.33843646304393,1.8538947587778e-16,"Upregulated"
"LINC02830",4.48318297969248,1.85876475036305e-16,"Upregulated"
"AC138776.1",-1.9654359347138,1.86224316673151e-16,"Downregulated"
"HAPLN3",1.15178777357414,1.8758250067048e-16,"Upregulated"
"TCTE3",1.03838651896973,1.87938073901999e-16,"Upregulated"
"C1QTNF12",1.91064646866016,1.89103801616393e-16,"Upregulated"
"GAS1RR",-1.47672409275677,1.89574494010395e-16,"Downregulated"
"RNF157",1.54356948934397,1.90599479814835e-16,"Upregulated"
"EMB",1.23102843337835,1.90877307818845e-16,"Upregulated"
"AC068025.1",2.01180884089826,1.91652381385767e-16,"Upregulated"
"CU639417.5",3.39858631616868,1.91963709134211e-16,"Upregulated"
"H2AC4",4.35998141907615,1.98528041685221e-16,"Upregulated"
"GDPD4",2.05625973212234,2.00064948045037e-16,"Upregulated"
"CPA3",-1.69538504805876,2.00602976003684e-16,"Downregulated"
"CACNA1I",2.07466007049206,2.07538375385075e-16,"Upregulated"
"TRPA1",2.42773421930576,2.08295346516637e-16,"Upregulated"
"AP003548.1",-2.15905908527165,2.08597285909893e-16,"Downregulated"
"DEFA3",-3.58577078497577,2.10612546058601e-16,"Downregulated"
"WNT2B",-1.18316081467976,2.10787633985061e-16,"Downregulated"
"AC020928.1",2.63566195627577,2.10941180847075e-16,"Upregulated"
"TEKT3",-1.78436611805715,2.14189129199062e-16,"Downregulated"
"AC069547.1",1.13460831282714,2.15443700160561e-16,"Upregulated"
"ARSL",2.00752418978342,2.16210710488231e-16,"Upregulated"
"LINC00582",1.99384375598366,2.20303180793854e-16,"Upregulated"
"IGHV3-19",2.15797974164831,2.22365095833454e-16,"Upregulated"
"OGN",-2.15888124059064,2.23441484145551e-16,"Downregulated"
"AP002907.1",1.6206192957289,2.24065730650667e-16,"Upregulated"
"AWAT2",-2.60789086753727,2.25751932443223e-16,"Downregulated"
"AL359510.2",1.55192483404533,2.26559086426312e-16,"Upregulated"
"WDR64",1.79190490040231,2.31408208055328e-16,"Upregulated"
"CT75",1.99123329349785,2.33985771483945e-16,"Upregulated"
"LINC00466",3.7119124833291,2.35298875756154e-16,"Upregulated"
"LINC01807",4.23409487855654,2.35656540071755e-16,"Upregulated"
"AC010329.5",4.49729309457536,2.3790253612597e-16,"Upregulated"
"IGFL2-AS1",3.21825869382439,2.39601738870064e-16,"Upregulated"
"LINC02870",1.93667762957769,2.43650650526052e-16,"Upregulated"
"RAMP2-AS1",-1.7202118109469,2.46347436890168e-16,"Downregulated"
"PSMA6",1.07776571419588,2.4702920132563e-16,"Upregulated"
"FCGR3A",-1.27885509874381,2.53039514923283e-16,"Downregulated"
"AC137932.3",1.21029896744769,2.56435392843774e-16,"Upregulated"
"AC006994.1",-1.65730674161613,2.58476788817779e-16,"Downregulated"
"LINC02158",-1.55258375896882,2.60992719748338e-16,"Downregulated"
"PRKCG",2.52631984542978,2.63234651770939e-16,"Upregulated"
"AC010970.1",4.04051758938002,2.6509046059062e-16,"Upregulated"
"CBR3",1.74830105826386,2.65527788530572e-16,"Upregulated"
"AGBL1",-2.63559900720626,2.65781358722675e-16,"Downregulated"
"C19orf57",1.31231746177323,2.66290339991609e-16,"Upregulated"
"AC092143.3",1.5328954255227,2.68389350632712e-16,"Upregulated"
"TNNI3",2.74720775856488,2.7014343862773e-16,"Upregulated"
"BRCA2",1.11750905793746,2.70931699657869e-16,"Upregulated"
"AC006017.1",1.83828205260732,2.72184392878705e-16,"Upregulated"
"GNGT2",-1.1053387256818,2.77047044013504e-16,"Downregulated"
"RBM14-RBM4",1.53177645189182,2.8164980941673e-16,"Upregulated"
"AATK",-1.45491279677635,2.82253984291544e-16,"Downregulated"
"AC104257.1",-3.49395315550709,2.86222763163277e-16,"Downregulated"
"IGHV4-59",2.05529141148613,2.86453036589095e-16,"Upregulated"
"PCSK1N",2.30789333776427,2.88033914156436e-16,"Upregulated"
"AFP",4.48257460630444,2.88196634620764e-16,"Upregulated"
"SDC2",-1.11171473161327,2.88393808701397e-16,"Downregulated"
"AP003119.1",3.3635760911312,2.91012717786788e-16,"Upregulated"
"MPP6",1.14246454624662,2.93698139603744e-16,"Upregulated"
"CHAC2",1.02595891560867,2.95711150749709e-16,"Upregulated"
"SYNPR-AS1",1.99820382126016,2.98659924777181e-16,"Upregulated"
"H3C1",3.24408378107725,2.9912648310751e-16,"Upregulated"
"ZNF436-AS1",1.10149792300485,2.99819585616999e-16,"Upregulated"
"IGKV5-2",2.32808276705817,3.00342717567264e-16,"Upregulated"
"MED28P8",-3.42221113391352,3.00914517450342e-16,"Downregulated"
"LINC01537",-1.62855993094872,3.08464338068898e-16,"Downregulated"
"ZNF280A",4.98051723177753,3.1493415626014e-16,"Upregulated"
"C16orf78",-2.5802922534701,3.20148803835874e-16,"Downregulated"
"RSPH9",-1.53548548872766,3.21760371253523e-16,"Downregulated"
"AC079384.1",3.62838423702648,3.22603235264858e-16,"Upregulated"
"A1CF",3.66864765317196,3.24011983811007e-16,"Upregulated"
"LINC00954",1.64639946131777,3.248687671386e-16,"Upregulated"
"AARSD1",1.184798181453,3.26959180681617e-16,"Upregulated"
"LINC00567",3.30369033806674,3.30427987904858e-16,"Upregulated"
"GRB7",1.15220478352143,3.31082316400674e-16,"Upregulated"
"DMGDH",1.79877626724496,3.31193046717945e-16,"Upregulated"
"MOB3B",-1.04809281274199,3.35643714755964e-16,"Downregulated"
"AC053545.1",2.92763208845139,3.35668165916696e-16,"Upregulated"
"TMEM147-AS1",1.00529479277189,3.37272634666776e-16,"Upregulated"
"LINC00471",1.14712368756838,3.41231582675672e-16,"Upregulated"
"AP002754.1",2.43743510117902,3.44107045966111e-16,"Upregulated"
"NOL12",1.03265213376706,3.4561200654953e-16,"Upregulated"
"FZD9",2.52341543018703,3.46012868865644e-16,"Upregulated"
"BX119927.1",4.01310038730806,3.47671457526419e-16,"Upregulated"
"IGHV3-7",1.91831526826282,3.4899273738139e-16,"Upregulated"
"GRHL3-AS1",2.59219388256245,3.50687565228179e-16,"Upregulated"
"TM4SF1-AS1",1.79077707960113,3.5154348422004e-16,"Upregulated"
"AC137936.2",1.66833705894973,3.53453895850049e-16,"Upregulated"
"TLX2",2.69749577586185,3.53509679471117e-16,"Upregulated"
"CYBB",-1.33532660122387,3.57857856345608e-16,"Downregulated"
"LINC02099",1.69824941531661,3.58898822731335e-16,"Upregulated"
"Z95118.2",-1.14483253062576,3.60613383041607e-16,"Downregulated"
"AC103563.3",2.48602282029824,3.62622498260688e-16,"Upregulated"
"S100A7",4.28725899315201,3.64092386158843e-16,"Upregulated"
"AC092964.1",2.45508332578683,3.66242637165594e-16,"Upregulated"
"AL451166.1",2.27178116890584,3.6973223200816e-16,"Upregulated"
"AC108134.3",-1.30166449235772,3.69804357990482e-16,"Downregulated"
"TSPAN5",1.10547312162519,3.70056626929195e-16,"Upregulated"
"GIMAP3P",-2.00242208602498,3.72213198025093e-16,"Downregulated"
"AQP9",-1.56675578733821,3.72692591141828e-16,"Downregulated"
"AC131009.2",3.7061803391612,3.74519735967826e-16,"Upregulated"
"AL049836.1",2.00665686520366,3.8334981457534e-16,"Upregulated"
"FBXL8",1.01743132102428,3.86009037660473e-16,"Upregulated"
"ADAMTSL5",1.47786573336375,3.91280916342123e-16,"Upregulated"
"RD3",-1.92075181248727,3.93007875499552e-16,"Downregulated"
"MIR3189",2.64546720985084,3.93274266808425e-16,"Upregulated"
"AL354993.2",3.42064706665698,3.9554652671835e-16,"Upregulated"
"PFN2",1.45134454299148,4.14282828608994e-16,"Upregulated"
"AC007879.3",1.5063787691863,4.20655966762888e-16,"Upregulated"
"NAT16",3.27916160586913,4.20692062471918e-16,"Upregulated"
"BTBD11",1.83531012143927,4.23945112397527e-16,"Upregulated"
"AC015909.1",2.36017529770773,4.35058303181958e-16,"Upregulated"
"LINC01366",-1.38434635972624,4.39523330663787e-16,"Downregulated"
"AC188617.1",2.5429305122445,4.41318574443191e-16,"Upregulated"
"COL2A1",3.35596789217887,4.42245220108158e-16,"Upregulated"
"H2BC10",4.99455959866043,4.4422305842113e-16,"Upregulated"
"DMRTC2",5.10247991245099,4.45347534103595e-16,"Upregulated"
"PNMA5",3.25860631648829,4.45347534103595e-16,"Upregulated"
"AL731569.1",1.08665818910967,4.45489292266946e-16,"Upregulated"
"AC106799.3",5.10370590446402,4.45489292266946e-16,"Upregulated"
"COL6A3",1.24643863531252,4.51123058629368e-16,"Upregulated"
"RPL23AP32",-2.09571561319413,4.56693461884775e-16,"Downregulated"
"RASGRF1",-2.06124379209846,4.66319884909883e-16,"Downregulated"
"SLC22A10",-2.24370936842668,4.68104470572527e-16,"Downregulated"
"AC087667.1",3.18517563495309,4.7619889604714e-16,"Upregulated"
"SYNDIG1",1.66457124612059,4.99191471946607e-16,"Upregulated"
"AC125603.1",4.41125459681776,5.07748952071926e-16,"Upregulated"
"AC132938.5",1.45579936791905,5.09424590134802e-16,"Upregulated"
"AC245297.1",-1.23606532014773,5.14404444342636e-16,"Downregulated"
"LINC02263",4.5062344512481,5.24991359924194e-16,"Upregulated"
"AC061708.1",-1.71985867197943,5.28350805972912e-16,"Downregulated"
"AC022148.1",3.48383954251606,5.35297889461584e-16,"Upregulated"
"AC011632.1",4.82146663381402,5.39382012939799e-16,"Upregulated"
"SOX21",2.70687734181976,5.40566859169489e-16,"Upregulated"
"GCAT",1.11477223345796,5.40620914513345e-16,"Upregulated"
"CFAP161",-2.06613057473,5.45998778839319e-16,"Downregulated"
"STRADBP1",-2.38663381120492,5.49370205224075e-16,"Downregulated"
"LY6G6E",-3.17073118621433,5.61216501416193e-16,"Downregulated"
"CHODL",2.07657175627582,5.62675321412212e-16,"Upregulated"
"SPIRE2",1.14672117660435,5.64994557096484e-16,"Upregulated"
"AC010168.1",2.43779041721551,5.87710635575825e-16,"Upregulated"
"KRT86",1.61032180302238,5.95320314130725e-16,"Upregulated"
"HSPE1P2",1.72149797284225,5.98131942652146e-16,"Upregulated"
"SBSN",3.1489737245625,6.00285660005653e-16,"Upregulated"
"CCL14",-2.03188471909011,6.02032846117041e-16,"Downregulated"
"KLRF1",-1.56635205792089,6.12341649300629e-16,"Downregulated"
"KIF25-AS1",3.38574593015363,6.15706238833451e-16,"Upregulated"
"AC025580.2",1.39568746927761,6.18049129995921e-16,"Upregulated"
"LINC02228",4.07802255121985,6.20888938992522e-16,"Upregulated"
"MRPL12",1.18950123189006,6.22985406231875e-16,"Upregulated"
"IGLV7-43",2.06475433675367,6.32885005709371e-16,"Upregulated"
"LINC02348",2.46681730381036,6.34582377527117e-16,"Upregulated"
"HBD",-2.18159482952319,6.40403468866995e-16,"Downregulated"
"IGLV4-60",2.50277541283363,6.48003710065046e-16,"Upregulated"
"RPH3A",-1.92036328796178,6.58907462338909e-16,"Downregulated"
"SCARA5",-2.33425289697767,6.94246337780563e-16,"Downregulated"
"LYG1",1.27598905300406,6.95947590257286e-16,"Upregulated"
"CABP7",2.23112045224055,7.02171789172492e-16,"Upregulated"
"AL139385.1",1.88363237167509,7.07688573888492e-16,"Upregulated"
"CYP17A1",-2.1496343138023,7.14737546617999e-16,"Downregulated"
"IGHV3OR16-15",2.34129237830866,7.16593890554802e-16,"Upregulated"
"G3BP1P1",2.47867655795902,7.17067935714799e-16,"Upregulated"
"NPAS2",1.24207055556648,7.18465428303896e-16,"Upregulated"
"AC023157.2",1.15304509900765,7.1944405068764e-16,"Upregulated"
"LGALS4",3.28869471938861,7.19731044933795e-16,"Upregulated"
"CYP4F11",2.93687039030558,7.20290996606422e-16,"Upregulated"
"AC022217.2",-1.87640535398894,7.42331484530735e-16,"Downregulated"
"MAGEA1",6.25754890991751,7.48655382567131e-16,"Upregulated"
"IGHJ6",2.48866152034901,7.48931785023998e-16,"Upregulated"
"AL355834.2",3.65728339673919,7.51501827835165e-16,"Upregulated"
"MST1",1.30010018715563,7.6407393361322e-16,"Upregulated"
"AL133551.1",1.88680724029555,7.66062765700671e-16,"Upregulated"
"HCG15",1.37141507610611,7.72671801386677e-16,"Upregulated"
"MGAT3-AS1",-2.40058529322402,7.75564035683388e-16,"Downregulated"
"AL513523.1",2.00162584417774,7.75777388978078e-16,"Upregulated"
"OR7E128P",1.62456193782451,7.82770205154862e-16,"Upregulated"
"SLC30A2",2.41157908350502,7.87669459043997e-16,"Upregulated"
"C4BPB",2.22564645154272,7.9132843962147e-16,"Upregulated"
"ADA2",-1.0517769191809,8.04533404987629e-16,"Downregulated"
"LINC00648",4.0157388993241,8.1110455864188e-16,"Upregulated"
"AL391845.2",2.06794027038539,8.13118929818709e-16,"Upregulated"
"AC007546.3",2.29686462935139,8.13118929818709e-16,"Upregulated"
"AP003352.1",1.07280500786355,8.45808304130467e-16,"Upregulated"
"LAMP5",1.51255555517282,8.50205189295691e-16,"Upregulated"
"SNORA79B",3.226382777368,8.61808561167034e-16,"Upregulated"
"CD44",-1.01385366864392,8.62665575253507e-16,"Downregulated"
"PLEKHH2",-1.29942554662502,8.73905049965938e-16,"Downregulated"
"OLFML2A",-1.19427861726633,8.86087424138089e-16,"Downregulated"
"AC079684.1",1.60610023369886,9.37424979406481e-16,"Upregulated"
"AC021683.2",3.1804053819339,9.42108581576881e-16,"Upregulated"
"ASNS",1.28968615972871,9.44453344537475e-16,"Upregulated"
"FAM83F",2.25689084911994,9.48899097138301e-16,"Upregulated"
"LINC01415",-1.51939257003374,9.49244858283019e-16,"Downregulated"
"LINC02587",-1.56376681675681,9.57042074848602e-16,"Downregulated"
"IGKV6D-21",2.61412386463113,9.67359080700911e-16,"Upregulated"
"RHOD",1.16754583931282,9.7492796107327e-16,"Upregulated"
"AC087741.3",1.04462667244427,9.75575670677457e-16,"Upregulated"
"AL353611.1",-2.58369237918307,9.80989415485809e-16,"Downregulated"
"AC093249.4",1.92204516002609,9.85715391151812e-16,"Upregulated"
"ARMC12",1.43403916365618,9.9030241907184e-16,"Upregulated"
"MEIOB",2.61653704042337,9.94702257102795e-16,"Upregulated"
"PACRG-AS1",-2.08779498258691,1.00570531781288e-15,"Downregulated"
"MRGPRF",-1.23268425983236,1.01331768074e-15,"Downregulated"
"BRSK2",1.98366408175351,1.02734056411977e-15,"Upregulated"
"UCN",1.3940235890308,1.03180564416692e-15,"Upregulated"
"IGKV1OR2-3",2.68250354459059,1.03222135215328e-15,"Upregulated"
"GTF2IP5",1.66118638838801,1.0395735670514e-15,"Upregulated"
"AL603750.1",-1.20778605878206,1.0395735670514e-15,"Downregulated"
"CFAP58",-1.8616752192152,1.05522947097839e-15,"Downregulated"
"AC083973.1",2.60692669884524,1.06163464772636e-15,"Upregulated"
"AC008870.5",3.54390054329266,1.08887422476737e-15,"Upregulated"
"TAF1A-AS1",1.01920504339244,1.0995156404432e-15,"Upregulated"
"HMGN2P15",-1.66644225372798,1.09961177105367e-15,"Downregulated"
"DDX50P1",1.40671939955679,1.10465177533052e-15,"Upregulated"
"PGAM1P7",2.18761033554653,1.11175485481272e-15,"Upregulated"
"LINC02223",3.63153801081334,1.12759243302365e-15,"Upregulated"
"TGFA",1.43606905782784,1.12787532371335e-15,"Upregulated"
"AC110619.1",2.01491403605786,1.13025925903989e-15,"Upregulated"
"LINC01305",4.22847060318616,1.13519642819743e-15,"Upregulated"
"H2AC21",4.24635465107197,1.14034079399959e-15,"Upregulated"
"AC108676.1",2.25842173107726,1.17597245151156e-15,"Upregulated"
"AC012213.4",4.7188325025702,1.18335022509448e-15,"Upregulated"
"GATA5",-1.58739970802026,1.20698978459444e-15,"Downregulated"
"ISYNA1",1.13537867350253,1.20704226957584e-15,"Upregulated"
"AP000553.5",2.2123802063093,1.21265786511434e-15,"Upregulated"
"CST2",2.2320868884796,1.22939519958117e-15,"Upregulated"
"AC012640.1",2.60968734028165,1.25331017425011e-15,"Upregulated"
"GVQW3",1.09599653325589,1.26339847390423e-15,"Upregulated"
"CD37",-1.13048526475994,1.32178737889025e-15,"Downregulated"
"PRSS27",1.35668463434088,1.32935234190496e-15,"Upregulated"
"C1orf21",-1.09049119945894,1.32941625952381e-15,"Downregulated"
"WDR87",3.35854221934655,1.34214011831007e-15,"Upregulated"
"VARS2",1.38985661856572,1.39494697076731e-15,"Upregulated"
"AC010864.1",1.08927513962603,1.41179999122512e-15,"Upregulated"
"KRT75",4.67887260441656,1.42836780978672e-15,"Upregulated"
"AC006252.1",1.14481722021261,1.43224550696702e-15,"Upregulated"
"FAM169B",3.84259953718028,1.47823275660237e-15,"Upregulated"
"LINC00705",4.596141393413,1.48884336281781e-15,"Upregulated"
"AC011676.1",1.69130015587118,1.48884336281781e-15,"Upregulated"
"MFSD3",1.09846928954093,1.48992251266153e-15,"Upregulated"
"LINC01136",1.91792379615061,1.49144352870911e-15,"Upregulated"
"HAGHL",1.30257652465275,1.49755663673099e-15,"Upregulated"
"DOC2GP",1.55667121089972,1.50849845986813e-15,"Upregulated"
"AC007318.1",1.19018559663309,1.50849845986813e-15,"Upregulated"
"RAB44",-1.45861450974284,1.51738879529484e-15,"Downregulated"
"AL445438.1",-2.41688615498147,1.56419420524431e-15,"Downregulated"
"IGLV1-36",2.23102822551991,1.57363574922862e-15,"Upregulated"
"AC004967.2",1.40735791755028,1.5813824872426e-15,"Upregulated"
"SRRM2-AS1",1.0046467088722,1.58869486874108e-15,"Upregulated"
"TUBB4A",2.27841143853817,1.59077030831914e-15,"Upregulated"
"SNORA71B",2.00860711879706,1.62979773458371e-15,"Upregulated"
"AC068631.1",2.2025223398751,1.65710697291155e-15,"Upregulated"
"SMPX",2.64298074382025,1.66710865555208e-15,"Upregulated"
"PAQR5",-1.41526881691336,1.68075444270197e-15,"Downregulated"
"AC090578.3",3.6736538574262,1.68317915982651e-15,"Upregulated"
"LINC00265",1.00477367035703,1.69160429998197e-15,"Upregulated"
"DPYSL5",4.65825531019767,1.70321454904783e-15,"Upregulated"
"HPN-AS1",1.67051525199487,1.71622723565927e-15,"Upregulated"
"KCNV1",3.62848251968594,1.72325983262362e-15,"Upregulated"
"EPHA8",3.44257833689427,1.72750455521361e-15,"Upregulated"
"SPRR3",4.07361127547748,1.73390982547928e-15,"Upregulated"
"IGLV3-27",2.43560279751097,1.73600178575035e-15,"Upregulated"
"RHCG",2.86880132619382,1.74090980994729e-15,"Upregulated"
"AC005062.1",1.9365348206989,1.74756977557988e-15,"Upregulated"
"AC126696.3",3.05428437108621,1.80493193998203e-15,"Upregulated"
"HNRNPA1P33",-2.10893128404991,1.87702964195833e-15,"Downregulated"
"PHYHIPL",2.54187525650801,1.87790267321633e-15,"Upregulated"
"SNORD104",1.34156825541498,1.87900373838318e-15,"Upregulated"
"CLDN2",2.88672820236587,1.89156250105462e-15,"Upregulated"
"SLC25A5P1",1.60982410317153,1.89459883665732e-15,"Upregulated"
"LRRC46",-1.85498628736736,1.92130629751471e-15,"Downregulated"
"IGFL1",3.94212374670404,1.92733883602866e-15,"Upregulated"
"ZNF571-AS1",1.78724956669874,1.93125630794507e-15,"Upregulated"
"IFITM10",1.67056646816296,1.93134872297627e-15,"Upregulated"
"ANKLE1",1.52376750175001,1.96329927202341e-15,"Upregulated"
"RGS9",-1.08945205457592,1.97044376151015e-15,"Downregulated"
"AL354714.3",-2.94978494979189,1.98211801690924e-15,"Downregulated"
"LINC00943",2.0846908207136,1.98942681758568e-15,"Upregulated"
"IGHJ3",1.98213084875981,1.98967733811052e-15,"Upregulated"
"BMX",-1.78740691763643,2.0148744104945e-15,"Downregulated"
"AC106881.1",-1.16620631649118,2.06040084564115e-15,"Downregulated"
"PPP1R16B",-1.17283266545051,2.07490150805587e-15,"Downregulated"
"SPAG5-AS1",1.27701979209858,2.12954732617884e-15,"Upregulated"
"MYADML2",2.50795864669627,2.13183263878941e-15,"Upregulated"
"SYNPR",3.57985059902792,2.14775557384971e-15,"Upregulated"
"AL023755.1",3.4620548096347,2.17495932658408e-15,"Upregulated"
"AC067930.5",1.1466865376029,2.18561168061827e-15,"Upregulated"
"AC108477.1",-2.19018414709896,2.18561168061827e-15,"Downregulated"
"C8orf74",4.62240073865019,2.2298303255401e-15,"Upregulated"
"ASNSP1",5.67518824225016,2.23948479400597e-15,"Upregulated"
"AC092484.1",4.03180049172095,2.26595283329332e-15,"Upregulated"
"RTEL1",1.11631766764249,2.35509679055818e-15,"Upregulated"
"AC083809.1",4.17346458260265,2.35744018720056e-15,"Upregulated"
"ENPP3",2.17897045987741,2.36549003482395e-15,"Upregulated"
"CADM1",-1.38443591620537,2.39102438222496e-15,"Downregulated"
"IGHV3-69-1",2.0033113965083,2.39485442601766e-15,"Upregulated"
"SNORD94",2.1005208251384,2.41056841310562e-15,"Upregulated"
"H4C11",2.29662994947833,2.41204727163233e-15,"Upregulated"
"CTH",1.14050060477434,2.4147331958459e-15,"Upregulated"
"SNORA53",3.02189801692195,2.43281791938871e-15,"Upregulated"
"LINC01238",1.69300239481575,2.4704443478967e-15,"Upregulated"
"DUSP5P2",2.94795646100402,2.50623168164521e-15,"Upregulated"
"TMPRSS6",2.30231795089926,2.53415901959494e-15,"Upregulated"
"AC092535.3",2.28078606444589,2.54423007609407e-15,"Upregulated"
"CTD-2297D10.2",2.42885718440931,2.55966657103957e-15,"Upregulated"
"CFAP53",-1.59173695252399,2.56160880647546e-15,"Downregulated"
"CCDC65",-1.24347922186223,2.57060433749502e-15,"Downregulated"
"AC138305.1",3.85291922022266,2.59124433565053e-15,"Upregulated"
"SNORA70",3.38666655907976,2.59764511063858e-15,"Upregulated"
"IGHV3-38",2.10932863558194,2.6049252281709e-15,"Upregulated"
"MST1R",1.06955739190427,2.60736849823764e-15,"Upregulated"
"AC141930.2",3.1654790519891,2.61369194686391e-15,"Upregulated"
"IGLV2-18",2.17592938926526,2.6425834999442e-15,"Upregulated"
"LINC01269",2.15999350103139,2.64619344125968e-15,"Upregulated"
"SUGCT-AS1",-1.61232780269641,2.7083179492539e-15,"Downregulated"
"FBXL7",-1.04216928394235,2.72244577780198e-15,"Downregulated"
"HOXC4",1.67726799641876,2.72396063968718e-15,"Upregulated"
"AL670729.3",1.67873814554013,2.72642079112126e-15,"Upregulated"
"PLPPR5",-2.44142663178208,2.77063229575311e-15,"Downregulated"
"MDFI",1.43078603715746,2.79773726228626e-15,"Upregulated"
"LINC02048",3.89943925011061,2.83862506090465e-15,"Upregulated"
"BCAS1",2.26597365925263,2.84358621287333e-15,"Upregulated"
"MIR210HG",1.13681233335924,2.85673347945409e-15,"Upregulated"
"C8orf31",1.48153782685329,2.8819962663587e-15,"Upregulated"
"SIGLEC7",-1.23615977312739,2.88330098951703e-15,"Downregulated"
"PACRG",-2.05615422652759,2.89715712341797e-15,"Downregulated"
"AC126323.6",3.13751863464671,2.92290717563129e-15,"Upregulated"
"AC092844.1",2.6276018143531,2.99253706745946e-15,"Upregulated"
"MS4A4A",-1.1939669552536,3.00714222141137e-15,"Downregulated"
"CD53",-1.02701621639093,3.02941426966708e-15,"Downregulated"
"TRIM34",1.80505214127381,3.08075001943556e-15,"Upregulated"
"GPR65",-1.09545351714272,3.09314463506986e-15,"Downregulated"
"WTAPP1",2.18802668359062,3.11603050718946e-15,"Upregulated"
"CAPN14",1.97938409281916,3.13044164638969e-15,"Upregulated"
"AC092803.3",1.40853831971779,3.13044164638969e-15,"Upregulated"
"MFSD6L",1.96092373147357,3.16419277262578e-15,"Upregulated"
"C10orf105",-1.65675171838943,3.16898802396824e-15,"Downregulated"
"DDR2",-1.10793073763045,3.17374910764823e-15,"Downregulated"
"AL513320.1",1.516445501509,3.18625465820039e-15,"Upregulated"
"RNY1",6.36507821256135,3.18898125491458e-15,"Upregulated"
"SUSD2",-2.05950164576902,3.1963391796171e-15,"Downregulated"
"SNORA74B",4.31678864775939,3.22059739944386e-15,"Upregulated"
"LINC00578",1.54279745524249,3.24444242318874e-15,"Upregulated"
"AC010595.1",4.93180795748279,3.27847951991494e-15,"Upregulated"
"SSTR5-AS1",4.38403711968825,3.35135754055157e-15,"Upregulated"
"CSAG3",5.32444915893366,3.35325011608588e-15,"Upregulated"
"IGHV7-27",2.56470763040672,3.36374867316448e-15,"Upregulated"
"RHPN2",1.20079820304223,3.37165130312495e-15,"Upregulated"
"TXNDC5",1.24382318330051,3.38807969647758e-15,"Upregulated"
"LINC02033",-1.35391154982391,3.42671599923785e-15,"Downregulated"
"AL359504.1",1.73356155714884,3.4630916422929e-15,"Upregulated"
"RNF222",2.62949691688672,3.48083686895471e-15,"Upregulated"
"PDZRN3",-1.09091255411358,3.49289490850129e-15,"Downregulated"
"ERVV-2",4.6573991494365,3.52634957618888e-15,"Upregulated"
"RGS22",-1.91575675107773,3.53562309169879e-15,"Downregulated"
"PRR20G",4.44975071630589,3.55015866805753e-15,"Upregulated"
"RHEX",-1.62624576563179,3.55139931219244e-15,"Downregulated"
"ADGRG7",4.69445942711228,3.57143962476444e-15,"Upregulated"
"AC092535.2",2.47039143713558,3.59613511548519e-15,"Upregulated"
"HNF1A-AS1",2.76216032267872,3.70602060739438e-15,"Upregulated"
"AC122134.1",3.98099857834028,3.70602060739438e-15,"Upregulated"
"ARHGAP33",1.28295542200412,3.73513439874984e-15,"Upregulated"
"IGHV3-47",2.063885814527,3.78210695444716e-15,"Upregulated"
"RGS5",-1.08744091914763,4.0431123156265e-15,"Downregulated"
"PCDH7",1.7048949588597,4.06244464532894e-15,"Upregulated"
"GUCY2EP",3.84452727138056,4.09736100763278e-15,"Upregulated"
"DDO",-1.30795107260516,4.21184476058944e-15,"Downregulated"
"NECAB2",2.38451121325555,4.21647431328731e-15,"Upregulated"
"MSI1",2.30497926974662,4.32036092166721e-15,"Upregulated"
"NDP",2.83422642561051,4.34018413107785e-15,"Upregulated"
"REPS2",-1.07320774868992,4.35776808639785e-15,"Downregulated"
"FCRLA",1.8304470941292,4.36235806130594e-15,"Upregulated"
"DKK3",-1.11963250842312,4.36656471858856e-15,"Downregulated"
"PHC2-AS1",2.67429712004529,4.42834252767784e-15,"Upregulated"
"LINC01804",4.76519222724993,4.4375060065874e-15,"Upregulated"
"LINC01234",3.41933515527436,4.45870801074218e-15,"Upregulated"
"AC099329.2",2.48020777304755,4.47573466267212e-15,"Upregulated"
"AC134879.2",2.17042792717847,4.52717709555182e-15,"Upregulated"
"KISS1",1.98066264804178,4.53703101790563e-15,"Upregulated"
"CALB1",2.93413179815866,4.57321729622809e-15,"Upregulated"
"AC110769.2",1.756225664275,4.610742768812e-15,"Upregulated"
"AC080112.4",-1.42928888466712,4.62478326524456e-15,"Downregulated"
"P2RX1",-1.20812796428923,4.65459476442582e-15,"Downregulated"
"SLC25A25-AS1",1.25674931965704,4.7823715357382e-15,"Upregulated"
"AC025062.3",2.18828795252631,4.8956713865668e-15,"Upregulated"
"AL450992.2",2.39999260819385,4.92942247327477e-15,"Upregulated"
"AC011287.1",2.79119164986172,4.97793856801565e-15,"Upregulated"
"BOLA2P3",2.55298336569527,4.9920923573161e-15,"Upregulated"
"EMP3",-1.03698061549659,5.00083757414466e-15,"Downregulated"
"AC021945.1",1.81854856953688,5.02085180957552e-15,"Upregulated"
"AGGF1P2",1.96580805515583,5.0480264855765e-15,"Upregulated"
"Z99127.3",1.97999921840499,5.07734057512695e-15,"Upregulated"
"LINC02880",-2.27979502566881,5.16914504235259e-15,"Downregulated"
"AL122125.1",1.8807428648109,5.18353982293639e-15,"Upregulated"
"IL2RA",1.37817997530118,5.25222533112274e-15,"Upregulated"
"LINC02043",2.6659880023753,5.37707318483022e-15,"Upregulated"
"KCNE1",-1.59203314201729,5.38291805097953e-15,"Downregulated"
"IGHV3-75",2.43770286300758,5.38818741113478e-15,"Upregulated"
"FOXL2NB",4.1547841222361,5.38880792467685e-15,"Upregulated"
"EPS8L1",1.257837009373,5.39331804383635e-15,"Upregulated"
"C9orf24",-2.40145146291054,5.41882171980547e-15,"Downregulated"
"ERVFRD-1",-1.92507332798605,5.45989854772073e-15,"Downregulated"
"AL590666.3",2.85217371566264,5.46245011807732e-15,"Upregulated"
"AC007848.1",3.76023071036852,5.49282920490678e-15,"Upregulated"
"RUNX1T1",-1.24675376677304,5.52315622312147e-15,"Downregulated"
"AC015911.4",1.82341406602556,5.59259717910899e-15,"Upregulated"
"CX3CR1",-1.57440475075759,5.59498356173091e-15,"Downregulated"
"MYCNOS",3.63486760391794,5.61853463610837e-15,"Upregulated"
"LINC01224",2.51122453103124,5.65911098135347e-15,"Upregulated"
"AL121904.1",3.61226218600574,5.65912798964991e-15,"Upregulated"
"PER1",-1.18806348886511,5.69608230951429e-15,"Downregulated"
"DPT",-1.46437346538501,5.70316293513725e-15,"Downregulated"
"RN7SL5P",2.67468454996938,5.71064574252302e-15,"Upregulated"
"C7",-1.81266568277071,5.71837008471907e-15,"Downregulated"
"AC023090.1",2.8053555933147,5.74452410301925e-15,"Upregulated"
"AC008163.1",4.11720834359595,5.77776336818226e-15,"Upregulated"
"FERMT3",-1.03521934706791,5.88812307492544e-15,"Downregulated"
"Y_RNA",1.8852945214652,5.93416017899039e-15,"Upregulated"
"AC091912.3",-2.43304631217725,5.93587138240205e-15,"Downregulated"
"CHI3L2",-1.74506023424988,5.95782099165276e-15,"Downregulated"
"ACR",-1.51259314249377,6.03080735406287e-15,"Downregulated"
"AGTR1",-1.82003421331456,6.03080735406287e-15,"Downregulated"
"DOCK3",1.63480316408189,6.03826067117349e-15,"Upregulated"
"IGHV3OR16-10",2.35935797690544,6.07357476885672e-15,"Upregulated"
"SMAD9",-1.42542731479359,6.11935832374191e-15,"Downregulated"
"LINC02240",3.08155110977432,6.15188654673902e-15,"Upregulated"
"IGLC7",2.3084929507259,6.2210393528341e-15,"Upregulated"
"ISG15",1.51909368123397,6.22622121786288e-15,"Upregulated"
"AC004264.1",1.91613897573915,6.23344186355221e-15,"Upregulated"
"U47924.1",2.36336092436134,6.23344186355221e-15,"Upregulated"
"DMRT1",3.94718397898132,6.28856280927207e-15,"Upregulated"
"TUBA4A",1.02647110573933,6.31841069700824e-15,"Upregulated"
"FAM83C-AS1",2.43044849015766,6.36099635140202e-15,"Upregulated"
"PPP1R32",-1.32808402823239,6.37953947678685e-15,"Downregulated"
"SCGB1A1",-3.22621378716934,6.41532685649351e-15,"Downregulated"
"AC105749.1",-1.10836299098243,6.41955515475969e-15,"Downregulated"
"IGHA1",1.82235773622807,6.50810373637164e-15,"Upregulated"
"NTSR1",3.02447957864256,6.57327183674477e-15,"Upregulated"
"AMN",1.83470501832586,6.60782384424911e-15,"Upregulated"
"TTLL7",-1.51292118707008,6.72246315830511e-15,"Downregulated"
"AL158847.1",-2.29095467183929,6.77357915466576e-15,"Downregulated"
"AC126773.4",1.46090648937789,6.81853311652483e-15,"Upregulated"
"AP002954.1",-1.41213224564488,6.9757773231483e-15,"Downregulated"
"AC027601.1",1.28036235903128,7.0480897579323e-15,"Upregulated"
"AC005180.1",-1.69270528336844,7.16359291376318e-15,"Downregulated"
"MYBL1",1.19658499920218,7.1744822635555e-15,"Upregulated"
"AC002116.2",1.27797862893851,7.18170910164171e-15,"Upregulated"
"RN7SL1",2.35446808546667,7.1841824958534e-15,"Upregulated"
"MATN3",-1.49874425602835,7.21543726237697e-15,"Downregulated"
"PRRG3",-1.45249633042018,7.2485831535743e-15,"Downregulated"
"FAT1",1.19896488415473,7.25885059214119e-15,"Upregulated"
"AL512662.1",-1.72558691201912,7.27032580039113e-15,"Downregulated"
"AL022344.1",-1.40423489743634,7.36126163973511e-15,"Downregulated"
"SYCP2",1.8692287298503,7.56790341634442e-15,"Upregulated"
"LRRC25",-1.07393005350199,7.59467066647385e-15,"Downregulated"
"SLC38A8",3.59712005941794,7.61172240092434e-15,"Upregulated"
"HOXB-AS4",4.32590216609663,7.64475718489656e-15,"Upregulated"
"CYP4F3",3.00311147246923,7.6665754004163e-15,"Upregulated"
"DISP3",2.18013688486285,7.67173830992029e-15,"Upregulated"
"AJAP1",-1.82565497860388,7.68269281537176e-15,"Downregulated"
"CALY",2.82041230692372,7.69616060027754e-15,"Upregulated"
"SMIM10L2B",-1.05909770481403,7.701460608392e-15,"Downregulated"
"AC092078.2",-2.89787098343274,7.75482883185309e-15,"Downregulated"
"MICU3",-1.0435461773591,7.77182240877854e-15,"Downregulated"
"LINC00824",3.5000655261837,7.81880005951442e-15,"Upregulated"
"AL158211.5",-1.21307150025662,7.85970003130304e-15,"Downregulated"
"RN7SKP80",2.53496600210722,7.87784664951367e-15,"Upregulated"
"PRSS43P",2.03462115082369,7.94075446214367e-15,"Upregulated"
"TCTEX1D1",-1.6540741486736,7.9407665431856e-15,"Downregulated"
"AC016074.2",1.87934160856411,8.11597548821167e-15,"Upregulated"
"AL031717.1",1.53680488244584,8.19350452081612e-15,"Upregulated"
"AC097637.3",-2.41914564337074,8.24257048369583e-15,"Downregulated"
"UGT1A1",3.71705822732661,8.38069149652638e-15,"Upregulated"
"LINC00622",-1.25358083648983,8.38069149652638e-15,"Downregulated"
"AL139128.1",2.04384958047854,8.39034813867998e-15,"Upregulated"
"LINC02285",-1.22397203854484,8.47553641531897e-15,"Downregulated"
"GRAMD2A",-1.33063480577928,8.47915210350443e-15,"Downregulated"
"AC027031.2",1.38950124426951,8.50980999154528e-15,"Upregulated"
"LINC02265",-2.01541791371521,8.52169753006347e-15,"Downregulated"
"ANKRD40CL",3.80997158917814,8.64680344163955e-15,"Upregulated"
"LAIR1",-1.06845796922709,8.6665305347332e-15,"Downregulated"
"LINC01775",2.4965891087062,8.66876082269562e-15,"Upregulated"
"AL353807.2",2.43720691372765,8.6718950426568e-15,"Upregulated"
"AL731556.1",1.74581636012751,8.69748363616714e-15,"Upregulated"
"CFL1P5",1.27684137580397,8.78894763702943e-15,"Upregulated"
"LINC00626",3.14032354305814,8.78894763702943e-15,"Upregulated"
"APOC1",-1.40557796844345,8.83710905268555e-15,"Downregulated"
"AC078905.1",-2.71642734700478,8.8801530862232e-15,"Downregulated"
"NLRP11",3.03278921461562,8.94022706761401e-15,"Upregulated"
"AC097105.1",-2.50959609279743,8.97570554358695e-15,"Downregulated"
"SLC38A3",2.38623805026336,8.99975133388199e-15,"Upregulated"
"AL031602.1",2.08737996387887,9.11836062976677e-15,"Upregulated"
"CCDC26",2.19150791838885,9.18285901510828e-15,"Upregulated"
"CDHR5",2.7499937035104,9.24038599636504e-15,"Upregulated"
"RGS7",3.0042979157604,9.27823547724751e-15,"Upregulated"
"HOATZ",-2.42996273347962,9.36188759508039e-15,"Downregulated"
"TBC1D2",-1.05729308218039,9.45100081179362e-15,"Downregulated"
"DCHS1",-1.04479076093868,9.71168558963762e-15,"Downregulated"
"MUSK",-1.87645781135528,9.87407619296033e-15,"Downregulated"
"RN7SKP97",2.20255850169708,9.90938941033355e-15,"Upregulated"
"SNORA5C",1.54758350218435,9.92159023092011e-15,"Upregulated"
"AL596223.1",3.22733293882988,9.95251378153204e-15,"Upregulated"
"PHEX",-1.29262505783152,9.97464698747698e-15,"Downregulated"
"FAR2",-1.18789495303113,9.98045608643416e-15,"Downregulated"
"MMP7",2.02354475640406,9.99436802813322e-15,"Upregulated"
"IGHV3-60",2.12529221634202,1.00925545228389e-14,"Upregulated"
"ZC3H12B",-1.08906617864967,1.02908431067647e-14,"Downregulated"
"AL353135.2",1.3907680220916,1.02908431067647e-14,"Upregulated"
"AL021920.2",3.21521813966281,1.02979431523334e-14,"Upregulated"
"NRIP3",1.54442019286503,1.03643812386084e-14,"Upregulated"
"LRRC18",-2.18469348196225,1.03966812995764e-14,"Downregulated"
"PYGM",-1.22149978137459,1.04974892747254e-14,"Downregulated"
"SNX25P1",1.16230273917437,1.05239963638014e-14,"Upregulated"
"BCL2L14",1.4249928329785,1.05538428513816e-14,"Upregulated"
"CPB2",-2.72730561355495,1.06099408286356e-14,"Downregulated"
"RN7SL674P",2.85503373466872,1.06808577030979e-14,"Upregulated"
"AC124319.1",1.84063441592915,1.06936222285655e-14,"Upregulated"
"AC010226.1",-1.13538256323069,1.07829476725879e-14,"Downregulated"
"CCDC178",-1.98939793107864,1.09010310797484e-14,"Downregulated"
"AC002378.1",3.72816435115771,1.09315360130967e-14,"Upregulated"
"AL513314.2",1.94974067903862,1.09810849989102e-14,"Upregulated"
"LRRC4B",-1.3361393184581,1.11374210923347e-14,"Downregulated"
"GORAB-AS1",1.23118092199327,1.12110689987126e-14,"Upregulated"
"AC097512.1",4.34959759282308,1.12408170459294e-14,"Upregulated"
"AP000695.2",1.64061101980944,1.13029025128278e-14,"Upregulated"
"AC005606.2",1.1409958792152,1.13669800692968e-14,"Upregulated"
"BNIP3P24",3.09663157380451,1.16907155993297e-14,"Upregulated"
"H4C1",4.33714922363648,1.16907155993297e-14,"Upregulated"
"AC061992.2",1.36369847549682,1.17491370520124e-14,"Upregulated"
"MAGEA8",3.55939673095694,1.17885041092673e-14,"Upregulated"
"Z94721.2",2.65164350501317,1.17885041092673e-14,"Upregulated"
"EMX1",2.9312113817047,1.20981796857214e-14,"Upregulated"
"STPG3",1.9364246280046,1.21903148227463e-14,"Upregulated"
"AC245187.2",-2.68966972971329,1.22138701204118e-14,"Downregulated"
"WDR72",2.56163542714535,1.23894676343153e-14,"Upregulated"
"C19orf38",-1.08166359502387,1.25252637562818e-14,"Downregulated"
"TNFRSF11A",1.18843725345981,1.25608715052719e-14,"Upregulated"
"LINC02280",2.03188671861859,1.25608715052719e-14,"Upregulated"
"HOXA1",1.93590028606925,1.26125324773663e-14,"Upregulated"
"BCAR4",4.72309049660345,1.26216418945502e-14,"Upregulated"
"OAS1",1.19730195663624,1.26318358332089e-14,"Upregulated"
"RN7SKP173",2.27722132650015,1.28171342847755e-14,"Upregulated"
"KCNQ5-AS1",3.78983849533318,1.28670598019446e-14,"Upregulated"
"GGN",1.10999064534779,1.30740312873015e-14,"Upregulated"
"VIP",-1.57472245758679,1.32811860114596e-14,"Downregulated"
"TBX18",2.68537538079095,1.3692987631075e-14,"Upregulated"
"HOXD13",5.85157006381504,1.37959272290952e-14,"Upregulated"
"IGFL3",3.9566516759683,1.38958429807258e-14,"Upregulated"
"AL589743.3",3.11860702994372,1.39436680927287e-14,"Upregulated"
"ALKAL1",2.01731693700449,1.40581850978072e-14,"Upregulated"
"LINC01816",1.4394510277949,1.41375834656613e-14,"Upregulated"
"ATP6V0CP4",3.22228645158302,1.41649749291953e-14,"Upregulated"
"AC009152.6",3.80062746716169,1.45160284356118e-14,"Upregulated"
"AC022784.5",1.80391958096044,1.46063809372858e-14,"Upregulated"
"CCDC152",-1.05580731522559,1.48480296626962e-14,"Downregulated"
"CARMIL2",1.32133181104401,1.49716627861793e-14,"Upregulated"
"PDXDC2P-NPIPB14P",1.27531767663227,1.50316697774371e-14,"Upregulated"
"AC117461.1",-2.29390370749971,1.50381462550912e-14,"Downregulated"
"RN7SL221P",1.90018773684403,1.50582155651221e-14,"Upregulated"
"CNTNAP3P1",-2.27736920308974,1.5059023287313e-14,"Downregulated"
"AC125494.1",1.22184004852241,1.50888829429143e-14,"Upregulated"
"AL137785.1",3.42255217120312,1.50931586737515e-14,"Upregulated"
"IGHE",2.34782011425509,1.51575492040411e-14,"Upregulated"
"AC002066.1",-1.73946607747042,1.52038414326919e-14,"Downregulated"
"GTSF1L",2.64990623043771,1.5238648086761e-14,"Upregulated"
"ZMYND10",-1.97776199357055,1.53733803574952e-14,"Downregulated"
"AP003500.1",3.7944831355504,1.55488244818678e-14,"Upregulated"
"AL009179.1",1.81363168010123,1.55726838848204e-14,"Upregulated"
"MIR6835",2.42012126645337,1.57010125362997e-14,"Upregulated"
"F2RL1",1.32461513511929,1.59431211246652e-14,"Upregulated"
"AC007881.4",1.4935210174526,1.60077525965727e-14,"Upregulated"
"FOXF2",-1.24545044381636,1.61230549890926e-14,"Downregulated"
"POU2AF1",1.58027406657063,1.61340391397853e-14,"Upregulated"
"CDC20P1",-1.33455615676524,1.62959242911219e-14,"Downregulated"
"AL161756.1",1.4680479994572,1.63966305184266e-14,"Upregulated"
"AP002364.1",1.4769437922949,1.65049171631246e-14,"Upregulated"
"AL078587.2",1.59144334429248,1.67990024492507e-14,"Upregulated"
"AL031658.1",-1.51989244129798,1.68611392695641e-14,"Downregulated"
"PABPN1",1.06136718248587,1.69685121616097e-14,"Upregulated"
"PIWIL3",5.38328631566234,1.69850774963215e-14,"Upregulated"
"LEFTY2",-1.91397409965777,1.7412055754728e-14,"Downregulated"
"IGHV3-64D",2.35606702221206,1.75425878288777e-14,"Upregulated"
"AL162718.2",3.03675691337084,1.75740607620957e-14,"Upregulated"
"IGKV7-3",2.41592727883437,1.8036714064166e-14,"Upregulated"
"AXL",-1.00226094586158,1.85707563880496e-14,"Downregulated"
"AC024937.2",2.24971523650588,1.88002979523405e-14,"Upregulated"
"IGHV3-6",1.94770396841946,1.89086771265418e-14,"Upregulated"
"AC007996.1",1.19976203846018,1.89355211755671e-14,"Upregulated"
"AC023908.3",1.31955019077255,1.90082790610383e-14,"Upregulated"
"C11orf21",-1.31304703812092,1.90596080950358e-14,"Downregulated"
"AC116345.4",3.54789489725533,1.90936447523005e-14,"Upregulated"
"ADCY8",-3.36379643633057,1.9100744332193e-14,"Downregulated"
"AC091181.2",1.87712895927645,1.91224522643661e-14,"Upregulated"
"H2AC6",1.22937985663026,1.91573605099022e-14,"Upregulated"
"RDH10-AS1",1.92642604427203,1.91629076220449e-14,"Upregulated"
"LUARIS",2.79996345311767,1.93692513560621e-14,"Upregulated"
"LAGE3P1",2.13554624518357,1.94391477439147e-14,"Upregulated"
"LEF1-AS1",1.36709330768405,1.94439237047208e-14,"Upregulated"
"AL137002.2",1.36566554336334,1.94719962084465e-14,"Upregulated"
"KLK8",4.52354537381653,1.96338267285401e-14,"Upregulated"
"SPTBN5",1.28924017960595,1.96980419821491e-14,"Upregulated"
"LINC01929",2.23304934653824,1.97589723175232e-14,"Upregulated"
"EPS15P1",3.08348095102641,1.99055595149565e-14,"Upregulated"
"LINC02468",3.09307460053348,1.99274274871112e-14,"Upregulated"
"GAS5",1.1540607539066,2.00686776791343e-14,"Upregulated"
"ATP2A1-AS1",1.6368162401157,2.01073899337785e-14,"Upregulated"
"TMEM249",2.68543735752053,2.02994455874787e-14,"Upregulated"
"ODC1-DT",1.34879773498597,2.03104623319973e-14,"Upregulated"
"LINC02585",1.2771705497836,2.0471560594264e-14,"Upregulated"
"CNIH3-AS2",2.43077450950628,2.05926784773982e-14,"Upregulated"
"ARL2BPP4",2.81080724102894,2.06033147525463e-14,"Upregulated"
"IL19",2.05690896447472,2.08779246538222e-14,"Upregulated"
"AC091978.1",1.01452894241031,2.09584485044455e-14,"Upregulated"
"AL355488.1",1.21829031965785,2.10265645118823e-14,"Upregulated"
"BCL2A1",-1.22835968917842,2.10480634875945e-14,"Downregulated"
"AC132192.1",2.10069822472761,2.13775326656666e-14,"Upregulated"
"GAPDHP35",1.76257238413941,2.14338279472708e-14,"Upregulated"
"AC105429.1",1.69202297772564,2.17180673317957e-14,"Upregulated"
"AC024361.1",1.3674863778372,2.17535521634215e-14,"Upregulated"
"ASGR1",-1.19916403556425,2.17695982762736e-14,"Downregulated"
"NPFFR2",3.39934203025622,2.20176277728845e-14,"Upregulated"
"MC4R",2.8316036615557,2.26268143001041e-14,"Upregulated"
"AL022316.1",1.8240313055054,2.26293194247387e-14,"Upregulated"
"BX537318.2",1.73540082286844,2.27140504686751e-14,"Upregulated"
"AC112907.2",2.1898597751465,2.31200614533964e-14,"Upregulated"
"TDRD1",2.52847404801946,2.31660907563229e-14,"Upregulated"
"AC142381.3",-1.15642440408332,2.34364974777267e-14,"Downregulated"
"AC005330.1",2.29909300025137,2.3541830958339e-14,"Upregulated"
"IGLV1-51",2.04390469646231,2.36583535273018e-14,"Upregulated"
"GNG7",-1.06408343414511,2.38068374137637e-14,"Downregulated"
"GS1-594A7.3",2.97935005749223,2.38661788156779e-14,"Upregulated"
"AC092944.3",-2.51497742864683,2.41557964262795e-14,"Downregulated"
"AC025062.1",1.74317784037928,2.43262041543298e-14,"Upregulated"
"MIAT",1.80181070952925,2.47741906691367e-14,"Upregulated"
"AHSG",3.74190376670093,2.49716172426575e-14,"Upregulated"
"RNY4P19",2.9948643849183,2.50033287165757e-14,"Upregulated"
"LINC02036",1.80331008516797,2.50207273848776e-14,"Upregulated"
"AP002478.1",3.28039165306383,2.52114018095973e-14,"Upregulated"
"AC080080.1",1.29047506546939,2.53334721801675e-14,"Upregulated"
"AC010735.1",3.00901848751729,2.53704261900186e-14,"Upregulated"
"S100A16",1.22730892556786,2.54290434559798e-14,"Upregulated"
"NUPR1",-1.1221802812034,2.56259368220941e-14,"Downregulated"
"LHX1-DT",4.75298373409567,2.66218675267303e-14,"Upregulated"
"EME2",1.04726473650098,2.70163382067495e-14,"Upregulated"
"TINCR",-1.95566157422744,2.73676722661665e-14,"Downregulated"
"C14orf39",2.59241011586653,2.75768495374246e-14,"Upregulated"
"AL049874.3",3.2371100259548,2.77463517988294e-14,"Upregulated"
"AC027796.2",1.88696923210768,2.79001871489466e-14,"Upregulated"
"AL133243.2",1.35705643337794,2.79871896206231e-14,"Upregulated"
"RASGRP2",-1.1789760270469,2.81790823876301e-14,"Downregulated"
"LMLN2",3.40007210951518,2.81992016914665e-14,"Upregulated"
"GAP43",2.31759373511505,2.82301595920046e-14,"Upregulated"
"IGDCC4",1.19841986408366,2.85163461610856e-14,"Upregulated"
"AL157935.2",-1.17831847278187,2.92187544848868e-14,"Downregulated"
"LINC02147",-1.72366875025376,2.94443703347827e-14,"Downregulated"
"AL138831.3",1.33487364311973,2.97803438419813e-14,"Upregulated"
"AC135178.1",-1.50468921579737,2.99600190847453e-14,"Downregulated"
"COL9A1",2.19633245241503,3.03075879367812e-14,"Upregulated"
"AP001107.9",-1.19497835648838,3.05351324491567e-14,"Downregulated"
"AC004925.1",2.49420662682853,3.06610129327701e-14,"Upregulated"
"GAPDHP40",1.56639121681989,3.0872053464495e-14,"Upregulated"
"GDF2",-4.02305222577083,3.08966431539191e-14,"Downregulated"
"AL353807.4",1.31650191295861,3.09444138979782e-14,"Upregulated"
"SNRPEP4",1.26327085767767,3.11825863923215e-14,"Upregulated"
"TMEM74",2.06983977334816,3.14145805665546e-14,"Upregulated"
"SYTL2",1.11532714347966,3.14160615031029e-14,"Upregulated"
"GSTA3",-2.55490736748441,3.16655682639787e-14,"Downregulated"
"IGLV3-29",3.15061694820851,3.1815225138904e-14,"Upregulated"
"SEMA3A",1.73996100332717,3.20975181853134e-14,"Upregulated"
"MCF2",2.36887039759102,3.21626577998675e-14,"Upregulated"
"AL158835.2",1.62846853607652,3.2416578834221e-14,"Upregulated"
"SLC8A3",-1.53705341909608,3.25018048146192e-14,"Downregulated"
"AL513123.1",4.34917249169543,3.26295082955488e-14,"Upregulated"
"CRACD",1.42830496968129,3.26501417939832e-14,"Upregulated"
"GAMT",1.1429594069031,3.26561909282129e-14,"Upregulated"
"LINC00355",4.41185256965857,3.26706333105484e-14,"Upregulated"
"KIF12",1.7624906863405,3.27790859369842e-14,"Upregulated"
"NKILA",1.29125089924662,3.28367477621032e-14,"Upregulated"
"CDH18",4.16153864365829,3.30196791210752e-14,"Upregulated"
"ACSBG1",-1.59122024257992,3.31979295841667e-14,"Downregulated"
"AC137932.2",1.7812829005382,3.37564131198821e-14,"Upregulated"
"AC024560.1",2.4015139967194,3.38169341691223e-14,"Upregulated"
"PI15",1.71529469320649,3.39834556030931e-14,"Upregulated"
"AP000977.1",2.53395123092045,3.44091733875953e-14,"Upregulated"
"SETBP1-DT",-1.09523839061699,3.48607553060607e-14,"Downregulated"
"DPP10",2.42896114612522,3.50769032630792e-14,"Upregulated"
"STAM-AS1",1.30297292552256,3.53073395670938e-14,"Upregulated"
"AL022324.3",3.31471947180466,3.53257158466114e-14,"Upregulated"
"AC004884.2",2.42498439272987,3.5359119468976e-14,"Upregulated"
"AP000695.1",1.53067571892508,3.55281537715043e-14,"Upregulated"
"PPIAP91",2.1431443224182,3.57807833960736e-14,"Upregulated"
"KCTD21-AS1",1.00008194549461,3.58551298426565e-14,"Upregulated"
"LINC00844",-1.98591863608834,3.60704685319849e-14,"Downregulated"
"IGLV7-46",1.95851067242072,3.6082970395961e-14,"Upregulated"
"SAA2",2.35123410066537,3.61723923243136e-14,"Upregulated"
"AGAP11",-1.93911964075292,3.67311150092338e-14,"Downregulated"
"CFAP52",-2.07919198962776,3.6934275676929e-14,"Downregulated"
"AC068189.2",2.37038971337413,3.71290870731366e-14,"Upregulated"
"PHF24",-1.16652895746359,3.74843970175861e-14,"Downregulated"
"LINC01354",-1.79764282839107,3.75171312014465e-14,"Downregulated"
"KIAA1549L",1.84361507965843,3.78649483842172e-14,"Upregulated"
"PRF1",-1.28987581993426,3.80676628616895e-14,"Downregulated"
"CTSG",-1.86699567100553,3.85702148553723e-14,"Downregulated"
"AC122710.2",2.55816126673487,3.85811512443607e-14,"Upregulated"
"AC013457.1",-3.10643062952441,3.90445967007065e-14,"Downregulated"
"AC011481.1",1.48049461262415,3.92192794619006e-14,"Upregulated"
"AC009065.4",-1.01700154213643,3.93427596930531e-14,"Downregulated"
"AC073257.1",1.64545089127134,3.95195813406958e-14,"Upregulated"
"FETUB",3.71074558441382,4.02186664614452e-14,"Upregulated"
"HEY2",-1.11555782059106,4.07537329296411e-14,"Downregulated"
"RETREG1",-1.41657181717238,4.10941130010215e-14,"Downregulated"
"PSD",1.07998340417358,4.16320671496417e-14,"Upregulated"
"CPNE5",1.22318751244962,4.19506194784927e-14,"Upregulated"
"OSTCP1",2.59746806902015,4.2037834088211e-14,"Upregulated"
"CDH23",-1.21332590354587,4.21403706520367e-14,"Downregulated"
"AC090946.1",1.53963505357985,4.22036814127047e-14,"Upregulated"
"AC009975.1",-2.31701702873925,4.24590372801384e-14,"Downregulated"
"CDKN1C",-1.04555033370331,4.27987928414351e-14,"Downregulated"
"CA5A",2.71414094108416,4.28782827458174e-14,"Upregulated"
"AC122688.3",1.25589345358819,4.2891220107512e-14,"Upregulated"
"KCNA10",-2.32785481324648,4.29370424984098e-14,"Downregulated"
"GRB14",1.5554650581806,4.42538177141114e-14,"Upregulated"
"DDX4",2.70128192448344,4.46810038225936e-14,"Upregulated"
"AC245884.11",-1.61424680476883,4.46810038225936e-14,"Downregulated"
"REG1A",4.98020354517013,4.51142288257733e-14,"Upregulated"
"TSPAN7",-1.71826047564602,4.54416158608545e-14,"Downregulated"
"CDH19",-2.22842603137472,4.59193959942294e-14,"Downregulated"
"MAGEA4",6.82789660439795,4.59651744632599e-14,"Upregulated"
"RETNLB",3.87014332341992,4.60326663612098e-14,"Upregulated"
"AC145124.1",-1.23923677574536,4.60413374174446e-14,"Downregulated"
"AC063948.1",1.22768591485065,4.60731961443056e-14,"Upregulated"
"NR5A2",-1.16550590738544,4.68595353517383e-14,"Downregulated"
"LINC02236",1.41842941317597,4.70043032480328e-14,"Upregulated"
"PDCD6IPP2",1.73923270712555,4.72469281962608e-14,"Upregulated"
"CCDC170",-1.60883253229881,4.76204023059324e-14,"Downregulated"
"LOXL1",1.03879637498849,4.86422154126701e-14,"Upregulated"
"FNDC1-IT1",2.92182958204551,4.87895628139345e-14,"Upregulated"
"GFI1B",-1.5708124328528,4.91841310245358e-14,"Downregulated"
"AC008403.3",1.80626967259904,5.01275468489156e-14,"Upregulated"
"HABP2",2.22269191306583,5.05532811506374e-14,"Upregulated"
"GPR179",1.39632785795744,5.05761453072348e-14,"Upregulated"
"MAJIN",2.59053338142141,5.05845174322767e-14,"Upregulated"
"IGKV1OR9-2",3.01880840858706,5.09998166653354e-14,"Upregulated"
"APOL4",-1.13353585226422,5.1482329242629e-14,"Downregulated"
"AC004490.1",-1.83765890158901,5.16627410745121e-14,"Downregulated"
"ELAVL4",1.76068181200343,5.17452024843261e-14,"Upregulated"
"KBTBD12",2.05282039135078,5.18601776940535e-14,"Upregulated"
"AL031963.2",1.6455784931543,5.27219633109585e-14,"Upregulated"
"TXNRD1",1.54486797371422,5.50326093175687e-14,"Upregulated"
"LINC00659",3.3019217748043,5.51749673719448e-14,"Upregulated"
"IGHV1-12",2.18535235850182,5.53107482853927e-14,"Upregulated"
"C8B",-2.65510345009526,5.54716887648957e-14,"Downregulated"
"DMP1",2.9010589767683,5.59778553992208e-14,"Upregulated"
"ZNF572",1.0583874412749,5.64164956425054e-14,"Upregulated"
"AC022509.4",-1.90659347165971,5.68936905834349e-14,"Downregulated"
"AC008083.2",2.62269440940738,5.7020319766811e-14,"Upregulated"
"AJ011932.1",-1.56887745869145,5.76877874709098e-14,"Downregulated"
"AC011447.3",2.09886785646351,5.79877682568431e-14,"Upregulated"
"CLEC1B",-1.65726543211129,5.80441633857102e-14,"Downregulated"
"AC022613.1",1.53400971242871,5.83610632621566e-14,"Upregulated"
"SNORA80E",2.97503847623637,5.84669149564937e-14,"Upregulated"
"ASIC1",1.29403474471651,5.85871918034657e-14,"Upregulated"
"AL592494.2",1.75247728707609,5.89305474830487e-14,"Upregulated"
"SEMA3B",-1.54909603808897,5.89762326312114e-14,"Downregulated"
"HMGA1P1",2.50895855792886,5.89762326312114e-14,"Upregulated"
"LINC00842",-2.32240740325305,5.89762326312114e-14,"Downregulated"
"AC005996.1",3.36091103095046,5.91449206408969e-14,"Upregulated"
"MIR3150BHG",2.05391069940514,5.95987618191814e-14,"Upregulated"
"SIGLEC1",-1.25019565271054,5.96558557418872e-14,"Downregulated"
"CATSPERD",-2.55756596910379,5.97845085481801e-14,"Downregulated"
"LINC00630",1.08816117831946,6.01420636404627e-14,"Upregulated"
"PGF",1.2364575933237,6.07944127193252e-14,"Upregulated"
"MED8-AS1",1.11423648060901,6.12976554003696e-14,"Upregulated"
"SNORD19C",1.48549950403132,6.13798010662982e-14,"Upregulated"
"AP001981.2",2.50648520912754,6.20284586956636e-14,"Upregulated"
"AL138720.1",2.13293898979824,6.21199114530193e-14,"Upregulated"
"EML4-AS1",-1.35517298235993,6.29174996375746e-14,"Downregulated"
"ANXA8L1",-2.44720834835697,6.40006070560647e-14,"Downregulated"
"AC003092.1",4.13394045800717,6.66611011502626e-14,"Upregulated"
"BCL2L12P1",2.92043163110579,6.75337922967443e-14,"Upregulated"
"FOXD2",1.10484100127077,6.76317363264218e-14,"Upregulated"
"ITGA6-AS1",1.33185524073559,6.80440458552399e-14,"Upregulated"
"AC093675.2",3.40612214478907,6.80579484557353e-14,"Upregulated"
"SIGLEC14",-1.38482779841763,6.83826154623567e-14,"Downregulated"
"IL34",-1.28358164045563,6.92833520338041e-14,"Downregulated"
"AP000525.1",2.09803813941582,6.93117784499096e-14,"Upregulated"
"MIR647",1.31912864265671,6.96619989010973e-14,"Upregulated"
"S1PR5",-1.52070877241869,6.99466350971828e-14,"Downregulated"
"AP003973.2",-1.47112299874479,7.02144884670499e-14,"Downregulated"
"EIF4HP2",1.12905351952674,7.07265626594991e-14,"Upregulated"
"AK1",-1.1333107472977,7.08914201011674e-14,"Downregulated"
"SERPINA5",2.33622934659142,7.10591536896037e-14,"Upregulated"
"ZNF322",1.16432600246815,7.12243378871805e-14,"Upregulated"
"SYT6",2.17154397149223,7.17395502408699e-14,"Upregulated"
"DUSP26",-1.50367799587626,7.24414216813025e-14,"Downregulated"
"IGKV2OR22-3",2.53832325870258,7.27014603297526e-14,"Upregulated"
"HOXA11-AS",3.78396057299666,7.29627902824733e-14,"Upregulated"
"AC018653.3",1.16353369517554,7.3238824026556e-14,"Upregulated"
"LINC01827",-1.97223800949181,7.38162560545837e-14,"Downregulated"
"REEP1",-1.65516945943121,7.44520160382858e-14,"Downregulated"
"DRC3",-1.26007029510255,7.45661182749654e-14,"Downregulated"
"AC068189.1",2.64442223224305,7.46319281646516e-14,"Upregulated"
"ELL3",1.48156916160839,7.46740447233649e-14,"Upregulated"
"FAM225B",1.35452391887861,7.53659205449946e-14,"Upregulated"
"AL357141.1",3.83813796917763,7.55962805752813e-14,"Upregulated"
"ISM2",2.83611462982214,7.5702433575461e-14,"Upregulated"
"TAF1L",2.77309021336254,7.59999173682387e-14,"Upregulated"
"AC008738.4",3.27906028402389,7.60182030720763e-14,"Upregulated"
"CPAMD8",-1.61636508331913,7.69076031145764e-14,"Downregulated"
"ELMOD1",-1.65184043462663,7.71563435662923e-14,"Downregulated"
"RNF212",1.71139531175982,7.72632057508025e-14,"Upregulated"
"AC087045.2",2.09161154677144,7.7685892150061e-14,"Upregulated"
"AC236972.3",-2.4606803430139,7.88929539454364e-14,"Downregulated"
"AL022313.2",2.5076295131395,7.92423193577348e-14,"Upregulated"
"NPM1P9",1.53938901078209,7.93052793408461e-14,"Upregulated"
"FAM186B",1.12331992422996,7.94033674413514e-14,"Upregulated"
"OR7E36P",-2.54589747071186,7.96623629372434e-14,"Downregulated"
"RSPH1",-1.79255974145456,7.98054710297861e-14,"Downregulated"
"EFCAB13",1.31387426268073,7.98054710297861e-14,"Upregulated"
"RBP4",-2.00836178522554,8.0411913089029e-14,"Downregulated"
"AC007342.9",1.36375381713552,8.05951101504732e-14,"Upregulated"
"PPP4R4",-1.72524870888809,8.06697809051006e-14,"Downregulated"
"AC006111.2",1.3555207947779,8.06964098732145e-14,"Upregulated"
"FAM183DP",-2.10089987615099,8.1254198275625e-14,"Downregulated"
"KLF2P1",5.33367670140703,8.13864400305066e-14,"Upregulated"
"GPR88",1.67400342807254,8.33433911559141e-14,"Upregulated"
"C10orf90",3.53630053999769,8.40661351722814e-14,"Upregulated"
"OR13Z2P",3.53170852639452,8.40882621354776e-14,"Upregulated"
"TMC3-AS1",1.41083193522747,8.43879513561331e-14,"Upregulated"
"GAS6-DT",-1.19720121138503,8.44435217097714e-14,"Downregulated"
"AL590560.4",-1.73283824428633,8.51610767650812e-14,"Downregulated"
"IMPDH1P5",1.44884776968519,8.53913770163848e-14,"Upregulated"
"CASP5",-1.33127541512573,8.63375162539521e-14,"Downregulated"
"ZBP1",1.21888531310945,8.69618352499473e-14,"Upregulated"
"IGHV1OR16-3",2.7560855793867,8.84556291889252e-14,"Upregulated"
"KCNC2",4.5710032813649,8.84876283525738e-14,"Upregulated"
"ZNF687-AS1",1.29097483610187,8.8900963355039e-14,"Upregulated"
"ADPRHL1",1.23927358253502,8.91551500828487e-14,"Upregulated"
"LINC01446",4.49599982637474,8.96251542358151e-14,"Upregulated"
"AJ011931.2",3.46446358412984,9.1266516275928e-14,"Upregulated"
"AC105052.5",-1.91369393826803,9.15399145494938e-14,"Downregulated"
"DNM1",1.14139066495528,9.21727760944031e-14,"Upregulated"
"LRRC49",-1.02019871975314,9.47309848312425e-14,"Downregulated"
"FOXE3",3.06166103197855,9.4802939901101e-14,"Upregulated"
"BATF",1.09966817162463,9.52610814288863e-14,"Upregulated"
"QPRT",1.50718466350431,9.63038301889225e-14,"Upregulated"
"LINC00173",1.5012843860276,9.83673169786893e-14,"Upregulated"
"AL355803.1",-1.08784943404608,1.01972825551542e-13,"Downregulated"
"PDZRN4",-1.73274261922475,1.02264771020332e-13,"Downregulated"
"AC011444.3",-1.96815276541476,1.05455874927952e-13,"Downregulated"
"AC012213.1",4.45090927650385,1.05962941589541e-13,"Upregulated"
"KCNA7",2.51412690423269,1.0672367267009e-13,"Upregulated"
"TRGJP2",-2.32413744100081,1.09851721471678e-13,"Downregulated"
"AC110373.1",1.25646036313792,1.1203616100263e-13,"Upregulated"
"SOX21-AS1",2.23915711532684,1.12622423773905e-13,"Upregulated"
"AL451054.4",2.20945557026005,1.13130540882979e-13,"Upregulated"
"LRAT",1.67819744677033,1.13196823770307e-13,"Upregulated"
"NDUFV2",1.65596387552188,1.13478699602385e-13,"Upregulated"
"THSD4",-1.08250120830742,1.13967239501044e-13,"Downregulated"
"AC006206.2",3.16784716572992,1.14778659499904e-13,"Upregulated"
"AC239584.1",3.89077502429939,1.16063810547262e-13,"Upregulated"
"AC027277.2",-1.96441740899431,1.16231961210875e-13,"Downregulated"
"LINC00524",3.55763054757379,1.16479618746681e-13,"Upregulated"
"ZNF117",1.30862824037917,1.16802771629095e-13,"Upregulated"
"FLJ16779",2.22247803853557,1.16811779239839e-13,"Upregulated"
"LINC02605",-1.72496688313473,1.20239758482041e-13,"Downregulated"
"PCNPP1",1.15588152249399,1.20396500507109e-13,"Upregulated"
"ELOVL2",1.60984984682231,1.22543664698372e-13,"Upregulated"
"AC138409.3",3.49826953676047,1.22658499846443e-13,"Upregulated"
"NKD2",-1.17938974858972,1.23516255583062e-13,"Downregulated"
"IL12RB2",1.62807855938045,1.26976626216503e-13,"Upregulated"
"SYNE1",-1.12499528835399,1.30513462577611e-13,"Downregulated"
"IGLV5-48",2.30615678767337,1.30937310578493e-13,"Upregulated"
"AC243732.1",1.28258363628775,1.32059296935307e-13,"Upregulated"
"IGKV1D-37",2.87066475133283,1.33836544722825e-13,"Upregulated"
"CAPN11",-1.17215075409579,1.34176396392491e-13,"Downregulated"
"NAALADL2",1.18699652120288,1.35360415795232e-13,"Upregulated"
"LINC01779",-2.05939580866739,1.35585165779635e-13,"Downregulated"
"SLC9A2",2.357710527352,1.35985821613014e-13,"Upregulated"
"AC072028.1",2.53071601479088,1.36248300754789e-13,"Upregulated"
"AC004584.1",1.75878467295521,1.36763109490642e-13,"Upregulated"
"COL6A5",-1.60370811864497,1.37700978774726e-13,"Downregulated"
"SLC46A2",-1.95177533187324,1.39166075218054e-13,"Downregulated"
"MSRB1",1.03437451922174,1.39813217480853e-13,"Upregulated"
"FAM90A1",1.48965713204119,1.40405822195394e-13,"Upregulated"
"FRAS1",-1.51250182202527,1.41336720375563e-13,"Downregulated"
"MIR5195",2.26634533057471,1.42074295586747e-13,"Upregulated"
"AL121832.2",1.19030908803792,1.42578575427248e-13,"Upregulated"
"NFYC-AS1",1.13313644669877,1.43634711624506e-13,"Upregulated"
"AC011921.1",1.21499982326132,1.470321178725e-13,"Upregulated"
"AC090164.4",3.31393530541974,1.48803255470748e-13,"Upregulated"
"LINC00184",2.15134379255507,1.51608809864753e-13,"Upregulated"
"DYNLRB2",-1.99821992853571,1.51987386590599e-13,"Downregulated"
"AC243830.2",1.78129768449246,1.51987386590599e-13,"Upregulated"
"AC027796.4",1.33983616169776,1.5242113296662e-13,"Upregulated"
"AC098595.1",2.50900461559494,1.52714107933215e-13,"Upregulated"
"CARD17",1.86056237831425,1.5328385568367e-13,"Upregulated"
"AC011462.4",1.26056422998567,1.54249538515736e-13,"Upregulated"
"FOXL2",4.0125546811256,1.57723923442652e-13,"Upregulated"
"OR14L1P",-1.88215066010263,1.57937286822185e-13,"Downregulated"
"AGGF1P1",2.67218625678835,1.58594320485034e-13,"Upregulated"
"IRF8",-1.02954305717019,1.58657455234461e-13,"Downregulated"
"IPO4",1.19628501853065,1.60825078182542e-13,"Upregulated"
"MYOCD",-1.72915347451559,1.60987409363677e-13,"Downregulated"
"AL139339.1",-1.10439743674745,1.61156867655826e-13,"Downregulated"
"AC024937.3",1.90728112433829,1.61156867655826e-13,"Upregulated"
"C2orf27A",1.19137830226067,1.65437650323149e-13,"Upregulated"
"AC011352.1",3.22710648077773,1.66055964999201e-13,"Upregulated"
"SH2D5",2.32854840880905,1.66700953139982e-13,"Upregulated"
"LIN28A",4.32514073457679,1.675361811956e-13,"Upregulated"
"PTP4A2P2",-1.14639632670574,1.68787483008166e-13,"Downregulated"
"ASAH2",1.13191395215538,1.69370791711349e-13,"Upregulated"
"NFASC",-1.32591201397535,1.69597475560596e-13,"Downregulated"
"S100A12",-1.99440137499594,1.71802960227793e-13,"Downregulated"
"IGHV1-69-2",3.07733761107811,1.72773654221499e-13,"Upregulated"
"INSM1",2.95355110390467,1.73243766552691e-13,"Upregulated"
"LINC01376",1.05280145078568,1.73528894844683e-13,"Upregulated"
"BEAN1-AS1",1.60758379008489,1.73543089553988e-13,"Upregulated"
"AC106799.2",4.68806194256288,1.74101999636584e-13,"Upregulated"
"AC090125.1",3.62258921740161,1.74929365629085e-13,"Upregulated"
"AC063960.1",1.92953795677784,1.75038933893612e-13,"Upregulated"
"WNT10A",1.72113916252974,1.7707486264724e-13,"Upregulated"
"WNK3",1.72979371988881,1.83477966919201e-13,"Upregulated"
"IL13",-1.76725351816547,1.8354948194816e-13,"Downregulated"
"AC025166.1",2.51920344896765,1.83593169549364e-13,"Upregulated"
"RXFP2",-2.79184716628264,1.84201573462469e-13,"Downregulated"
"AC073578.1",3.20565419429886,1.8436090404701e-13,"Upregulated"
"DLX1",2.8029298175283,1.8881052386822e-13,"Upregulated"
"ECM1",1.62746377893734,1.89746865673078e-13,"Upregulated"
"GRM3",-1.75328066801072,1.91103742844034e-13,"Downregulated"
"C1orf53",1.07435815628995,1.92520657086055e-13,"Upregulated"
"AP001528.1",-1.31417723709795,1.92867650626984e-13,"Downregulated"
"RDH10",1.37354499025539,1.93638709348432e-13,"Upregulated"
"H2BC3",4.8482830367464,1.94817461352715e-13,"Upregulated"
"C16orf74",1.69369005176465,1.95209903535891e-13,"Upregulated"
"GAPDHP72",1.66644167613289,1.9558734162322e-13,"Upregulated"
"IGKV1OR10-1",2.42780927007754,1.95935882984176e-13,"Upregulated"
"FBXW4P1",1.06270582160392,1.97330881649116e-13,"Upregulated"
"AC051635.1",3.23738997387389,1.99878311406317e-13,"Upregulated"
"AL157373.2",2.05480562453087,2.01941529054662e-13,"Upregulated"
"LINC00636",-1.6137323867605,2.02525041150196e-13,"Downregulated"
"TNFRSF9",1.37391604921377,2.03406314277984e-13,"Upregulated"
"AC010735.2",1.85168983828523,2.04505867788154e-13,"Upregulated"
"AP000821.2",-2.17448188049516,2.05907756825002e-13,"Downregulated"
"DYDC2",-1.96311341655519,2.06237710873272e-13,"Downregulated"
"CBR1",1.6563695063916,2.06260839464305e-13,"Upregulated"
"IGLV5-37",2.59592211317164,2.07474558650929e-13,"Upregulated"
"TIGIT",1.17667582117758,2.09602819133512e-13,"Upregulated"
"KIF26A",-1.4658667674388,2.11110672951359e-13,"Downregulated"
"HOXD12",4.38145624349897,2.11791039204131e-13,"Upregulated"
"AC026355.2",1.9335794158554,2.12327964722475e-13,"Upregulated"
"RN7SL381P",1.91480441745349,2.12733728558387e-13,"Upregulated"
"CD300E",-1.40004904325663,2.13452131321751e-13,"Downregulated"
"SNORA74A",5.27405931040271,2.15174161784074e-13,"Upregulated"
"NDN",-1.0026619465144,2.18445655198701e-13,"Downregulated"
"AC010998.1",-2.52165430242556,2.18799213685932e-13,"Downregulated"
"PNOC",1.56085922375904,2.19309206242305e-13,"Upregulated"
"DSG3",3.19796897435143,2.22585320817098e-13,"Upregulated"
"LINC02813",3.38847802019601,2.23286861257796e-13,"Upregulated"
"PTGR1",1.33855291075635,2.24765192564298e-13,"Upregulated"
"AC008496.2",2.48397506941185,2.26605749304893e-13,"Upregulated"
"C1QL1",2.1487256642097,2.2743672034501e-13,"Upregulated"
"LINC00853",1.25311028297186,2.28559504056623e-13,"Upregulated"
"AF127936.1",-1.28353331010465,2.31393569910379e-13,"Downregulated"
"KLC3",1.54371816500493,2.32254907916084e-13,"Upregulated"
"CD68",-1.28483578446902,2.32477111654903e-13,"Downregulated"
"H4-16",1.40633431028991,2.34659877422911e-13,"Upregulated"
"TRPC4",-1.0134809368925,2.3563405108546e-13,"Downregulated"
"RPS18P13",2.18585229248837,2.39114859746376e-13,"Upregulated"
"AC011700.1",3.50731879486216,2.39898015855373e-13,"Upregulated"
"LINC02742",3.38482251573837,2.4122203485306e-13,"Upregulated"
"AL139288.1",1.49391941986471,2.43345067385649e-13,"Upregulated"
"EPB41L3",-1.07794026940659,2.43693884346913e-13,"Downregulated"
"PPIL6",-1.3327437329907,2.44005333153084e-13,"Downregulated"
"IGLV1-41",2.46555866537661,2.44408019229286e-13,"Upregulated"
"HMCN2",-1.41192075245306,2.45407334215748e-13,"Downregulated"
"UBE2SP1",1.56845208039086,2.4847045695839e-13,"Upregulated"
"NKD1",-1.63511508025948,2.48802943056156e-13,"Downregulated"
"AC022784.6",2.52474307240665,2.49632892485343e-13,"Upregulated"
"IGLV2-28",1.93535582879191,2.49940074770206e-13,"Upregulated"
"FBXO47",2.78369739890065,2.50035681132876e-13,"Upregulated"
"NEFH",2.31854891928806,2.51358728224172e-13,"Upregulated"
"HM13-IT1",1.03270708943456,2.52244216801631e-13,"Upregulated"
"AC093788.1",1.34229982441872,2.52704566104124e-13,"Upregulated"
"ZNF648",3.04173607616477,2.54549049933365e-13,"Upregulated"
"AKR1E2",1.32432606875502,2.55068649737364e-13,"Upregulated"
"GJA1",-1.23309829315975,2.59511443360772e-13,"Downregulated"
"FBXL19-AS1",1.0291685171879,2.62146456794896e-13,"Upregulated"
"AL157400.2",2.64503245323243,2.66711584573882e-13,"Upregulated"
"TCF24",2.45314772331465,2.6681297224983e-13,"Upregulated"
"C1orf194",-2.22479569359511,2.67154208891259e-13,"Downregulated"
"AC025176.1",2.09015887477437,2.70197409500676e-13,"Upregulated"
"FAM163A",1.77203800763257,2.72435167461706e-13,"Upregulated"
"LYPD6B",2.06217643725202,2.74935826996671e-13,"Upregulated"
"ZNF705A",-2.34069529934822,2.76723283550745e-13,"Downregulated"
"NFKBIZ",-1.09094513887944,2.78254084315401e-13,"Downregulated"
"AL590064.1",1.23740036791887,2.79427792901782e-13,"Upregulated"
"SLC38A11",1.81486425187547,2.80911890711343e-13,"Upregulated"
"HELT",-3.18796256227248,2.81494819796148e-13,"Downregulated"
"PXMP4",-1.07353305913033,2.84610642862667e-13,"Downregulated"
"AL139420.1",3.06542604339029,2.86669969736188e-13,"Upregulated"
"ERFL",1.3550288420109,2.89958356983229e-13,"Upregulated"
"AL662791.1",1.48575890967652,2.91817848055709e-13,"Upregulated"
"AC232271.3",1.33836067223381,2.93759632325897e-13,"Upregulated"
"PMEL",1.01081835712561,2.93902555882956e-13,"Upregulated"
"SLCO6A1",4.51112973334146,2.94567011247935e-13,"Upregulated"
"AC021683.6",3.6449419802797,2.98749293032686e-13,"Upregulated"
"IGHV4OR15-8",2.58564715664772,3.11069136907428e-13,"Upregulated"
"SUMO4",2.00027608990038,3.11162487281054e-13,"Upregulated"
"AC131097.2",2.14454498740342,3.13357818981637e-13,"Upregulated"
"AC112254.1",2.20236350840765,3.133714015785e-13,"Upregulated"
"TMPRSS13",1.1215774005484,3.14782354793824e-13,"Upregulated"
"BAGE2",6.42233393547012,3.18859182988302e-13,"Upregulated"
"Z99943.1",2.36810647552899,3.20305484263272e-13,"Upregulated"
"LINC02343",3.00229342913609,3.21004005252734e-13,"Upregulated"
"LDLRAD2",-1.08074644446789,3.24289083208707e-13,"Downregulated"
"NEK5",-1.54178361245664,3.26994280875433e-13,"Downregulated"
"AC110285.1",1.24426646876388,3.28483959453819e-13,"Upregulated"
"AC109583.4",2.05528143401856,3.32195204683824e-13,"Upregulated"
"TRIM58",-2.09940331437082,3.32554248172727e-13,"Downregulated"
"SNORD72",2.31937963897528,3.32908651974957e-13,"Upregulated"
"SLC16A6",-1.23465865267649,3.36099117405768e-13,"Downregulated"
"RNU6-850P",1.60454072159785,3.39064531423674e-13,"Upregulated"
"GAPDHP1",1.7384883054242,3.46928062118475e-13,"Upregulated"
"AC007611.1",-1.02455191905936,3.47562417187048e-13,"Downregulated"
"EFHB",-1.67952279680687,3.50322154031864e-13,"Downregulated"
"SLC22A4",-1.1985929236638,3.58004116880547e-13,"Downregulated"
"AC010175.1",-1.41871513554591,3.58019977731283e-13,"Downregulated"
"HNRNPA3P9",1.60616899492068,3.58123271059847e-13,"Upregulated"
"PGGT1BP2",3.07086762361471,3.60245439388834e-13,"Upregulated"
"AC211433.1",2.05547884415432,3.64242338314936e-13,"Upregulated"
"KRT19",1.19581526560143,3.65441009911308e-13,"Upregulated"
"SNORA5A",2.20799550265321,3.66234833313741e-13,"Upregulated"
"AP005264.1",-1.86861679031846,3.72902490591552e-13,"Downregulated"
"AC007686.1",3.06845821740654,3.75839072730613e-13,"Upregulated"
"TUBA3D",1.19318858916575,3.75975116016407e-13,"Upregulated"
"RLN3",2.48204144988041,3.76541503422024e-13,"Upregulated"
"TPO",1.85688984338157,3.78563121768326e-13,"Upregulated"
"SNHG25",1.37122847081124,3.81254138602528e-13,"Upregulated"
"LINC01967",4.34745938551315,3.87414463415502e-13,"Upregulated"
"GIP",4.08420308182532,3.88597936793555e-13,"Upregulated"
"AC009686.2",1.22383716599723,3.92354748147141e-13,"Upregulated"
"LRRFIP1P1",1.00228441512312,3.97751802673524e-13,"Upregulated"
"MAGEB2",5.62776791339529,3.99819667894367e-13,"Upregulated"
"HOXD3",1.88418486564704,4.01560972977184e-13,"Upregulated"
"AC074117.2",1.60075980654073,4.02733006668783e-13,"Upregulated"
"SNTN",-2.22074047687456,4.03100278318892e-13,"Downregulated"
"DSG4",3.92925505387999,4.05139678928673e-13,"Upregulated"
"AC009097.2",2.43105260045292,4.06665900995924e-13,"Upregulated"
"LL22NC03-63E9.3",3.31811110686025,4.08678703283727e-13,"Upregulated"
"AC079467.1",-2.23734175952467,4.10452005198393e-13,"Downregulated"
"ADAM2",4.81195198959954,4.27052043975902e-13,"Upregulated"
"IMPA1P1",-2.39682016893758,4.27887883174675e-13,"Downregulated"
"ALMS1-IT1",1.21666798604767,4.3111995822293e-13,"Upregulated"
"FAM30A",1.63167596044058,4.31675606054326e-13,"Upregulated"
"SOHLH1",3.98192073310715,4.32396795307193e-13,"Upregulated"
"HNF4A",2.87978936439651,4.33700733524924e-13,"Upregulated"
"SYT5",2.46662560053513,4.33908655029714e-13,"Upregulated"
"AC090617.5",-1.16141413371875,4.37416106727411e-13,"Downregulated"
"MMP15",1.01127201140263,4.38584582215966e-13,"Upregulated"
"AL023803.2",1.56674478471793,4.38584582215966e-13,"Upregulated"
"AL353898.3",1.02831210748057,4.41137237416257e-13,"Upregulated"
"GABRG2",4.88989991607353,4.4194838155356e-13,"Upregulated"
"TTC25",-1.37666188188829,4.43617298070238e-13,"Downregulated"
"PLEKHG4",1.1578145607335,4.4400682757667e-13,"Upregulated"
"PRSS44P",1.70928440445601,4.44071321736501e-13,"Upregulated"
"TMEM252",-1.71179397437707,4.45211776360443e-13,"Downregulated"
"PACERR",1.75398996788604,4.51577200048414e-13,"Upregulated"
"LINC01116",1.97556334804281,4.53928519880291e-13,"Upregulated"
"SOX14",5.3547035754862,4.54288238746644e-13,"Upregulated"
"AL773573.1",-3.36857530535999,4.59601216055496e-13,"Downregulated"
"TMPRSS11A",3.47277068998709,4.65321336822246e-13,"Upregulated"
"PCDH9",-1.81891528484596,4.69828907645555e-13,"Downregulated"
"AP001619.1",1.99162115884912,4.70951297387356e-13,"Upregulated"
"AL136369.1",-3.10811788889827,4.71380354505598e-13,"Downregulated"
"AC009899.1",4.46718069005885,4.74056172579346e-13,"Upregulated"
"GCSAML",-1.63571736565882,4.75109260145966e-13,"Downregulated"
"LINC01176",1.23372808293947,4.75964885747245e-13,"Upregulated"
"RPL10P13",2.0435980968487,4.82143806965903e-13,"Upregulated"
"CLCN3P1",1.26549418083763,4.85042452114835e-13,"Upregulated"
"SPATA4",-2.00118197016678,4.88979038852493e-13,"Downregulated"
"SNORA54",5.20504930092083,4.90690201382717e-13,"Upregulated"
"AC244033.1",2.18499192374441,4.92150182943813e-13,"Upregulated"
"LINC00638",1.02416287658488,4.94421513568882e-13,"Upregulated"
"AC023154.1",2.70354029424493,4.97392145359365e-13,"Upregulated"
"MIR194-2HG",2.85515719605677,5.09644695178112e-13,"Upregulated"
"WNT6",1.84055209487969,5.14766375404229e-13,"Upregulated"
"HSPA7",1.32724665451445,5.15048477780823e-13,"Upregulated"
"PAGE2",5.97470739242623,5.15213115050402e-13,"Upregulated"
"CA7",2.54315845252056,5.18752346616492e-13,"Upregulated"
"AL096854.1",3.13781875121014,5.22075554094068e-13,"Upregulated"
"AC069200.1",1.54342184618695,5.29839480841141e-13,"Upregulated"
"TBX6",1.11906939214082,5.31774655505075e-13,"Upregulated"
"TUBB2A",1.1075771395226,5.32167081745995e-13,"Upregulated"
"MATK",-1.12549159869989,5.33925576476862e-13,"Downregulated"
"ZIC4",5.08209386432938,5.34645827024469e-13,"Upregulated"
"SAA1",2.15257714209106,5.3973761112241e-13,"Upregulated"
"SPDYE3",2.14692819915649,5.39923021621415e-13,"Upregulated"
"POF1B",1.86476628779124,5.40741777035629e-13,"Upregulated"
"C3orf86",-1.76327401121056,5.41449964594195e-13,"Downregulated"
"AL079338.1",2.5650500655348,5.47229378064301e-13,"Upregulated"
"SIM1",3.75172787007994,5.50755157386389e-13,"Upregulated"
"AL139123.1",1.493151596064,5.57733956078853e-13,"Upregulated"
"VSIG10L",1.475697913562,5.63845172126897e-13,"Upregulated"
"AC022182.1",1.8878747142523,5.67029593211812e-13,"Upregulated"
"CIB2",1.24241643135113,5.69243704602899e-13,"Upregulated"
"AC114550.1",3.39465179370331,5.75595472995982e-13,"Upregulated"
"AL359313.1",3.41624184501772,5.83787738202851e-13,"Upregulated"
"OR7E126P",1.66106815306264,5.94354766433422e-13,"Upregulated"
"ZIC1",4.33024501818772,5.95341249288938e-13,"Upregulated"
"LINC01655",2.03468991147586,6.02137970272138e-13,"Upregulated"
"KCNJ8",-1.21208493108294,6.03552357592872e-13,"Downregulated"
"CLNK",1.3137915237484,6.09791675337792e-13,"Upregulated"
"LDHAP5",1.52358539904518,6.10603059557994e-13,"Upregulated"
"AL354824.2",3.52046459135933,6.14942008706234e-13,"Upregulated"
"AC026469.1",-1.46831949632068,6.16369281772428e-13,"Downregulated"
"AD000813.1",3.03547955594425,6.16808297159399e-13,"Upregulated"
"Y_RNA",1.53450533935482,6.20058296482958e-13,"Upregulated"
"AL132857.1",1.32972853831034,6.21339004967794e-13,"Upregulated"
"ATOH7",2.18378179617741,6.25340259026923e-13,"Upregulated"
"EXOSC10-AS1",1.30590442560725,6.27554344434651e-13,"Upregulated"
"AP001412.1",1.81980277246595,6.33461934178356e-13,"Upregulated"
"PCDHGA1",1.40674805651325,6.35408529229412e-13,"Upregulated"
"HRG",3.09599640633878,6.41173611495144e-13,"Upregulated"
"SLC30A10",3.85226009580953,6.4238547020703e-13,"Upregulated"
"SSC4D",1.39242356038485,6.49950994907458e-13,"Upregulated"
"SEPTIN3",1.51427535051157,6.58694326573771e-13,"Upregulated"
"AKR1C3",2.11275072096862,6.60719656744702e-13,"Upregulated"
"RN7SL521P",2.11526733481874,6.61030503921238e-13,"Upregulated"
"SFTA1P",-1.81840567931149,6.63396710562012e-13,"Downregulated"
"RPS19P3",1.08573127897942,6.69889577253139e-13,"Upregulated"
"Y_RNA",1.93899020969627,6.7051444563182e-13,"Upregulated"
"AL360270.1",1.02841220514006,6.975422265676e-13,"Upregulated"
"AC026740.1",1.30830741024831,7.00650502939968e-13,"Upregulated"
"PCDHB4",-1.01110994597147,7.03767721692122e-13,"Downregulated"
"AL136379.1",1.66231828965706,7.04984053572241e-13,"Upregulated"
"KCNH8",2.05933545742792,7.14972311460754e-13,"Upregulated"
"AL365272.1",1.20541379122834,7.22633427069003e-13,"Upregulated"
"AC008453.2",-1.4189362418873,7.29697905388202e-13,"Downregulated"
"AL445222.1",1.08362405612659,7.31491910880506e-13,"Upregulated"
"AP001628.1",1.77473564553742,7.37458316318444e-13,"Upregulated"
"SNORA11",1.98363367616213,7.4020069239693e-13,"Upregulated"
"AL442224.1",3.55037272453588,7.43696668010006e-13,"Upregulated"
"AC007405.2",2.36609750812767,7.49642341776394e-13,"Upregulated"
"AC136632.2",1.12709164820524,7.51902131993169e-13,"Upregulated"
"AC005064.1",2.65661963783063,7.55659504833744e-13,"Upregulated"
"IL17RD",1.23440698794341,7.60904015054811e-13,"Upregulated"
"AC092053.5",-2.50935455115921,7.6821099344188e-13,"Downregulated"
"LINC00589",2.13666886751976,7.70467244633014e-13,"Upregulated"
"LINC01814",1.29910390263787,7.74138694295844e-13,"Upregulated"
"TMEM229A",3.60357631471915,7.81814844149802e-13,"Upregulated"
"DRAM1",-1.11323052946318,7.91316003562597e-13,"Downregulated"
"PF4",-2.0387715900169,7.9143840802885e-13,"Downregulated"
"LRFN4",1.18710569437544,7.97317989164052e-13,"Upregulated"
"GGH",1.4020726465047,8.02935939489264e-13,"Upregulated"
"AL583832.1",1.67756880971027,8.03011286107595e-13,"Upregulated"
"TMEM232",-1.76894972716141,8.05844521438872e-13,"Downregulated"
"RPS6P25",1.03747180645156,8.12741259104133e-13,"Upregulated"
"AC027281.1",2.41606647638359,8.2172204962573e-13,"Upregulated"
"ATP8B5P",-1.49398001412089,8.31524042649444e-13,"Downregulated"
"UNC13A",1.86576463035534,8.37238602815035e-13,"Upregulated"
"AC104687.2",2.48662781512326,8.37238602815035e-13,"Upregulated"
"FAM166B",-1.82252297578218,8.38149768244127e-13,"Downregulated"
"CGB5",4.65601027097176,8.38471089659208e-13,"Upregulated"
"AC245100.3",3.38166772592354,8.51583710090806e-13,"Upregulated"
"LNCOG",1.49092706415065,8.55443654437487e-13,"Upregulated"
"AC012645.4",1.59132351763979,8.56827039503884e-13,"Upregulated"
"LINC02195",1.87858156988581,8.59723118346288e-13,"Upregulated"
"CD27",1.23498097739964,8.64939015722199e-13,"Upregulated"
"AC004832.1",-2.18554448219763,8.67614091416485e-13,"Downregulated"
"FAM183A",-1.93097282433318,8.81814198243547e-13,"Downregulated"
"AL360181.3",1.08451999301685,8.86795961202463e-13,"Upregulated"
"TNFRSF13C",1.49328418093706,8.87116637639489e-13,"Upregulated"
"EIF4E1B",4.76007280196863,8.90025232914607e-13,"Upregulated"
"AC018695.9",1.84545568828414,8.93492456837152e-13,"Upregulated"
"TEX15",3.23289554025516,8.99393381173542e-13,"Upregulated"
"AC093151.5",-2.91006026642877,9.02835827679978e-13,"Downregulated"
"RGS16",-1.05930860446169,9.03053887958132e-13,"Downregulated"
"INMT-MINDY4",-2.45391940343157,9.08377105241217e-13,"Downregulated"
"LINC01123",1.2045926945972,9.50256990146826e-13,"Upregulated"
"TNC",1.57932856795271,9.52386245435196e-13,"Upregulated"
"DPH6-DT",-1.21127642908008,9.53688670923615e-13,"Downregulated"
"RGS13",-1.45956044903053,9.5450782589834e-13,"Downregulated"
"ALOX15P2",3.09636817546502,9.56283826208812e-13,"Upregulated"
"CNR1",-1.53209998839485,9.59282101016073e-13,"Downregulated"
"OFCC1",4.38557145746071,9.65304019291643e-13,"Upregulated"
"AL365436.1",1.24756750326296,9.66095510978378e-13,"Upregulated"
"AL359378.1",-2.45478583206218,9.72301090582878e-13,"Downregulated"
"AC100826.1",4.70916983235084,9.74584712940421e-13,"Upregulated"
"AL157895.1",-1.29568156310455,9.75580180175092e-13,"Downregulated"
"AC104472.1",2.10160695690831,9.86388496288949e-13,"Upregulated"
"LINC01226",1.72057388485047,9.88337774409522e-13,"Upregulated"
"RUNDC3A",1.76876745981292,1.00619708836514e-12,"Upregulated"
"AP000696.1",3.73040776875501,1.02511275542657e-12,"Upregulated"
"CASC4P1",1.88162033193049,1.02563068206827e-12,"Upregulated"
"PLA2G1B",-2.19726106520403,1.02963756409974e-12,"Downregulated"
"TMEM158",1.45657229230289,1.03968366225268e-12,"Upregulated"
"TMEM200C",1.44267640930658,1.04616098970879e-12,"Upregulated"
"AC027117.2",1.89053122071676,1.04995306890857e-12,"Upregulated"
"AC011365.1",-1.84038647749962,1.0560254809289e-12,"Downregulated"
"C1QL4",2.94496883790988,1.06794911366127e-12,"Upregulated"
"AP002985.1",1.19111038429557,1.08031945741631e-12,"Upregulated"
"IGHV3-36",2.88411595024569,1.09385986519435e-12,"Upregulated"
"AC016394.1",1.25513416882793,1.09385986519435e-12,"Upregulated"
"STUM",2.40022574381014,1.09511961737774e-12,"Upregulated"
"AC044860.1",-1.31816520270353,1.10178486626745e-12,"Downregulated"
"AL953883.1",3.70300385739987,1.10586383582335e-12,"Upregulated"
"ENPP6",-1.36634002767655,1.11371100687313e-12,"Downregulated"
"AC092354.1",-1.17817527909171,1.11772581912576e-12,"Downregulated"
"PALM",-1.00370018532359,1.14129722703576e-12,"Downregulated"
"SEC61G-DT",2.27795549138276,1.14146472764535e-12,"Upregulated"
"IGKV2D-30",2.16042747934564,1.15099275298593e-12,"Upregulated"
"PTCSC2",2.4474232973735,1.15804872383063e-12,"Upregulated"
"CABCOCO1",-1.80574221859394,1.16763271172039e-12,"Downregulated"
"GOLGA2P8",1.36523521368611,1.16763271172039e-12,"Upregulated"
"SPATS1",-2.16766513782556,1.17508360358557e-12,"Downregulated"
"KRT18P55",1.60672845097332,1.19531901334639e-12,"Upregulated"
"OBP2A",3.09042862175229,1.21262662859706e-12,"Upregulated"
"AC010186.3",1.15147106434692,1.22677056169273e-12,"Upregulated"
"LINC00319",2.98635968487544,1.24196921774387e-12,"Upregulated"
"SEMA3B-AS1",-1.16794889635984,1.26463490142146e-12,"Downregulated"
"AL353572.1",2.76505877507352,1.26641396383694e-12,"Upregulated"
"HPGDS",-1.35973955534986,1.27390652411728e-12,"Downregulated"
"SOCS5P4",1.27624007981041,1.28865581736405e-12,"Upregulated"
"LINC02332",2.63387820741753,1.28940268040328e-12,"Upregulated"
"H2AC17",2.66226072269172,1.29286861348005e-12,"Upregulated"
"AC108451.2",3.19069058420051,1.30737227124743e-12,"Upregulated"
"AL162171.1",-1.07577304164538,1.30954909541598e-12,"Downregulated"
"MYPN",2.77012504443639,1.31362015503837e-12,"Upregulated"
"LINC01301",1.12790746524771,1.31957354333605e-12,"Upregulated"
"AC017104.4",1.18830581531703,1.32634845302995e-12,"Upregulated"
"AC079753.2",3.23687916471086,1.34288769425827e-12,"Upregulated"
"AC090772.1",1.9023272576572,1.34703696777756e-12,"Upregulated"
"SHISA8",2.21267159435655,1.36345980679981e-12,"Upregulated"
"CTSLP2",2.6910972785257,1.37088963065399e-12,"Upregulated"
"AC011815.1",1.03694732974481,1.37307391342979e-12,"Upregulated"
"AL589843.2",1.28729693329625,1.37642848772479e-12,"Upregulated"
"GJB5",2.36340500926797,1.37654618679843e-12,"Upregulated"
"C7orf61",1.41721482297125,1.38621262375692e-12,"Upregulated"
"FABP5P7",-1.69377942248396,1.39144459698061e-12,"Downregulated"
"TSPAN8",2.14284996871244,1.40263893100599e-12,"Upregulated"
"MYRF",-1.6321715439234,1.41351901747419e-12,"Downregulated"
"BNIP3P42",3.56645374839615,1.41351901747419e-12,"Upregulated"
"AARD",-1.92247591806383,1.41849890030842e-12,"Downregulated"
"LINC02109",4.22913374485615,1.42006631542622e-12,"Upregulated"
"Y_RNA",1.29259801868145,1.42193299993627e-12,"Upregulated"
"AC245884.2",-2.77309787985429,1.4299796389505e-12,"Downregulated"
"LNCSRLR",2.14834947818027,1.4299796389505e-12,"Upregulated"
"AC004837.4",1.62630819979613,1.4299796389505e-12,"Upregulated"
"BX322650.1",1.75437977095359,1.45135926071515e-12,"Upregulated"
"FP565171.1",3.39069282563145,1.45260493461911e-12,"Upregulated"
"AC025062.2",2.50868232974858,1.47824060721998e-12,"Upregulated"
"AC124248.2",1.82072036410387,1.48738466485096e-12,"Upregulated"
"AC139887.1",1.33982326967927,1.48974996553811e-12,"Upregulated"
"OTOG",3.57761239155245,1.49199138919055e-12,"Upregulated"
"P3H3",1.09281021215426,1.50577298578649e-12,"Upregulated"
"LARP1P1",2.6321881807212,1.50835793422389e-12,"Upregulated"
"AC074141.1",1.37444577329832,1.53596072308391e-12,"Upregulated"
"LINC00470",3.32185990901814,1.56135424752415e-12,"Upregulated"
"AC007262.2",1.49593871158382,1.56248567809369e-12,"Upregulated"
"ETV1",-1.15246729316642,1.59057922146775e-12,"Downregulated"
"AL354861.2",2.67524979064918,1.59979369651659e-12,"Upregulated"
"AC003070.2",-1.88933845493336,1.63547824108261e-12,"Downregulated"
"TMEM179",3.12554490989507,1.64815342565363e-12,"Upregulated"
"ASIC5",3.21513709466277,1.65758355815577e-12,"Upregulated"
"SEC14L4",-1.54499851358157,1.66092387821625e-12,"Downregulated"
"AL451050.2",1.49657710816145,1.68631729313407e-12,"Upregulated"
"LINC01625",-1.89909728790876,1.68796669692929e-12,"Downregulated"
"AC112770.1",4.20357736565118,1.69919508431612e-12,"Upregulated"
"PAX5",1.72749519207593,1.72179954261102e-12,"Upregulated"
"LINC01169",-2.13776744805938,1.72658150696099e-12,"Downregulated"
"AC117489.1",-1.32949782218357,1.73674440984465e-12,"Downregulated"
"ZNF793-AS1",1.34623477403907,1.73910780099066e-12,"Upregulated"
"IGKV1OR-3",2.79597301592941,1.75063388487674e-12,"Upregulated"
"SULT1C2",1.70053244090519,1.75651500003901e-12,"Upregulated"
"AC011447.7",1.69317789398417,1.77471124494115e-12,"Upregulated"
"SLC52A3",1.09689965654095,1.78928916643465e-12,"Upregulated"
"AC093772.2",-1.83146797206868,1.80241828723446e-12,"Downregulated"
"ZFHX4-AS1",3.78195673205894,1.80370479358684e-12,"Upregulated"
"TFRC",-1.02675021370979,1.80426678805828e-12,"Downregulated"
"AC100791.2",2.96010687247703,1.8059902144347e-12,"Upregulated"
"AC099795.1",2.91650099623645,1.82247484351776e-12,"Upregulated"
"AKR1D1",2.39455476029717,1.82453931030369e-12,"Upregulated"
"HHLA3-AS1",1.99003443847774,1.84441639474764e-12,"Upregulated"
"FAM184A",-1.26795780012592,1.85057606365392e-12,"Downregulated"
"TUBA4B",-2.21965663044959,1.86416352743278e-12,"Downregulated"
"GPR89P",3.01551683522043,1.88931532365617e-12,"Upregulated"
"Y_RNA",2.99047441658154,1.9231057117103e-12,"Upregulated"
"AK7",-1.3541723430578,1.94292951015822e-12,"Downregulated"
"AC002451.1",-1.20075854265651,1.94395134224742e-12,"Downregulated"
"ODAPH",2.1471065200101,1.9520132790429e-12,"Upregulated"
"AC092809.2",-1.49680870981775,1.95227727151545e-12,"Downregulated"
"IGHV7-56",2.32387628221267,1.95402746044191e-12,"Upregulated"
"AL589740.1",3.1261018136797,1.9561758084801e-12,"Upregulated"
"TCTEX1D4",-1.3510093878729,1.96021422115276e-12,"Downregulated"
"RPS20P33",1.13316544800679,1.96374187797071e-12,"Upregulated"
"TOMM40P2",1.7506396800385,1.97092433699899e-12,"Upregulated"
"TTC3-AS1",2.34955751167792,1.98851890872313e-12,"Upregulated"
"IGKV1OR2-9",2.76787608169102,1.98851890872313e-12,"Upregulated"
"AC009237.3",1.17922015973442,1.99195436219154e-12,"Upregulated"
"LHX8",4.38334967527564,1.99521884222059e-12,"Upregulated"
"EFNB2",-1.00126095029953,2.01428827239854e-12,"Downregulated"
"DANT2",1.87405229812089,2.02364768472111e-12,"Upregulated"
"MAGEC3",3.22514604281705,2.02661617154969e-12,"Upregulated"
"AC008147.4",2.70315810350601,2.03149934359105e-12,"Upregulated"
"AC046129.1",3.24877566176373,2.03149934359105e-12,"Upregulated"
"GJB4",2.75037111811992,2.03374114181899e-12,"Upregulated"
"IGHV3-63",1.7438242459371,2.04393384778684e-12,"Upregulated"
"LINC01611",4.70847388255712,2.05171159273829e-12,"Upregulated"
"AC005726.2",2.83303557087702,2.05468731851734e-12,"Upregulated"
"STPG4",2.31181568163221,2.06479721257442e-12,"Upregulated"
"PSCA",2.6048272217915,2.06584433771686e-12,"Upregulated"
"LINC01449",2.61034144242232,2.06945431339894e-12,"Upregulated"
"FAM216B",-2.34824068236617,2.08034889889259e-12,"Downregulated"
"AC120114.3",1.04855864076483,2.09179255982225e-12,"Upregulated"
"SNX30",-1.01782723820771,2.10618978563627e-12,"Downregulated"
"PRSS29P",4.18047247702615,2.1387116214631e-12,"Upregulated"
"RNASE10",2.56482878693004,2.14694813596369e-12,"Upregulated"
"AL513548.4",2.75519416934809,2.16249013025494e-12,"Upregulated"
"AC004908.2",1.12512638356178,2.19127686740855e-12,"Upregulated"
"AC073195.1",1.19310363252486,2.19832003144421e-12,"Upregulated"
"AC068722.1",3.16778946601466,2.20516508859305e-12,"Upregulated"
"AC011008.2",-1.37507576899562,2.23615189491135e-12,"Downregulated"
"KRT6C",3.65733291187904,2.23900859372593e-12,"Upregulated"
"GPR162",-1.1769068699025,2.27361922240761e-12,"Downregulated"
"C17orf78",2.32874674087007,2.27956321621172e-12,"Upregulated"
"IGKV1D-43",2.14202027407086,2.29297550022152e-12,"Upregulated"
"AC114763.1",1.05865860672853,2.29614189558871e-12,"Upregulated"
"AC132872.2",1.37023737644987,2.31447651261373e-12,"Upregulated"
"STMN1",1.01806812586486,2.32653232668061e-12,"Upregulated"
"GABRG3",3.2430756409946,2.34549360501233e-12,"Upregulated"
"DUSP23",1.01501075794213,2.3479656343874e-12,"Upregulated"
"AL354993.1",2.35481845367508,2.35127522748806e-12,"Upregulated"
"TREX2",1.12962699116045,2.36840503429484e-12,"Upregulated"
"AC010894.1",1.1111818479776,2.37994616863265e-12,"Upregulated"
"RPS2P15",2.31259453780128,2.39078319998017e-12,"Upregulated"
"AC022028.2",2.87244348834508,2.39086171307202e-12,"Upregulated"
"AC060764.1",-1.64234287333568,2.43859427299162e-12,"Downregulated"
"MND1",2.71221532820567,2.44088792468327e-12,"Upregulated"
"AC026369.1",-1.88017362295428,2.44664980012536e-12,"Downregulated"
"AC017074.1",1.12633212354365,2.45461288209727e-12,"Upregulated"
"LINC01028",-4.09252036581431,2.45988917364941e-12,"Downregulated"
"FABP5P1",-1.68228284821058,2.46407569987243e-12,"Downregulated"
"CNGA4",-1.96354839999239,2.46540018637351e-12,"Downregulated"
"DLK1",4.64633223252334,2.47555838100579e-12,"Upregulated"
"RNF103-CHMP3",2.037676144816,2.58083089055636e-12,"Upregulated"
"TCTE1",-2.18980556343705,2.60908171943106e-12,"Downregulated"
"VWA8-AS1",-1.65829258813513,2.61341192961597e-12,"Downregulated"
"AC246787.2",2.15821039787743,2.63820909105441e-12,"Upregulated"
"AC124016.1",1.03318534069179,2.65173935195451e-12,"Upregulated"
"KRT27",-1.91343223264843,2.65302349594328e-12,"Downregulated"
"IGKV1OR1-1",2.77314341515131,2.65311248885338e-12,"Upregulated"
"AC010255.1",-1.94694122254718,2.65482408472628e-12,"Downregulated"
"AC090825.1",-1.05663830833704,2.69665832304727e-12,"Downregulated"
"SDCBP2",1.60333971689297,2.71610160151647e-12,"Upregulated"
"AC073968.2",-2.97455281086838,2.71610160151647e-12,"Downregulated"
"AC006277.1",1.17089250390178,2.72245540268456e-12,"Upregulated"
"AC026336.3",5.82174214200791,2.72431098816369e-12,"Upregulated"
"KDM4A-AS1",1.02245369832922,2.72812274715471e-12,"Upregulated"
"TMEM132E",1.51866493981935,2.74336305322418e-12,"Upregulated"
"MYO7B",-1.67142334147566,2.7500460827964e-12,"Downregulated"
"AC114956.2",1.07620961719145,2.76014470786697e-12,"Upregulated"
"EFCAB12",-1.55984733838871,2.76312008535486e-12,"Downregulated"
"AC135068.10",2.88403865642703,2.81598949458989e-12,"Upregulated"
"LHCGR",2.80650189616012,2.81650076260802e-12,"Upregulated"
"AC023024.2",1.36057209795731,2.83222563064647e-12,"Upregulated"
"SRGN",-1.06883843843467,2.8385196615783e-12,"Downregulated"
"CMA1",-1.76729295767024,2.85056038349358e-12,"Downregulated"
"LHFPL3-AS2",-2.11338927747776,2.87394593222374e-12,"Downregulated"
"ATP4B",1.99404261593119,2.94712323470659e-12,"Upregulated"
"AC022165.1",2.53100998933256,2.97909912180729e-12,"Upregulated"
"AC068580.3",1.25694033401182,2.98026718034217e-12,"Upregulated"
"AP005264.4",2.33912585435141,3.03210062483296e-12,"Upregulated"
"SPOUT1",1.64634253194708,3.04831157601838e-12,"Upregulated"
"AC244102.3",5.53815117504049,3.08535041178549e-12,"Upregulated"
"DNAH10",-1.65153599972533,3.11561940957453e-12,"Downregulated"
"AC007688.1",-1.70930644664519,3.12034817669553e-12,"Downregulated"
"TRIM6",1.15357036174032,3.14725636412658e-12,"Upregulated"
"AC131009.1",1.46874725928353,3.16543336178323e-12,"Upregulated"
"LINC01786",1.35524342732902,3.21683130448762e-12,"Upregulated"
"AC245041.1",-2.23724082065836,3.25261600547374e-12,"Downregulated"
"Z97192.4",-1.6543557886167,3.25336089708394e-12,"Downregulated"
"LRRK2-DT",-1.90586571035663,3.25980082436049e-12,"Downregulated"
"RBFOX1",3.2298065826196,3.2622221108708e-12,"Upregulated"
"LINC01687",4.19501129424947,3.26909217307298e-12,"Upregulated"
"ZNF738",1.04641489592853,3.27637221878284e-12,"Upregulated"
"MHENCR",1.01367906759848,3.37190734925071e-12,"Upregulated"
"WNT7A",-2.25906213882411,3.38632656634776e-12,"Downregulated"
"ALX3",4.12840277772586,3.43627997023148e-12,"Upregulated"
"RNVU1-31",4.69023456304129,3.43627997023148e-12,"Upregulated"
"COL4A4",-1.20491777785838,3.48352384628333e-12,"Downregulated"
"AC010307.4",3.04606833416999,3.48625306478684e-12,"Upregulated"
"FAT2",2.12416500055629,3.49181459501324e-12,"Upregulated"
"CHST4",2.00081155688414,3.494460619317e-12,"Upregulated"
"AL359513.1",1.21334181990757,3.494460619317e-12,"Upregulated"
"RNU6-140P",4.74788338648866,3.51521907009075e-12,"Upregulated"
"CDH2",1.97358781306369,3.5326693605771e-12,"Upregulated"
"LGR4-AS1",1.87092770055518,3.54127367708515e-12,"Upregulated"
"AL137803.1",3.132533888122,3.57704069961501e-12,"Upregulated"
"AL365436.2",1.75758154410188,3.57742847366781e-12,"Upregulated"
"IGHV3-13",2.04671703541499,3.57876014048574e-12,"Upregulated"
"LINC00668",3.73553565620579,3.61023730041602e-12,"Upregulated"
"AC007240.1",2.89946969674906,3.64895490860216e-12,"Upregulated"
"DNAJC5B",-1.20753650630942,3.66806033495738e-12,"Downregulated"
"GDNF-AS1",2.17783993155844,3.68052858456751e-12,"Upregulated"
"AC010343.3",2.67946429508278,3.68600899608796e-12,"Upregulated"
"IGLV8-61",1.94561959388268,3.73599397156759e-12,"Upregulated"
"LINC00393",4.80049771479133,3.77814888557072e-12,"Upregulated"
"SLC18A3",4.81571199256083,3.80977405939793e-12,"Upregulated"
"PRR26",2.02771514417315,3.82234863586487e-12,"Upregulated"
"LGALS7B",2.46686508014722,3.8397842433372e-12,"Upregulated"
"AC117509.1",-1.79299676481228,3.85470854646685e-12,"Downregulated"
"AC092128.1",2.28858391252281,3.87795331803909e-12,"Upregulated"
"ASNSP3",2.5719048434229,3.88166915816549e-12,"Upregulated"
"CYSRT1",1.38629570705121,3.9017204017283e-12,"Upregulated"
"MROCKI",-1.20193842568416,3.93096297443106e-12,"Downregulated"
"AC010285.3",1.63617541497562,3.94505388276607e-12,"Upregulated"
"LINC02128",3.58581105520674,3.97468738591602e-12,"Upregulated"
"AC128707.1",-2.65501767306352,3.97635856539498e-12,"Downregulated"
"TOGARAM2",-1.58439044374927,3.98599609349258e-12,"Downregulated"
"LINC01511",2.37629765423552,4.00137001460925e-12,"Upregulated"
"MIS18A-AS1",1.32151767460471,4.01359837175355e-12,"Upregulated"
"CRHBP",-1.23269936307892,4.02838858832071e-12,"Downregulated"
"IGLV2-34",1.92984885287553,4.03515914795837e-12,"Upregulated"
"KLHL35",1.29959896305192,4.07517053922836e-12,"Upregulated"
"DHFRP1",1.19088182745757,4.1617524416958e-12,"Upregulated"
"ROBO2",-1.56504488462684,4.17683330426484e-12,"Downregulated"
"AL596218.1",2.4041305686994,4.17999711652183e-12,"Upregulated"
"ITGAX",-1.00252459161976,4.21023726540043e-12,"Downregulated"
"AL358472.5",1.24507834920984,4.21742405338976e-12,"Upregulated"
"GABRR2",1.10226108889365,4.21960407224363e-12,"Upregulated"
"ATP6V0A4",2.01633057087507,4.23012427708108e-12,"Upregulated"
"AC107952.2",-1.02275910750434,4.25564761699821e-12,"Downregulated"
"AC084083.1",2.17361709212766,4.26340130335478e-12,"Upregulated"
"SELENBP1",-1.26421948168417,4.2648155263857e-12,"Downregulated"
"DPYD-AS1",2.55467733235294,4.28075137941537e-12,"Upregulated"
"AC021087.2",1.54394609040701,4.28177532662557e-12,"Upregulated"
"AC010615.2",1.62603393831674,4.31360171466498e-12,"Upregulated"
"GALR2",1.76598225958079,4.33334982130142e-12,"Upregulated"
"AL355076.3",2.19320736967589,4.33910253128688e-12,"Upregulated"
"AC108066.2",2.10859377074808,4.37625641300419e-12,"Upregulated"
"RASSF6",1.32253955609136,4.44381748053004e-12,"Upregulated"
"S100A5",1.77662632042845,4.46235356355655e-12,"Upregulated"
"IGKV1-37",2.75207400080813,4.49639029918809e-12,"Upregulated"
"AP005717.1",1.77714119007382,4.49903577990755e-12,"Upregulated"
"SLC34A3",1.77115287139458,4.52264159125304e-12,"Upregulated"
"DNAI3",-1.68395908902076,4.53350327760927e-12,"Downregulated"
"AC079466.1",4.93729623453116,4.5595827744539e-12,"Upregulated"
"SLCO1A2",-2.68570080746903,4.58998439282363e-12,"Downregulated"
"Z85994.1",3.10481765993499,4.62640488188767e-12,"Upregulated"
"AC002059.3",1.29522103653669,4.64992772191947e-12,"Upregulated"
"KLF15",-1.42499626061746,4.67445769915392e-12,"Downregulated"
"SERPINE2",1.20504431578851,4.67685851790326e-12,"Upregulated"
"AC002463.1",1.9979863139894,4.69101177997136e-12,"Upregulated"
"CFAP61",-1.7605476844363,4.71972287663207e-12,"Downregulated"
"ABCC13",-2.05574299183188,4.73513950616826e-12,"Downregulated"
"LINC01629",3.35431319071682,4.73669837987607e-12,"Upregulated"
"AL353152.1",-2.15806290922778,4.74363648530173e-12,"Downregulated"
"C1QC",-1.11488016555823,4.74945565465104e-12,"Downregulated"
"AC007663.4",1.00286952736879,4.76250931474569e-12,"Upregulated"
"GTF3C2-AS1",1.70999576664264,4.79076936816562e-12,"Upregulated"
"AL137786.1",-1.76819525062485,4.83863598797356e-12,"Downregulated"
"AC136475.10",1.24033062390557,4.87971958708524e-12,"Upregulated"
"AC010331.1",1.59139003889931,4.89706994169067e-12,"Upregulated"
"ATOH8",-1.63680746224296,4.99234997680222e-12,"Downregulated"
"AL136084.1",1.61090575569113,5.01195138646579e-12,"Upregulated"
"AC116407.4",1.10531470178041,5.01697135390004e-12,"Upregulated"
"C8G",1.51012772317484,5.09284272626559e-12,"Upregulated"
"ANKRD44-AS1",-1.9724573289245,5.13566298777913e-12,"Downregulated"
"HTR3B",3.58675716508396,5.14642747090506e-12,"Upregulated"
"CLRN3",2.00070703333035,5.14893524235704e-12,"Upregulated"
"AC076968.2",2.64309252372337,5.25691636911802e-12,"Upregulated"
"EREG",2.58002235521003,5.3038640192302e-12,"Upregulated"
"AC093484.4",1.26485070928493,5.3307120179667e-12,"Upregulated"
"AC020659.1",1.69915239931175,5.39254931162474e-12,"Upregulated"
"OXCT2",1.47914717212079,5.39814084943516e-12,"Upregulated"
"GAPDHP61",2.02299899018247,5.40787582536551e-12,"Upregulated"
"PPM1H",1.06128524536474,5.50372962241844e-12,"Upregulated"
"AC068724.1",2.41056207788304,5.51559964277181e-12,"Upregulated"
"AC005622.1",1.74245851203669,5.53060243798999e-12,"Upregulated"
"PRECSIT",1.24674350437932,5.55844154060464e-12,"Upregulated"
"NCAN",2.44759749832987,5.59262891280242e-12,"Upregulated"
"RERG",-1.09859745640317,5.62320897373533e-12,"Downregulated"
"FP325330.3",4.04340650407624,5.64189796822775e-12,"Upregulated"
"AUXG01000058.1",-1.29702470817389,5.7570714508101e-12,"Downregulated"
"AC135048.4",1.3072381918131,5.7841601283776e-12,"Upregulated"
"AC010643.1",1.60456330112286,5.81740455748787e-12,"Upregulated"
"CA6",2.80732077371732,5.88547784519099e-12,"Upregulated"
"MYBPC2",1.54555051680383,5.89264165414537e-12,"Upregulated"
"AC055807.1",3.59129768632128,5.90635171368701e-12,"Upregulated"
"VAX2",1.46183001034515,5.91004996173651e-12,"Upregulated"
"HSPD1P1",1.42861782009984,6.02839614749796e-12,"Upregulated"
"AP001037.1",-1.77454981273993,6.05574669996872e-12,"Downregulated"
"BEST4",1.23250108627882,6.05901944469333e-12,"Upregulated"
"SCN1A",-1.83711132021496,6.18360756161962e-12,"Downregulated"
"RNU6-762P",1.55917032183859,6.27781539853578e-12,"Upregulated"
"AL049830.3",2.7832284359463,6.27781539853578e-12,"Upregulated"
"GSC",2.44223973694671,6.31044365056771e-12,"Upregulated"
"LINC01605",1.99406390431223,6.32742137296482e-12,"Upregulated"
"AC095057.4",1.70931606087758,6.34259260648541e-12,"Upregulated"
"SNORA22",2.63049620161283,6.41030065751905e-12,"Upregulated"
"CASC15",1.44411179385862,6.44385229871555e-12,"Upregulated"
"AC128688.1",1.73008328046392,6.51471865703201e-12,"Upregulated"
"AC010168.2",1.12761824602967,6.53683653672584e-12,"Upregulated"
"AC090912.1",1.35273694504665,6.55762380254009e-12,"Upregulated"
"AC005083.1",1.07703160607134,6.56912623058131e-12,"Upregulated"
"SEC14L2",1.07227995975415,6.63718786086193e-12,"Upregulated"
"RASD1",1.65560607856657,6.64160080533692e-12,"Upregulated"
"RORA",-1.01107098602644,6.67611126286781e-12,"Downregulated"
"HOXB2",1.5911915093894,6.72733800027821e-12,"Upregulated"
"NR5A1",2.68821925167651,6.76749041703838e-12,"Upregulated"
"IGKV1OR2-118",2.55893875834346,6.78240765688905e-12,"Upregulated"
"AP001033.2",1.22684489942107,6.81361828755614e-12,"Upregulated"
"RN7SKP9",5.684020673692,6.82612857952501e-12,"Upregulated"
"LINC00632",1.75605078978911,6.8705898407571e-12,"Upregulated"
"AC021321.1",1.15817841433901,6.87861807884162e-12,"Upregulated"
"AC109454.3",3.20733824887565,6.8907320156615e-12,"Upregulated"
"ZFHX4",1.74674619004225,6.94787257224489e-12,"Upregulated"
"MROH9",-2.25544290375515,7.03093032213186e-12,"Downregulated"
"IGHM",1.86259927838202,7.2084113023163e-12,"Upregulated"
"AL121917.1",1.12372790304625,7.22560805222664e-12,"Upregulated"
"IGHV1-45",2.07279439040746,7.24551868205135e-12,"Upregulated"
"AC026412.4",2.95933957094268,7.31058640091313e-12,"Upregulated"
"IGHV3-25",2.34475038389326,7.31891226738411e-12,"Upregulated"
"LINC01765",-2.45016225091501,7.36117858107769e-12,"Downregulated"
"BMS1P22",2.96967573222954,7.4172685033446e-12,"Upregulated"
"ARPC3P4",1.7305406766891,7.4232564948242e-12,"Upregulated"
"AKR1B10P1",4.86571239044807,7.42671306074729e-12,"Upregulated"
"AC008105.3",1.2562492674305,7.46549842745812e-12,"Upregulated"
"AP001160.1",1.38774656472678,7.49847146124748e-12,"Upregulated"
"UCK2",1.10418645252819,7.5287340505552e-12,"Upregulated"
"AC107081.1",1.50529648283963,7.59481722586325e-12,"Upregulated"
"CLEC9A",-1.27941681588738,7.63728156771015e-12,"Downregulated"
"AP003385.2",-2.96851749072654,7.73675839609503e-12,"Downregulated"
"AC105450.1",2.24841494689796,7.75547308266764e-12,"Upregulated"
"CBFA2T3",-1.10405945153953,7.76671192009788e-12,"Downregulated"
"OR4C6",3.46782785562567,7.7800995066482e-12,"Upregulated"
"AL445224.1",-2.11637890125174,7.82302456419642e-12,"Downregulated"
"POT1-AS1",1.38677370850003,7.83204404813022e-12,"Upregulated"
"UMODL1-AS1",-2.00058496667564,7.91398901766554e-12,"Downregulated"
"INSRR",2.04765538751814,7.92964812108042e-12,"Upregulated"
"USP30-AS1",-1.14105403822437,8.06500894169887e-12,"Downregulated"
"AL355472.3",1.72658935346325,8.10189473890994e-12,"Upregulated"
"CFAP77",-2.17716676342186,8.19978325364067e-12,"Downregulated"
"EVX1",3.87445210951134,8.22384428281157e-12,"Upregulated"
"LRRC66",1.96576501722595,8.269108315879e-12,"Upregulated"
"IGLV9-49",2.04325812578998,8.269108315879e-12,"Upregulated"
"AC008875.3",1.24545825520311,8.29259303394278e-12,"Upregulated"
"AC145146.1",2.87817779570922,8.35889325609946e-12,"Upregulated"
"CKS2",1.03980420080412,8.46280511243084e-12,"Upregulated"
"PROX1-AS1",2.30931590717904,8.57210588464723e-12,"Upregulated"
"CR381670.1",-1.83895321295497,8.57482407272956e-12,"Downregulated"
"SERPINA9",-2.18922152767832,8.57602377395718e-12,"Downregulated"
"DTHD1",-1.80234720997503,8.59717253045962e-12,"Downregulated"
"FMO3",-1.14345035100166,8.67698287408496e-12,"Downregulated"
"CPZ",1.41580455985859,8.69876115776214e-12,"Upregulated"
"NKX6-1",2.15161372579973,8.81227393212701e-12,"Upregulated"
"AC010149.1",1.53325466125506,8.81958698262087e-12,"Upregulated"
"SAXO2",-1.71585531166651,8.83442188904231e-12,"Downregulated"
"NANOGNBP3",1.87805920322621,8.93447620824602e-12,"Upregulated"
"AL442663.4",1.12262735673818,8.95810050958433e-12,"Upregulated"
"IFITM5",2.88973134039083,8.98003206289586e-12,"Upregulated"
"AC004678.1",1.53138933557435,8.98003206289586e-12,"Upregulated"
"AP000593.3",1.66294983704347,8.99525349687475e-12,"Upregulated"
"FBXO15",-1.32931712190798,9.06127264054822e-12,"Downregulated"
"FGF20",2.20965468907982,9.08163750956391e-12,"Upregulated"
"ZBTB12BP",1.32629463615125,9.09034204367027e-12,"Upregulated"
"LNX1-AS2",2.10179835818321,9.13999175650413e-12,"Upregulated"
"SPDYC",3.1671549404042,9.17441669392196e-12,"Upregulated"
"INSYN2B",1.95283300680735,9.20948627189404e-12,"Upregulated"
"LKAAEAR1",-1.84842473422999,9.27109926853105e-12,"Downregulated"
"AC021683.1",2.68808938738863,9.31607529385644e-12,"Upregulated"
"JMJD1C-AS1",1.39616756466045,9.36776239107743e-12,"Upregulated"
"TSPAN32",-1.12866398630101,9.40049471639951e-12,"Downregulated"
"ASPH",1.16952689085322,9.41239468348665e-12,"Upregulated"
"IGHV3-22",2.06593686278156,9.49082040444368e-12,"Upregulated"
"AC004585.1",1.3012216259349,9.55014531816568e-12,"Upregulated"
"AC005291.2",2.54523299334656,9.57177650991617e-12,"Upregulated"
"CATIP",-1.61315964471204,9.57820655530268e-12,"Downregulated"
"ZNF732",1.94584636474095,9.61424067151516e-12,"Upregulated"
"SMIM36",3.35606082577798,9.64714723182232e-12,"Upregulated"
"GCNT1P4",3.45202502047254,9.66017009327616e-12,"Upregulated"
"DKK1",2.38623412593987,9.79889866236572e-12,"Upregulated"
"MAS1LP1",-2.12190774124545,9.79889866236572e-12,"Downregulated"
"SLC27A6",-2.46269573345581,9.87524357817024e-12,"Downregulated"
"AC073840.1",-1.66578088743706,9.90682981259515e-12,"Downregulated"
"POLRMTP1",1.65466878142543,9.92632352039049e-12,"Upregulated"
"AC016885.2",-2.76502565457786,9.97207480237097e-12,"Downregulated"
"LRRN4CL",-1.21816499662909,1.0009990736578e-11,"Downregulated"
"AC074135.1",2.04353480141048,1.00754780019776e-11,"Upregulated"
"SNORA72",2.7721133455956,1.0155472659618e-11,"Upregulated"
"LINC01600",1.98670708651496,1.01682763434999e-11,"Upregulated"
"AC090409.1",-1.11251496317257,1.02022369667714e-11,"Downregulated"
"AC006449.3",2.21378867179224,1.02129334987994e-11,"Upregulated"
"LCN6",-2.27838561763984,1.02717763952586e-11,"Downregulated"
"IGFL1P1",3.35738470922511,1.03840412660098e-11,"Upregulated"
"OR13K1P",3.07098301117068,1.04413164615096e-11,"Upregulated"
"BET1P1",-2.07147174519249,1.04435964005644e-11,"Downregulated"
"AC004801.2",1.2066461997534,1.04494788846181e-11,"Upregulated"
"MFRP",-2.14246200472226,1.05141018211985e-11,"Downregulated"
"AL596087.2",2.35734760017398,1.0515991275399e-11,"Upregulated"
"ZNF300",1.22491658565288,1.05577976148719e-11,"Upregulated"
"CARMIL3",1.37485935458985,1.0608986401301e-11,"Upregulated"
"CDK15",-1.2053598259395,1.061026483818e-11,"Downregulated"
"RNU6-548P",2.40649793533219,1.0672874561804e-11,"Upregulated"
"MAPK8IP2",1.44902505028146,1.07514672702731e-11,"Upregulated"
"FCGR1B",-1.06778634476871,1.08009018881357e-11,"Downregulated"
"IMMP1LP1",2.48681975139977,1.08503237660405e-11,"Upregulated"
"MAP3K15",-1.65822996243536,1.087346626295e-11,"Downregulated"
"LINC00592",1.89117331004811,1.087346626295e-11,"Upregulated"
"SYNGAP1-AS1",1.65939205260821,1.09380216437748e-11,"Upregulated"
"THRB",-1.0787512088393,1.11632375595028e-11,"Downregulated"
"LEMD1-DT",2.28644838821526,1.1200544340361e-11,"Upregulated"
"AL603839.4",1.63830724899748,1.13000392373533e-11,"Upregulated"
"AC104958.2",1.44380703275277,1.14081154407181e-11,"Upregulated"
"RTL3",-1.45373836740866,1.17604897760194e-11,"Downregulated"
"H2BC21",1.13305351871997,1.17604897760194e-11,"Upregulated"
"BICDL2",1.01053626408895,1.19309413452772e-11,"Upregulated"
"RNU5A-1",5.62302982994531,1.19524885953741e-11,"Upregulated"
"AP001178.4",2.4267807830047,1.19860795279016e-11,"Upregulated"
"LRCH2",-1.24531987935554,1.20657675041441e-11,"Downregulated"
"SIRPAP1",-1.23416283696537,1.20897279612436e-11,"Downregulated"
"AL109918.1",1.11902281493639,1.21703750243394e-11,"Upregulated"
"HTR2B",1.79109716647647,1.2235790880254e-11,"Upregulated"
"AL117344.2",1.26925404404582,1.23764100483874e-11,"Upregulated"
"AC103706.1",1.17958556873696,1.23996107791628e-11,"Upregulated"
"AC004765.1",2.14346396779035,1.24375335120831e-11,"Upregulated"
"IL9RP3",1.35715982821084,1.24817254922735e-11,"Upregulated"
"CIBAR2",-1.97905435469919,1.2489914890882e-11,"Downregulated"
"FRG1FP",2.94343855265592,1.25951137604429e-11,"Upregulated"
"DBF4P1",1.4185019787617,1.25955020460391e-11,"Upregulated"
"CD163",-1.20182633127593,1.26133789784919e-11,"Downregulated"
"LINC02683",2.98187548843448,1.26193838832455e-11,"Upregulated"
"AP000350.8",1.43787512398783,1.2791694999556e-11,"Upregulated"
"LFNG",1.09111677572441,1.28622619965835e-11,"Upregulated"
"AC092535.5",1.3405387742925,1.29523739628554e-11,"Upregulated"
"C1QBPP2",2.26650495754765,1.29611240684145e-11,"Upregulated"
"CCL7",1.86388281057196,1.29763752734901e-11,"Upregulated"
"AC027763.1",1.98885241939991,1.29941119450923e-11,"Upregulated"
"COL4A2-AS1",-1.40219509787697,1.30968243020126e-11,"Downregulated"
"AC069499.1",1.2285649783432,1.31545834666717e-11,"Upregulated"
"AC018809.1",1.38704765597136,1.31545834666717e-11,"Upregulated"
"AL356417.3",-1.36224187523094,1.33497797177714e-11,"Downregulated"
"MRGPRF-AS1",-1.46732721339656,1.35115926230951e-11,"Downregulated"
"AC092580.4",1.82672452568601,1.35115926230951e-11,"Upregulated"
"RIBC1",-1.10709629245949,1.35408568948951e-11,"Downregulated"
"AC010624.1",-1.89873732759105,1.36111643821188e-11,"Downregulated"
"AC068722.2",-1.33784295396908,1.36298210291906e-11,"Downregulated"
"RPL22P2",1.61752977123928,1.37677858405833e-11,"Upregulated"
"G6PC2",-2.47576592885362,1.37985177839582e-11,"Downregulated"
"KRTAP2-3",3.5278323338371,1.3854599578847e-11,"Upregulated"
"DNAI4",-1.26928955444695,1.38738520101178e-11,"Downregulated"
"AP000842.3",3.29233692030881,1.39085960825239e-11,"Upregulated"
"LINC01583",2.41244666779439,1.39255132974974e-11,"Upregulated"
"AC093894.2",3.81915517804824,1.40626876758329e-11,"Upregulated"
"HOXB3",1.35655391646865,1.42286394477797e-11,"Upregulated"
"TTC24",1.54137427765764,1.4232727112112e-11,"Upregulated"
"HES7",1.99427801262521,1.42426077769558e-11,"Upregulated"
"AC127024.5",1.07508877251622,1.43280436050845e-11,"Upregulated"
"ISL2",1.84834430924573,1.43286662368413e-11,"Upregulated"
"CNMD",3.69277043384013,1.45134928057851e-11,"Upregulated"
"AC138409.1",2.06004154331371,1.4629437064053e-11,"Upregulated"
"LHFPL3",-2.08270153721879,1.46683891528242e-11,"Downregulated"
"UBE2R2-AS1",1.65005975742335,1.48350446994342e-11,"Upregulated"
"EDN2",1.85048897909431,1.48767633045777e-11,"Upregulated"
"FAT3",-1.8259735941416,1.49210392708722e-11,"Downregulated"
"ROPN1L",-1.84862660229112,1.50029501273747e-11,"Downregulated"
"MYO16-AS1",-2.48376631578381,1.50478472466571e-11,"Downregulated"
"AL158168.1",-2.18217041491723,1.50908872064713e-11,"Downregulated"
"AL589935.2",-2.11630921667439,1.51098999975072e-11,"Downregulated"
"LINC02660",-2.41135915898137,1.52772730185381e-11,"Downregulated"
"PCDHA5",1.71337535675492,1.55397762989575e-11,"Upregulated"
"APELA",2.06733183965786,1.55589053218764e-11,"Upregulated"
"ACTG2",-1.28527254900457,1.55975463153509e-11,"Downregulated"
"SLC38A4",1.89086686026467,1.57787498957832e-11,"Upregulated"
"OR10A3",-2.33518367045962,1.58801258467914e-11,"Downregulated"
"RPL19P16",-1.24285247301255,1.59178238664852e-11,"Downregulated"
"AC017104.3",1.19987195901585,1.60005556241762e-11,"Upregulated"
"AC046195.1",-2.33543251112396,1.60619262491256e-11,"Downregulated"
"AC023794.2",2.77693436427379,1.6105745778695e-11,"Upregulated"
"AC084026.2",2.52774040623551,1.61305783846312e-11,"Upregulated"
"ELOVL6",1.28643720613859,1.62166693797566e-11,"Upregulated"
"KCNN1",1.46515317362031,1.62264343873475e-11,"Upregulated"
"PTGIS",-1.26435346121837,1.62333943191984e-11,"Downregulated"
"AC004253.1",1.0684992563333,1.6258172427856e-11,"Upregulated"
"ABCA17P",1.57284096150601,1.63005934752604e-11,"Upregulated"
"RNF32-AS1",1.11746436638112,1.63375391003963e-11,"Upregulated"
"GJA3",1.96439143310375,1.63381077879601e-11,"Upregulated"
"IFITM1",1.10030866518807,1.64402322255744e-11,"Upregulated"
"CST5",-1.94192415851585,1.64732437238534e-11,"Downregulated"
"KIF3C",1.07182440156428,1.65249945372882e-11,"Upregulated"
"AC100810.3",1.72496176906795,1.65828369865172e-11,"Upregulated"
"CCDC194",1.82328568488088,1.67140288632498e-11,"Upregulated"
"EFCAB1",-2.075936408188,1.68650690436908e-11,"Downregulated"
"AC022905.1",3.10210686230272,1.69950255860714e-11,"Upregulated"
"AC124947.2",2.03047178187454,1.7042608827939e-11,"Upregulated"
"HEPACAM2",2.61099996761104,1.70910875795956e-11,"Upregulated"
"TENM1",2.18720456326665,1.70953627809526e-11,"Upregulated"
"GGT4P",2.24744814844405,1.70953627809526e-11,"Upregulated"
"TNNI2",-1.46986713595821,1.71392699721142e-11,"Downregulated"
"AC069528.1",2.40155704513003,1.71502173418523e-11,"Upregulated"
"GOLGA2P11",2.78399853763285,1.72488356419761e-11,"Upregulated"
"G6PD",1.30534547100777,1.72773738821152e-11,"Upregulated"
"KCNE1B",-2.07041577816057,1.72857193109745e-11,"Downregulated"
"AC004687.3",2.85555397460572,1.73401193141534e-11,"Upregulated"
"AP003472.2",2.09951707964232,1.75809005716695e-11,"Upregulated"
"CIART",1.13104672027782,1.76001507940214e-11,"Upregulated"
"VWA3B",-1.83902125034418,1.76772055579169e-11,"Downregulated"
"AC021594.1",2.81586768459311,1.77023827086552e-11,"Upregulated"
"RAPGEFL1",1.14005153151257,1.7710588186746e-11,"Upregulated"
"ANAPC1P1",1.96329227016308,1.78146440707408e-11,"Upregulated"
"AC104561.4",1.5477237317007,1.78428946115167e-11,"Upregulated"
"IGHV3OR16-16",2.5755451205608,1.79144543944857e-11,"Upregulated"
"ADAMTS9-AS2",-1.44011726586944,1.79878157100919e-11,"Downregulated"
"TMCO1-AS1",1.13633903900597,1.81174880391791e-11,"Upregulated"
"C16orf54",-1.06987408997875,1.8236261110631e-11,"Downregulated"
"SLC6A15",3.12456819205459,1.82867866380567e-11,"Upregulated"
"GUSBP2",1.01627352789799,1.83239545380848e-11,"Upregulated"
"ANKRD66",-2.31563771125404,1.83892559055081e-11,"Downregulated"
"ACOXL-AS1",-1.3326958639605,1.84597407756777e-11,"Downregulated"
"AP003031.1",2.55587372641116,1.85977210269506e-11,"Upregulated"
"LAG3",1.25867548836576,1.86150070861323e-11,"Upregulated"
"AL731557.1",-1.84329334965491,1.87473205912774e-11,"Downregulated"
"CYP26A1",2.71201846651752,1.87479863623782e-11,"Upregulated"
"ALDH1L2",1.19893319116125,1.87672694835209e-11,"Upregulated"
"AP001885.2",1.77384308596634,1.89743479198776e-11,"Upregulated"
"KCNN3",-1.03819572813859,1.90382676271495e-11,"Downregulated"
"SCIN",1.52106724244754,1.90385946357195e-11,"Upregulated"
"DLX4",1.18772607681559,1.92403520525107e-11,"Upregulated"
"RPL7AP26",2.24419326142655,1.92468121594967e-11,"Upregulated"
"DPY19L1P2",1.27946521577491,1.94060520681356e-11,"Upregulated"
"C2orf72",1.91451556075174,1.94755917278591e-11,"Upregulated"
"AC004895.1",1.60178828443115,1.95460604504878e-11,"Upregulated"
"CCDC68",-1.05262144460044,1.96278364165283e-11,"Downregulated"
"BHLHE41",-1.02864846580479,1.97303797183586e-11,"Downregulated"
"AL031667.3",1.30476613739678,1.97965069308354e-11,"Upregulated"
"PCDH8",3.76885437915895,1.98122285701306e-11,"Upregulated"
"LMO7DN",-1.47860184108934,1.98490394394743e-11,"Downregulated"
"RNU4-52P",2.32602981032321,1.99351565216908e-11,"Upregulated"
"AC007528.1",2.41867693332139,1.99382882947537e-11,"Upregulated"
"IL21",1.83985430181655,1.9961946834228e-11,"Upregulated"
"LINC02320",1.79636869901702,2.00496471103682e-11,"Upregulated"
"LINC02012",1.39117514163256,2.00997157556191e-11,"Upregulated"
"COX6B1P5",1.94519114582942,2.01149745794911e-11,"Upregulated"
"AC068580.4",1.36621406445654,2.02647062596219e-11,"Upregulated"
"AC005618.1",1.25526704239686,2.02958269822137e-11,"Upregulated"
"AC005839.1",1.02953571656857,2.03458056680682e-11,"Upregulated"
"AC005387.2",1.16581797914497,2.04389449821513e-11,"Upregulated"
"BX255925.4",2.55326112344248,2.05077692541576e-11,"Upregulated"
"GALNT4",1.54799095987835,2.0542473271049e-11,"Upregulated"
"LINC00924",-1.26584059009287,2.06666049609103e-11,"Downregulated"
"PRR32",3.17754092067694,2.07895013571591e-11,"Upregulated"
"KYAT1",1.42492954080583,2.07979351196939e-11,"Upregulated"
"AL611929.1",4.31753268657175,2.08608603632813e-11,"Upregulated"
"KHDRBS2",-1.72050108244059,2.08924413074788e-11,"Downregulated"
"AL592166.1",1.88354553832709,2.12736179362516e-11,"Upregulated"
"SPATA3-AS1",2.40303395430891,2.12762430244284e-11,"Upregulated"
"AL162632.3",1.84708743705389,2.13232882216092e-11,"Upregulated"
"AL139095.3",3.52355531201235,2.14773234476771e-11,"Upregulated"
"AP002358.2",3.00466062177144,2.16536600654076e-11,"Upregulated"
"AC072062.1",2.40431013566263,2.1971608569028e-11,"Upregulated"
"TRIM10",2.46562506174168,2.20912388665577e-11,"Upregulated"
"AC093904.3",2.98701016841776,2.22688079030644e-11,"Upregulated"
"IGHV3OR16-12",2.0937006764149,2.22874294075927e-11,"Upregulated"
"AC106897.1",-1.22785360078648,2.2298581128398e-11,"Downregulated"
"LINC01429",3.15772718831141,2.23792751350918e-11,"Upregulated"
"AC091133.5",3.55930344952974,2.23882530754766e-11,"Upregulated"
"PON1",1.69583539895253,2.25520400504801e-11,"Upregulated"
"AL390198.1",1.34825451571555,2.29610144405971e-11,"Upregulated"
"RSPH4A",-1.78457497177482,2.29692494648544e-11,"Downregulated"
"AC253536.6",1.10257909693104,2.29960724595679e-11,"Upregulated"
"SPACA4",1.21136885504147,2.31660995823175e-11,"Upregulated"
"SPATC1L",1.0426767466193,2.33992743970501e-11,"Upregulated"
"HLA-DRA",-1.03590810246549,2.34240583746502e-11,"Downregulated"
"AC008870.4",1.49879100859817,2.37626845918838e-11,"Upregulated"
"KRT18P5",1.25199095473726,2.38997577324992e-11,"Upregulated"
"AL713899.1",2.81651590857284,2.39570719681092e-11,"Upregulated"
"AL390728.2",1.37143753412123,2.41265221599343e-11,"Upregulated"
"AL355355.1",-1.40248690712482,2.42841029756261e-11,"Downregulated"
"AC108868.1",-2.25132300100488,2.46842658823243e-11,"Downregulated"
"AC099343.2",1.29588082530171,2.47486708950352e-11,"Upregulated"
"HSD3BP5",-1.40031875967966,2.47612586494077e-11,"Downregulated"
"AC087741.2",1.10801672937663,2.48760420220064e-11,"Upregulated"
"LINC02006",-1.43207997306847,2.48956108527248e-11,"Downregulated"
"LINC01747",-1.37672854346615,2.50767714602336e-11,"Downregulated"
"RASL10B",1.46065011488515,2.5228966911074e-11,"Upregulated"
"COL4A3",-1.44504815727193,2.52875005272542e-11,"Downregulated"
"AC022893.1",-1.167318086057,2.53135241701438e-11,"Downregulated"
"VCAN-AS1",3.11374316387193,2.56115114156867e-11,"Upregulated"
"AL049844.1",-1.66204385542577,2.58702482042324e-11,"Downregulated"
"AL009177.1",-1.68928810205062,2.61305289917078e-11,"Downregulated"
"EPHB1",1.55740390448804,2.63627745031068e-11,"Upregulated"
"AC006128.1",1.19593651738658,2.63732678180256e-11,"Upregulated"
"GABRA5",4.15008766555042,2.64871576347373e-11,"Upregulated"
"RIMBP2",2.47675443811663,2.68489777196854e-11,"Upregulated"
"AC092675.1",2.44517109041946,2.68857978380123e-11,"Upregulated"
"FMO1",1.29269611352755,2.69832349086486e-11,"Upregulated"
"CLEC2L",2.73708997811171,2.72789284877239e-11,"Upregulated"
"RNU7-75P",2.71721994923967,2.77652758246231e-11,"Upregulated"
"AC093520.1",2.13913780853661,2.78926395965008e-11,"Upregulated"
"FGF10-AS1",-2.84452913803637,2.80392714778401e-11,"Downregulated"
"AL133410.1",1.13217433019456,2.81269298516619e-11,"Upregulated"
"PLBD1",-1.09243371947737,2.82644266731661e-11,"Downregulated"
"AC012640.5",2.00567130100368,2.83438672847141e-11,"Upregulated"
"AC245517.5",2.48145274004804,2.8461566921397e-11,"Upregulated"
"AL139300.2",-1.47572661442688,2.86154217348532e-11,"Downregulated"
"CLEC6A",-1.64961823547948,2.95571505354562e-11,"Downregulated"
"NCF1B",-1.0714948600341,2.97941119863828e-11,"Downregulated"
"LINC00543",2.03203864393704,3.00166658765099e-11,"Upregulated"
"AC091153.3",1.7663166359701,3.00660998071963e-11,"Upregulated"
"IGKV1OR-2",2.43127371919554,3.02048901948795e-11,"Upregulated"
"AC090826.1",2.31602442013498,3.02579380805401e-11,"Upregulated"
"DNM1P46",-1.29081445673008,3.02725975032677e-11,"Downregulated"
"LINC00621",1.54555866136166,3.03429518787552e-11,"Upregulated"
"IFNE",2.84659188115643,3.0514572543319e-11,"Upregulated"
"FILNC1",-1.65109493172245,3.0998618828165e-11,"Downregulated"
"FABP7",2.52492150737903,3.12528657139121e-11,"Upregulated"
"CD69",-1.15532822734138,3.13249797324837e-11,"Downregulated"
"CACNB4",-1.443801267006,3.1462105822475e-11,"Downregulated"
"SYCE1L",1.11945900559046,3.1575357805218e-11,"Upregulated"
"AP000344.1",2.13485843332925,3.16462828046437e-11,"Upregulated"
"DLG3-AS1",1.47827813770852,3.19239870872025e-11,"Upregulated"
"AC005831.1",1.23425705187099,3.19256152051017e-11,"Upregulated"
"MAG",-2.11906472908637,3.20101066018002e-11,"Downregulated"
"Y_RNA",1.76896723115982,3.22186507799124e-11,"Upregulated"
"GDF15",1.4358500693931,3.22856529735203e-11,"Upregulated"
"AL139260.3",2.08849025745472,3.23116498853041e-11,"Upregulated"
"ADH1A",-1.99795125355056,3.27333881784393e-11,"Downregulated"
"CACNA1B",2.7127127345606,3.27840451057341e-11,"Upregulated"
"MST1P2",1.36721328079622,3.27940781471158e-11,"Upregulated"
"TBL1XR1-AS1",3.65631372328074,3.33817305821281e-11,"Upregulated"
"CNTNAP3B",-1.60579472747026,3.37229776790679e-11,"Downregulated"
"CYB5A",-1.01529859718782,3.37836006902431e-11,"Downregulated"
"EYA2",1.82118161984004,3.37950712541548e-11,"Upregulated"
"BHMT",2.36036029108511,3.40517262537363e-11,"Upregulated"
"AL391416.1",1.81005901920024,3.40783041923359e-11,"Upregulated"
"CMBL",1.31766322864197,3.42282253091408e-11,"Upregulated"
"AP003900.1",4.74915337185158,3.42311004468885e-11,"Upregulated"
"ADAMTS18",1.64928256445895,3.43293097570548e-11,"Upregulated"
"AC011487.1",-1.46297069798689,3.4946437676514e-11,"Downregulated"
"AC079880.2",2.37559849692531,3.52207841996694e-11,"Upregulated"
"ZNF793",1.02177451082598,3.52756580499028e-11,"Upregulated"
"AL353689.3",3.24933277565134,3.53335516768362e-11,"Upregulated"
"AC010478.1",2.81774079734242,3.59037095158844e-11,"Upregulated"
"MIR6753",1.47829418471137,3.59419617655762e-11,"Upregulated"
"MRPS9-AS1",1.1662600524356,3.61433070214837e-11,"Upregulated"
"AC037487.1",1.81660057206384,3.66603500306306e-11,"Upregulated"
"NXF3",-1.93177047723995,3.6693048652796e-11,"Downregulated"
"AC138696.2",1.0600228156802,3.71151193630803e-11,"Upregulated"
"AC020907.4",1.15118698467013,3.73308852916001e-11,"Upregulated"
"AC104472.4",1.05247432254099,3.80427212265506e-11,"Upregulated"
"AC090164.3",3.07777569404275,3.80654799772731e-11,"Upregulated"
"ERBB4",-1.69632435979674,3.81149339721297e-11,"Downregulated"
"AC040904.1",2.54409325334963,3.81328167742867e-11,"Upregulated"
"TMC1",1.51744895451763,3.84204213629139e-11,"Upregulated"
"FAR2P4",4.321859638119,3.86771881172315e-11,"Upregulated"
"PLAT",1.64988959409023,3.8707670804733e-11,"Upregulated"
"LINC02490",4.10031202272607,3.89600037944032e-11,"Upregulated"
"AC090578.1",2.60090149662129,3.90430999339087e-11,"Upregulated"
"PPT2-EGFL8",1.10618425082891,3.96184052290911e-11,"Upregulated"
"ANKRD49P1",1.82324388388861,3.96406471937233e-11,"Upregulated"
"AC068299.1",2.5181246626215,4.0187077485554e-11,"Upregulated"
"RN7SL396P",2.42969676356497,4.09263321038231e-11,"Upregulated"
"AL122008.3",2.24755360050203,4.09602954150131e-11,"Upregulated"
"LINC00871",4.00124670435082,4.11295697929978e-11,"Upregulated"
"C1orf189",-1.90945089553675,4.11488540983192e-11,"Downregulated"
"OPCML",1.64342240872639,4.12187617566846e-11,"Upregulated"
"AF015262.1",3.05075428254496,4.12692901717991e-11,"Upregulated"
"AP003717.1",1.76951723890428,4.14080542802723e-11,"Upregulated"
"RNU6-403P",1.79163370362792,4.15676893652287e-11,"Upregulated"
"AC099667.1",1.58686199631706,4.1705339718421e-11,"Upregulated"
"PABPC3",1.18723661032971,4.17816886505224e-11,"Upregulated"
"NIFKP3",2.9981782938598,4.1944681226443e-11,"Upregulated"
"LDHAP3",1.38261635304558,4.2738470952469e-11,"Upregulated"
"RPS15AP10",1.40586694726264,4.31614013673577e-11,"Upregulated"
"AP000424.2",2.48451573519525,4.34786432060278e-11,"Upregulated"
"AL031736.1",3.12556170390324,4.40663337368075e-11,"Upregulated"
"SLC23A4P",3.46975381319508,4.45356147071475e-11,"Upregulated"
"CHRD",1.36598664850468,4.49282451887627e-11,"Upregulated"
"SCEL",-1.37982480242326,4.51598187201538e-11,"Downregulated"
"AC104459.1",2.48512601103089,4.56737450144367e-11,"Upregulated"
"AL353621.1",-1.79032339263046,4.56743448464134e-11,"Downregulated"
"AC097641.2",1.29977223522138,4.56743448464134e-11,"Upregulated"
"DRC1",-1.95222112303048,4.5693622588048e-11,"Downregulated"
"C1orf87",-2.40852600543572,4.59762067737791e-11,"Downregulated"
"TBC1D26-AS1",-2.94282914474345,4.59818724367353e-11,"Downregulated"
"AC245884.8",1.18375196476931,4.62114169832978e-11,"Upregulated"
"FALEC",1.28843495113653,4.63134467704284e-11,"Upregulated"
"LRRC69",1.01226281497508,4.64531078680414e-11,"Upregulated"
"EDN3",-2.72905575358887,4.67302322785815e-11,"Downregulated"
"BMS1P4",1.11835075051365,4.70129357762892e-11,"Upregulated"
"STMN1P1",1.42987858801562,4.72807116636427e-11,"Upregulated"
"CEACAM6",1.39186248728259,4.77732368880519e-11,"Upregulated"
"H1-6",2.69926027293315,4.82252559351718e-11,"Upregulated"
"AL354989.1",1.23480658819445,4.85503620559773e-11,"Upregulated"
"LINC01322",3.37528541259156,4.87377099133601e-11,"Upregulated"
"CAPN8",1.38819534792423,4.88541267149444e-11,"Upregulated"
"AC093240.1",3.05414631419589,4.89965425788594e-11,"Upregulated"
"CFAP65",-1.91780922093158,4.91524294942074e-11,"Downregulated"
"KRT8P35",1.87010423146322,4.96366953222401e-11,"Upregulated"
"AL121762.1",3.21177764125246,4.97079810972047e-11,"Upregulated"
"AC112484.5",1.40632196253067,5.01282896002394e-11,"Upregulated"
"AC112694.2",1.22990962030988,5.02253813666916e-11,"Upregulated"
"PKP1",2.23038627158652,5.06000686378748e-11,"Upregulated"
"AC074099.1",2.23592347137661,5.07051379478604e-11,"Upregulated"
"H19",2.19188915190455,5.10054201351148e-11,"Upregulated"
"P2RX5",1.27377583374536,5.1837871853718e-11,"Upregulated"
"AC005699.1",1.89887453743761,5.22981365276823e-11,"Upregulated"
"POM121L9P",1.07648292480024,5.24046825183057e-11,"Upregulated"
"FLACC1",-1.42413625295626,5.24046825183057e-11,"Downregulated"
"KLHL32",-1.26064208712141,5.24046825183057e-11,"Downregulated"
"CA2",-1.48085024817741,5.24351607974962e-11,"Downregulated"
"EPHA6",2.26511176515156,5.28851228403854e-11,"Upregulated"
"TULP1",1.53500299445639,5.29145572194033e-11,"Upregulated"
"AP001429.1",2.03212202416793,5.29606077068906e-11,"Upregulated"
"STRA8",4.06428463078003,5.31987691953974e-11,"Upregulated"
"CHL1-AS1",2.70703328585467,5.34521296298013e-11,"Upregulated"
"AL645608.1",1.56664269862626,5.45678610452553e-11,"Upregulated"
"TRIM71",-2.01088229173246,5.543442451856e-11,"Downregulated"
"ST13P2",-2.11964348874724,5.54778364454571e-11,"Downregulated"
"AL121658.1",1.21320166000536,5.55454819840205e-11,"Upregulated"
"FAT4",-1.16407730361322,5.57638863923998e-11,"Downregulated"
"DTX2P1",1.95880869229003,5.58926223421573e-11,"Upregulated"
"LINC02345",-1.37210860011458,5.60649212553528e-11,"Downregulated"
"AC016598.2",2.53287591633993,5.61370043748509e-11,"Upregulated"
"AP002992.1",1.83931228632096,5.70732577666046e-11,"Upregulated"
"IGHV3-72",1.66041773152338,5.74263254066136e-11,"Upregulated"
"PANCR",4.49719033851423,5.74852248186762e-11,"Upregulated"
"AL513218.1",1.45180959302503,5.75554587777353e-11,"Upregulated"
"AC243772.2",1.44133613900196,5.79500711713423e-11,"Upregulated"
"LINC01948",1.07932027280084,5.81063441803975e-11,"Upregulated"
"AC093012.1",2.16940171736468,5.83999497011269e-11,"Upregulated"
"AL121821.2",-1.27830553864691,5.85636250950631e-11,"Downregulated"
"GABBR2",2.04439102615134,5.8612023728215e-11,"Upregulated"
"HLA-V",-1.58526091707385,5.94662084661724e-11,"Downregulated"
"CCR3",1.37832668786922,6.02647401116476e-11,"Upregulated"
"AC090709.1",3.06318818573717,6.02794446008502e-11,"Upregulated"
"LINC01943",1.04299412928805,6.06135065691804e-11,"Upregulated"
"AL355916.1",1.86095319203543,6.06797383868217e-11,"Upregulated"
"ACSM2A",-2.222756796954,6.13643047205343e-11,"Downregulated"
"AC026355.3",3.47811757241362,6.23433762342184e-11,"Upregulated"
"LINC01594",2.42070991564734,6.25665693161632e-11,"Upregulated"
"AC104162.1",-1.59030603214062,6.26539019240823e-11,"Downregulated"
"DDX53",4.58373994383935,6.26875840008371e-11,"Upregulated"
"LINC01126",1.22156622407804,6.28177594558376e-11,"Upregulated"
"TMEM132C",-2.17366458249625,6.35101590547746e-11,"Downregulated"
"NR1I2",1.84300720727244,6.36314870938934e-11,"Upregulated"
"IGLV3-32",2.62116820086123,6.36433642728751e-11,"Upregulated"
"AC131009.4",1.44230590653232,6.3832713590466e-11,"Upregulated"
"MFSD4A",1.51033245134071,6.40480358447869e-11,"Upregulated"
"BPIFA4P",4.34089890892034,6.4207616114798e-11,"Upregulated"
"DEPDC1-AS1",2.27702578363902,6.42665522486801e-11,"Upregulated"
"HS3ST3A1",1.38380833716044,6.4384095600145e-11,"Upregulated"
"RPL35AP5",1.85866868120955,6.4384095600145e-11,"Upregulated"
"IGKV2-29",2.50421945893033,6.49971982118805e-11,"Upregulated"
"AC024230.1",4.36646828983399,6.50228760462345e-11,"Upregulated"
"LINC01399",2.6430865729743,6.50354001570978e-11,"Upregulated"
"HMGN2P46",1.04778533326557,6.51029334314601e-11,"Upregulated"
"Y_RNA",2.22978325551777,6.51378845992708e-11,"Upregulated"
"ARSF",-1.46842202196276,6.57113229155778e-11,"Downregulated"
"AC025280.2",-1.49168129128343,6.60015363193136e-11,"Downregulated"
"CUZD1",2.23665635473999,6.65133280257537e-11,"Upregulated"
"C6orf99",1.02410518750647,6.65467235814627e-11,"Upregulated"
"ACAN",1.45620769392644,6.65701376087782e-11,"Upregulated"
"C15orf54",1.90875339639361,6.67947454411541e-11,"Upregulated"
"PA2G4P4",1.30722702289298,6.69432436440454e-11,"Upregulated"
"LINC02347",3.39782086852881,6.7417941296761e-11,"Upregulated"
"COBL",-1.11767486368686,6.77002456152315e-11,"Downregulated"
"AC034229.4",1.57040322195518,6.84893190370866e-11,"Upregulated"
"AC004837.2",1.37929909560052,6.88483011968027e-11,"Upregulated"
"AL353801.3",1.62638532318649,6.92949738156693e-11,"Upregulated"
"MIR4258",1.35150122824894,6.96179711104636e-11,"Upregulated"
"RARRES2",-1.00161218490548,7.08653254740038e-11,"Downregulated"
"ASH1L-IT1",3.20358912290693,7.13445820847224e-11,"Upregulated"
"C4BPAP2",3.34332995617288,7.13478665323584e-11,"Upregulated"
"AL390719.3",1.49401857765707,7.15893880278862e-11,"Upregulated"
"CHL1",1.53394783155432,7.27050758086793e-11,"Upregulated"
"AC063944.1",-1.40475556591896,7.27180180691102e-11,"Downregulated"
"SOD3",-1.08162147969948,7.2752755408784e-11,"Downregulated"
"ABCA6",-1.15082670175615,7.31265842118426e-11,"Downregulated"
"LINC00958",1.98023535612258,7.33824548305818e-11,"Upregulated"
"LINC00898",4.01780436105302,7.34919330431659e-11,"Upregulated"
"CARD18",4.79260107942455,7.35060471704012e-11,"Upregulated"
"NTNG1",-1.88115670734253,7.37932553470167e-11,"Downregulated"
"AL355512.1",1.94514968244322,7.3949643665359e-11,"Upregulated"
"GABRR1",2.99996768049747,7.39586597337193e-11,"Upregulated"
"AC096637.2",-1.75204010897808,7.43409114846425e-11,"Downregulated"
"PBLD",1.07287273854917,7.44646898756226e-11,"Upregulated"
"OR2W3",-2.26388285072622,7.55411176558973e-11,"Downregulated"
"AC079336.6",1.99519239061555,7.60308478806358e-11,"Upregulated"
"GAL3ST2",2.22868147513891,7.62432198452956e-11,"Upregulated"
"ERVE-1",-1.22908261554908,7.62734482289603e-11,"Downregulated"
"ECE1-AS1",1.19643436819924,7.65412447363249e-11,"Upregulated"
"AC073358.1",3.25006158338679,7.67147419303845e-11,"Upregulated"
"RHOG2P",2.12806052173093,7.68226494795078e-11,"Upregulated"
"AC007406.3",-1.00104967352406,7.69095773010563e-11,"Downregulated"
"IGHV3-65",2.5046069215799,7.75672791232439e-11,"Upregulated"
"LINC01168",-2.25694643814506,7.78021578858562e-11,"Downregulated"
"ALX1",3.18786953260245,7.86985251363109e-11,"Upregulated"
"PRKAA2",1.21609560573473,7.94422881014072e-11,"Upregulated"
"BGLAP",1.39792357696982,7.97206075462726e-11,"Upregulated"
"AC011912.1",-1.03366538503845,8.00743091658668e-11,"Downregulated"
"AC069499.2",2.49669983320412,8.03093363381642e-11,"Upregulated"
"INSYN1",-1.44159653231156,8.07616512001744e-11,"Downregulated"
"CYP2D8P",1.23387584829862,8.11994349867709e-11,"Upregulated"
"AC148476.1",1.89032695156736,8.15781562612219e-11,"Upregulated"
"VGLL3",-1.2161999261236,8.17176550517477e-11,"Downregulated"
"LINC01913",2.26516041635212,8.17988013992118e-11,"Upregulated"
"SP9",4.66539499051705,8.19938922942062e-11,"Upregulated"
"TMEM61",1.33650141713206,8.37846401006163e-11,"Upregulated"
"C6",-2.01574168240717,8.54247932713776e-11,"Downregulated"
"AC010148.1",1.40478852416046,8.57139006327134e-11,"Upregulated"
"PLA2G4D",1.4706100443938,8.57229534270265e-11,"Upregulated"
"SLC7A11-AS1",2.11157995271863,8.58320591060847e-11,"Upregulated"
"AL136171.2",2.14836278517646,8.59615612717541e-11,"Upregulated"
"CCDC89",-1.22038490945996,8.60054868597931e-11,"Downregulated"
"PAICSP4",1.82906147742489,8.64259433218124e-11,"Upregulated"
"SH3PXD2A-AS1",1.83538086017669,8.64398738289648e-11,"Upregulated"
"NIPAL1",1.08042519519201,8.65007175301081e-11,"Upregulated"
"CAB39P1",2.45232930635272,8.70103600718562e-11,"Upregulated"
"IGHV3-42",2.4981959330095,8.73493872306911e-11,"Upregulated"
"GCLM",1.03437224478352,8.75058397907196e-11,"Upregulated"
"AC109326.1",1.32172070831822,8.76564400480302e-11,"Upregulated"
"TBC1D26",-2.45617830767964,8.7681850419046e-11,"Downregulated"
"RN7SL767P",2.84717008836815,8.79680971655028e-11,"Upregulated"
"AC096887.2",1.09405598527522,8.84695617837863e-11,"Upregulated"
"NTRK2",-1.86327086186536,8.86779339757321e-11,"Downregulated"
"AC025539.1",1.89624698695316,8.86779339757321e-11,"Upregulated"
"AL356234.3",1.75487095295992,8.92820072287791e-11,"Upregulated"
"CYP21A2",1.69687865289992,9.02300618948045e-11,"Upregulated"
"AC007326.3",2.98379805205962,9.02300618948045e-11,"Upregulated"
"AL136298.1",3.1897581701428,9.02994824194455e-11,"Upregulated"
"AL133355.1",-1.30607911875018,9.05775197517776e-11,"Downregulated"
"AC025154.2",2.15198584277268,9.16975513209874e-11,"Upregulated"
"RNF157-AS1",1.12008332530384,9.24644119142979e-11,"Upregulated"
"MSX2",1.38490352999175,9.25067884680815e-11,"Upregulated"
"AC103724.4",-1.25791341814561,9.26213380465637e-11,"Downregulated"
"TMSB15A",-1.66215892934543,9.35203918967557e-11,"Downregulated"
"AC103810.1",1.35292072055109,9.36602113749722e-11,"Upregulated"
"ZNF114",1.78719448515838,9.37980488750858e-11,"Upregulated"
"RNU5B-1",7.86598159084838,9.43736505843422e-11,"Upregulated"
"AC073352.1",1.70008352421021,9.45401818481226e-11,"Upregulated"
"CCDC87",1.02588437435179,9.46888887972604e-11,"Upregulated"
"LINC02577",2.18890149238301,9.5191193007241e-11,"Upregulated"
"MORN5",-2.20692938000664,9.54793890787063e-11,"Downregulated"
"SNORA33",1.11436200040509,9.58245651372214e-11,"Upregulated"
"AC006213.3",1.43047366975246,9.58537106654024e-11,"Upregulated"
"AC132186.1",2.88207591822697,9.64618294429893e-11,"Upregulated"
"CRACR2B",1.04995968632433,9.70001847594895e-11,"Upregulated"
"AC009729.1",-2.35318257349285,9.81286009984978e-11,"Downregulated"
"TRPM1",-2.04268069823391,9.8275209528834e-11,"Downregulated"
"LINC00607",-1.38112833474446,9.88371101133095e-11,"Downregulated"
"HHIP-AS1",-1.6002558717464,9.97036155052074e-11,"Downregulated"
"CYP2E1",1.46787674536786,9.9887361815626e-11,"Upregulated"
"BOLA2B",1.01957503987361,1.01400539933695e-10,"Upregulated"
"SATB1-AS1",1.23946081585191,1.01437343657687e-10,"Upregulated"
"AC006148.1",3.37563868238657,1.0154120671328e-10,"Upregulated"
"AC093390.1",-2.10517473859604,1.02434974325805e-10,"Downregulated"
"OR6K4P",-3.36113221732185,1.02518534163791e-10,"Downregulated"
"AC104458.1",-1.9763569642032,1.02941799986749e-10,"Downregulated"
"RNF39",1.18219709181639,1.03948582707564e-10,"Upregulated"
"RPL39P5",-1.21142965164312,1.04084574954303e-10,"Downregulated"
"AC025822.2",-1.33668698287404,1.04563121804165e-10,"Downregulated"
"AL442636.1",3.28448980765781,1.04789907208425e-10,"Upregulated"
"AP000829.1",3.21249181728887,1.05270440541697e-10,"Upregulated"
"AP001542.1",1.81073459578857,1.05270440541697e-10,"Upregulated"
"PLEKHG4B",1.67446006720994,1.06365743687323e-10,"Upregulated"
"AL121852.1",1.88888970753872,1.06998999831359e-10,"Upregulated"
"AC093909.5",-3.90733177401179,1.07598518254191e-10,"Downregulated"
"AC092687.3",1.15252948663297,1.08128244225451e-10,"Upregulated"
"IFNG-AS1",1.72209192243996,1.08426066220986e-10,"Upregulated"
"HAR1B",2.10503885727434,1.09848762455638e-10,"Upregulated"
"KIZ-AS1",1.79650706919187,1.11760263070133e-10,"Upregulated"
"AC090912.2",1.61985373659956,1.11965464349553e-10,"Upregulated"
"PTCHD3P2",2.24295416494836,1.12915997235712e-10,"Upregulated"
"RWDD4P1",1.89501698953261,1.14041213495254e-10,"Upregulated"
"SPDYA",1.30911704192893,1.14853357396337e-10,"Upregulated"
"TRPC3",-1.26148509975273,1.15074939757583e-10,"Downregulated"
"SMPD5",1.23837855278792,1.15485557931154e-10,"Upregulated"
"AL158835.1",1.68309139390551,1.16759054799658e-10,"Upregulated"
"MTND1P23",2.31450524254492,1.16987043133831e-10,"Upregulated"
"HSPB9",1.49183668812673,1.1748682526447e-10,"Upregulated"
"FO680682.1",2.55623273529927,1.17965487333107e-10,"Upregulated"
"MT1H",1.83233680308912,1.19172356170547e-10,"Upregulated"
"AC107419.1",3.32198371450299,1.19272920127455e-10,"Upregulated"
"ADAMTS4",-1.31459551866144,1.19600887438282e-10,"Downregulated"
"SLAMF7",1.14566160465324,1.20205460366716e-10,"Upregulated"
"FCGBP",1.58582954941543,1.20649151796667e-10,"Upregulated"
"AC022748.2",2.69968312896186,1.21575814116661e-10,"Upregulated"
"AL391669.1",-1.61632031010794,1.22543033557385e-10,"Downregulated"
"TEKT1",-2.25314520426378,1.23237568680544e-10,"Downregulated"
"MIR4284",2.60958769841256,1.23245691032065e-10,"Upregulated"
"JAZF1-AS1",-1.28745835875064,1.23615287581024e-10,"Downregulated"
"SH3GL2",-2.22448270836777,1.24167376926396e-10,"Downregulated"
"RBMS3-AS3",-1.32665797454961,1.24208348967168e-10,"Downregulated"
"MRPS17P1",2.06753776550596,1.24372019870964e-10,"Upregulated"
"AL121820.2",1.44673965238852,1.25153212194742e-10,"Upregulated"
"LRRC71",-2.04882794333522,1.25881435743098e-10,"Downregulated"
"BEX5",-1.26284269632549,1.2678116221294e-10,"Downregulated"
"HLA-DPA1",-1.00815479524138,1.27704913020069e-10,"Downregulated"
"PKHD1",1.79777693047667,1.27909491122025e-10,"Upregulated"
"TRPM5",2.10903533831567,1.2803462711687e-10,"Upregulated"
"AC024451.4",1.5425237783152,1.300017902526e-10,"Upregulated"
"SLC2A3",-1.08474706792656,1.30140359524376e-10,"Downregulated"
"MIR646HG",1.42324420613011,1.30696271898904e-10,"Upregulated"
"DIRC1",2.59096123573077,1.30904645560809e-10,"Upregulated"
"FCGR2C",1.16668398801818,1.30925772109515e-10,"Upregulated"
"RNU6-652P",2.43081513553569,1.31093892570499e-10,"Upregulated"
"AK4P3",2.72176590817493,1.31093892570499e-10,"Upregulated"
"AC141273.2",3.05827298665398,1.33396200750735e-10,"Upregulated"
"MIR3142HG",1.33872691021501,1.35735275451105e-10,"Upregulated"
"RNU6-418P",1.63224166017734,1.3608702031416e-10,"Upregulated"
"KCNQ1OT1",1.2074265431228,1.36375694552443e-10,"Upregulated"
"AF230666.2",2.51033734771474,1.36534568986289e-10,"Upregulated"
"SAMSN1-AS1",2.56309634660409,1.36783569408617e-10,"Upregulated"
"CNNM1",1.79580235262192,1.36861238720496e-10,"Upregulated"
"PTPRZ1",2.0428709913413,1.37256754821487e-10,"Upregulated"
"AC090004.2",-1.70413686745113,1.37350920616708e-10,"Downregulated"
"AC060834.1",-1.6466741754603,1.37527517762593e-10,"Downregulated"
"TPI1P3",2.76744291770927,1.44186695730425e-10,"Upregulated"
"PPP1R42",-1.9361388771759,1.44455535281698e-10,"Downregulated"
"AC027627.1",2.91805393880029,1.45497618723671e-10,"Upregulated"
"NPBWR1",2.11805604831008,1.46510430543608e-10,"Upregulated"
"MC5R",2.42339285329769,1.47766701113213e-10,"Upregulated"
"AC007494.3",3.25519833685054,1.47768119614127e-10,"Upregulated"
"AC122710.1",5.17746079483384,1.48187626454781e-10,"Upregulated"
"CRTC3-AS1",1.0856350699805,1.48187626454781e-10,"Upregulated"
"AC129926.1",2.20738312045496,1.50001893596846e-10,"Upregulated"
"SNORA14A",3.56178427701552,1.50920161922494e-10,"Upregulated"
"AL606970.3",3.46268457316966,1.50923866995262e-10,"Upregulated"
"AL590705.3",1.40388584305241,1.51909890540652e-10,"Upregulated"
"PPIAP40",1.58382589525501,1.52336924301952e-10,"Upregulated"
"AC245100.1",2.20614424942272,1.52640229703177e-10,"Upregulated"
"AL032819.2",1.97721421741859,1.5290522860947e-10,"Upregulated"
"AL450306.1",1.23171404158878,1.53740860501214e-10,"Upregulated"
"AL049794.1",1.59139742350403,1.54119222553944e-10,"Upregulated"
"MAPK6P5",-1.70093023420696,1.54888093675357e-10,"Downregulated"
"KCNJ6",1.99401571862785,1.57188966248137e-10,"Upregulated"
"AL928654.2",1.01828327334298,1.58782762639971e-10,"Upregulated"
"AC026355.4",1.99416710057696,1.61008656031992e-10,"Upregulated"
"AC093159.1",-1.6448549350513,1.62454269197493e-10,"Downregulated"
"AC099541.2",2.30474036395457,1.62952447436523e-10,"Upregulated"
"CRTAM",-1.06973719506557,1.63468593753837e-10,"Downregulated"
"ALOX15",-2.13184982830887,1.6357534522407e-10,"Downregulated"
"TTC16",-1.41091467298074,1.64131028557592e-10,"Downregulated"
"FAM27E3",1.46815003741909,1.65865606381799e-10,"Upregulated"
"OR7E7P",1.06925895370746,1.67364282395823e-10,"Upregulated"
"AC015923.1",3.17440572101381,1.69562223881437e-10,"Upregulated"
"Z82243.1",1.31974548438591,1.72637534980966e-10,"Upregulated"
"AC026904.1",-1.56592340997522,1.7448453002341e-10,"Downregulated"
"IGLV3-6",2.62042800277619,1.74696918089458e-10,"Upregulated"
"LINC01659",2.06878441467327,1.74972555207816e-10,"Upregulated"
"RN7SL475P",-3.22237988530392,1.75128166505213e-10,"Downregulated"
"AC011503.3",1.92943505197681,1.75771647671412e-10,"Upregulated"
"RPL13AP12",1.27128016678233,1.76790838011253e-10,"Upregulated"
"KIF1C-AS1",1.00786537831319,1.7710438769753e-10,"Upregulated"
"AQP1",-1.52337695259455,1.77848946993158e-10,"Downregulated"
"AL021807.1",1.52303079428404,1.78448985204314e-10,"Upregulated"
"TBC1D27P",1.71004834447946,1.78600996914737e-10,"Upregulated"
"CABP5",-2.84982687105877,1.79984914032109e-10,"Downregulated"
"ZNF560",3.6457356605632,1.79984914032109e-10,"Upregulated"
"AL683807.1",1.37591950787482,1.80707953441133e-10,"Upregulated"
"AP003555.2",-1.70026932384523,1.81392957934151e-10,"Downregulated"
"IZUMO4",1.10941664099886,1.8155566260669e-10,"Upregulated"
"AC083806.2",1.81122112704736,1.81964022201123e-10,"Upregulated"
"NPHS1",2.00774201490075,1.84059807739744e-10,"Upregulated"
"LINC02788",2.82624983409051,1.85607890074202e-10,"Upregulated"
"MRPL40P1",2.01403213088505,1.88070540517347e-10,"Upregulated"
"MTCO2P16",1.92725149227351,1.88699460547726e-10,"Upregulated"
"PAK3",1.8221802776814,1.88847561682853e-10,"Upregulated"
"MYH7",2.62001163073306,1.88847561682853e-10,"Upregulated"
"AC022325.2",-2.7264998785747,1.89145752764927e-10,"Downregulated"
"RN7SL313P",2.69961248595364,1.89822069847373e-10,"Upregulated"
"CGB7",1.72524703531253,1.90288596981592e-10,"Upregulated"
"RAB1AP1",2.2223232002528,1.90890021750437e-10,"Upregulated"
"DDIT4",1.15478626351643,1.9131842661239e-10,"Upregulated"
"SNX18P2",3.22311532166679,1.91551721603668e-10,"Upregulated"
"PDE11A",1.66641746148884,1.93595165819004e-10,"Upregulated"
"AP002336.2",1.26982795074163,1.93690202709382e-10,"Upregulated"
"LINC01517",2.8368258448734,1.95946940591626e-10,"Upregulated"
"ENKUR",-1.60924992244546,1.97302125892115e-10,"Downregulated"
"CRACR2A",1.06607911166999,1.97681851052907e-10,"Upregulated"
"AC004921.2",2.98726194834905,1.98603633764697e-10,"Upregulated"
"C11orf97",-2.4962397018888,1.99857288242278e-10,"Downregulated"
"AC007342.3",-1.15724245045281,2.01417623580458e-10,"Downregulated"
"AC025031.5",2.5493843312952,2.0165575620525e-10,"Upregulated"
"LINC00221",4.34707091792304,2.05206602245256e-10,"Upregulated"
"ERVMER34-1",1.33973362152404,2.05291743971682e-10,"Upregulated"
"RPL7AP34",1.74672947660214,2.06399355896541e-10,"Upregulated"
"ATP8B3",1.32706188201628,2.06774254345915e-10,"Upregulated"
"OTULINL",-1.18576781798257,2.06873393160081e-10,"Downregulated"
"NGB",4.14921922377385,2.08324085001125e-10,"Upregulated"
"SBNO1-AS1",1.01665175247413,2.09012527538236e-10,"Upregulated"
"AC106785.2",4.70253488342319,2.09392095565521e-10,"Upregulated"
"ZNF730",1.76322703441879,2.12030867922067e-10,"Upregulated"
"RN7SL239P",2.48686655253382,2.12242987439303e-10,"Upregulated"
"AL121894.3",-2.00882492859662,2.12534480617678e-10,"Downregulated"
"PPP1R3G",1.10109995146666,2.12560297002772e-10,"Upregulated"
"OSR2",1.23601941523208,2.12721569856582e-10,"Upregulated"
"AC020634.2",-1.29467926304159,2.12904452741865e-10,"Downregulated"
"RSPH10B2",-1.84224803173728,2.1473969697245e-10,"Downregulated"
"OMP",2.09809571692144,2.15715988026792e-10,"Upregulated"
"MKRN3",2.32175620676931,2.16184218739498e-10,"Upregulated"
"CHMP4BP1",1.01721145561392,2.17019300329286e-10,"Upregulated"
"LRRTM4",-1.80420062201797,2.17255719689518e-10,"Downregulated"
"AC022509.1",-1.61780329448773,2.17451621949647e-10,"Downregulated"
"SYT1",1.63170631187334,2.17658318035201e-10,"Upregulated"
"CA3-AS1",-1.14144314396639,2.19117416353103e-10,"Downregulated"
"CR2",1.71616527107994,2.20745228646413e-10,"Upregulated"
"LINC01633",4.1407453377191,2.22360005411809e-10,"Upregulated"
"IGHV3OR16-7",2.42922709429569,2.22938873396954e-10,"Upregulated"
"PGM5P3-AS1",-1.63207290736248,2.22960558874657e-10,"Downregulated"
"AC020910.4",2.32539849047524,2.22961965747675e-10,"Upregulated"
"AP006545.3",1.74489706778821,2.23638616805085e-10,"Upregulated"
"RN7SL333P",1.33083173230799,2.23955938654991e-10,"Upregulated"
"CYS1",-1.48514939173619,2.28333411001935e-10,"Downregulated"
"BOLL",2.7460328164884,2.28593559295251e-10,"Upregulated"
"OVOL3",1.43687067328322,2.33339107239839e-10,"Upregulated"
"MYT1",2.09720124418314,2.35172735619814e-10,"Upregulated"
"AL592148.2",2.97990844020184,2.35208374414669e-10,"Upregulated"
"AL354824.1",2.99968788482696,2.35760911697455e-10,"Upregulated"
"PCDHGA8",1.90472889056226,2.36470921989514e-10,"Upregulated"
"RN7SKP269",1.67552230411488,2.37348143502645e-10,"Upregulated"
"KRT222",-1.35579799501872,2.40027732041456e-10,"Downregulated"
"LINC00482",1.21301661817441,2.4179618311249e-10,"Upregulated"
"MIR593",2.12059279320916,2.46448461309821e-10,"Upregulated"
"GABRP",2.21194691213276,2.48153139592555e-10,"Upregulated"
"ADGRB3",-1.53913875713764,2.48920892003534e-10,"Downregulated"
"EEF1A1P5",-1.32091992062305,2.49506535904811e-10,"Downregulated"
"IGFBP2",1.53965996236768,2.51180315602285e-10,"Upregulated"
"MAGEA11",5.10227261088654,2.52045991074162e-10,"Upregulated"
"IGHV7-4-1",2.52329660420568,2.52045991074162e-10,"Upregulated"
"AP004290.1",3.03945463666139,2.52171883481266e-10,"Upregulated"
"H3C13",1.87291510035604,2.52359128309156e-10,"Upregulated"
"RN7SKP239",1.66758625664689,2.53829257675692e-10,"Upregulated"
"MIR6797",1.63896326895369,2.54787043820432e-10,"Upregulated"
"AC022336.1",2.39235625192568,2.54789676229185e-10,"Upregulated"
"IL27",-1.10150899071177,2.55268085462207e-10,"Downregulated"
"IGKV2OR2-1",2.34267417553485,2.55969930291767e-10,"Upregulated"
"AC012213.3",1.38058141554407,2.56249941495585e-10,"Upregulated"
"GALNT16",-1.32468137240062,2.56591576405628e-10,"Downregulated"
"AC010307.2",2.28344280067061,2.59623093172325e-10,"Upregulated"
"AL162586.2",-1.4632268294032,2.59922250708986e-10,"Downregulated"
"IRX4",3.87811924642115,2.60113953900122e-10,"Upregulated"
"RGS18",-1.01403224972329,2.60216952462937e-10,"Downregulated"
"RSPH10B",-1.52326538820126,2.61040629713066e-10,"Downregulated"
"AC009743.1",3.11563145116779,2.61322289370118e-10,"Upregulated"
"OXT",2.08276122619191,2.61947536917308e-10,"Upregulated"
"AC120193.1",2.15237471328252,2.62059129988938e-10,"Upregulated"
"TOMM40P1",1.95566128524619,2.63406283987845e-10,"Upregulated"
"C10orf71",3.09120152778533,2.6451520791395e-10,"Upregulated"
"RNA5SP18",2.19571941521936,2.65161855637178e-10,"Upregulated"
"MAB21L3",1.56346081923869,2.66665014115475e-10,"Upregulated"
"ERVK-28",2.81255182219593,2.67330685603108e-10,"Upregulated"
"AC000093.1",1.56148363244375,2.68446291769483e-10,"Upregulated"
"EGR4",1.96962193561534,2.70262330900343e-10,"Upregulated"
"TRMT9B",-1.17602520754892,2.71578546163397e-10,"Downregulated"
"AL136307.1",2.05276316638502,2.71606399175458e-10,"Upregulated"
"SLC25A39P1",3.11770358496041,2.72654681123995e-10,"Upregulated"
"ARNTL2-AS1",2.92122475294342,2.73500353637421e-10,"Upregulated"
"SNORA28",2.74211623696463,2.73536301985823e-10,"Upregulated"
"LINC01257",2.4208594241504,2.74693307602542e-10,"Upregulated"
"MIR3609",4.69691530665756,2.74834038214516e-10,"Upregulated"
"NTS",3.04325426721983,2.75319046558719e-10,"Upregulated"
"SLC6A12",-1.07556186025934,2.767538220636e-10,"Downregulated"
"MOGAT2",2.15261683660424,2.81168520965532e-10,"Upregulated"
"NCBP2L",-1.39316477775238,2.82305337214484e-10,"Downregulated"
"WNT16",1.89295728423686,2.82643687051948e-10,"Upregulated"
"AC013477.1",2.53845703433565,2.83463343986439e-10,"Upregulated"
"NEUROD1",4.63713665900706,2.83729156374875e-10,"Upregulated"
"AC108134.1",1.20795389542045,2.85519140238698e-10,"Upregulated"
"AC082651.3",-1.39262565637808,2.85781225303517e-10,"Downregulated"
"AC084880.3",-2.32852117454515,2.85781225303517e-10,"Downregulated"
"AC041005.1",1.76417423103765,2.88118927997176e-10,"Upregulated"
"AC006946.3",2.34911753397913,2.91735980522761e-10,"Upregulated"
"AC021851.2",2.71563436262259,2.94541664606799e-10,"Upregulated"
"NANOGP7",2.10071198684589,2.94889620377679e-10,"Upregulated"
"AC245123.1",-2.33182807325753,2.95732440061875e-10,"Downregulated"
"BX322557.2",-1.77656188039766,2.95788279660333e-10,"Downregulated"
"AL133390.1",1.56315272196102,2.97123135531529e-10,"Upregulated"
"SPRR1A",2.90042473767581,2.97735162779483e-10,"Upregulated"
"AC007497.1",1.4553806777178,2.99562717926824e-10,"Upregulated"
"REC114",2.25455983924964,3.03021920070686e-10,"Upregulated"
"AC092617.1",1.96250020262088,3.04413875199331e-10,"Upregulated"
"AC096656.1",4.41321030376331,3.05154793044836e-10,"Upregulated"
"PRKCA-AS1",3.61030484928243,3.06092735855696e-10,"Upregulated"
"FLJ31356",1.20330631220567,3.06170425283219e-10,"Upregulated"
"AP000253.1",1.52222659321626,3.07309488720745e-10,"Upregulated"
"LINC01770",1.01485406236972,3.09152945330902e-10,"Upregulated"
"Y_RNA",2.62892551672127,3.09724837825086e-10,"Upregulated"
"RN7SL67P",2.64248519569624,3.10854060803193e-10,"Upregulated"
"ADGRD1",-1.29076147313678,3.12898440287087e-10,"Downregulated"
"LINC01888",-1.60798063404397,3.13096405371864e-10,"Downregulated"
"LINC00536",2.92624617045752,3.13096405371864e-10,"Upregulated"
"RHOXF1-AS1",-1.6045317698083,3.14352710637416e-10,"Downregulated"
"AL360270.2",1.31304769115514,3.14621296953782e-10,"Upregulated"
"MIR4527HG",3.26026152132982,3.15330284023634e-10,"Upregulated"
"LINC01237",1.14553032198157,3.16316759261108e-10,"Upregulated"
"AL139351.2",2.57865789178517,3.18007870163437e-10,"Upregulated"
"RPL7AP2",1.76636282239572,3.18335996970393e-10,"Upregulated"
"AL049637.1",3.62850554233595,3.19512009993634e-10,"Upregulated"
"AC093577.1",1.85921972174118,3.24820842520182e-10,"Upregulated"
"AC226101.1",-2.2117503608948,3.25877262391857e-10,"Downregulated"
"LINC02041",1.80614031785054,3.2626003572163e-10,"Upregulated"
"FAM245B",-2.31065455804647,3.27269126813838e-10,"Downregulated"
"MDH1B",-1.40050744740711,3.27550730925567e-10,"Downregulated"
"SPATA18",-1.43041515311172,3.27642497322512e-10,"Downregulated"
"AC026310.1",1.81760939468859,3.29697731917761e-10,"Upregulated"
"AC007277.1",-1.71032200933614,3.3063047582569e-10,"Downregulated"
"TMEM215",2.29910519371053,3.31099503477122e-10,"Upregulated"
"AC128709.2",-2.41395580633939,3.33681085396557e-10,"Downregulated"
"SNORD93",2.31641867906534,3.36647699796431e-10,"Upregulated"
"AC090578.2",2.91292098518971,3.37470778072933e-10,"Upregulated"
"AC127070.1",1.23212969013127,3.38189628693556e-10,"Upregulated"
"ERICH2",-1.12520406674238,3.42108503854146e-10,"Downregulated"
"AC072054.1",1.60961617203508,3.45482666048809e-10,"Upregulated"
"LINC02642",1.67744878580741,3.4584760092054e-10,"Upregulated"
"AL137100.3",2.54343254766345,3.45905809190704e-10,"Upregulated"
"LINC01526",-1.3573004173538,3.46891210503172e-10,"Downregulated"
"AC010608.2",2.75792942913281,3.47303322305712e-10,"Upregulated"
"C5orf49",-1.59292893782096,3.47632256908793e-10,"Downregulated"
"EDARADD",1.53643301344514,3.47687207127006e-10,"Upregulated"
"AC092821.1",2.11233210529819,3.48487177323144e-10,"Upregulated"
"UBE2SP2",1.94347836655194,3.48577605477892e-10,"Upregulated"
"POM121L2",2.51670249458409,3.48812609672171e-10,"Upregulated"
"SLAMF6P1",3.73528816247851,3.53140437426592e-10,"Upregulated"
"GATA6-AS1",-1.53610321907085,3.55420692936068e-10,"Downregulated"
"WIF1",-2.30013033617944,3.55659632281297e-10,"Downregulated"
"SOX15",1.39294657405935,3.58734039449244e-10,"Upregulated"
"AMH",1.80911401809848,3.63961423899659e-10,"Upregulated"
"LINC02552",-2.07348205725823,3.68663682494997e-10,"Downregulated"
"AC020612.1",1.42160238734702,3.70338050342914e-10,"Upregulated"
"ORM2",1.96303454242744,3.71396426399131e-10,"Upregulated"
"AC103923.1",1.74766192007847,3.71920115225888e-10,"Upregulated"
"SIGLEC6",-1.35370011344191,3.72516420925388e-10,"Downregulated"
"ARG2",1.09340850653339,3.72762863803234e-10,"Upregulated"
"MAL",-1.26851992307678,3.75791107572004e-10,"Downregulated"
"FP325331.1",2.02553050463757,3.81428439392999e-10,"Upregulated"
"STAG3",1.20734626952495,3.81609452121415e-10,"Upregulated"
"LINC02506",3.67274942284714,3.81626534405423e-10,"Upregulated"
"RPL10P7",-1.06937273687734,3.84139523655478e-10,"Downregulated"
"OR7E62P",3.09632811096421,3.86062962654153e-10,"Upregulated"
"AC008674.1",-2.3899901191897,3.86107906182805e-10,"Downregulated"
"PKDCC",-1.17620531087187,3.87181348645447e-10,"Downregulated"
"CDKN2A-DT",2.81014137436656,3.88611404173821e-10,"Upregulated"
"SLC22A11",2.17921497282231,3.89180713848936e-10,"Upregulated"
"AC064807.2",2.14825621417177,3.91189394030801e-10,"Upregulated"
"AC002091.2",-1.0443881610427,3.9581359722447e-10,"Downregulated"
"AC087294.1",1.1739737651706,3.99002087294436e-10,"Upregulated"
"LINC00989",-1.28473040721891,3.99520995802558e-10,"Downregulated"
"AC004888.1",2.99733018895071,3.99722389155604e-10,"Upregulated"
"CNTNAP4",3.86758859304483,3.9996649808922e-10,"Upregulated"
"FAM169A",1.21362355467389,4.00333949842397e-10,"Upregulated"
"TBCE",1.03118605107722,4.00846676820397e-10,"Upregulated"
"MIR221",-1.48973633127944,4.02057800456157e-10,"Downregulated"
"ST20",1.0708305464369,4.02722518298873e-10,"Upregulated"
"ZNF714",1.02537327268177,4.05327863471342e-10,"Upregulated"
"UST",-1.05449108139411,4.0594240742915e-10,"Downregulated"
"AL035411.1",1.07574057547309,4.0914846865063e-10,"Upregulated"
"MS4A1",1.67435790750976,4.14906984658973e-10,"Upregulated"
"AC104335.1",1.40211630925706,4.15216725371294e-10,"Upregulated"
"PRDM7",2.48459392847996,4.17801097758069e-10,"Upregulated"
"IGKV2-24",1.58179214071571,4.18201674646539e-10,"Upregulated"
"AC005520.5",1.27385859875264,4.21234401404209e-10,"Upregulated"
"UGT3A2",2.05273166167397,4.22243964365834e-10,"Upregulated"
"MAP1LC3C",-1.41520207369686,4.22776441293985e-10,"Downregulated"
"NPAS3",1.90122436608083,4.24527203228611e-10,"Upregulated"
"PITPNA-AS1",1.03507019358698,4.27646880120106e-10,"Upregulated"
"AP001469.2",1.11312359467212,4.28257133657873e-10,"Upregulated"
"LINC02874",2.10782848868251,4.29137813854686e-10,"Upregulated"
"AC104623.2",-2.09379354893788,4.30035378145398e-10,"Downregulated"
"AC068594.1",1.99453799685408,4.3235624089806e-10,"Upregulated"
"LINC02454",2.45569685485246,4.33436996896184e-10,"Upregulated"
"VN1R42P",1.22620021474528,4.37028285632989e-10,"Upregulated"
"LINC00535",-1.3154173376316,4.40198026165253e-10,"Downregulated"
"AC126177.6",2.24599220544089,4.4164690259774e-10,"Upregulated"
"KRT89P",1.65609936905545,4.42582364721726e-10,"Upregulated"
"RPS16P2",-1.16826409410604,4.43198639781267e-10,"Downregulated"
"AC016587.1",-3.58221122680968,4.44132593564492e-10,"Downregulated"
"AL772337.2",-2.76255058567499,4.46099177322827e-10,"Downregulated"
"SOD2-OT1",-1.00742909244033,4.46421496325249e-10,"Downregulated"
"ZACN",1.52043109568868,4.54054380427606e-10,"Upregulated"
"KRT8P3",1.16420343276881,4.55321409960197e-10,"Upregulated"
"IGHV3-76",2.105116242548,4.582457302266e-10,"Upregulated"
"AC019206.1",2.45725503420629,4.582457302266e-10,"Upregulated"
"ZNF385B",-1.7153287756304,4.5938319806069e-10,"Downregulated"
"AC078909.2",1.86816852063197,4.60316365239931e-10,"Upregulated"
"HOXD11",4.55647288918464,4.60611798780145e-10,"Upregulated"
"IGHD3-3",2.3390760142501,4.63662757089935e-10,"Upregulated"
"RPL29P14",1.69594779874735,4.63662757089935e-10,"Upregulated"
"AP002807.1",1.0589467758117,4.66184020967881e-10,"Upregulated"
"AC096734.1",2.35062934526958,4.67378290395943e-10,"Upregulated"
"KRT18P10",1.12714226049196,4.70628060246607e-10,"Upregulated"
"AL356108.1",2.13227663886078,4.7798191633707e-10,"Upregulated"
"BCAS2P2",1.9009875783945,4.80118241797241e-10,"Upregulated"
"AC027811.1",2.07732940449615,4.81368594532949e-10,"Upregulated"
"IGLJ3",2.33003366610184,4.83533341935768e-10,"Upregulated"
"WDR38",-2.05602996491492,4.92390182075908e-10,"Downregulated"
"EIPR1-IT1",1.56013343325575,4.93250180495806e-10,"Upregulated"
"AC093535.1",1.35294478377187,4.93279039397646e-10,"Upregulated"
"AC124861.1",-1.7018316823033,4.98703226528426e-10,"Downregulated"
"GIMAP5",-1.20896966501123,5.00664583014775e-10,"Downregulated"
"AL589787.1",2.92615638251764,5.00664583014775e-10,"Upregulated"
"NAA11",4.59507126285983,5.00692814571583e-10,"Upregulated"
"HLA-DOA",-1.03757171472072,5.02141789616307e-10,"Downregulated"
"AC091488.1",1.35528682459969,5.02728093292493e-10,"Upregulated"
"VAX1",4.78555523941399,5.07775068400133e-10,"Upregulated"
"LINC00251",3.74777383020822,5.08195176010686e-10,"Upregulated"
"ZNF229",1.35644845332393,5.09308672794328e-10,"Upregulated"
"AL035427.2",2.47466577723483,5.11255885691622e-10,"Upregulated"
"MLC1",-1.32288437353745,5.16830112322113e-10,"Downregulated"
"SNAP47-AS1",2.28682414489488,5.16830112322113e-10,"Upregulated"
"AC008945.2",1.66441323050158,5.17832930922498e-10,"Upregulated"
"KCNJ15",-1.39216816271167,5.21018150498057e-10,"Downregulated"
"GBX2",2.61427892990031,5.22451817219745e-10,"Upregulated"
"AC016582.1",1.87087343384704,5.22808285495753e-10,"Upregulated"
"AL162595.2",2.26366593194499,5.22896391508263e-10,"Upregulated"
"TUBAL3",1.7428182417353,5.36733796372544e-10,"Upregulated"
"MEOX2",-1.11580610938821,5.42167382537442e-10,"Downregulated"
"RTEL1P1",1.80897822495707,5.43366195148812e-10,"Upregulated"
"SNORA49",5.19079063806868,5.46536423448416e-10,"Upregulated"
"DCLK1",1.15723054006013,5.48779709474439e-10,"Upregulated"
"G2E3-AS1",4.87393520997538,5.49457873944951e-10,"Upregulated"
"AC100774.1",2.88731994004314,5.49523475345578e-10,"Upregulated"
"DNAAF6",-2.22646592491238,5.51887175453661e-10,"Downregulated"
"VDAC2P3",2.24822942770177,5.52741504056095e-10,"Upregulated"
"AC008883.3",1.93483567874832,5.54957835355109e-10,"Upregulated"
"AL132799.1",-3.13061359675224,5.55845037888318e-10,"Downregulated"
"TRGC2",-1.22008011618663,5.56318946826152e-10,"Downregulated"
"KRT16P6",2.53333936296778,5.57458253728606e-10,"Upregulated"
"APOBEC3A",-1.30046797834882,5.58918245350254e-10,"Downregulated"
"FAM180A",-1.25303283022183,5.59122510227688e-10,"Downregulated"
"AC005670.1",2.00246881607138,5.62962557519607e-10,"Upregulated"
"KRT1",-1.81347798447198,5.64739713996529e-10,"Downregulated"
"FAM186A",1.14690580423124,5.64788563207169e-10,"Upregulated"
"SAA4",2.6269674111216,5.6607756049516e-10,"Upregulated"
"AC253576.2",1.43405243703551,5.68641237183396e-10,"Upregulated"
"SSTR5",3.5851049555921,5.69467520749418e-10,"Upregulated"
"AL391832.4",1.85599547436371,5.69467520749418e-10,"Upregulated"
"ADCY6-DT",1.40061576021706,5.71070088217958e-10,"Upregulated"
"IGLV10-54",1.90134907765984,5.71989224347876e-10,"Upregulated"
"PTPRD",-1.06586674860403,5.75926930410467e-10,"Downregulated"
"IGLJCOR18",3.05313048777887,5.8005408370898e-10,"Upregulated"
"RPS3AP38",1.62049130862061,5.80216436782891e-10,"Upregulated"
"AL049828.1",1.2464523575604,5.80551400414393e-10,"Upregulated"
"AC007431.1",3.31619906976503,5.80551400414393e-10,"Upregulated"
"AP006545.2",1.6528187551797,5.87446303097092e-10,"Upregulated"
"ANKRD34C",-2.38050852161842,5.88460358144046e-10,"Downregulated"
"AC245060.2",1.14522870127283,5.89710847233428e-10,"Upregulated"
"AC087854.1",-1.100070655183,5.93863147781415e-10,"Downregulated"
"AC131025.3",-1.15128898489405,5.97011872545733e-10,"Downregulated"
"IGKV1D-13",2.07416538637935,5.97606955951382e-10,"Upregulated"
"AC009139.1",2.730817089797,5.98332577037308e-10,"Upregulated"
"CPA5",1.71881271695202,6.02281300535938e-10,"Upregulated"
"AC023271.2",2.25614434456423,6.05773632856313e-10,"Upregulated"
"LSAMP-AS1",3.59999549708671,6.12796414916026e-10,"Upregulated"
"AC025268.1",-1.54004586184267,6.19031723794047e-10,"Downregulated"
"NPM1P26",1.57716274227206,6.20331885538894e-10,"Upregulated"
"PCDHA6",1.79020950044948,6.20967988949788e-10,"Upregulated"
"AC007749.2",3.49407736316309,6.21914127944877e-10,"Upregulated"
"AJ003147.2",3.44568763061657,6.21980657957867e-10,"Upregulated"
"TTC29",-2.08174239060835,6.2433335472375e-10,"Downregulated"
"FSTL5",3.47998495990063,6.24967447081009e-10,"Upregulated"
"CTLA4",1.02676228463833,6.28107201309537e-10,"Upregulated"
"AC245052.5",-1.65932049146046,6.32139057187618e-10,"Downregulated"
"AL353803.1",2.53420697617537,6.36073411817971e-10,"Upregulated"
"ARGFXP2",1.88042133881174,6.36454345917131e-10,"Upregulated"
"AL022097.1",2.66307224364588,6.38918275750992e-10,"Upregulated"
"ZNF365",-1.1634966842797,6.48070228583807e-10,"Downregulated"
"BNIP3P39",2.0060887186204,6.52183491234345e-10,"Upregulated"
"FGF14",-1.20010303492755,6.65489300753296e-10,"Downregulated"
"CFAP73",-1.78935891157961,6.70032751800891e-10,"Downregulated"
"C16orf71",-1.09726737092332,6.7240360347529e-10,"Downregulated"
"PDLIM4",1.21901212487969,6.72661755902788e-10,"Upregulated"
"AC009630.2",2.20366073559981,6.74671371145393e-10,"Upregulated"
"CTBP2P7",1.99006111472222,6.75296346142482e-10,"Upregulated"
"AC105914.2",-2.8728457172042,6.79764550784403e-10,"Downregulated"
"AC138470.2",2.2202690699039,6.84036954113824e-10,"Upregulated"
"LINC01960",-1.02280994949603,6.86749027274753e-10,"Downregulated"
"MTATP6P16",1.92893073682915,6.96245278952147e-10,"Upregulated"
"FLJ42969",1.90769649875001,7.01698994011684e-10,"Upregulated"
"AC009974.1",-1.1918503194873,7.05005231517574e-10,"Downregulated"
"LIPI",2.16846277257782,7.10704285985868e-10,"Upregulated"
"RPS3AP18",1.25726240170398,7.14182148474303e-10,"Upregulated"
"AC063952.4",3.12854161187193,7.1541206878072e-10,"Upregulated"
"NT5C1A",2.3037763531371,7.16170767344008e-10,"Upregulated"
"LINC02477",2.9492807855279,7.1769225443382e-10,"Upregulated"
"AC010754.1",-1.43647122484864,7.18454350042598e-10,"Downregulated"
"CYP2F1",-2.21736968514629,7.19570846459775e-10,"Downregulated"
"PDZK1P1",1.07270661509005,7.21287355481397e-10,"Upregulated"
"IGSF11",1.62489515427384,7.26555324596851e-10,"Upregulated"
"KIAA0408",-1.80351710261641,7.30786828492778e-10,"Downregulated"
"PRR29",-1.08516989777048,7.35292795197235e-10,"Downregulated"
"AC074290.1",4.26656987641658,7.40247430745759e-10,"Upregulated"
"AL391832.2",1.00014217724887,7.41606138848375e-10,"Upregulated"
"SNORD117",1.64495166040616,7.43953231602352e-10,"Upregulated"
"AC078850.2",2.82908858478683,7.43953231602352e-10,"Upregulated"
"AC019294.2",1.26115746486015,7.47738035659698e-10,"Upregulated"
"DLX2",2.89165129466715,7.49861895013204e-10,"Upregulated"
"LILRP2",2.03920028881205,7.53604299599179e-10,"Upregulated"
"CAPS",-1.36442975163546,7.53968481098309e-10,"Downregulated"
"RPS2P4",1.13224030051457,7.55696584353838e-10,"Upregulated"
"AL691420.1",3.94203442680618,7.63925289256971e-10,"Upregulated"
"AC007953.1",1.86802023757723,7.67440578225778e-10,"Upregulated"
"AC108105.1",-1.68209001475885,7.70863943965174e-10,"Downregulated"
"AL359881.1",1.67959988826474,7.72627329975154e-10,"Upregulated"
"MEG3",1.63815870392777,7.75725636492314e-10,"Upregulated"
"MYO18B",2.28798769932344,7.76748238173365e-10,"Upregulated"
"MLXP1",2.59492141124811,7.78661718080897e-10,"Upregulated"
"AC007938.2",2.19612906231922,7.80430437845784e-10,"Upregulated"
"SDHAP3",1.15135709227846,7.80543262214263e-10,"Upregulated"
"AC016925.3",3.45786254339608,7.87711475274779e-10,"Upregulated"
"UPK1B",3.00170292413441,7.87823487766896e-10,"Upregulated"
"RNVU1-1",2.24282544476179,7.94780735521739e-10,"Upregulated"
"RNU2-11P",1.64947924951342,8.12258062067219e-10,"Upregulated"
"ARHGAP26-AS1",2.5959372849355,8.12513790245453e-10,"Upregulated"
"IGKV2-26",2.0660057241104,8.16276095564997e-10,"Upregulated"
"MIR181A1HG",2.08905268699231,8.1957398763701e-10,"Upregulated"
"AL109615.2",1.42560542356258,8.21486191453775e-10,"Upregulated"
"AL590714.1",1.05001371015089,8.21880679266533e-10,"Upregulated"
"HTR6",1.36302029882632,8.2666885388119e-10,"Upregulated"
"AC078778.1",1.68182873824415,8.2666885388119e-10,"Upregulated"
"GFRA1",-1.52286186622827,8.3365493195695e-10,"Downregulated"
"SOX30",1.57087665488522,8.3948284586794e-10,"Upregulated"
"AC104791.2",2.35933662022764,8.41162801062111e-10,"Upregulated"
"AC104260.1",-1.96093722881468,8.43037156140637e-10,"Downregulated"
"AL121761.1",1.56179265125491,8.44244413764726e-10,"Upregulated"
"FSCN2",1.02049580212316,8.49047280930125e-10,"Upregulated"
"RNU7-171P",-1.19827445473087,8.55707374363691e-10,"Downregulated"
"AC002331.1",2.73002943115307,8.55915994057163e-10,"Upregulated"
"AL606970.5",3.67975168495754,8.60917336595233e-10,"Upregulated"
"FAM201B",2.10412784206022,8.62731938957296e-10,"Upregulated"
"AC008147.2",1.42117319888534,8.63444000536581e-10,"Upregulated"
"P2RX2",-1.74689505767503,8.7535580611031e-10,"Downregulated"
"KRT18P11",1.11255911329572,8.76911248101871e-10,"Upregulated"
"ST3GAL3",1.13494626607329,8.83293203253272e-10,"Upregulated"
"RPL31P40",-1.85986079930753,8.8437418711042e-10,"Downregulated"
"ACTBL2",1.71654045981685,8.8795907659872e-10,"Upregulated"
"TSNAXIP1",-1.32503598284313,8.92797413142368e-10,"Downregulated"
"AL110115.1",2.25471408403183,8.94152305044945e-10,"Upregulated"
"HCG4B",1.32314186243064,8.95032377362229e-10,"Upregulated"
"NALCN-AS1",-1.80622872900588,8.95406774277698e-10,"Downregulated"
"EIF3KP1",-1.12097585850638,8.96153291712157e-10,"Downregulated"
"GBP7",-1.58185405663967,9.03387291671662e-10,"Downregulated"
"COL11A2",1.41871593899128,9.0375208477402e-10,"Upregulated"
"OR7E102P",1.56760147920661,9.03985156269033e-10,"Upregulated"
"AC127024.3",2.10643696632812,9.04308156899556e-10,"Upregulated"
"LINC00472",-1.49391509422996,9.05340326717824e-10,"Downregulated"
"AC092078.3",-1.97639062689794,9.06743875589679e-10,"Downregulated"
"PPBP",-2.05418429213892,9.07840334642739e-10,"Downregulated"
"MAEL",1.95289369252947,9.12639725352602e-10,"Upregulated"
"RN7SL664P",3.90549318772972,9.17386578122231e-10,"Upregulated"
"AC130650.2",1.27133186007425,9.20431426194653e-10,"Upregulated"
"INTS9-AS1",1.63649324743868,9.3292407065656e-10,"Upregulated"
"C22orf15",-1.69869429978072,9.41125250858181e-10,"Downregulated"
"AC016769.1",3.16338175080463,9.41548138587445e-10,"Upregulated"
"VCX",3.27013579757463,9.46612632024414e-10,"Upregulated"
"NEFL",2.28758548842044,9.49642787857778e-10,"Upregulated"
"AL109924.1",2.41638870674186,9.60631948449845e-10,"Upregulated"
"TTLL10",-1.66204890917868,9.62434811919787e-10,"Downregulated"
"AC233280.36",1.74085716223027,9.63981485278312e-10,"Upregulated"
"PYDC1",3.12076008435911,9.65593843221122e-10,"Upregulated"
"AC126177.5",2.05716245103507,9.69243157578384e-10,"Upregulated"
"CLGN",1.56258328051664,9.73683016096686e-10,"Upregulated"
"AC024132.3",-3.60913367046981,9.74343081618522e-10,"Downregulated"
"LINC01473",1.21549253444143,9.7649629042211e-10,"Upregulated"
"AL079307.1",2.88096276864626,9.88236994041078e-10,"Upregulated"
"AL450163.1",3.27281741427804,9.9043732285206e-10,"Upregulated"
"AC016769.3",3.28519593797045,9.93739282580387e-10,"Upregulated"
"AC114402.1",2.7845519338981,9.9676928078296e-10,"Upregulated"
"ATP1B1P1",1.63177008837005,1.00007606393431e-09,"Upregulated"
"SPAG8",-1.22863666329853,1.00180731276608e-09,"Downregulated"
"AC021491.2",1.66033446483337,1.00515146927642e-09,"Upregulated"
"CIDEC",2.50411385959009,1.00766627270042e-09,"Upregulated"
"SAMD5",-1.1818296427249,1.01158049224899e-09,"Downregulated"
"AC025434.1",2.85668200715245,1.01509757585879e-09,"Upregulated"
"LRRC70",-1.02863508622028,1.01876652145934e-09,"Downregulated"
"TEX41",1.46234097338616,1.02477825963762e-09,"Upregulated"
"AC004466.3",1.49047469609307,1.02478214814369e-09,"Upregulated"
"AC104695.3",1.71667002010174,1.02832917695639e-09,"Upregulated"
"FAM71F1",2.41573817470634,1.03386552114129e-09,"Upregulated"
"LRRC4",-1.24439516735966,1.04269362417132e-09,"Downregulated"
"BX664727.3",-1.91286581266526,1.04269362417132e-09,"Downregulated"
"SLC16A7",1.14580150306872,1.05276175121284e-09,"Upregulated"
"C5orf66-AS1",3.26338187202287,1.05416298863014e-09,"Upregulated"
"TPI1P1",1.09142609989416,1.05737011297968e-09,"Upregulated"
"LHX4",1.00093268878881,1.07014934448129e-09,"Upregulated"
"AC097521.1",5.12177651878302,1.07574076172648e-09,"Upregulated"
"AC008434.1",1.61599556414521,1.08036525181482e-09,"Upregulated"
"C2orf73",-1.72144940826997,1.08038201990094e-09,"Downregulated"
"CFAP43",-1.56658721769829,1.09108622516597e-09,"Downregulated"
"HMGA1P2",1.15026122656639,1.10522430213808e-09,"Upregulated"
"AC093277.1",-2.35253292766391,1.10635718237296e-09,"Downregulated"
"DEFB131E",2.425715990654,1.10653814484597e-09,"Upregulated"
"AC138932.4",1.44773543311722,1.10672129425544e-09,"Upregulated"
"AC092198.1",2.27239321601522,1.1204282051247e-09,"Upregulated"
"KCNC1",1.83400602684388,1.12550221156748e-09,"Upregulated"
"TMPRSS15",3.22866696140722,1.12555398971685e-09,"Upregulated"
"AL133467.2",3.89720872506152,1.14392294774082e-09,"Upregulated"
"SNORD124",1.82732047897638,1.15702930161819e-09,"Upregulated"
"RNU6-967P",-3.64786651701321,1.1585178401337e-09,"Downregulated"
"MEG8",2.22526887773495,1.1612133282015e-09,"Upregulated"
"CYP26B1",-1.09659343762243,1.16246576672913e-09,"Downregulated"
"AC105250.1",1.46192285472433,1.17554415518133e-09,"Upregulated"
"ANKRD36B",1.23651085373888,1.18960522169196e-09,"Upregulated"
"AC106779.1",1.69611346902674,1.20336148573819e-09,"Upregulated"
"AC004707.1",1.43435815277,1.20341961450464e-09,"Upregulated"
"CKLF",1.64784457911695,1.20499178098079e-09,"Upregulated"
"THBS4",1.67308623191244,1.20708262664875e-09,"Upregulated"
"ZNF474-AS1",-1.93567399675817,1.21205515216324e-09,"Downregulated"
"LINC01098",3.2998217525281,1.21486813234531e-09,"Upregulated"
"DCDC2B",-1.51006273105065,1.22236364077369e-09,"Downregulated"
"AC015987.1",1.39008701937198,1.23633799915193e-09,"Upregulated"
"CYP19A1",1.30216108323357,1.23704932990587e-09,"Upregulated"
"KBTBD13",-1.56547927975352,1.24137686059984e-09,"Downregulated"
"MRPS31P2",2.57555532826462,1.26138155676097e-09,"Upregulated"
"BFSP2-AS1",2.12566149755033,1.2617594760432e-09,"Upregulated"
"ABCA10",-1.2127024355638,1.26326344071747e-09,"Downregulated"
"P2RY4",1.80341765328982,1.26410867029303e-09,"Upregulated"
"FAM166A",1.89050745556157,1.27209737091166e-09,"Upregulated"
"AL163952.1",1.87273565094722,1.2735529761105e-09,"Upregulated"
"AC092828.1",1.46089729688133,1.27602869012536e-09,"Upregulated"
"PDE10A",1.60468896362791,1.2833341520782e-09,"Upregulated"
"CAPSL",-2.06996098114015,1.2833341520782e-09,"Downregulated"
"AC023481.1",2.78325674569097,1.2899432331789e-09,"Upregulated"
"AC100821.2",1.63254074500438,1.2899432331789e-09,"Upregulated"
"SMG1P6",1.72046137849114,1.29506842722761e-09,"Upregulated"
"AC008840.1",1.17527518276734,1.30698890932223e-09,"Upregulated"
"AL139039.3",1.83345275284605,1.30923607062727e-09,"Upregulated"
"AL023775.1",2.52850173710499,1.31045023102934e-09,"Upregulated"
"SUSD4",1.22402155071292,1.3125123095296e-09,"Upregulated"
"AC092436.3",2.17967459210935,1.32342993417771e-09,"Upregulated"
"LMX1B",1.96284876449059,1.32851225449821e-09,"Upregulated"
"AC078983.1",1.72267653753188,1.32929347975716e-09,"Upregulated"
"STAB2",-1.1682590808533,1.33249788628349e-09,"Downregulated"
"AL589642.2",3.64348167336294,1.3326824284667e-09,"Upregulated"
"LINC00601",3.24636250167663,1.33406402083173e-09,"Upregulated"
"APLP1",1.45536467942421,1.33772916171195e-09,"Upregulated"
"ADGRD2",2.52661715939554,1.33872055424544e-09,"Upregulated"
"LINC01480",1.01284070340972,1.35027824935245e-09,"Upregulated"
"SCML2",1.14317383005939,1.35043476932215e-09,"Upregulated"
"PIEZO2",-1.00215018294999,1.36207625798338e-09,"Downregulated"
"LINC00165",-2.59503295835263,1.36207625798338e-09,"Downregulated"
"HTRA3",1.06544632560727,1.36686496320287e-09,"Upregulated"
"GPR143",1.15215326449419,1.36698377655553e-09,"Upregulated"
"MYLK3",-1.35850547002816,1.36738251371612e-09,"Downregulated"
"LINC02196",4.31419992534553,1.37002128155771e-09,"Upregulated"
"RPL26P29",2.14206869877963,1.37673152297139e-09,"Upregulated"
"IGLVIVOR22-1",2.83334634810117,1.39569427139794e-09,"Upregulated"
"TEKT2",-1.63215178607244,1.41019179714983e-09,"Downregulated"
"EIF3KP2",-2.00787494899201,1.41019179714983e-09,"Downregulated"
"AL391152.1",2.29322581897402,1.41391425375163e-09,"Upregulated"
"AC037193.1",3.2192293539387,1.41568370010201e-09,"Upregulated"
"AC013394.1",1.30837371184401,1.41826363136094e-09,"Upregulated"
"LINC00683",-1.18645954185149,1.42490201357204e-09,"Downregulated"
"MAGEA10-MAGEA5",2.72625225327791,1.42635569622439e-09,"Upregulated"
"PRRT1B",-1.35918128387552,1.42879807989398e-09,"Downregulated"
"AC134349.2",2.54630232616418,1.43135591414421e-09,"Upregulated"
"AC010184.1",1.74777325451894,1.43323191267776e-09,"Upregulated"
"AC009093.1",1.28518573940914,1.44005777477425e-09,"Upregulated"
"MIR7111",1.39735926892582,1.47542446927482e-09,"Upregulated"
"ADAM11",1.14845561279308,1.47644745904556e-09,"Upregulated"
"BX284668.6",2.11029968948597,1.50189379446801e-09,"Upregulated"
"AC102953.2",1.0797232181165,1.5023502570255e-09,"Upregulated"
"NECTIN4-AS1",1.40777098002751,1.51178195727809e-09,"Upregulated"
"LAMB3",1.03511859277345,1.51943719485421e-09,"Upregulated"
"TEKT4",-1.73019006732526,1.52325419438091e-09,"Downregulated"
"AC018816.1",1.19209425807001,1.53885505175271e-09,"Upregulated"
"LINC00330",2.30860221564983,1.5486644405633e-09,"Upregulated"
"ZNF474",-1.42632630693564,1.55197869775113e-09,"Downregulated"
"SNORD67",2.97608495366525,1.55806028775051e-09,"Upregulated"
"HSPA5P1",1.10567824370791,1.5694527839013e-09,"Upregulated"
"AC005632.6",1.50921630274581,1.56986714110363e-09,"Upregulated"
"AC107222.1",-1.63403387161798,1.59444621151677e-09,"Downregulated"
"COX5BP6",1.04746306650214,1.60096156235531e-09,"Upregulated"
"SLC26A4-AS1",2.03172010240688,1.60213196666494e-09,"Upregulated"
"LINC02466",4.29354947793239,1.60609731065993e-09,"Upregulated"
"AL162388.2",3.28314093612871,1.60985268574157e-09,"Upregulated"
"SV2A",1.2849695330135,1.61045189348443e-09,"Upregulated"
"AC012645.3",1.39248788388813,1.61264671770762e-09,"Upregulated"
"AC121758.2",-1.47778654459235,1.62562033353599e-09,"Downregulated"
"AP001619.2",2.19769093104883,1.64651614681156e-09,"Upregulated"
"C3orf36",-1.16844822442031,1.65417604530121e-09,"Downregulated"
"AC133540.1",2.38967445969148,1.65562700034743e-09,"Upregulated"
"PGR-AS1",-1.3992672867927,1.65680706894781e-09,"Downregulated"
"LPAL2",-1.05867879187876,1.66871807583042e-09,"Downregulated"
"PILRB",1.16712645055651,1.67352832149894e-09,"Upregulated"
"AL139379.1",3.03510309638984,1.69200743940897e-09,"Upregulated"
"NECTIN3-AS1",1.58654429216843,1.69656162039097e-09,"Upregulated"
"ATP11AUN",2.78853837959025,1.70063023514719e-09,"Upregulated"
"SIRPG-AS1",1.96196321736299,1.70471465185426e-09,"Upregulated"
"AC007405.3",-1.00047826267522,1.72061445937284e-09,"Downregulated"
"LINC02820",4.26841100308544,1.72458302700489e-09,"Upregulated"
"AC023302.2",2.11587562688892,1.74853057144372e-09,"Upregulated"
"KRT4",-2.12998983063938,1.75097826551411e-09,"Downregulated"
"AC010547.2",2.23337843103524,1.76106578345089e-09,"Upregulated"
"CALR4P",1.86681546616641,1.76155438694785e-09,"Upregulated"
"AC025431.1",-2.20155363646117,1.76255856195022e-09,"Downregulated"
"RPS3AP53",2.22743573262461,1.77103806803712e-09,"Upregulated"
"DCBLD2",1.14017615636943,1.7730018887774e-09,"Upregulated"
"AC135782.1",2.65572510518313,1.77654810465116e-09,"Upregulated"
"AL360169.3",3.22764810560223,1.78461758837805e-09,"Upregulated"
"AC239367.3",-1.67951584677368,1.79145655597933e-09,"Downregulated"
"SNX18P7",2.40154982488278,1.79764586073234e-09,"Upregulated"
"LINC01385",4.03449195785476,1.80348868055884e-09,"Upregulated"
"LINC01727",1.87908128763409,1.81988486491703e-09,"Upregulated"
"AL359636.2",1.71636051569482,1.82692950928827e-09,"Upregulated"
"TCL6",2.08886727744612,1.83413840655809e-09,"Upregulated"
"AL161431.1",2.70412846703852,1.83807466413395e-09,"Upregulated"
"AL390957.1",1.33102497919515,1.85507333821591e-09,"Upregulated"
"RN7SL128P",2.00972950634422,1.85680981438512e-09,"Upregulated"
"AC024267.4",1.98744058689303,1.87056213757717e-09,"Upregulated"
"SNORA38",4.03756546269156,1.87613509594601e-09,"Upregulated"
"CCDC146",-1.0651946424956,1.88538077963307e-09,"Downregulated"
"LINC02829",-1.55919362686074,1.90550583136448e-09,"Downregulated"
"CLTRN",1.53963818787682,1.91613837755928e-09,"Upregulated"
"AL390334.1",4.12876436915343,1.92273187827301e-09,"Upregulated"
"PROKR1",1.9234334223689,1.93409877933168e-09,"Upregulated"
"AC245100.4",1.17981616049978,1.94932373722635e-09,"Upregulated"
"FCF1P8",2.66506038772815,1.95359946180123e-09,"Upregulated"
"GAPDHP22",2.07318355728879,1.95405578065878e-09,"Upregulated"
"OR10AD1",1.4483845843787,1.97305418754947e-09,"Upregulated"
"AC009264.1",3.67190754545157,1.98284584428073e-09,"Upregulated"
"LINC02289",-1.39359686400275,1.98888837855369e-09,"Downregulated"
"AC126323.3",3.00182305879351,1.99188178906182e-09,"Upregulated"
"AL138847.2",3.15537974711241,1.99295901689505e-09,"Upregulated"
"AC106028.4",-1.6205523185491,1.99343714275335e-09,"Downregulated"
"RNU1-61P",-1.4651282353776,2.01543358260656e-09,"Downregulated"
"LINC01825",1.70898018049082,2.0210858539913e-09,"Upregulated"
"AC130651.1",2.14788000532182,2.02215941635332e-09,"Upregulated"
"AL353660.1",-1.71053333201264,2.03099285964532e-09,"Downregulated"
"AL158055.1",-1.39111022027857,2.03723324940948e-09,"Downregulated"
"LINC01166",-2.41995077744349,2.0588822011204e-09,"Downregulated"
"AC008735.2",1.00061022016258,2.07025046424381e-09,"Upregulated"
"TDGF1P5",2.38474994348083,2.07432966710767e-09,"Upregulated"
"AC083906.3",2.25562421278055,2.0779225144049e-09,"Upregulated"
"PCDHA9",1.92024545498803,2.08070226549532e-09,"Upregulated"
"SPIB",1.42549753048773,2.09371168197893e-09,"Upregulated"
"KIF6",-1.29286608826386,2.09740177204851e-09,"Downregulated"
"AL590787.1",-1.11171624722263,2.10563364344106e-09,"Downregulated"
"SLC8A1-AS1",1.87564068086443,2.1071459114478e-09,"Upregulated"
"LINC02456",3.31060479138642,2.10875223962389e-09,"Upregulated"
"AC109446.2",1.9453151406932,2.11714334532791e-09,"Upregulated"
"TM4SF20",3.02694184728063,2.12931218842327e-09,"Upregulated"
"CHRND",2.58951325543856,2.13879552928261e-09,"Upregulated"
"ZNF716",4.3494057016536,2.18685034632078e-09,"Upregulated"
"GRAPL",-1.34191271954305,2.19687919872913e-09,"Downregulated"
"LINC02492",4.72285308268451,2.19724338594978e-09,"Upregulated"
"ITGB8",1.42739643872851,2.20551795272394e-09,"Upregulated"
"THAP12P3",2.24112519842076,2.20610234396852e-09,"Upregulated"
"TTC6",1.2952757641909,2.2122891307261e-09,"Upregulated"
"SOX9",1.35799931293051,2.21520880367992e-09,"Upregulated"
"AL133477.1",1.09910386451736,2.21607927303432e-09,"Upregulated"
"NARF-IT1",1.03504373143667,2.23460922052402e-09,"Upregulated"
"RNU5B-3P",-2.22654404580798,2.24911916454237e-09,"Downregulated"
"GLS2",1.00522975001997,2.25467146372927e-09,"Upregulated"
"GABRD",1.03237222464927,2.25782804858973e-09,"Upregulated"
"AC010285.1",2.17813357150387,2.26348966461277e-09,"Upregulated"
"DENND5B-AS1",1.69849689886027,2.26698835192533e-09,"Upregulated"
"WNT2",-1.02926081214764,2.27367488587448e-09,"Downregulated"
"Z98742.3",2.34877033610459,2.28288927945624e-09,"Upregulated"
"P2RX6",-1.29489312863549,2.2886146592084e-09,"Downregulated"
"PRR7-AS1",1.17840195399166,2.29309125048002e-09,"Upregulated"
"THCAT158",1.33029770105586,2.29309125048002e-09,"Upregulated"
"BTBD7P1",1.69049682577797,2.29989026681222e-09,"Upregulated"
"AP003419.3",1.06072378117702,2.30192615512101e-09,"Upregulated"
"PRSS42P",1.60088120088826,2.32664723549943e-09,"Upregulated"
"CEND1",1.31516971967245,2.32899484693902e-09,"Upregulated"
"ASMTL-AS1",1.23062043083416,2.33097798028964e-09,"Upregulated"
"KCNH4",1.16156642159107,2.35359588581838e-09,"Upregulated"
"TMLHE-AS1",2.12848016078328,2.35368420990509e-09,"Upregulated"
"AP003174.1",2.97100337420198,2.38150887119473e-09,"Upregulated"
"AL021707.4",1.14802484337277,2.38326545744459e-09,"Upregulated"
"AIRE",1.68637509755792,2.38719950050731e-09,"Upregulated"
"HLF",-1.37587376034174,2.39423210758455e-09,"Downregulated"
"LINC02672",4.29814548341182,2.39423210758455e-09,"Upregulated"
"AOX2P",2.47298926825251,2.39815231485598e-09,"Upregulated"
"AC087239.1",1.206015856648,2.3983717831784e-09,"Upregulated"
"DEFA4",-2.68787298282793,2.40339604920282e-09,"Downregulated"
"AC004825.3",2.02248271900753,2.40407744651842e-09,"Upregulated"
"AC009533.2",2.1661327190041,2.4180772606395e-09,"Upregulated"
"Metazoa_SRP",1.59148020006823,2.4269770575231e-09,"Upregulated"
"AC005532.1",1.39574520330646,2.44351026828652e-09,"Upregulated"
"AHSP",-1.8509235693646,2.45366197650216e-09,"Downregulated"
"AC009731.1",3.15398115610432,2.46941872198458e-09,"Upregulated"
"AC012354.2",3.05967687774996,2.483838064872e-09,"Upregulated"
"AC011445.1",1.41438249559901,2.5030909450621e-09,"Upregulated"
"HCAR3",-1.2950836637941,2.50366629488281e-09,"Downregulated"
"AL031708.1",1.21944406006475,2.50666293231706e-09,"Upregulated"
"SPDYE16",-1.43515805465456,2.51060224235308e-09,"Downregulated"
"KRT8P36",1.11945110902321,2.51462461005528e-09,"Upregulated"
"AC027514.1",2.54759495859658,2.51486850785536e-09,"Upregulated"
"AL356273.3",-1.03027109217456,2.51827796272487e-09,"Downregulated"
"UFL1-AS1",1.63371799684163,2.52919089806466e-09,"Upregulated"
"DPP4",1.27845138720634,2.53540866995249e-09,"Upregulated"
"ISX",3.88869571255584,2.53931643424775e-09,"Upregulated"
"AL450338.2",2.64055683226153,2.545602882632e-09,"Upregulated"
"SCN5A",1.4963951091009,2.54826891959744e-09,"Upregulated"
"LINC02068",1.55582300812976,2.5488661412073e-09,"Upregulated"
"AC022336.3",2.38330404321184,2.54942847507237e-09,"Upregulated"
"Z86062.1",2.78323160666036,2.5509182457564e-09,"Upregulated"
"AC125611.4",-1.62485432424548,2.55628534441451e-09,"Downregulated"
"SNORA75",2.64373829536126,2.57574525332074e-09,"Upregulated"
"NASPP1",1.44802084639741,2.58274834514982e-09,"Upregulated"
"POLR3GP1",2.2339858785975,2.58715888334216e-09,"Upregulated"
"AC015813.4",2.2508187962241,2.60595296447937e-09,"Upregulated"
"C11orf72",1.54910491291282,2.6120556297372e-09,"Upregulated"
"MROH2A",2.23873382179797,2.63572062139514e-09,"Upregulated"
"AL359851.1",3.27970925114669,2.64751927667714e-09,"Upregulated"
"C1orf158",-2.26249643543527,2.64992137863372e-09,"Downregulated"
"AL355994.2",2.49902866361712,2.66552379569863e-09,"Upregulated"
"PTRH1",-1.00290348235502,2.66706092617898e-09,"Downregulated"
"CEL",1.52615062527378,2.68016568204831e-09,"Upregulated"
"AC008406.3",2.53495031316632,2.68436355007132e-09,"Upregulated"
"AC123023.1",-2.08894802030214,2.72498069660704e-09,"Downregulated"
"PLUT",4.00608152713255,2.73673408307876e-09,"Upregulated"
"AL354714.4",-2.3007727844252,2.73730133635867e-09,"Downregulated"
"AL034422.1",1.72752010254637,2.73900090774573e-09,"Upregulated"
"BNIP3P17",1.74224631138734,2.74438480771726e-09,"Upregulated"
"AL157888.1",1.1980548966985,2.76181670681888e-09,"Upregulated"
"TNNT3",-1.63037508461359,2.77253917030994e-09,"Downregulated"
"AC005796.1",2.77582022495593,2.79442111300614e-09,"Upregulated"
"AL592148.1",1.88863881656974,2.8009383497799e-09,"Upregulated"
"BX276092.9",3.64765929199199,2.85116787573382e-09,"Upregulated"
"SLC35F4",2.41336709904467,2.90493584162267e-09,"Upregulated"
"AL080276.2",1.36127744126108,2.90731452720762e-09,"Upregulated"
"RFX6",3.50967537760869,2.90792156773469e-09,"Upregulated"
"RNU4ATAC",2.58579278279168,2.91467416308253e-09,"Upregulated"
"AANAT",1.2475043174053,2.93477087435303e-09,"Upregulated"
"LRFN2",2.32755675151488,2.93792724315371e-09,"Upregulated"
"AC117503.2",1.25356532357876,2.9710753375573e-09,"Upregulated"
"SNX2P1",2.43713904861965,2.99241814508188e-09,"Upregulated"
"SULT1C2P1",1.89369989365223,3.00477066361005e-09,"Upregulated"
"LINC01347",1.25118806311985,3.00627636349423e-09,"Upregulated"
"AC007881.3",1.39813912918174,3.01576416411243e-09,"Upregulated"
"AC087473.1",2.45030317311048,3.02034945101842e-09,"Upregulated"
"FOXD1",2.17304637990695,3.02505771141208e-09,"Upregulated"
"AC007494.1",3.11157085847602,3.02842707597311e-09,"Upregulated"
"ART1",-1.73698281870367,3.03462110201359e-09,"Downregulated"
"AC016995.1",1.81599918271349,3.03795082480693e-09,"Upregulated"
"AP000619.1",2.97624511673622,3.05701705167757e-09,"Upregulated"
"AL356804.1",1.73491323334006,3.06698748906466e-09,"Upregulated"
"LINC02476",5.5165738110704,3.08828894647038e-09,"Upregulated"
"RN7SL219P",2.76420135966533,3.16674325548157e-09,"Upregulated"
"AC073149.1",-1.55040315650401,3.18270178826489e-09,"Downregulated"
"AC107032.3",1.49301340825954,3.19654496994701e-09,"Upregulated"
"RNVU1-7",3.24680163012032,3.20676011876266e-09,"Upregulated"
"AKAP14",-2.06023424389097,3.20771416339266e-09,"Downregulated"
"BNIP3P27",1.93329658343643,3.20914573941367e-09,"Upregulated"
"ZC3H11A",1.4443195541671,3.21638159035653e-09,"Upregulated"
"TWIST2",-1.03717192747819,3.22436386630273e-09,"Downregulated"
"AC022217.1",-1.38268350771134,3.23778179055281e-09,"Downregulated"
"AL136115.2",1.65588022063235,3.24702470466462e-09,"Upregulated"
"ACTL10",1.28497661886131,3.25561149300913e-09,"Upregulated"
"PCSK6",1.03418553817152,3.28427707748833e-09,"Upregulated"
"CD177",1.9440699208362,3.30095894748769e-09,"Upregulated"
"PDE1C",-1.35714450273341,3.32565672557112e-09,"Downregulated"
"LDHAP7",1.40424961207176,3.35634617762267e-09,"Upregulated"
"TMEM255A",-1.123782877801,3.36037746380346e-09,"Downregulated"
"AC007342.8",1.0938396280291,3.36615105088149e-09,"Upregulated"
"GPR18",1.29262850839343,3.47022412788791e-09,"Upregulated"
"AC137894.1",1.46101091791709,3.48112774237286e-09,"Upregulated"
"NRBF2P5",1.38276968253922,3.51956475844567e-09,"Upregulated"
"SLC26A4",1.76045083638734,3.55691141386625e-09,"Upregulated"
"AC091390.1",1.50312562141783,3.56013114961095e-09,"Upregulated"
"AC024267.5",2.07663592235323,3.57301263271267e-09,"Upregulated"
"AP4B1-AS1",1.08089028745026,3.57815970941137e-09,"Upregulated"
"AC007552.2",1.44752338363674,3.58448495317558e-09,"Upregulated"
"TMEM236",-1.13711183842344,3.60446001653171e-09,"Downregulated"
"LINC01185",1.56472606320683,3.60789846435311e-09,"Upregulated"
"AC073283.2",1.61407901739565,3.61353019688653e-09,"Upregulated"
"AC003681.1",1.23157485591498,3.6320638379101e-09,"Upregulated"
"AC104984.2",2.86997480647548,3.63728889449679e-09,"Upregulated"
"AL162411.1",2.17737532255921,3.63945418916873e-09,"Upregulated"
"SPEF1",-1.44016866666282,3.64741475114483e-09,"Downregulated"
"WNT10B",1.16565773082703,3.64963869710886e-09,"Upregulated"
"RAX",3.45176764943277,3.65246801800038e-09,"Upregulated"
"AL356495.1",-1.07280209496877,3.67046095009936e-09,"Downregulated"
"ENHO",-1.49011257791763,3.70031071275895e-09,"Downregulated"
"AC015813.1",1.03036458463601,3.71603801888015e-09,"Upregulated"
"PEG3",-1.25916757502617,3.71851175396175e-09,"Downregulated"
"SAP30L-AS1",1.10243266712153,3.73886938491783e-09,"Upregulated"
"LINC02037",3.12736459510307,3.8323002323397e-09,"Upregulated"
"AL157770.1",-1.44135792819066,3.84198876479068e-09,"Downregulated"
"AL590282.2",2.12653571477826,3.85832047652705e-09,"Upregulated"
"AP001001.1",1.28707769580928,3.89081611177574e-09,"Upregulated"
"MET",1.27425525389758,3.90700398740962e-09,"Upregulated"
"CLEC4D",-1.21458461983474,3.91355666328246e-09,"Downregulated"
"RNU6-1209P",2.29892503874595,3.91394209209993e-09,"Upregulated"
"AC069542.1",2.37090454378963,3.91680494285765e-09,"Upregulated"
"ARG1",-1.23724637815411,3.91962321339441e-09,"Downregulated"
"IGLV3-30",2.54883174717839,3.92472341440124e-09,"Upregulated"
"P4HA2-AS1",-1.3311612449086,3.9283163842126e-09,"Downregulated"
"KU-MEL-3",2.44210989732904,3.92866986490157e-09,"Upregulated"
"HCAR2",-1.35193976160491,3.93867424447685e-09,"Downregulated"
"PSG3",4.45673749561131,3.95734287548824e-09,"Upregulated"
"OR7E91P",1.9502986553543,3.95908669876614e-09,"Upregulated"
"AC022167.4",1.94384232585436,3.9608791409647e-09,"Upregulated"
"CPLX1",1.10643825570799,3.9731018785397e-09,"Upregulated"
"AL590009.1",1.84321039586695,3.97409455457677e-09,"Upregulated"
"MMP16",1.21200208950093,3.97609360575504e-09,"Upregulated"
"PAIP1P1",1.01228934180139,3.97999571301772e-09,"Upregulated"
"FOXQ1",1.45891675688701,3.99340730974895e-09,"Upregulated"
"LINC01556",1.60922146850083,4.01625092711805e-09,"Upregulated"
"DNAI2",-1.97713842867994,4.01702665020233e-09,"Downregulated"
"KLHL10",-1.00154940131585,4.03446215155187e-09,"Downregulated"
"PKP2",1.41272170141489,4.08223799501719e-09,"Upregulated"
"PTPRK-AS1",2.76782233404391,4.11627965209579e-09,"Upregulated"
"H2AC18",2.47459967485486,4.13316896501896e-09,"Upregulated"
"CRH",-2.73645646553639,4.16158662401034e-09,"Downregulated"
"AC127024.4",1.02048956135574,4.16563007736075e-09,"Upregulated"
"EFR3B",-1.13135744741571,4.1667825578034e-09,"Downregulated"
"PABPC4-AS1",1.33720597714306,4.16692882948826e-09,"Upregulated"
"AC004832.4",1.98550561932839,4.1951365952375e-09,"Upregulated"
"AC131971.1",1.78731653341223,4.1976419637649e-09,"Upregulated"
"ATP1A3",1.59435465383102,4.20013962352495e-09,"Upregulated"
"AL161729.2",2.96205552613732,4.21064297037122e-09,"Upregulated"
"MSX1",-1.01857764214074,4.23540798784635e-09,"Downregulated"
"PRH2",1.4906050317548,4.29203340593683e-09,"Upregulated"
"LINC02814",1.6044800520865,4.29845357418184e-09,"Upregulated"
"AC073862.2",-1.60303158758987,4.3356609529386e-09,"Downregulated"
"TH",2.20316005334117,4.33870864971031e-09,"Upregulated"
"MAGEL2",1.11656792855427,4.37795517286019e-09,"Upregulated"
"MYO3B-AS1",2.95404863311066,4.3807813423884e-09,"Upregulated"
"RNU6-1099P",1.68007268036401,4.39322995536566e-09,"Upregulated"
"AP000845.1",1.02536602649452,4.39526313357458e-09,"Upregulated"
"PCDHGB9P",1.47476001746267,4.41762428528566e-09,"Upregulated"
"GTF2H4",1.18168357110457,4.42966858682771e-09,"Upregulated"
"MTAPP2",-1.82392397025493,4.43150981775759e-09,"Downregulated"
"SPATA46",1.30349595564701,4.45396415112055e-09,"Upregulated"
"AC011330.2",1.0584577129386,4.50246573067003e-09,"Upregulated"
"TSHB",-1.75700229342202,4.51164682788998e-09,"Downregulated"
"AL109914.1",2.31012584274927,4.54454820194577e-09,"Upregulated"
"GAPDHP60",1.35772454203164,4.55176873664012e-09,"Upregulated"
"AC091849.1",1.22354317902047,4.55702334522763e-09,"Upregulated"
"NELL2",-1.139026597648,4.58527711399961e-09,"Downregulated"
"ESYT3",-1.08555227717349,4.59717972344799e-09,"Downregulated"
"SNORD63",-3.36727877084639,4.60710543806965e-09,"Downregulated"
"AC068669.1",1.36819135095245,4.61571286922223e-09,"Upregulated"
"AC090515.4",2.08003149389734,4.61838989044333e-09,"Upregulated"
"INTS4P1",1.24801855942313,4.63128968988848e-09,"Upregulated"
"AC005288.1",1.62410297571619,4.63465653682733e-09,"Upregulated"
"AC107068.2",3.1158985804528,4.64235535341101e-09,"Upregulated"
"SMC2-AS1",-1.25244800346829,4.64403109403175e-09,"Downregulated"
"AL391807.1",-1.51153418605648,4.64823348902417e-09,"Downregulated"
"HADHAP1",1.7550054437088,4.69077696139863e-09,"Upregulated"
"PVALB",-1.31674987131482,4.69419616221685e-09,"Downregulated"
"AC025244.1",3.70444057903182,4.7059447907044e-09,"Upregulated"
"ADGRF5",-1.10750296541424,4.70976170913916e-09,"Downregulated"
"TMBIM7P",2.23735476063487,4.73999244042536e-09,"Upregulated"
"LSP1P4",1.12956940203784,4.77834398285007e-09,"Upregulated"
"RPL23AP23",3.5860359596322,4.78559513051905e-09,"Upregulated"
"ABCA9-AS1",2.95002050741259,4.78840763586055e-09,"Upregulated"
"RAMACL",1.46479631685507,4.79088399738767e-09,"Upregulated"
"UGT3A1",4.3260510524001,4.83298628048011e-09,"Upregulated"
"AC025171.5",1.03509052235018,4.84652514564702e-09,"Upregulated"
"AC092720.3",1.1298456746199,4.86933308941066e-09,"Upregulated"
"AC106799.1",3.58198266556855,4.87705907237864e-09,"Upregulated"
"DRGX",2.19595810927159,4.88934489444527e-09,"Upregulated"
"AC093840.1",1.67895922943716,4.90708819390025e-09,"Upregulated"
"SNORD6",1.07007320224843,4.9081692003968e-09,"Upregulated"
"MS4A3",-1.847120954545,4.96685919247395e-09,"Downregulated"
"AJ239328.1",1.57339980651992,4.98219033380676e-09,"Upregulated"
"GDAP1L1",1.88602847033495,4.9867951556106e-09,"Upregulated"
"PHOX2B",4.56940707440554,4.99037208241596e-09,"Upregulated"
"SNORA22C",3.4557862823978,5.00071549287268e-09,"Upregulated"
"AC020658.6",1.76812113167524,5.00218580094398e-09,"Upregulated"
"HACD1",-1.07626744777017,5.01199521387122e-09,"Downregulated"
"AC020658.4",2.12256295925722,5.01745262990023e-09,"Upregulated"
"TMEM78",2.10751444663898,5.02086316924418e-09,"Upregulated"
"CWH43",-2.2922043367967,5.03929624858385e-09,"Downregulated"
"DYRK3-AS1",1.17432617124052,5.05350179001665e-09,"Upregulated"
"LINC01133",2.06998598199433,5.06686899089719e-09,"Upregulated"
"PCDHGB8P",1.76355235093295,5.11388831958229e-09,"Upregulated"
"AL121652.1",2.37521383575233,5.11920640245426e-09,"Upregulated"
"CCDC151",-1.33174362114967,5.12006915867717e-09,"Downregulated"
"RPL23AP3",1.43649524184525,5.13260438269241e-09,"Upregulated"
"AC005740.4",-1.02650605532683,5.13260438269241e-09,"Downregulated"
"SNED1-AS1",1.73593235352695,5.15153697705815e-09,"Upregulated"
"AC117453.1",-1.36855892935565,5.16526941142374e-09,"Downregulated"
"LINC01513",-1.94368667282519,5.18080444164689e-09,"Downregulated"
"FABP12",-2.38433317957507,5.18175134366399e-09,"Downregulated"
"AC124290.1",3.66365154503236,5.18428997527887e-09,"Upregulated"
"RNU6-1042P",2.86892903577578,5.19869369539246e-09,"Upregulated"
"SLC45A2",1.66577992728956,5.20797545686412e-09,"Upregulated"
"AC113139.1",1.28474647694452,5.2243726430087e-09,"Upregulated"
"AL021154.1",1.42301492622483,5.2385531368276e-09,"Upregulated"
"AC135782.3",1.45094380543071,5.24030078853654e-09,"Upregulated"
"RNU6ATAC",3.33646633992502,5.2566777637656e-09,"Upregulated"
"POU1F1",-1.24932930564794,5.25784672918929e-09,"Downregulated"
"IGKV2-18",2.04906028399255,5.25784672918929e-09,"Upregulated"
"SERBP1P6",-1.26133386309478,5.32144723826344e-09,"Downregulated"
"GRIK5",1.56091734540708,5.35731511527236e-09,"Upregulated"
"ARMC4",-1.5999503021779,5.38802632781447e-09,"Downregulated"
"AC020663.3",1.36646146580295,5.42013713716094e-09,"Upregulated"
"TEX101",2.54485369560311,5.44196522767708e-09,"Upregulated"
"DPYSL4",1.22620543454003,5.46731662511723e-09,"Upregulated"
"AC018695.6",1.74693566303192,5.46889084778094e-09,"Upregulated"
"STOML3",-2.0649135673014,5.47656522314637e-09,"Downregulated"
"VN1R20P",-1.37452287002515,5.50095856302775e-09,"Downregulated"
"PSMC1P11",2.42816085213641,5.50394192408701e-09,"Upregulated"
"LINC00639",-1.17768792650354,5.53235057301816e-09,"Downregulated"
"AL355864.2",1.71416333728807,5.58548870415814e-09,"Upregulated"
"PABPN1P1",1.2919041814002,5.59336468715867e-09,"Upregulated"
"FOXCUT",1.64785880772063,5.59420351381949e-09,"Upregulated"
"AC021127.1",1.77997074234613,5.64668410721715e-09,"Upregulated"
"HNRNPA1P59",1.17801381497201,5.66354425240592e-09,"Upregulated"
"FOXG1",3.93271373998345,5.67314128651655e-09,"Upregulated"
"LINC02471",-1.97652716989079,5.67314128651655e-09,"Downregulated"
"LINC02532",1.95775878487234,5.67314128651655e-09,"Upregulated"
"AC013267.1",2.13505103023781,5.72041413231923e-09,"Upregulated"
"AP001596.2",-1.74704968044536,5.75320703897684e-09,"Downregulated"
"LINC01344",1.90815776151794,5.78352454115274e-09,"Upregulated"
"AC103703.1",2.21011774847361,5.78442103471598e-09,"Upregulated"
"KIF25",1.24903560488393,5.81458080988922e-09,"Upregulated"
"SNORA65",1.12922705453872,5.82995400133622e-09,"Upregulated"
"AC122694.1",3.18991923344401,5.82995400133622e-09,"Upregulated"
"KRT18P25",1.33019690960736,5.84645841455111e-09,"Upregulated"
"PRNCR1",2.00102564445716,5.87441382093275e-09,"Upregulated"
"OSTCP8",3.0866214329247,5.88501262753032e-09,"Upregulated"
"PPY2P",3.58640321960892,5.90279079917878e-09,"Upregulated"
"AC104031.1",1.75510673406691,5.96877380776341e-09,"Upregulated"
"RNU6ATAC40P",-1.8292076408056,5.9893223327605e-09,"Downregulated"
"AL356489.2",-1.3727692514987,6.0480590268972e-09,"Downregulated"
"HSPD1P5",1.68298377267128,6.076701254044e-09,"Upregulated"
"MIR4537",2.09407452870496,6.11081758733727e-09,"Upregulated"
"GAPDHP62",1.96744427406783,6.14626590539844e-09,"Upregulated"
"NT5DC4",1.53882826521951,6.17221900090673e-09,"Upregulated"
"TAC3",2.43916499079725,6.17521087541491e-09,"Upregulated"
"AC068707.1",1.45177078100855,6.23627832281801e-09,"Upregulated"
"AC007610.4",1.4809493257196,6.26049893659269e-09,"Upregulated"
"LINC00518",3.30337609556983,6.32317787744978e-09,"Upregulated"
"AC022973.5",1.09647654950817,6.34091636547629e-09,"Upregulated"
"PHF2P2",3.83197362250291,6.36348083587377e-09,"Upregulated"
"AC090809.1",4.85917730947113,6.36375145502294e-09,"Upregulated"
"RNU5E-8P",-3.46949594475637,6.39638931901304e-09,"Downregulated"
"ALOX15P1",1.09682389123676,6.50633577267211e-09,"Upregulated"
"AC097065.1",2.25586651209386,6.56236994427725e-09,"Upregulated"
"GTF2IP14",1.06805260234751,6.56266858230771e-09,"Upregulated"
"AL590723.1",1.23350571644317,6.58555649008956e-09,"Upregulated"
"KCNMB2",-1.42913540224976,6.59021472254257e-09,"Downregulated"
"BNIP3P5",-1.1163628492035,6.59182833031943e-09,"Downregulated"
"AL133325.3",3.84594535235374,6.61308356841609e-09,"Upregulated"
"UGT2B28",3.60838124756212,6.70234197985799e-09,"Upregulated"
"KNG1",2.60474731709838,6.72488142955393e-09,"Upregulated"
"IGHV2OR16-5",2.63994628382296,6.75098341805882e-09,"Upregulated"
"AC139493.2",1.98553580658058,6.77090582590479e-09,"Upregulated"
"AL590729.1",1.33961875528046,6.82241782847894e-09,"Upregulated"
"AC009171.2",1.03031025882233,6.82306940371304e-09,"Upregulated"
"RPL37P1",2.0875404819335,6.83942827495741e-09,"Upregulated"
"PHBP12",1.8014293594875,6.8565481982292e-09,"Upregulated"
"AC093909.4",-2.28288256782195,6.90202223222697e-09,"Downregulated"
"AC004893.2",1.25749018065355,6.93307126632544e-09,"Upregulated"
"OASL",-1.05052143660929,6.94085765230078e-09,"Downregulated"
"AC015983.1",2.35636208019028,6.95735295891649e-09,"Upregulated"
"AC116362.1",2.4316314439049,7.0140703194775e-09,"Upregulated"
"AL606534.4",1.68476762407199,7.02763351961991e-09,"Upregulated"
"AC007391.2",1.97769538486271,7.06902080650256e-09,"Upregulated"
"AC104561.1",1.40906908649069,7.09117179303305e-09,"Upregulated"
"PPIAP51",1.99447813349665,7.16911786256375e-09,"Upregulated"
"CFAP97D2",-2.10322922339249,7.19914771663278e-09,"Downregulated"
"ODCP",1.41848629387908,7.20568938730885e-09,"Upregulated"
"SEMA3D",-1.19850258772131,7.22770398188035e-09,"Downregulated"
"AL161618.1",-2.3804499767994,7.22918437063221e-09,"Downregulated"
"ITGA10",-1.04385406813066,7.23523462767814e-09,"Downregulated"
"AL138921.1",1.00339409219821,7.24166952402325e-09,"Upregulated"
"AL390728.3",1.32642618501883,7.27641498009284e-09,"Upregulated"
"AC091212.1",2.32340881873275,7.29057259850222e-09,"Upregulated"
"LINC02433",2.96926354084743,7.33604527972264e-09,"Upregulated"
"SPINT4",3.22965641437171,7.34212872325572e-09,"Upregulated"
"AC012447.1",1.55834573314445,7.35696973145213e-09,"Upregulated"
"LINC01798",-1.17833776568369,7.36205978380281e-09,"Downregulated"
"Z99289.2",2.32771639013793,7.39377604071894e-09,"Upregulated"
"CCL16",-1.30856821404459,7.42671857220245e-09,"Downregulated"
"SCARNA7",2.44454993768328,7.43386067787435e-09,"Upregulated"
"AC104958.1",1.98697463397839,7.49842581981875e-09,"Upregulated"
"AP002856.3",-3.70716719764365,7.52041787316909e-09,"Downregulated"
"FAM96AP2",1.37844382378749,7.53723446531708e-09,"Upregulated"
"HHLA2",2.23876662798938,7.58658290965333e-09,"Upregulated"
"AP000428.2",-2.27026804729733,7.59252862327979e-09,"Downregulated"
"SDK1",1.14262750602087,7.61852992321512e-09,"Upregulated"
"AC016924.1",-1.39884096057605,7.62647792856732e-09,"Downregulated"
"SPIN2A",1.4021118178915,7.63088616502997e-09,"Upregulated"
"BTF3P12",2.75493038518785,7.65553751682636e-09,"Upregulated"
"AC084026.1",2.69776018577513,7.65553751682636e-09,"Upregulated"
"TBC1D29P",1.69668006653998,7.68332962491096e-09,"Upregulated"
"SPA17P1",-1.36925474268443,7.77610811593381e-09,"Downregulated"
"AC243972.1",2.22736341585326,7.78408604804005e-09,"Upregulated"
"AC134407.3",1.43946610218033,7.78424229641532e-09,"Upregulated"
"POU6F2-AS1",3.27824337079248,7.90169215195605e-09,"Upregulated"
"PKD2L1",-1.19265244203991,7.90377047159134e-09,"Downregulated"
"CTRB2",-1.43444081583358,7.92437214826514e-09,"Downregulated"
"SLITRK1",4.13802078448282,7.94651597604011e-09,"Upregulated"
"FCAMR",1.56448076975211,7.94876743789068e-09,"Upregulated"
"TMIE",-1.01737377491058,7.9638749527335e-09,"Downregulated"
"MRPL15P1",2.53461349943822,8.00922822087789e-09,"Upregulated"
"AL096794.1",1.17512196645739,8.01951730897339e-09,"Upregulated"
"SLC12A5-AS1",1.67027674425802,8.02701611174955e-09,"Upregulated"
"AL357079.2",1.52537094534169,8.04949925588983e-09,"Upregulated"
"Y_RNA",1.95174148635037,8.10578173750128e-09,"Upregulated"
"AC116036.2",1.19088753035669,8.11853980301375e-09,"Upregulated"
"AC002310.3",1.72296342277357,8.15181168073948e-09,"Upregulated"
"OR10A6",-2.26062163141287,8.21646989946587e-09,"Downregulated"
"AC010980.1",1.30858336834532,8.23018965674106e-09,"Upregulated"
"RSPH14",-1.47676870602362,8.30913647440801e-09,"Downregulated"
"MAGED4B",2.37162945788421,8.37883371994063e-09,"Upregulated"
"AC098798.1",3.60920209713659,8.37919697245098e-09,"Upregulated"
"TULP3P1",-1.64679343518714,8.39778059497982e-09,"Downregulated"
"AC021087.5",1.08139887466266,8.41858644926987e-09,"Upregulated"
"SLC25A32",1.26840155161432,8.47553501031634e-09,"Upregulated"
"AL021918.4",1.70693866077012,8.49478645685517e-09,"Upregulated"
"HSPA6",1.14321512323688,8.49562919783864e-09,"Upregulated"
"GNL3LP1",1.48133262787982,8.49618737643753e-09,"Upregulated"
"AC104763.1",1.58615439641058,8.5176026534881e-09,"Upregulated"
"AC009084.2",1.1914072030084,8.51861204947875e-09,"Upregulated"
"IPCEF1",1.19396331603991,8.58327746596587e-09,"Upregulated"
"LINC01915",-1.14139738375067,8.60382998695335e-09,"Downregulated"
"AC019193.3",-1.53319000928022,8.60628907343592e-09,"Downregulated"
"ADGB",-2.01602617882929,8.61968442193899e-09,"Downregulated"
"AP003721.1",1.57060556262038,8.63259268097537e-09,"Upregulated"
"RN7SL263P",1.59772940020626,8.64060499271788e-09,"Upregulated"
"GCNT4",-1.10398995289671,8.68415131809538e-09,"Downregulated"
"AL136987.1",2.86673397949996,8.7178043335961e-09,"Upregulated"
"PCDHB17P",1.70850102625755,8.75329447205526e-09,"Upregulated"
"AC005090.1",4.54523777031491,8.78272144037348e-09,"Upregulated"
"AL032819.1",2.01958284334833,8.79749140666137e-09,"Upregulated"
"LPA",-1.91157093305315,8.80450192259995e-09,"Downregulated"
"AL160314.2",1.03717845048508,8.80450192259995e-09,"Upregulated"
"AC008780.1",2.86400004073958,8.83127860276883e-09,"Upregulated"
"AC022497.1",-1.1981400986351,8.8410263248747e-09,"Downregulated"
"AC093838.2",2.17232806480704,8.86776230793754e-09,"Upregulated"
"AC122718.1",-1.23185707522609,8.86868073187977e-09,"Downregulated"
"STARD13-AS",-1.5753845854579,8.88348260229576e-09,"Downregulated"
"AC027601.4",1.28062054099428,8.90183630478447e-09,"Upregulated"
"LINC01397",2.12950144357265,8.9455406425543e-09,"Upregulated"
"AL121762.2",2.47788723154746,8.99779924183638e-09,"Upregulated"
"BMP15",-2.28548352261782,9.01442714259934e-09,"Downregulated"
"ENO4",-1.21541019606126,9.1209295093851e-09,"Downregulated"
"OR2W6P",2.475373440492,9.124940181577e-09,"Upregulated"
"CROCCP5",1.96422643507543,9.13876458657123e-09,"Upregulated"
"PPM1N",1.07494893226738,9.15365274726522e-09,"Upregulated"
"IGFBP1",2.39234681784893,9.23711719706861e-09,"Upregulated"
"AC004687.2",1.09329423271366,9.24732291496262e-09,"Upregulated"
"SDS",1.12398665669832,9.26136262377232e-09,"Upregulated"
"CYP2T1P",1.25060597186986,9.32090987428777e-09,"Upregulated"
"AC107021.2",1.18640745516929,9.35657804528764e-09,"Upregulated"
"AC005730.3",1.66981375666648,9.3737891985273e-09,"Upregulated"
"AC091043.1",3.04849109292014,9.38920303464199e-09,"Upregulated"
"AC006398.1",3.92633303399437,9.40586551863768e-09,"Upregulated"
"UBTFL8",2.60277748185168,9.42857339839596e-09,"Upregulated"
"MKRN9P",3.09493174508949,9.44254136724202e-09,"Upregulated"
"CHRDL2",1.37718765314067,9.47264846724336e-09,"Upregulated"
"LINC02100",1.4204646782594,9.47309385360078e-09,"Upregulated"
"USP2",-1.02964597348212,9.491033778657e-09,"Downregulated"
"ALDOB",1.66740088843557,9.53732843909168e-09,"Upregulated"
"AL589182.3",2.59714998620456,9.54197673824237e-09,"Upregulated"
"ANGPTL4",1.40717326162593,9.54882842596726e-09,"Upregulated"
"LINC02842",2.65883654490505,9.57841972201121e-09,"Upregulated"
"AL356274.1",3.51978931006097,9.58507506666496e-09,"Upregulated"
"AL732437.2",2.48404839099898,9.60341060640885e-09,"Upregulated"
"RPS15AP30",2.21124693264136,9.60860665311477e-09,"Upregulated"
"AC012354.7",2.92789308532252,9.64108782305405e-09,"Upregulated"
"MAGED4",2.58041612691622,9.6671352043286e-09,"Upregulated"
"RN7SL12P",2.42997604318647,9.67461847028796e-09,"Upregulated"
"AC244250.4",2.43361437125183,9.73151393826809e-09,"Upregulated"
"SNORA66",1.15899071032194,9.74186340524811e-09,"Upregulated"
"RNU6-282P",1.91594917569726,9.74686089743005e-09,"Upregulated"
"CLDN11",-1.24812876276339,9.81902479348479e-09,"Downregulated"
"CFAP57",-1.36283743157192,9.85749030017345e-09,"Downregulated"
"CA12",1.58965371425093,9.86461119058421e-09,"Upregulated"
"SNORD9",2.32084274618063,9.86950210925631e-09,"Upregulated"
"RPL7P57",1.58137394040922,1.00018006109179e-08,"Upregulated"
"UNC13C",1.71372020638628,1.00435415232187e-08,"Upregulated"
"AC010205.1",-1.7851634474423,1.00690749410448e-08,"Downregulated"
"RN7SL648P",2.91172126914499,1.00753358595395e-08,"Upregulated"
"MT1A",-1.78205267480951,1.0083324055643e-08,"Downregulated"
"FOXP4-AS1",1.11544768118229,1.01210076328592e-08,"Upregulated"
"SPANXA2-OT1",1.50057380119793,1.01257399521531e-08,"Upregulated"
"CFAP91",-1.39869215484497,1.01817662889721e-08,"Downregulated"
"AC138466.1",1.76682405331282,1.01891626308871e-08,"Upregulated"
"AC069228.1",3.37651494012065,1.02419971975881e-08,"Upregulated"
"CORT",1.12359812112316,1.02759537811117e-08,"Upregulated"
"SLC51B",-1.38689997154141,1.02842609432915e-08,"Downregulated"
"SHC1P2",1.69606621297772,1.02888520010108e-08,"Upregulated"
"AC103809.1",-1.66312294309626,1.03035356148994e-08,"Downregulated"
"CEACAM8",-2.13978440627584,1.03090617364488e-08,"Downregulated"
"STEAP3-AS1",1.2259954030686,1.03225935932689e-08,"Upregulated"
"AC127024.2",1.41625556211206,1.04107820554362e-08,"Upregulated"
"MOV10L1",1.25264244352102,1.04155707656055e-08,"Upregulated"
"STK16P1",2.02955139913462,1.04260715035038e-08,"Upregulated"
"AC016245.2",2.58568427960641,1.04318113389344e-08,"Upregulated"
"RNU4-47P",-1.03391391535709,1.04363389785831e-08,"Downregulated"
"PRDX2P4",2.47291973744466,1.0467390717762e-08,"Upregulated"
"AC091390.2",1.14593916765144,1.05164089357773e-08,"Upregulated"
"SEC11C",1.03758621778528,1.05284072645215e-08,"Upregulated"
"AC084864.2",2.16074128772905,1.05305974040242e-08,"Upregulated"
"AC096536.1",1.81868099775016,1.05442060503701e-08,"Upregulated"
"CNTN2",1.67548801289648,1.0551544648928e-08,"Upregulated"
"FHAD1",-1.1183576988829,1.0744355832083e-08,"Downregulated"
"PRLR",1.57132154324963,1.07581714244255e-08,"Upregulated"
"ECT2L",-1.59871311016072,1.08382712594739e-08,"Downregulated"
"NOTO",2.63843642156544,1.0887029869062e-08,"Upregulated"
"AC114488.1",1.35072785388248,1.0895180207147e-08,"Upregulated"
"FAAHP1",1.07391328763236,1.09011679411607e-08,"Upregulated"
"CKS1BP3",2.27166608900233,1.09011679411607e-08,"Upregulated"
"AC124283.5",1.40893592303261,1.09692651366672e-08,"Upregulated"
"LINC00670",-1.66714820553252,1.10057986872305e-08,"Downregulated"
"LINC02126",-1.107557803813,1.10077438818825e-08,"Downregulated"
"AL359955.1",3.87138399070841,1.10387803516899e-08,"Upregulated"
"SCARNA3",4.03610872831862,1.10806258968109e-08,"Upregulated"
"CD70",1.21800832905966,1.10986732536213e-08,"Upregulated"
"C20orf85",-2.24986237770018,1.11576143654766e-08,"Downregulated"
"NPAS2-AS1",1.99341773051066,1.11620927614935e-08,"Upregulated"
"AC008268.1",-2.16878688923825,1.13873543660947e-08,"Downregulated"
"AC022966.2",1.15536557004826,1.14337602279702e-08,"Upregulated"
"GJB1",1.72273815654509,1.14452902909557e-08,"Upregulated"
"AC211476.2",1.45829720964124,1.15540927670381e-08,"Upregulated"
"LENEP",1.82189373198383,1.15755683910025e-08,"Upregulated"
"AC006065.4",3.51700008994085,1.15861433440811e-08,"Upregulated"
"GPR37L1",1.1913398823965,1.15902896622831e-08,"Upregulated"
"AC008750.2",2.1846176298384,1.16473397749008e-08,"Upregulated"
"CR381653.2",-1.43899359850728,1.16529113542433e-08,"Downregulated"
"PDCL2",3.21881423195366,1.16583067063444e-08,"Upregulated"
"IGKV2D-24",1.69540680491679,1.16939569731246e-08,"Upregulated"
"CBY3",1.41296282841068,1.16997737513527e-08,"Upregulated"
"ARL14EPP1",2.77643805134753,1.17112993865126e-08,"Upregulated"
"ERO1B",1.08526044775798,1.17131586328056e-08,"Upregulated"
"CBX3P9",1.24535987354336,1.18421526655469e-08,"Upregulated"
"GAPDHP2",1.02397200906175,1.18702618817957e-08,"Upregulated"
"AC007731.5",3.09565887411522,1.19508194291392e-08,"Upregulated"
"RFPL3",-1.45785177969558,1.19808634175776e-08,"Downregulated"
"GNRHR",1.52985140051164,1.19898215690216e-08,"Upregulated"
"POLR2J3",1.00760049794572,1.20615344443893e-08,"Upregulated"
"AC027796.1",1.61626116192158,1.2148112955596e-08,"Upregulated"
"AC023024.1",1.22459922530828,1.21608805387622e-08,"Upregulated"
"AL121956.7",-1.82497492024341,1.21642343455125e-08,"Downregulated"
"AC140168.1",3.74724192983866,1.21693986403897e-08,"Upregulated"
"MAS1L",-1.89812404399423,1.22486418021871e-08,"Downregulated"
"ASCL2",1.29593653278156,1.22844635730709e-08,"Upregulated"
"AC061975.5",2.6478630364494,1.22880716059706e-08,"Upregulated"
"GAPDHP44",1.47170283453087,1.2348938535882e-08,"Upregulated"
"KRT8P45",1.09013250536623,1.23744156674414e-08,"Upregulated"
"GS1-279B7.1",2.69821761888534,1.23744156674414e-08,"Upregulated"
"AC040169.3",1.04484369487555,1.24687973321119e-08,"Upregulated"
"ACSM4",1.68617418347378,1.25221165185344e-08,"Upregulated"
"WASHC5-AS1",1.44684868662091,1.25431764249352e-08,"Upregulated"
"RNASEH2A",1.42915257720678,1.26381777585264e-08,"Upregulated"
"AC004863.1",1.40034959067488,1.26399903542906e-08,"Upregulated"
"AC106772.1",2.25289717939095,1.26624014401692e-08,"Upregulated"
"AL356750.1",1.38941580664437,1.26979084398168e-08,"Upregulated"
"FRMD6-AS1",1.0903152910934,1.27733493584374e-08,"Upregulated"
"PCDHB8",1.43850209891722,1.27838548108195e-08,"Upregulated"
"TMEM212",-2.1836157117857,1.28411230645697e-08,"Downregulated"
"LINC01341",1.191384237489,1.2848900261392e-08,"Upregulated"
"ZPBP2",2.77131786224615,1.29049915944604e-08,"Upregulated"
"AC106037.2",1.22176096135453,1.29789370223023e-08,"Upregulated"
"RN7SKP287",1.74998031882272,1.3023571502506e-08,"Upregulated"
"ARL6IP4",1.04037091484871,1.31138985719268e-08,"Upregulated"
"SSX1",5.34721629430249,1.31469866597862e-08,"Upregulated"
"LINC02525",4.05255982075475,1.31649054335668e-08,"Upregulated"
"HLA-DRB5",-1.13773945028613,1.31948008644736e-08,"Downregulated"
"AC048383.1",2.56804387089846,1.32600954720523e-08,"Upregulated"
"ZNF486",1.31084571784113,1.32688352784298e-08,"Upregulated"
"GP2",3.36322825167723,1.33238529266811e-08,"Upregulated"
"ZG16",2.19875864144453,1.33529660411738e-08,"Upregulated"
"IGKV2-4",1.84003647967268,1.34055710077484e-08,"Upregulated"
"AC090541.1",3.20219851612658,1.34112757916958e-08,"Upregulated"
"NKG7",-1.08565684742991,1.3419179596143e-08,"Downregulated"
"AC003965.1",1.02045608639094,1.34420122020972e-08,"Upregulated"
"RPL3P13",-1.53202319258378,1.35778165855746e-08,"Downregulated"
"AP005899.1",1.12400847411029,1.36307465466087e-08,"Upregulated"
"NLRP14",-1.13327817493096,1.36756439196465e-08,"Downregulated"
"AC023825.2",1.60544205593101,1.37981964363555e-08,"Upregulated"
"CALML3",3.46838571241489,1.39030582415086e-08,"Upregulated"
"CACNA2D1-AS1",4.30583425783726,1.39541378839973e-08,"Upregulated"
"AL355472.2",1.57012291718866,1.39831894051824e-08,"Upregulated"
"C18orf63",-2.03684982524848,1.40374672485798e-08,"Downregulated"
"AL031432.2",1.52294445339045,1.41551778690242e-08,"Upregulated"
"TCEAL6",-1.6347803779016,1.42542163851702e-08,"Downregulated"
"AC090739.1",1.28642647843192,1.43135880726781e-08,"Upregulated"
"PVRIG",1.34863249394626,1.43588740961611e-08,"Upregulated"
"AL136982.1",-1.60309650508652,1.44797340765248e-08,"Downregulated"
"MIR4728",2.02004927196272,1.4537762248247e-08,"Upregulated"
"AP000842.2",-2.12012988901889,1.46332900211151e-08,"Downregulated"
"HSPD1P11",1.78279063738318,1.46370007580662e-08,"Upregulated"
"Z94721.3",1.71718617428106,1.46567734340668e-08,"Upregulated"
"AC103957.1",2.47038995402001,1.47071973759574e-08,"Upregulated"
"PTPN2P1",2.50431936484743,1.48314717353502e-08,"Upregulated"
"AC007405.4",2.39409676966463,1.49181904465506e-08,"Upregulated"
"HSPE1P5",2.00894268882777,1.50119637970462e-08,"Upregulated"
"APOA1",-1.5776277485434,1.510949440983e-08,"Downregulated"
"OTX2",4.41576582063614,1.51345723405242e-08,"Upregulated"
"LINC02381",1.17491307148797,1.52593858267247e-08,"Upregulated"
"NRGN",-1.3011184498136,1.52855074715055e-08,"Downregulated"
"AC008040.1",1.43573521463022,1.53142841732848e-08,"Upregulated"
"AC018545.1",2.58099246943832,1.53184851608744e-08,"Upregulated"
"GLYATL1",2.08831995061463,1.53236479108194e-08,"Upregulated"
"SLC5A4-AS1",1.39408445744148,1.53240463036132e-08,"Upregulated"
"PSG4",4.27052430303525,1.53260050916205e-08,"Upregulated"
"H2AC10P",2.35254079422776,1.56065267983573e-08,"Upregulated"
"AC073333.1",1.36420097224945,1.56790470571247e-08,"Upregulated"
"PLCH2",1.23456837017825,1.57182251670053e-08,"Upregulated"
"SPDYE1",1.16053564139565,1.57264880714809e-08,"Upregulated"
"AL512283.2",2.59567824615938,1.57498105797438e-08,"Upregulated"
"CDKN2B-AS1",1.3690663743814,1.57720686575712e-08,"Upregulated"
"AC127035.1",2.65290600920653,1.59228225826921e-08,"Upregulated"
"SPRN",1.10134504437764,1.59863880032841e-08,"Upregulated"
"ARHGEF2-AS1",-1.68957692498919,1.60207060859099e-08,"Downregulated"
"AC244093.5",1.2859949645503,1.61147389658533e-08,"Upregulated"
"AC100757.2",2.63406846263143,1.61620887864907e-08,"Upregulated"
"AL031768.2",1.13079914003006,1.61999142208577e-08,"Upregulated"
"LGALS8-AS1",1.11551743580208,1.62036924138874e-08,"Upregulated"
"AL157823.2",1.45593569599486,1.62036924138874e-08,"Upregulated"
"TMPRSS9",1.05292405680929,1.62692738008693e-08,"Upregulated"
"ZNF536",-1.78485571731792,1.63309264348291e-08,"Downregulated"
"AC011773.4",1.466944528034,1.6345251120729e-08,"Upregulated"
"H2AZP3",1.43992711431469,1.65094304502563e-08,"Upregulated"
"AC083906.5",1.76189353817243,1.66386455098573e-08,"Upregulated"
"BCO2",-1.02202482742456,1.66883862932813e-08,"Downregulated"
"TAS2R20",1.07081458232253,1.66951904037247e-08,"Upregulated"
"GPR82",1.19430256931713,1.67076283622754e-08,"Upregulated"
"AC092279.1",1.13096978532256,1.67613304872278e-08,"Upregulated"
"AC073136.1",1.03509773081321,1.67944691409732e-08,"Upregulated"
"DNAI1",-1.74537490642034,1.68619724071295e-08,"Downregulated"
"C5orf67",-1.26092934164002,1.69162080364393e-08,"Downregulated"
"KCNH2",1.46076226859501,1.69376970383585e-08,"Upregulated"
"DNAH9",-1.99948453391952,1.70191426034831e-08,"Downregulated"
"FRG1GP",1.5807884236297,1.70805410982872e-08,"Upregulated"
"AC011773.3",1.47434605706547,1.71177346450902e-08,"Upregulated"
"AC073316.1",3.16693093287957,1.71225146334371e-08,"Upregulated"
"ERICH3",-2.03320088821076,1.71306679569523e-08,"Downregulated"
"AC087163.2",1.26827515190311,1.73363515398011e-08,"Upregulated"
"AC245100.6",1.46863734009321,1.73822996167373e-08,"Upregulated"
"IGHV3-37",2.16362599343091,1.73926916198645e-08,"Upregulated"
"AC139792.1",3.17941921958626,1.74735776615866e-08,"Upregulated"
"LINC02521",1.83624795724584,1.75002826186769e-08,"Upregulated"
"AC005702.2",3.05043224019359,1.76046219051084e-08,"Upregulated"
"SHISAL1",1.37629860871947,1.76420593480142e-08,"Upregulated"
"AL139099.2",1.08612882418409,1.77270063321302e-08,"Upregulated"
"PSMA1P1",3.20215277713951,1.78187213495707e-08,"Upregulated"
"SCN3B",-1.05542945593702,1.80479867633322e-08,"Downregulated"
"MMP8",1.74170823003725,1.8064113674081e-08,"Upregulated"
"AC073641.1",1.70583643640136,1.80988557201237e-08,"Upregulated"
"AC104472.5",2.85241712610955,1.82730790239128e-08,"Upregulated"
"AL049646.1",1.72387276424475,1.83095090184903e-08,"Upregulated"
"DKFZP434A062",-1.14168485519971,1.83100674193769e-08,"Downregulated"
"FAM227A",1.12243520009875,1.83121099693042e-08,"Upregulated"
"LINC00028",-1.44764271669181,1.83385581274074e-08,"Downregulated"
"CKS1BP7",1.91089105077369,1.83447929793168e-08,"Upregulated"
"ACSM5",-1.13628932334015,1.84121102703152e-08,"Downregulated"
"MIR223HG",-1.23530001115097,1.84661429265239e-08,"Downregulated"
"AC140479.1",2.69528618126144,1.85209315654296e-08,"Upregulated"
"DOK7",-1.13238971328002,1.85594610510035e-08,"Downregulated"
"OR10AH1P",2.18997760640122,1.86862183645135e-08,"Upregulated"
"AC008655.2",1.11997883718451,1.8702427619771e-08,"Upregulated"
"AC023818.1",1.0731060590302,1.87314216113162e-08,"Upregulated"
"DNAH8-AS1",2.22743649293003,1.89118622880919e-08,"Upregulated"
"DGKK",-2.12084728070002,1.91836372371467e-08,"Downregulated"
"CFHR4",3.21283151264004,1.92967335507367e-08,"Upregulated"
"MED12L",1.25672704089173,1.93413283655072e-08,"Upregulated"
"ARHGAP42-AS1",1.10519784386714,1.93414076550264e-08,"Upregulated"
"AC092691.3",-4.60431366882968,1.93802476076456e-08,"Downregulated"
"OR2I1P",1.35904930309204,1.9412390297523e-08,"Upregulated"
"AC026333.4",1.26286805364589,1.95050856313953e-08,"Upregulated"
"GAPDHP71",1.60750069648914,1.9513504816764e-08,"Upregulated"
"RPL35AP2",3.10725948277487,1.95431290805663e-08,"Upregulated"
"AC004130.2",1.09863398244546,1.95588438701785e-08,"Upregulated"
"DUX4L37",2.52620233252778,1.95667995483857e-08,"Upregulated"
"LINC01924",4.08670171671722,1.96074634779444e-08,"Upregulated"
"SLC13A3",1.10871245823581,1.96485095339885e-08,"Upregulated"
"SLC16A6P1",1.27812765934623,1.97236316980197e-08,"Upregulated"
"GAPDHP21",1.92501083327666,1.97606428695904e-08,"Upregulated"
"TTR",2.83315066427159,1.97893119590656e-08,"Upregulated"
"AC103831.1",3.01852717615954,1.98466293134152e-08,"Upregulated"
"ZNF876P",1.04688387984254,1.99445801433626e-08,"Upregulated"
"AL161452.1",1.32686178304286,2.00083878285507e-08,"Upregulated"
"LINC02178",4.22016771628905,2.01467631614986e-08,"Upregulated"
"AL359764.1",2.68958255242881,2.01806860236388e-08,"Upregulated"
"AC024257.1",-1.90565809164766,2.01948868639611e-08,"Downregulated"
"Y_RNA",1.30815753461211,2.02490133903278e-08,"Upregulated"
"AP003071.4",-1.01079072986609,2.02909621086724e-08,"Downregulated"
"AC104462.1",1.60048804845856,2.03340832335494e-08,"Upregulated"
"AC020656.2",1.64194333839701,2.03340832335494e-08,"Upregulated"
"AC018648.1",1.24633049060263,2.03763292768914e-08,"Upregulated"
"IGHEP1",2.41934514644183,2.04292289747715e-08,"Upregulated"
"LRRN1",1.40524164926263,2.05996244087921e-08,"Upregulated"
"CTAG2",5.21671131750648,2.06865377610264e-08,"Upregulated"
"AC022929.2",2.7256752470877,2.08355828540279e-08,"Upregulated"
"AL627308.3",3.58375977734742,2.08374015694502e-08,"Upregulated"
"AC010729.2",3.40092812296782,2.08616800929291e-08,"Upregulated"
"SERPINB7",2.28527603376867,2.09069824719035e-08,"Upregulated"
"AP003068.4",1.33737986167082,2.09314368446951e-08,"Upregulated"
"AC005845.1",-1.11749756244662,2.09909281602739e-08,"Downregulated"
"AL133373.2",2.36897376924137,2.10082823454126e-08,"Upregulated"
"MOCS1P1",2.64900138131423,2.10771078331105e-08,"Upregulated"
"AC022031.2",3.09251409667571,2.10819684535225e-08,"Upregulated"
"ADGRG4",-2.36889990410506,2.12386072688025e-08,"Downregulated"
"AC009704.2",1.4222319780051,2.12440006247038e-08,"Upregulated"
"TLR10",1.19719631737937,2.13421831720493e-08,"Upregulated"
"AC025171.3",1.1071499091384,2.15133709870145e-08,"Upregulated"
"CPEB1",-1.12998636305699,2.15804940101153e-08,"Downregulated"
"FSIP2-AS1",1.66653107278191,2.17552818768878e-08,"Upregulated"
"CALCR",1.58888330774508,2.18153997744012e-08,"Upregulated"
"AC119744.1",2.65094993502579,2.20235461248432e-08,"Upregulated"
"AC016597.1",1.55760967501617,2.20413803562709e-08,"Upregulated"
"AC108050.1",2.02853299709803,2.21200238784339e-08,"Upregulated"
"FAM240C",1.73320943891249,2.21248997486533e-08,"Upregulated"
"DNAAF1",-1.51690730735844,2.21706268420713e-08,"Downregulated"
"AOX1",-1.24568438525091,2.22183004139624e-08,"Downregulated"
"OR2AG2",1.77914234343704,2.23115578459478e-08,"Upregulated"
"BAAT",1.70291118711518,2.23460631238047e-08,"Upregulated"
"SLC8A2",1.72497996908622,2.23637549041014e-08,"Upregulated"
"SEPTIN14",3.75900644175572,2.23676769657069e-08,"Upregulated"
"S100B",1.25780421155407,2.23676769657069e-08,"Upregulated"
"DIPK1C",2.16810813144992,2.23676769657069e-08,"Upregulated"
"AC048382.1",1.29585355400529,2.24445222175291e-08,"Upregulated"
"AC113615.1",2.72056976557616,2.24725292954024e-08,"Upregulated"
"AC005522.1",2.34132749787806,2.25115324218273e-08,"Upregulated"
"SFRP2",1.26209460194259,2.27469001225402e-08,"Upregulated"
"AP001065.3",-1.08991408779621,2.27469001225402e-08,"Downregulated"
"GALNT13",-1.57987250345985,2.27886425945056e-08,"Downregulated"
"AC020550.2",2.39558756123374,2.28714640559322e-08,"Upregulated"
"AL358232.2",2.81983567313389,2.29468825977136e-08,"Upregulated"
"CAMTA1-DT",1.01842560635366,2.2990495329815e-08,"Upregulated"
"AC012174.1",3.17202846837479,2.30970950023557e-08,"Upregulated"
"AC127496.5",1.28577344716266,2.31437305859135e-08,"Upregulated"
"AC117386.1",3.78716470116806,2.32515192776647e-08,"Upregulated"
"CEROX1",1.25121459471116,2.3362238620343e-08,"Upregulated"
"RN7SL838P",2.73499256534889,2.34658756711836e-08,"Upregulated"
"RNU6-341P",2.35067142804059,2.34885325698142e-08,"Upregulated"
"AC090936.1",3.27973974514429,2.348924387212e-08,"Upregulated"
"LINC01771",1.71557595557509,2.35362365100337e-08,"Upregulated"
"AC010332.3",1.56955871907581,2.35622668048863e-08,"Upregulated"
"RNU6-882P",1.23600092915207,2.37185602886e-08,"Upregulated"
"AL138787.1",-1.48701902785282,2.38873559076539e-08,"Downregulated"
"AC091132.2",1.18440841846432,2.41744067950124e-08,"Upregulated"
"AC137723.1",-1.14693943929829,2.4233703996682e-08,"Downregulated"
"U82695.1",1.64986354653332,2.42409085612909e-08,"Upregulated"
"AP006621.2",1.11289240326509,2.42441652479224e-08,"Upregulated"
"AC087588.1",1.84097381652006,2.45747421143147e-08,"Upregulated"
"LINC01608",3.52490877152998,2.46340450734638e-08,"Upregulated"
"LINC01096",2.689186981918,2.4648165607723e-08,"Upregulated"
"FBXO2",1.16258655642417,2.49246732250548e-08,"Upregulated"
"LRRIQ1",-1.42744921359126,2.50249731976122e-08,"Downregulated"
"IGHD3-9",2.13587314179935,2.50806906282169e-08,"Upregulated"
"FBXL16",1.24070442195353,2.50897111370833e-08,"Upregulated"
"SEPTIN5",1.38624609919137,2.52793144000737e-08,"Upregulated"
"AC009754.1",2.02375476738425,2.53453649184494e-08,"Upregulated"
"ANKRD36",1.13828353686205,2.53789018563514e-08,"Upregulated"
"AC016549.1",3.68122028779238,2.55372116420398e-08,"Upregulated"
"KRT18P28",1.11045455258805,2.56794336581162e-08,"Upregulated"
"IGKV1D-42",1.60945551178402,2.58171039842564e-08,"Upregulated"
"AC011029.1",3.18426955943632,2.59792361278438e-08,"Upregulated"
"LINC00894",1.09184855299015,2.60124245138948e-08,"Upregulated"
"AC004672.1",2.85116048253,2.60178428856777e-08,"Upregulated"
"AC040174.2",3.04934202979422,2.60742197861185e-08,"Upregulated"
"AC019226.2",2.08252311154696,2.61646685367989e-08,"Upregulated"
"UST-AS2",1.68332775207045,2.63536175346094e-08,"Upregulated"
"AL451047.1",3.26675191930058,2.64546760960481e-08,"Upregulated"
"AC090502.2",3.19621032851539,2.64928851937781e-08,"Upregulated"
"LINC01837",-2.88068297285727,2.65328927182957e-08,"Downregulated"
"PPIAP84",-1.75996943145453,2.65368723548188e-08,"Downregulated"
"PRSS56",3.17825999637566,2.65430940430066e-08,"Upregulated"
"RANBP20P",2.18542764126002,2.65823414935124e-08,"Upregulated"
"NCAPGP1",1.68037665189484,2.67304487038581e-08,"Upregulated"
"AC006372.1",3.60303822306391,2.69325670620559e-08,"Upregulated"
"CHL1-AS2",1.85861925168913,2.70173083850754e-08,"Upregulated"
"Z98745.2",-1.5729872313964,2.70355628722011e-08,"Downregulated"
"DPF1",1.14568517873613,2.7183722505577e-08,"Upregulated"
"HYDIN",-1.63230911939839,2.7188988394013e-08,"Downregulated"
"AP005432.1",1.8892726961503,2.72615078469776e-08,"Upregulated"
"AC015687.1",2.25481781402562,2.73523018346191e-08,"Upregulated"
"MXRA5Y",1.60910073553898,2.73529961378793e-08,"Upregulated"
"AL109824.1",3.14712057029694,2.74083441139823e-08,"Upregulated"
"CLIC6",1.22543427653632,2.74369825674732e-08,"Upregulated"
"NCBP2-AS1",1.02685864043688,2.74634363832503e-08,"Upregulated"
"PTGDR2",-1.01610101218166,2.76142637046002e-08,"Downregulated"
"FOXP1-IT1",2.47816988853794,2.76206835524702e-08,"Upregulated"
"AC134407.1",1.56732715538303,2.76206835524702e-08,"Upregulated"
"AC015914.1",-1.35726277363115,2.77034369303587e-08,"Downregulated"
"NMBR",-1.35243494326486,2.77840363636735e-08,"Downregulated"
"AC073107.2",1.27649523298311,2.78618914648752e-08,"Upregulated"
"AP003064.2",-1.69118216860966,2.79416914395427e-08,"Downregulated"
"AC073046.3",1.14186180596924,2.79446750986452e-08,"Upregulated"
"APOF",2.44907743831942,2.8134700207765e-08,"Upregulated"
"LINC01299",3.46816369946238,2.82334501549803e-08,"Upregulated"
"SNCG",1.45531561117469,2.82473779968151e-08,"Upregulated"
"SRGAP3-AS2",-2.24304541143463,2.82838097584342e-08,"Downregulated"
"AC011503.1",1.38751347594509,2.83913569906557e-08,"Upregulated"
"AC138969.1",1.42334358830595,2.84164732984545e-08,"Upregulated"
"LINC02685",2.1405779186826,2.84570290854793e-08,"Upregulated"
"AC116552.1",1.35866319207163,2.84744649699516e-08,"Upregulated"
"OR7E29P",-1.64577893994934,2.86628777383536e-08,"Downregulated"
"AC008063.1",2.51545707542711,2.87189828889796e-08,"Upregulated"
"QRFPR",-2.1679008828997,2.87288045047609e-08,"Downregulated"
"NPM1P37",1.58217606381968,2.88439576236694e-08,"Upregulated"
"RNA5SP282",2.88811696211558,2.89157615862986e-08,"Upregulated"
"AL121832.1",1.54974860218087,2.90186495418182e-08,"Upregulated"
"TTLL8",2.75485724590286,2.90882840467974e-08,"Upregulated"
"LINC00456",2.89661721370873,2.91296300694168e-08,"Upregulated"
"PARD3-AS1",1.29774217713856,2.91725955881186e-08,"Upregulated"
"AP001347.1",1.01984235108947,2.92417245432583e-08,"Upregulated"
"AC005828.1",2.16736599725669,2.92713087037288e-08,"Upregulated"
"AC138466.5",1.34770860175297,2.94037719166909e-08,"Upregulated"
"AGMO",1.7249262171566,2.95309597939847e-08,"Upregulated"
"PPIAP77",1.406429336078,2.95309597939847e-08,"Upregulated"
"RPS10P2",1.17930417802172,2.95933266040665e-08,"Upregulated"
"MTFR2P1",2.92707181195335,2.97722225953224e-08,"Upregulated"
"LINC01502",2.77492139101121,2.98791498635059e-08,"Upregulated"
"LCT-AS1",1.55273268402534,2.99809627688479e-08,"Upregulated"
"SNORA74D",4.30809304071365,3.00944605048681e-08,"Upregulated"
"AC108463.3",1.41851315934417,3.01434589582257e-08,"Upregulated"
"AC097634.1",1.234608251648,3.03956684044148e-08,"Upregulated"
"AC107909.2",2.43088154612356,3.0411598851277e-08,"Upregulated"
"AL136115.1",1.75979853830115,3.04130235954484e-08,"Upregulated"
"P2RY12",-1.12484549017899,3.06291827168035e-08,"Downregulated"
"MTMR7",1.42562857911962,3.06499043828947e-08,"Upregulated"
"KIF5C",1.28246909019724,3.09460176890286e-08,"Upregulated"
"AL034550.1",1.06013486492246,3.09549572824342e-08,"Upregulated"
"LINC01079",3.38548186537853,3.11309573093712e-08,"Upregulated"
"AC018628.1",1.0146107171088,3.12135225797389e-08,"Upregulated"
"SLC2A2",4.00864902676152,3.12324679968433e-08,"Upregulated"
"AC092171.1",1.54653171520493,3.12860209894227e-08,"Upregulated"
"TXNP6",1.80216743592171,3.13205704950127e-08,"Upregulated"
"AP004289.1",3.37723098726253,3.13673032704745e-08,"Upregulated"
"Y_RNA",1.76471654009304,3.13825546336191e-08,"Upregulated"
"CCNYL6",1.47421911708325,3.14254406945967e-08,"Upregulated"
"GS1-24F4.2",1.90566148650633,3.17055321892885e-08,"Upregulated"
"TGFB2",-1.07359951170737,3.1908520598679e-08,"Downregulated"
"RBM46",2.50668546429185,3.19369011256696e-08,"Upregulated"
"AC008397.2",-1.3372826266382,3.21920557023382e-08,"Downregulated"
"RPS16P5",2.760049772201,3.21969579562552e-08,"Upregulated"
"RPL7P28",2.16262804782827,3.22140697220318e-08,"Upregulated"
"S100A4",-1.07840764796731,3.23084804753268e-08,"Downregulated"
"AC015853.1",1.5223725109101,3.27049732457638e-08,"Upregulated"
"AL442063.1",3.87615788628759,3.27082932888719e-08,"Upregulated"
"AC135178.2",-1.72997367091436,3.27211077962484e-08,"Downregulated"
"AP005271.1",2.21299221183708,3.28154533872078e-08,"Upregulated"
"RNVU1-3",1.79898424015227,3.29706580908462e-08,"Upregulated"
"AC090398.2",1.14897091458094,3.30529582887431e-08,"Upregulated"
"AC008119.1",1.19688684801476,3.32740471929676e-08,"Upregulated"
"SNORA80B",2.28021365579321,3.33449434703858e-08,"Upregulated"
"RNU6-930P",1.7519490771539,3.33649979131098e-08,"Upregulated"
"AL512604.2",1.91193311503155,3.36805647288044e-08,"Upregulated"
"AL355877.1",1.62939380447851,3.38045973681088e-08,"Upregulated"
"AC010491.2",1.81508685125075,3.38517623315585e-08,"Upregulated"
"AC006452.1",1.53407602705696,3.39970990999479e-08,"Upregulated"
"KRT8P30",2.1932523926044,3.41901263850852e-08,"Upregulated"
"HNRNPA1P3",2.83798458622153,3.42501406935291e-08,"Upregulated"
"AC005329.1",1.71800012993531,3.45077594864929e-08,"Upregulated"
"CLEC17A",1.2104945629597,3.45618955932237e-08,"Upregulated"
"AC243829.4",-1.21519230200041,3.46881718214243e-08,"Downregulated"
"AC019117.1",1.46380489675221,3.48308133888136e-08,"Upregulated"
"TEX13C",4.36798197165751,3.48992867038462e-08,"Upregulated"
"DUTP2",2.48807131671958,3.49008912641068e-08,"Upregulated"
"AC004832.5",1.3676696856111,3.4943278264631e-08,"Upregulated"
"AL589182.2",2.09491052707531,3.5492336252872e-08,"Upregulated"
"AC011005.4",1.78238217233486,3.55657131622781e-08,"Upregulated"
"CSF3R",-1.11335677851754,3.58247026679062e-08,"Downregulated"
"PCDHA8",1.58032906816567,3.61113991517468e-08,"Upregulated"
"AC117503.5",2.77257434531147,3.61364708558209e-08,"Upregulated"
"AC011370.1",3.43406491496855,3.62206303306119e-08,"Upregulated"
"AC007224.2",1.1218211658522,3.63135905345176e-08,"Upregulated"
"FIGNL2-DT",1.66779173411628,3.64086549089329e-08,"Upregulated"
"AC019226.1",1.46846088606386,3.64086549089329e-08,"Upregulated"
"RPL12P42",1.15493879087951,3.66048617886368e-08,"Upregulated"
"MIR135B",2.07952836348713,3.70347899063861e-08,"Upregulated"
"PI3",1.81605600851287,3.70912130227573e-08,"Upregulated"
"SERPINH1P1",1.47245896807891,3.73041720045747e-08,"Upregulated"
"LRRC31",1.63515589550726,3.73510438963236e-08,"Upregulated"
"RPL35AP13",3.37214680697394,3.75882536560528e-08,"Upregulated"
"KLRD1",-1.027180670756,3.76003512018735e-08,"Downregulated"
"CERNA3",2.04910603966172,3.77593957414266e-08,"Upregulated"
"ATP13A4",-1.3534237511497,3.79776480508607e-08,"Downregulated"
"AC091173.1",2.89908644494924,3.80648432054777e-08,"Upregulated"
"SMTNL1",1.23215327205445,3.81146437600363e-08,"Upregulated"
"AP003108.2",1.06004102425839,3.86758957953788e-08,"Upregulated"
"AC090260.1",1.15763124928473,3.87278795392285e-08,"Upregulated"
"RGR",-2.1650455466346,3.93217109834265e-08,"Downregulated"
"RBPMS-AS1",-1.03218954889003,3.95535512100526e-08,"Downregulated"
"AC099342.1",2.38741381501436,3.98547688795481e-08,"Upregulated"
"AC091825.2",-1.3803671562623,3.98755262992067e-08,"Downregulated"
"CXCL9",1.32251841720911,3.99738750557849e-08,"Upregulated"
"AL031770.1",2.0048566138034,3.99738750557849e-08,"Upregulated"
"AL807776.1",1.32222219312889,3.99738750557849e-08,"Upregulated"
"AC009227.1",-1.6905737116205,4.06110182195121e-08,"Downregulated"
"LNC-LBCS",-1.14912467884453,4.16709753992133e-08,"Downregulated"
"RN7SL151P",4.44366115232566,4.19927548900493e-08,"Upregulated"
"AC011477.6",-1.16770613238585,4.2043891471558e-08,"Downregulated"
"LINC01117",1.60845074385029,4.21349195191121e-08,"Upregulated"
"NLRP7",1.16340677216669,4.22979976775908e-08,"Upregulated"
"LINC02299",-2.72823851710015,4.26021233691174e-08,"Downregulated"
"ATP6V0D2",-1.31821284318692,4.27047006694463e-08,"Downregulated"
"RRAD",-1.22770531372578,4.28302327159527e-08,"Downregulated"
"AC013480.1",-1.9444655804727,4.28831746842637e-08,"Downregulated"
"AC097717.1",1.60563806309743,4.30504274780689e-08,"Upregulated"
"ST18",1.41114528232594,4.3206464273397e-08,"Upregulated"
"LINC00540",1.7404633957218,4.35765730583476e-08,"Upregulated"
"AL110292.1",2.79967575918202,4.36246578207054e-08,"Upregulated"
"AL080317.1",1.12132206532872,4.36817458587192e-08,"Upregulated"
"MUC17",4.59453523968111,4.40542408075217e-08,"Upregulated"
"OR2S1P",-1.87197720792662,4.4288797161776e-08,"Downregulated"
"LINC02873",2.74793221493523,4.44504972245136e-08,"Upregulated"
"AL357134.1",2.39881690291433,4.45199240113125e-08,"Upregulated"
"AC092944.2",-2.03371000963545,4.47384323963067e-08,"Downregulated"
"AC022137.3",1.2626834055537,4.47691343033762e-08,"Upregulated"
"AC025252.2",4.34778321614289,4.47934059013423e-08,"Upregulated"
"C4orf50",1.37639056063839,4.49134534416998e-08,"Upregulated"
"MIR3174",2.01988341930947,4.50012711400345e-08,"Upregulated"
"WNT8B",1.20849303130372,4.51596976455656e-08,"Upregulated"
"Z97206.1",2.1653806370701,4.53909950290502e-08,"Upregulated"
"AL136018.1",2.48120951296142,4.55380057162284e-08,"Upregulated"
"MYRIP",-1.19176607481269,4.55463608146262e-08,"Downregulated"
"AC105053.1",-1.32775086405633,4.55463608146262e-08,"Downregulated"
"GLDCP1",2.71200062234627,4.58241479243112e-08,"Upregulated"
"RUNDC3B",-1.0970248860696,4.590510568011e-08,"Downregulated"
"IGHV1OR15-6",2.54168148947632,4.61815800012598e-08,"Upregulated"
"TMEM178A",-1.21224414086601,4.62320264414597e-08,"Downregulated"
"SPRR2F",3.05249419599053,4.65183862917784e-08,"Upregulated"
"AC084116.3",2.57425501523052,4.67987583379527e-08,"Upregulated"
"KCNK2",1.78790771931146,4.70075861227364e-08,"Upregulated"
"LINC02747",2.83042176127113,4.70517545396059e-08,"Upregulated"
"TMED11P",2.45937851029133,4.72417506474597e-08,"Upregulated"
"LINC02417",2.80711761380519,4.73001254899603e-08,"Upregulated"
"AC034102.8",1.32440808479635,4.73042673058618e-08,"Upregulated"
"AL512353.2",2.057463003861,4.73150489992931e-08,"Upregulated"
"FO393414.3",1.86420056393893,4.7427325090717e-08,"Upregulated"
"CAPN13",1.30524167767144,4.74284902129713e-08,"Upregulated"
"AC007225.1",1.83033875453932,4.74478376164164e-08,"Upregulated"
"AC135279.2",1.19299436843941,4.78264668639247e-08,"Upregulated"
"AC015802.7",1.31191920182635,4.78663767942165e-08,"Upregulated"
"ADCY10",1.15282853050401,4.7967462104308e-08,"Upregulated"
"AL391994.1",1.57200413949447,4.83358937884976e-08,"Upregulated"
"ZNF90P1",2.93346533403015,4.8598785415527e-08,"Upregulated"
"AC017028.2",1.81252300079096,4.9430868884027e-08,"Upregulated"
"AC009244.1",-1.4772537734802,4.97212810702372e-08,"Downregulated"
"Y_RNA",1.58669382972577,4.98397516935829e-08,"Upregulated"
"NCR1",-1.10429473737088,4.99577016873444e-08,"Downregulated"
"AC106771.1",4.89953272560474,4.99645612713363e-08,"Upregulated"
"AP003385.4",-2.4927218594926,4.99724121545337e-08,"Downregulated"
"C6orf118",-1.98100353419916,5.00938962823973e-08,"Downregulated"
"AC104574.2",2.97755444111394,5.00938962823973e-08,"Upregulated"
"THORLNC",1.0438493023151,5.0199610981705e-08,"Upregulated"
"RN7SKP116",2.32730128712579,5.02110085578994e-08,"Upregulated"
"KCNK10",2.00511765754974,5.05464653030261e-08,"Upregulated"
"AC007991.4",1.80564085523748,5.06652407666091e-08,"Upregulated"
"GRK1",1.88214277012452,5.07437216780638e-08,"Upregulated"
"AC024884.2",1.41606610386146,5.07519230628304e-08,"Upregulated"
"AC106820.4",1.16592510105957,5.07751396306497e-08,"Upregulated"
"KRT8P11",1.27922243845697,5.13818487409744e-08,"Upregulated"
"AC007552.1",2.17970938903363,5.13933466842128e-08,"Upregulated"
"AL627443.3",3.51139076272028,5.1424265849045e-08,"Upregulated"
"AC016590.1",1.47808614332471,5.14795649233158e-08,"Upregulated"
"SLC6A10P",4.08614071438794,5.15389488016189e-08,"Upregulated"
"HMGB1P11",1.88725672512154,5.16639445494099e-08,"Upregulated"
"CSTF3-DT",1.37549926319323,5.16890157341366e-08,"Upregulated"
"AC022239.1",1.52808027982976,5.20386845400886e-08,"Upregulated"
"LINC02862",2.50859793111526,5.21006340626127e-08,"Upregulated"
"AC004900.1",1.27001857585553,5.21032235456205e-08,"Upregulated"
"AC084398.2",-1.41222043202003,5.23035914737802e-08,"Downregulated"
"LMO7DN-IT1",-1.37074546957421,5.25069190456053e-08,"Downregulated"
"QRSL1P3",2.94908305569576,5.25105306661255e-08,"Upregulated"
"CRYZP1",1.3107286123423,5.25976784994254e-08,"Upregulated"
"AC108860.1",2.32818093773992,5.27162418452284e-08,"Upregulated"
"AC093849.4",2.08972138799155,5.27302064709322e-08,"Upregulated"
"AC021066.1",2.07992332539306,5.2983279439965e-08,"Upregulated"
"SRP72P2",1.69211354291916,5.31952657270085e-08,"Upregulated"
"AC092427.1",3.08505202441884,5.32033501849911e-08,"Upregulated"
"MIR378D2HG",1.87094999179257,5.32606793706639e-08,"Upregulated"
"AC063944.2",-1.31257882042606,5.33967171366799e-08,"Downregulated"
"KCNF1",1.58502552123662,5.3555913865523e-08,"Upregulated"
"AP000254.1",1.01224487177294,5.3555913865523e-08,"Upregulated"
"AC017100.1",1.1460170479174,5.36628073373159e-08,"Upregulated"
"AC011773.1",1.99844297970261,5.37775568063416e-08,"Upregulated"
"AC244250.1",2.40677425077986,5.37910263194074e-08,"Upregulated"
"CCDC177",2.28189228172658,5.38031262812115e-08,"Upregulated"
"HMX2",3.3800480839747,5.40054981869208e-08,"Upregulated"
"LINC00299",1.01624613619348,5.40994854710813e-08,"Upregulated"
"CYP2C9",1.80098416083377,5.43042012703106e-08,"Upregulated"
"UGT1A7",3.1957397705178,5.45347884942994e-08,"Upregulated"
"Z94160.1",2.35247446642254,5.46363296206201e-08,"Upregulated"
"PRAC2",3.6091901243148,5.47667003025945e-08,"Upregulated"
"AL157778.1",5.09877779655353,5.48369950737518e-08,"Upregulated"
"IGHD2-2",2.19556919124054,5.51554597331419e-08,"Upregulated"
"AC012494.1",3.30337715237034,5.54907084802207e-08,"Upregulated"
"RSF1-IT1",2.00403425616279,5.55729537821534e-08,"Upregulated"
"CHI3L1",1.32615290493353,5.56256821842766e-08,"Upregulated"
"AC073957.1",2.37008756553744,5.5656520261016e-08,"Upregulated"
"AP006545.1",1.38929665067618,5.60619124979477e-08,"Upregulated"
"RNU6-892P",-1.30735644126042,5.63404701071232e-08,"Downregulated"
"AC091181.1",1.86903756530081,5.65969611485676e-08,"Upregulated"
"AC027117.1",1.24413225786813,5.66777048907121e-08,"Upregulated"
"CBX3P5",2.70404160725497,5.66927275575726e-08,"Upregulated"
"IGSF5",1.47196447978753,5.69202263379832e-08,"Upregulated"
"ST8SIA6-AS1",2.29243099855319,5.70232695525769e-08,"Upregulated"
"AC105290.1",1.91580514617345,5.70920724428622e-08,"Upregulated"
"PCDHA7",1.34548207836536,5.72701371727988e-08,"Upregulated"
"AL358232.1",2.5911997254776,5.75841256187586e-08,"Upregulated"
"AL357518.1",-1.76211234225323,5.76245841397859e-08,"Downregulated"
"LINC01267",-1.5268001193131,5.76589323353791e-08,"Downregulated"
"IGHV1-68",2.21755237589715,5.78097847374621e-08,"Upregulated"
"LINC01873",2.4720514337993,5.78611845763024e-08,"Upregulated"
"HLA-DRB6",-1.13431509155073,5.79953884266825e-08,"Downregulated"
"AC009120.5",1.47834558898209,5.80009327107062e-08,"Upregulated"
"GRAMD1B",1.31684154760504,5.9408606740323e-08,"Upregulated"
"AL160271.2",5.32722190439202,5.94964399518758e-08,"Upregulated"
"LSMEM2",-1.17194216926455,5.97324942732105e-08,"Downregulated"
"PLCZ1",2.61688661256752,5.97512207129644e-08,"Upregulated"
"AC005586.1",1.16707683550142,5.99275833384986e-08,"Upregulated"
"AL596442.3",3.65576473179068,5.99275833384986e-08,"Upregulated"
"GACAT3",4.15032275313427,6.00282140257524e-08,"Upregulated"
"AL133467.4",3.94950456905606,6.02905067429368e-08,"Upregulated"
"AC124276.1",1.83893873768473,6.03127586621803e-08,"Upregulated"
"IGFL1P2",4.11302081820509,6.04586227658057e-08,"Upregulated"
"AL138759.1",2.57544691987499,6.11995684046551e-08,"Upregulated"
"AC097658.2",-1.91193525239791,6.12303452168034e-08,"Downregulated"
"SEPTIN12",2.38819799300982,6.14095480486456e-08,"Upregulated"
"ATP4A",2.64167095685997,6.1603454895701e-08,"Upregulated"
"AC125603.4",2.13850500641517,6.16295879546594e-08,"Upregulated"
"PPIAP35",1.31634658814522,6.17073920444436e-08,"Upregulated"
"AC025174.1",-1.64937930036691,6.17073920444436e-08,"Downregulated"
"AL022067.1",1.41877582368539,6.21003947217936e-08,"Upregulated"
"BEST3",2.18883187931296,6.21008086452246e-08,"Upregulated"
"FMO9P",2.94006709906757,6.21008086452246e-08,"Upregulated"
"SLCO4C1",-1.22113514127076,6.22694848401596e-08,"Downregulated"
"CAMK2N1",-1.03501553968845,6.23979012713882e-08,"Downregulated"
"SOX2",1.58431940423865,6.24398900428062e-08,"Upregulated"
"LINC01485",1.45538009470844,6.29752277145241e-08,"Upregulated"
"AC103591.3",1.41413444593884,6.32346677428051e-08,"Upregulated"
"AL161663.2",-1.90217517489682,6.34221539920761e-08,"Downregulated"
"AC007906.1",2.28773655319617,6.39673334888393e-08,"Upregulated"
"COMETT",2.36267462097527,6.40973618814469e-08,"Upregulated"
"B3GALT1-AS1",2.95758798215936,6.42774080718518e-08,"Upregulated"
"LINC01776",3.25448858343441,6.47129824514924e-08,"Upregulated"
"FAM95B1",-1.43922850222357,6.51064595647873e-08,"Downregulated"
"IQCM",3.10789555880876,6.55286555028214e-08,"Upregulated"
"AC207130.1",3.29251827751265,6.55511537007331e-08,"Upregulated"
"IFNL3P1",1.63832073245431,6.59706082101438e-08,"Upregulated"
"AL161645.1",2.12279967929725,6.59706082101438e-08,"Upregulated"
"FIGNL2",1.23293827264308,6.63015690173748e-08,"Upregulated"
"TSPO2",1.18974651687445,6.6482641935571e-08,"Upregulated"
"AL158136.1",3.68668485632161,6.67151937414258e-08,"Upregulated"
"PTP4A1",1.12525314005408,6.67653469751936e-08,"Upregulated"
"LINC01050",1.72176823820562,6.7308486139933e-08,"Upregulated"
"AC005740.5",1.39918883082902,6.79677356270343e-08,"Upregulated"
"AC012317.1",2.93461675239459,6.80457827783338e-08,"Upregulated"
"AC104365.2",-1.7235380177848,6.80638031269867e-08,"Downregulated"
"AC010883.2",-1.03695684672168,6.81199465756773e-08,"Downregulated"
"RPS29P16",1.19287027535229,6.81321613273237e-08,"Upregulated"
"FAM230C",4.98021133013929,6.84482154945425e-08,"Upregulated"
"KIR3DL1",-1.72557872841579,6.89307918798213e-08,"Downregulated"
"IGLV3-17",2.44581067332307,6.89307918798213e-08,"Upregulated"
"GC",4.28772403747909,6.95533093128112e-08,"Upregulated"
"AKR1C6P",1.70895144567472,6.9635541395012e-08,"Upregulated"
"EEF1GP5",1.25207595984272,7.006543984046e-08,"Upregulated"
"NKX2-4",4.04613325746998,7.02274297808446e-08,"Upregulated"
"CX3CL1",-1.09186902545421,7.08210564563354e-08,"Downregulated"
"AC084816.1",2.84687701339882,7.08842814314945e-08,"Upregulated"
"LINC02772",-1.71916736253566,7.10480834103376e-08,"Downregulated"
"AC007663.3",1.25976319680474,7.13235347453848e-08,"Upregulated"
"ROR1-AS1",1.29760253392097,7.13488702907831e-08,"Upregulated"
"RNU6-62P",-1.65043490174846,7.1410929341674e-08,"Downregulated"
"LINC02835",5.19811924834149,7.1410929341674e-08,"Upregulated"
"HMGA1P3",1.20774340195674,7.16508823991141e-08,"Upregulated"
"MIR4500HG",1.76384355914647,7.18420021186976e-08,"Upregulated"
"AZGP1P1",2.49586092433633,7.20939228206297e-08,"Upregulated"
"CERS1",1.40407609331119,7.27525391482328e-08,"Upregulated"
"ANKRD33",2.16209295040243,7.29205504374886e-08,"Upregulated"
"AL583810.1",1.16033895370254,7.32318108233396e-08,"Upregulated"
"FGF12-AS2",2.61047083223516,7.33119354896327e-08,"Upregulated"
"LINC02749",1.48658968651009,7.35955944980752e-08,"Upregulated"
"AC090114.3",1.47092347079106,7.35955944980752e-08,"Upregulated"
"CCDC74B",-1.207181412381,7.40510254041502e-08,"Downregulated"
"OFD1P17",1.84204354994712,7.43581013972899e-08,"Upregulated"
"LINC02826",2.62958671314198,7.45685435034418e-08,"Upregulated"
"AC124862.1",2.11645627477741,7.45905559008788e-08,"Upregulated"
"UNGP3",-1.24557109084153,7.57812076390423e-08,"Downregulated"
"RPL7AP65",2.55351360508764,7.7071304301978e-08,"Upregulated"
"CCL18",-1.21273708613377,7.71532502547944e-08,"Downregulated"
"AC015631.1",2.43174414130716,7.82699633456881e-08,"Upregulated"
"AC068489.1",1.94874453920769,7.8856004095093e-08,"Upregulated"
"AL158152.1",-1.48857148799471,7.89862844959657e-08,"Downregulated"
"SLC5A11",1.46641624715648,7.90157617424474e-08,"Upregulated"
"AC069503.1",1.97584769617483,7.91686623959632e-08,"Upregulated"
"AC011815.2",1.17127165619578,7.95432295508614e-08,"Upregulated"
"DLGAP3",1.1598112166424,7.9583664057275e-08,"Upregulated"
"GDPD2",1.41116140619214,7.96061016125447e-08,"Upregulated"
"CASC20",3.40699624539032,7.97667331074309e-08,"Upregulated"
"AC008760.2",1.33311872207399,7.98113984659247e-08,"Upregulated"
"RN7SL812P",1.61999000896471,8.00693010237078e-08,"Upregulated"
"OR7E47P",-1.37659662416844,8.05957413819916e-08,"Downregulated"
"AC010789.2",2.35736907182949,8.07495469537469e-08,"Upregulated"
"AC078852.2",2.2109945106673,8.08541610523673e-08,"Upregulated"
"AC063919.1",-1.44085826978577,8.08735969467248e-08,"Downregulated"
"GAPDHP55",2.98048061883143,8.11794414180675e-08,"Upregulated"
"PRMT5-AS1",1.21141520467691,8.12694756824925e-08,"Upregulated"
"PSLNR",3.50548576700855,8.16652913781629e-08,"Upregulated"
"AC074044.1",1.34846287499166,8.17480609425822e-08,"Upregulated"
"RN7SKP180",2.97257137328965,8.19917673845032e-08,"Upregulated"
"TBR1",2.52202298929692,8.20476725277879e-08,"Upregulated"
"ZNF775-AS1",1.49999013345457,8.27736290744235e-08,"Upregulated"
"GLTPD2",1.35959653334671,8.28046222340832e-08,"Upregulated"
"RN7SL336P",-1.25569570646948,8.29030599449528e-08,"Downregulated"
"AC072052.1",1.03412986303245,8.32178510572606e-08,"Upregulated"
"DKK4",2.94497092239485,8.32179784726468e-08,"Upregulated"
"JAKMIP1",1.26535393679398,8.33924266719395e-08,"Upregulated"
"GAU1",-1.12334061248631,8.35733398821428e-08,"Downregulated"
"RN7SL329P",3.20109773463557,8.36848654311801e-08,"Upregulated"
"IGDCC3",1.56278621906304,8.39034864811655e-08,"Upregulated"
"TAFA3",1.68703625717725,8.4369177109732e-08,"Upregulated"
"RNA5SP323",2.19146719946049,8.44195191648694e-08,"Upregulated"
"RN7SKP30",1.98160741399004,8.45133694831964e-08,"Upregulated"
"IGHJ2P",2.18602576604288,8.47928529461549e-08,"Upregulated"
"KRT32",1.92047243202159,8.50584725064134e-08,"Upregulated"
"H2BC16P",2.32624889386984,8.50610070947905e-08,"Upregulated"
"AC093151.2",1.79707035039518,8.53673855841439e-08,"Upregulated"
"PPIAP2",1.03073095072945,8.57212897420497e-08,"Upregulated"
"AC023590.1",1.40582368336334,8.58762013605214e-08,"Upregulated"
"CCDC27",1.50340626457159,8.60388936329091e-08,"Upregulated"
"CDC42P3",1.81413629614459,8.64648684205506e-08,"Upregulated"
"AC012409.3",-1.21364434316659,8.64856928204753e-08,"Downregulated"
"RPL12P13",1.19929604616278,8.66903693496493e-08,"Upregulated"
"AC068733.3",-1.07238193251916,8.6708603372636e-08,"Downregulated"
"ADRA2A",1.40667428755757,8.67679863724579e-08,"Upregulated"
"AC027250.2",-1.47402817441659,8.69193122855373e-08,"Downregulated"
"TRGJP1",-2.17484701257601,8.69498482958055e-08,"Downregulated"
"AC018816.2",2.61817710686208,8.69814696354648e-08,"Upregulated"
"SRMP2",2.74619799806222,8.76170791065762e-08,"Upregulated"
"AC015726.2",-1.12166276996059,8.7853800433469e-08,"Downregulated"
"CBS",1.30407890677978,8.81413501695998e-08,"Upregulated"
"AC083906.1",2.08881751732561,8.8228365257745e-08,"Upregulated"
"RPL31P58",2.82825765642777,8.84179813665602e-08,"Upregulated"
"Z82188.2",1.84472791135625,8.85134684048885e-08,"Upregulated"
"SLC28A3",1.23734866582029,8.87070342446215e-08,"Upregulated"
"FRMPD1",-1.44124285405124,8.89384297679363e-08,"Downregulated"
"SLC52A1",1.07881612892556,8.89619708337217e-08,"Upregulated"
"Y_RNA",3.06888044720258,8.95116094455299e-08,"Upregulated"
"AC084026.3",3.04566782317855,8.96470241819283e-08,"Upregulated"
"KRT18P17",1.17006108754298,9.06342783385233e-08,"Upregulated"
"AC011405.1",1.48232629754109,9.10232508872378e-08,"Upregulated"
"AC084117.1",1.06867690499731,9.1066603001516e-08,"Upregulated"
"XIRP2",-1.94819664262777,9.10819877376932e-08,"Downregulated"
"AC111170.3",1.31382696209528,9.11111520810355e-08,"Upregulated"
"AL135787.1",2.25532181350455,9.15227321345868e-08,"Upregulated"
"LINC01681",3.42820692733741,9.15560311046428e-08,"Upregulated"
"SUPT16HP1",1.07586476816712,9.24225166570814e-08,"Upregulated"
"AC020612.3",1.44420305211182,9.24660116708558e-08,"Upregulated"
"AC091825.1",-1.35152529825041,9.26392775520753e-08,"Downregulated"
"AL158166.1",1.03097940160165,9.31353851563618e-08,"Upregulated"
"ZAN",2.28647239297176,9.3487798722624e-08,"Upregulated"
"AC005100.2",3.37271387302155,9.35638881167308e-08,"Upregulated"
"AP005328.1",2.98944183344797,9.36999363963706e-08,"Upregulated"
"KRT8P8",1.1944090704561,9.37499812725023e-08,"Upregulated"
"AL139184.1",3.13030447952555,9.39942645625781e-08,"Upregulated"
"AC073349.2",1.07805814475533,9.39942645625781e-08,"Upregulated"
"DOK6",-1.0428790134969,9.42894428192735e-08,"Downregulated"
"TTPA",-1.52684203180199,9.46382977178479e-08,"Downregulated"
"AWAT1",2.647385866495,9.48785950746774e-08,"Upregulated"
"RN7SL809P",1.27217434045205,9.51103946514856e-08,"Upregulated"
"MTRF1LP2",2.6279910080755,9.55144562383852e-08,"Upregulated"
"AC139792.2",2.97644497902892,9.69635065327413e-08,"Upregulated"
"AC104763.2",3.26867717204822,9.73714306216809e-08,"Upregulated"
"AC087269.2",2.63822046139924,9.74333004393395e-08,"Upregulated"
"ADARB2",-1.26752163420131,9.75108674927576e-08,"Downregulated"
"AC018529.3",1.93303311877136,9.78705130935176e-08,"Upregulated"
"AL390800.1",4.19591085438346,9.80636727200249e-08,"Upregulated"
"AC097372.2",1.34594550397351,9.84121739296008e-08,"Upregulated"
"AL354751.1",2.1269486888223,9.86845538092297e-08,"Upregulated"
"LINC01090",1.95048671946996,9.87084838057768e-08,"Upregulated"
"BNIP3P40",1.82749694814146,9.87766167681995e-08,"Upregulated"
"AC107067.2",2.16546993630353,9.89873623901661e-08,"Upregulated"
"RIPPLY3",1.40845150627193,9.92819059737937e-08,"Upregulated"
"SFRP4",1.10939837232679,9.96217233631887e-08,"Upregulated"
"AL512283.1",2.34080575747686,9.99401842347789e-08,"Upregulated"
"AL512288.2",1.15709983116639,9.99449914302905e-08,"Upregulated"
"MS4A15",-1.94322108903954,1.00440290409424e-07,"Downregulated"
"SCG2",1.46532423445988,1.00536162116724e-07,"Upregulated"
"AC007533.1",3.27073226485975,1.00547593736369e-07,"Upregulated"
"AC004967.1",1.04174399562505,1.0146119091567e-07,"Upregulated"
"MEOX1",-1.18676233007845,1.01693546804273e-07,"Downregulated"
"AC008132.1",2.00473781919293,1.01706347568909e-07,"Upregulated"
"LINC02542",1.26837476502892,1.03162852867246e-07,"Upregulated"
"MAP3K19",-1.60689248754209,1.03517403840405e-07,"Downregulated"
"AC027612.1",2.06419606520872,1.03540513875756e-07,"Upregulated"
"ZAR1L",1.62196908546908,1.03836234970507e-07,"Upregulated"
"BTNL10",1.70816105712811,1.03970285940192e-07,"Upregulated"
"BCL2L2-PABPN1",1.09634881995367,1.04423407519763e-07,"Upregulated"
"AL590068.4",2.14855940342453,1.04939191704088e-07,"Upregulated"
"SAGE1",3.15925896721357,1.05177368401315e-07,"Upregulated"
"OR56A3",4.64433129235684,1.05387592548787e-07,"Upregulated"
"AC079336.2",1.18745959318785,1.05619195028676e-07,"Upregulated"
"NDUFB8P2",1.09537073005952,1.05662790486073e-07,"Upregulated"
"AL590235.2",2.6492702017204,1.05898979405867e-07,"Upregulated"
"AL109840.2",1.1948365528375,1.05994795902358e-07,"Upregulated"
"H2AC19",2.21735562455018,1.06178450565432e-07,"Upregulated"
"U8",4.14945934510896,1.06266364949987e-07,"Upregulated"
"C8orf34-AS1",-1.3731960725811,1.0641871335421e-07,"Downregulated"
"NRAP",1.49762156024951,1.08148649265739e-07,"Upregulated"
"AC004158.1",2.74769595719103,1.08544838355918e-07,"Upregulated"
"HLA-DRB9",-1.06165568779715,1.0864347438667e-07,"Downregulated"
"AC113368.1",-1.99031187683982,1.08865958268759e-07,"Downregulated"
"AP006621.4",1.36162057278854,1.09448027899416e-07,"Upregulated"
"AC110741.1",2.0939590355978,1.09879340352953e-07,"Upregulated"
"CHRNA4",-1.89031663752549,1.09960067188799e-07,"Downregulated"
"AL121929.2",1.51962059681267,1.10145586864901e-07,"Upregulated"
"SNORD69",1.18372246155988,1.10394557207043e-07,"Upregulated"
"AC004951.3",1.07867530194279,1.10430770929905e-07,"Upregulated"
"AL023803.3",1.96405896377164,1.1074770436979e-07,"Upregulated"
"AL513327.2",1.4177529730441,1.11310488523552e-07,"Upregulated"
"IGKV3OR2-5",2.90823574386334,1.11700109194673e-07,"Upregulated"
"AC084855.1",-1.54985935320154,1.11742929221366e-07,"Downregulated"
"ENTHD1",1.34888779563293,1.11799041467277e-07,"Upregulated"
"AC011498.6",1.00988004745535,1.11801300202304e-07,"Upregulated"
"AC146507.3",1.21629298507162,1.12355818880826e-07,"Upregulated"
"SYPL2",-1.06621099873946,1.12404514222987e-07,"Downregulated"
"AC099487.1",3.27688921924727,1.13028189683196e-07,"Upregulated"
"AC008691.1",1.10634655378998,1.13893048930904e-07,"Upregulated"
"ZBTB2P1",-1.03106539640214,1.14474486262307e-07,"Downregulated"
"AC027544.2",1.77157310690797,1.14960777068399e-07,"Upregulated"
"CACHD1",-1.02300102326215,1.15148066342463e-07,"Downregulated"
"PSMD10P1",1.49536998864733,1.15297356529038e-07,"Upregulated"
"LINC02227",1.7498942165874,1.1649585842266e-07,"Upregulated"
"AL590666.5",2.46959066023714,1.17812821979566e-07,"Upregulated"
"AL596442.2",-1.16325073649823,1.18012308800778e-07,"Downregulated"
"TCEAL3-AS1",2.45701477136648,1.18515654970136e-07,"Upregulated"
"TMEM40",1.32393203456421,1.19799434973809e-07,"Upregulated"
"AL353583.1",2.08489755825255,1.19800185130829e-07,"Upregulated"
"Y_RNA",2.11874191884522,1.19898107079209e-07,"Upregulated"
"AC096920.1",-1.21301643688419,1.20346946220136e-07,"Downregulated"
"VSIG2",-1.38200276635487,1.2114764402969e-07,"Downregulated"
"AC005326.1",2.28306416600259,1.21329455995242e-07,"Upregulated"
"TUBB8P1",1.38428572350949,1.22817536702436e-07,"Upregulated"
"RPL12P25",1.00276083198368,1.23694380302909e-07,"Upregulated"
"RNVU1-27",2.03159887878078,1.23721497685906e-07,"Upregulated"
"AC239809.3",1.29189371989187,1.24269216358824e-07,"Upregulated"
"AC092802.1",-1.14616870293171,1.24784295969072e-07,"Downregulated"
"CHIAP1",-2.257440212508,1.24963112831686e-07,"Downregulated"
"MTND6P3",-1.54200492353318,1.24979953583003e-07,"Downregulated"
"IGHV1OR15-1",2.28735570865616,1.25038170555078e-07,"Upregulated"
"GGNBP1",1.26283534516592,1.25538770525748e-07,"Upregulated"
"DNAJB6P7",3.35835574321543,1.26085543078488e-07,"Upregulated"
"AC092573.1",2.30318834621709,1.26639975961116e-07,"Upregulated"
"AC073530.1",3.70952833090023,1.27551702447916e-07,"Upregulated"
"AC096719.1",1.51585408326731,1.27856057186211e-07,"Upregulated"
"AC046158.1",3.13010242363566,1.28131823848983e-07,"Upregulated"
"AC024451.1",2.71453135600319,1.28341282680693e-07,"Upregulated"
"AC013410.2",2.37843727546002,1.28536179692923e-07,"Upregulated"
"AC002377.1",2.84830985884773,1.30070528811804e-07,"Upregulated"
"AC091138.1",2.60802781742469,1.30458941820785e-07,"Upregulated"
"SNORD12C",1.91165896901757,1.31269568796234e-07,"Upregulated"
"SCARNA18",3.40769247678972,1.31829627526647e-07,"Upregulated"
"PLA2G3",-1.52608105625426,1.31874062936122e-07,"Downregulated"
"ADGRF5P1",-1.04004031190741,1.32511166976903e-07,"Downregulated"
"AP000721.2",2.03118586535103,1.32564811972835e-07,"Upregulated"
"MIR548AN",-1.69318974790225,1.32888668791517e-07,"Downregulated"
"AL512326.3",3.45139297460911,1.33462603855276e-07,"Upregulated"
"AC138951.1",1.97729136438934,1.33986160889022e-07,"Upregulated"
"MIR579",2.05261177867307,1.3428575360365e-07,"Upregulated"
"CPN1",4.7539398992387,1.34784273804453e-07,"Upregulated"
"PKNOX2-AS1",-2.02912954539228,1.35113773276682e-07,"Downregulated"
"AC106820.6",1.94167121563804,1.35262356589553e-07,"Upregulated"
"AC105206.3",-1.25832635289996,1.35362085748218e-07,"Downregulated"
"HCN1",2.08846284929074,1.35554776406413e-07,"Upregulated"
"BRWD1-AS1",1.89608030260204,1.37461123816773e-07,"Upregulated"
"MOGAT3",2.99052521460934,1.39324595593404e-07,"Upregulated"
"HERC2P3",-1.15897008347923,1.39585467741927e-07,"Downregulated"
"HNRNPA1P45",2.07218807939756,1.40006087408784e-07,"Upregulated"
"AP005119.2",3.04248864688507,1.40166397556724e-07,"Upregulated"
"BANCR",-1.66175633769531,1.40176054100291e-07,"Downregulated"
"AC113143.2",1.16941353294857,1.402148365433e-07,"Upregulated"
"MYOM3",1.43501779049842,1.40777355971113e-07,"Upregulated"
"AC130371.1",2.20855725735869,1.41448689835755e-07,"Upregulated"
"AC243964.2",2.03515494646977,1.418598351478e-07,"Upregulated"
"AL008633.1",1.70448894032989,1.42597947579626e-07,"Upregulated"
"PABPC1P1",1.55703096637054,1.43231215609941e-07,"Upregulated"
"ZIC3",4.12257632655347,1.43314451515925e-07,"Upregulated"
"LRRC10B",-1.38439784345818,1.4334957684081e-07,"Downregulated"
"IL1B",-1.01263769127263,1.43447232623889e-07,"Downregulated"
"KANK4",-1.28563635130084,1.43501751535086e-07,"Downregulated"
"CHRNG",2.35268521651516,1.44109071497043e-07,"Upregulated"
"SNORA19",2.74857624309784,1.44649420803693e-07,"Upregulated"
"ACKR2",1.33336086456621,1.45373279251899e-07,"Upregulated"
"LINC01697",2.54301644670953,1.45389926835059e-07,"Upregulated"
"AL049828.2",3.75391470751738,1.45391331990477e-07,"Upregulated"
"AC104088.1",3.12028617292221,1.45876525839115e-07,"Upregulated"
"ZNF556",1.68974711169679,1.46103690564459e-07,"Upregulated"
"AC021028.1",1.03848431907561,1.4688491807715e-07,"Upregulated"
"AC073593.2",1.0243484820201,1.48189258378016e-07,"Upregulated"
"AC073365.1",3.92766902413083,1.48521689292033e-07,"Upregulated"
"P3H2-AS1",-1.63909922016278,1.49292501104202e-07,"Downregulated"
"SCART1",1.01774557853205,1.50658477469963e-07,"Upregulated"
"IGKV2D-26",2.51313246859871,1.50975715615168e-07,"Upregulated"
"MRPL45P1",3.58353966372715,1.51034916005315e-07,"Upregulated"
"AL162413.1",3.28740265786711,1.52017765983988e-07,"Upregulated"
"LINC02438",3.69343171837875,1.5256256069999e-07,"Upregulated"
"HAMP",1.2090424587432,1.52610825042161e-07,"Upregulated"
"AP002981.1",2.01128831240147,1.54296779872697e-07,"Upregulated"
"GRM5-AS1",2.20810427600357,1.55144494517206e-07,"Upregulated"
"LCN15",2.99370632405467,1.55624887060858e-07,"Upregulated"
"Y_RNA",2.15660454933996,1.55665068379297e-07,"Upregulated"
"PDZD4",-1.07966940697713,1.55772648030991e-07,"Downregulated"
"LINC02377",4.83866216217374,1.56254298301371e-07,"Upregulated"
"LINC00698",2.21139976122202,1.56510384596259e-07,"Upregulated"
"LINC02598",1.81077796554353,1.57038321538295e-07,"Upregulated"
"TUBB4BP2",2.58013369030014,1.57513342353801e-07,"Upregulated"
"TAF9BP1",2.85999919958912,1.57638896734048e-07,"Upregulated"
"NEK10",-1.25749341355372,1.57643845582925e-07,"Downregulated"
"CFAP74",-1.47934852138628,1.57701068097439e-07,"Downregulated"
"Metazoa_SRP",1.50473764914113,1.58448535993564e-07,"Upregulated"
"SETP5",2.01295644850916,1.58532757470023e-07,"Upregulated"
"AC110048.1",-1.42987406292887,1.59248040951217e-07,"Downregulated"
"AL355076.1",2.21140092084734,1.59473984566677e-07,"Upregulated"
"ALPL",-1.28527540370339,1.60233596953044e-07,"Downregulated"
"SRRM1P3",1.64426446031556,1.60913952982416e-07,"Upregulated"
"PPP1R2P6",1.6391097669723,1.60916048545922e-07,"Upregulated"
"AC011092.3",2.55700415271532,1.61086529180027e-07,"Upregulated"
"AC007255.1",1.51780544928681,1.61346237222434e-07,"Upregulated"
"FAM181A",-1.8267888052655,1.61433022884048e-07,"Downregulated"
"AC093591.2",1.88347440574939,1.6320162917153e-07,"Upregulated"
"AC092168.2",1.97909457549357,1.64125726019657e-07,"Upregulated"
"CASK-AS1",1.40218537807315,1.64181252057116e-07,"Upregulated"
"TAS2R38",3.61506870927439,1.64246810475812e-07,"Upregulated"
"GGT8P",2.41806047340274,1.64390481304919e-07,"Upregulated"
"KNOP1P2",2.03190293048293,1.64390481304919e-07,"Upregulated"
"ELOA2",2.39049060242316,1.64930724959295e-07,"Upregulated"
"AL139819.1",-1.68500844828827,1.658428353936e-07,"Downregulated"
"AC114930.1",2.75829580462101,1.66948466568027e-07,"Upregulated"
"MT1X",-1.00641909023225,1.66960797366737e-07,"Downregulated"
"MATR3",1.04141102998645,1.67191302365339e-07,"Upregulated"
"AC123567.2",2.4795016702884,1.67948711034626e-07,"Upregulated"
"AC093772.1",-1.34054603423457,1.68283291417209e-07,"Downregulated"
"AC145285.3",1.105962742195,1.68675120150186e-07,"Upregulated"
"GGTLC2",-1.49712531017395,1.69378211831283e-07,"Downregulated"
"SNORD19",1.17979785672079,1.69873736111257e-07,"Upregulated"
"PIK3R2",1.06107530450993,1.70112697598236e-07,"Upregulated"
"FDCSP",1.66052555894528,1.71208123196756e-07,"Upregulated"
"Z94721.1",1.01263138465405,1.71521105959589e-07,"Upregulated"
"AC009312.1",-1.40878392561401,1.71874233346796e-07,"Downregulated"
"AC008667.1",2.07595378624295,1.72241474998883e-07,"Upregulated"
"AC092535.4",1.85467386151151,1.73810855210672e-07,"Upregulated"
"U6",1.52153630343677,1.74215183720858e-07,"Upregulated"
"IGHV3-16",2.07071381207006,1.75761991787647e-07,"Upregulated"
"AC008443.2",2.39938798285201,1.75975940865098e-07,"Upregulated"
"RNA5SP154",-1.555843035584,1.76186357880865e-07,"Downregulated"
"AC234781.1",1.66459934490562,1.76381664933079e-07,"Upregulated"
"AC022733.1",1.86552473287732,1.76900413835199e-07,"Upregulated"
"PCP4L1",1.44276629568977,1.77077819602011e-07,"Upregulated"
"AP000859.1",3.23835385768561,1.77879633883843e-07,"Upregulated"
"AC226118.1",1.25848638036335,1.8030011776211e-07,"Upregulated"
"RPS7P14",1.00102807922079,1.8067656094292e-07,"Upregulated"
"CLLU1-AS1",1.96097421760234,1.80926647240093e-07,"Upregulated"
"POLR2KP1",1.63758649149105,1.81434869346561e-07,"Upregulated"
"AL450270.1",-1.99999702193832,1.82144039678824e-07,"Downregulated"
"LINC02487",1.5997900922647,1.83014871344813e-07,"Upregulated"
"RNU5F-1",2.13031071052561,1.84601731016516e-07,"Upregulated"
"LINC02327",3.81388260826608,1.84825471780658e-07,"Upregulated"
"H2AZP4",2.16676082140592,1.85914333242578e-07,"Upregulated"
"GRIA4",1.3864728325306,1.86358358900937e-07,"Upregulated"
"NDUFAB1P1",1.93403833329313,1.8668126119921e-07,"Upregulated"
"NPM1P29",2.18866705298667,1.8758124862581e-07,"Upregulated"
"PIFO",-1.11082227543236,1.87746364447054e-07,"Downregulated"
"AL139147.1",1.97422981154431,1.88634889954906e-07,"Upregulated"
"LINCR-0001",1.43526228929426,1.89471239838933e-07,"Upregulated"
"VN1R48P",1.75324677968658,1.89782511601913e-07,"Upregulated"
"DNAAF3",-1.15377658140342,1.90594496829276e-07,"Downregulated"
"SNORA3B",1.20782922477406,1.91058874708789e-07,"Upregulated"
"AL135784.1",3.34140623260531,1.91455822268367e-07,"Upregulated"
"RPL23AP11",2.84412359312831,1.92700035244867e-07,"Upregulated"
"AL137139.3",-2.18502910314104,1.92748101939107e-07,"Downregulated"
"AC090921.1",1.55715424551534,1.93514462315008e-07,"Upregulated"
"EDDM3A",2.54818685013817,1.93559636187747e-07,"Upregulated"
"AC099811.1",1.86690165746407,1.94472726237688e-07,"Upregulated"
"Y_RNA",2.09288014878898,1.94659537743767e-07,"Upregulated"
"PGAM1P2",-1.65975832635048,1.94851000151731e-07,"Downregulated"
"AC092903.1",2.75237087334194,1.95096297700887e-07,"Upregulated"
"AC004817.3",1.58625773465569,1.96183792246058e-07,"Upregulated"
"CFAP94",-1.13966496075441,1.96290169125005e-07,"Downregulated"
"RNU6-1223P",1.36731773795648,1.96448150176877e-07,"Upregulated"
"RPS17P1",-1.64534401185141,1.96709277811597e-07,"Downregulated"
"MTDHP1",1.16025175383503,1.96778414279911e-07,"Upregulated"
"AC005274.1",-1.27246641196188,1.98017603140871e-07,"Downregulated"
"AL358216.1",2.28608993667659,1.98315776577341e-07,"Upregulated"
"AL138752.1",1.60356885869027,1.98560656817855e-07,"Upregulated"
"KRT16P2",1.65382122376016,1.98943102802138e-07,"Upregulated"
"VCX3A",3.6246524839074,2.00100816554103e-07,"Upregulated"
"BLK",1.24200405710434,2.01654365042887e-07,"Upregulated"
"AL035446.2",-1.31274008180122,2.0166775002378e-07,"Downregulated"
"AC000065.1",2.03167939587921,2.025898198704e-07,"Upregulated"
"IGKV1D-35",2.13384442772368,2.03023014097777e-07,"Upregulated"
"GAPDHP68",1.69763288397955,2.03860686449723e-07,"Upregulated"
"LINC01910",2.62761716747335,2.04155591031654e-07,"Upregulated"
"KCNK15",1.10361043057652,2.05360964263325e-07,"Upregulated"
"LGALS17A",1.46849242528052,2.06093717299552e-07,"Upregulated"
"Y_RNA",2.30528164401344,2.06557249262908e-07,"Upregulated"
"AC091799.1",1.5853384063155,2.06628022454971e-07,"Upregulated"
"LY6G6F",-3.03172352902059,2.07197980579685e-07,"Downregulated"
"AL583810.2",1.19571224728794,2.08093988363721e-07,"Upregulated"
"AC100822.1",3.66165491245267,2.08451615316923e-07,"Upregulated"
"AC015813.8",-2.27871554711456,2.10293381898465e-07,"Downregulated"
"AL713922.2",1.98987351937919,2.10480347048532e-07,"Upregulated"
"SCG5-AS1",2.17879320458005,2.11012673191895e-07,"Upregulated"
"LINC00106",1.03616856330314,2.11267760274433e-07,"Upregulated"
"RPS6KA2-IT1",1.05166553025143,2.12037235585881e-07,"Upregulated"
"CCDC144CP",1.54366020633636,2.12177792115538e-07,"Upregulated"
"MACC1-AS1",2.53635071535239,2.12195681629291e-07,"Upregulated"
"CD1A",1.53692605573112,2.12329142225711e-07,"Upregulated"
"AP000320.1",2.24139203886272,2.13440438303469e-07,"Upregulated"
"CHST6",1.19093713282923,2.1429999968784e-07,"Upregulated"
"DNAH6",-1.27944516997886,2.14979230517275e-07,"Downregulated"
"Z98752.2",2.30133678112555,2.15457954964472e-07,"Upregulated"
"AC092058.1",-1.9151470669065,2.1546218594519e-07,"Downregulated"
"LINC02840",2.77306358051298,2.15927925904884e-07,"Upregulated"
"RAP2CP1",2.83916726006564,2.16087862399572e-07,"Upregulated"
"ANK1",1.2187083165884,2.16627947524604e-07,"Upregulated"
"AC098969.2",-1.22749926708149,2.1674926827858e-07,"Downregulated"
"AC104446.2",1.34965826183127,2.16997754147823e-07,"Upregulated"
"ALDH3A1",1.87944308219369,2.1706513401046e-07,"Upregulated"
"AC078942.1",-1.55428396491354,2.17668489527461e-07,"Downregulated"
"AC093690.1",1.33851918330034,2.18568651993222e-07,"Upregulated"
"AC016559.3",2.29856855098611,2.18801110513754e-07,"Upregulated"
"AC011447.6",1.60729720643212,2.18878995185145e-07,"Upregulated"
"ANTXRL",2.20377438456979,2.19304785023459e-07,"Upregulated"
"AC073320.1",1.54380534453833,2.21425893865179e-07,"Upregulated"
"AL139132.1",1.92287266505089,2.22513553799026e-07,"Upregulated"
"RNA5SP108",1.42806323549395,2.23681941542149e-07,"Upregulated"
"AC011498.3",1.80276727774868,2.25202159975647e-07,"Upregulated"
"AL139130.1",1.96491934045607,2.25366454890875e-07,"Upregulated"
"AC009301.1",2.20501511160367,2.25366454890875e-07,"Upregulated"
"AC090695.1",1.23062066892601,2.2545884497541e-07,"Upregulated"
"INSL6",1.62585649207097,2.26613110979102e-07,"Upregulated"
"HOMER2P1",3.19484344968948,2.26770119852207e-07,"Upregulated"
"AC011825.2",1.34742897316308,2.28043951622292e-07,"Upregulated"
"AP006333.2",2.36220643693167,2.28910269638659e-07,"Upregulated"
"LDLRAD1",-1.51895061961957,2.29748273073108e-07,"Downregulated"
"AC002511.2",2.51257543641264,2.30519203551378e-07,"Upregulated"
"DCDC2",-1.23311307404057,2.30543128162903e-07,"Downregulated"
"BX276092.7",3.57221882833993,2.31129543565615e-07,"Upregulated"
"AC009315.1",1.75501718079567,2.32662254711606e-07,"Upregulated"
"LRRTM1",2.23131508958886,2.33959574447317e-07,"Upregulated"
"H3P16",1.14024805047112,2.35574630527654e-07,"Upregulated"
"FOXO6-AS1",1.26618439527064,2.36040756996377e-07,"Upregulated"
"TH2LCRR",1.26762978017771,2.36401854725581e-07,"Upregulated"
"AL645768.1",2.0977992736048,2.36632111106126e-07,"Upregulated"
"AC096759.2",3.92914072952595,2.36772721142283e-07,"Upregulated"
"NWD2",2.94061553916336,2.37914915995083e-07,"Upregulated"
"AC118553.2",1.15987624147213,2.37967226957131e-07,"Upregulated"
"NIPAL4",1.31558708504991,2.38959238666274e-07,"Upregulated"
"RBFADN",1.18131588555008,2.41077030466514e-07,"Upregulated"
"AC021546.1",-1.38076331691941,2.4108536466058e-07,"Downregulated"
"Y_RNA",1.94565637480666,2.41932024909257e-07,"Upregulated"
"ITGB3",1.11477958463839,2.42730007420361e-07,"Upregulated"
"AC027801.5",1.46811754013133,2.4278582247421e-07,"Upregulated"
"DUXA",-2.52411450238486,2.42799591369719e-07,"Downregulated"
"AC061975.7",1.65795529260594,2.43473188370099e-07,"Upregulated"
"LINC02246",1.45325866636778,2.44491241217251e-07,"Upregulated"
"RN7SL481P",1.29851974056116,2.44651999990755e-07,"Upregulated"
"AC055855.2",1.78316415754014,2.44890404023658e-07,"Upregulated"
"AL365259.1",-1.40562306073704,2.44896211612922e-07,"Downregulated"
"AC114802.1",2.96230547606798,2.44896211612922e-07,"Upregulated"
"AL773545.3",2.05650166635063,2.45050614026883e-07,"Upregulated"
"AL445647.1",4.29664485489651,2.45401371188105e-07,"Upregulated"
"ITGB5-AS1",2.53070835288433,2.47380554626276e-07,"Upregulated"
"AC055854.1",-1.42248745467821,2.50192706907822e-07,"Downregulated"
"IGKV2D-18",2.17350787477905,2.5047409978155e-07,"Upregulated"
"PCSK9",-1.48683971159116,2.5104204698164e-07,"Downregulated"
"AC092574.2",1.89137257182217,2.51054259121913e-07,"Upregulated"
"Y_RNA",1.58401825257076,2.52240754864467e-07,"Upregulated"
"DRC7",-1.48680660326119,2.52298759613066e-07,"Downregulated"
"AC121757.1",1.08259055991309,2.52443080587546e-07,"Upregulated"
"ZP1",1.3202062714506,2.53351796149198e-07,"Upregulated"
"AC243654.2",1.8908608511862,2.54126759048185e-07,"Upregulated"
"IZUMO1",-1.04042961979459,2.54128530794111e-07,"Downregulated"
"AC139720.1",1.83729737618047,2.54227279691818e-07,"Upregulated"
"HPX",1.23482264363554,2.54683975814862e-07,"Upregulated"
"LINC02076",1.66849402310525,2.55325619189354e-07,"Upregulated"
"AC007494.2",2.69487327931107,2.56367531331169e-07,"Upregulated"
"SDAD1-AS1",2.31313515164616,2.56376746244962e-07,"Upregulated"
"AC107050.1",3.47534507989543,2.56418066665532e-07,"Upregulated"
"LINC01694",1.30459067825333,2.56533177225248e-07,"Upregulated"
"C8orf34",-1.12700050028761,2.56941069432542e-07,"Downregulated"
"GLYATL1B",1.93001659064601,2.57320972843702e-07,"Upregulated"
"APOBEC4",-1.85005951921918,2.58267161741517e-07,"Downregulated"
"STMND1",-1.54519392861375,2.59228811034065e-07,"Downregulated"
"KRT18P31",1.63952507435415,2.59528053397665e-07,"Upregulated"
"DGCR6",1.95011627009879,2.60188401914791e-07,"Upregulated"
"AP000662.1",-1.02341766686576,2.60600297202316e-07,"Downregulated"
"COPDA1",1.44192321518416,2.61423529091787e-07,"Upregulated"
"TAS2R13",2.66115713266315,2.61834508380515e-07,"Upregulated"
"AP002008.4",-2.20449987611811,2.62524487002782e-07,"Downregulated"
"AC010327.4",2.57053948666261,2.62602873765453e-07,"Upregulated"
"AC008894.1",-1.98868255932959,2.63556209133368e-07,"Downregulated"
"AL022069.1",1.09679741145771,2.63821358682969e-07,"Upregulated"
"IQCA1",-1.08203393178451,2.64272816812533e-07,"Downregulated"
"AL096677.1",2.88505576175204,2.64770543841104e-07,"Upregulated"
"KNOP1P5",3.53002757175458,2.66444421576177e-07,"Upregulated"
"AC093567.1",-1.13957989886288,2.6722302671396e-07,"Downregulated"
"RN7SL569P",2.56916845548173,2.67242910357494e-07,"Upregulated"
"AC026803.3",1.12194346958314,2.67391654804836e-07,"Upregulated"
"AL606500.1",2.31118171527875,2.70545022049376e-07,"Upregulated"
"KRTAP3-1",2.56088786370379,2.70690313213118e-07,"Upregulated"
"CCDC73",1.21070962141804,2.71166808123091e-07,"Upregulated"
"PRIMA1",-1.51253359542986,2.7176509019964e-07,"Downregulated"
"PNPT1P1",2.40605880249523,2.74258974105076e-07,"Upregulated"
"SPANXB1",3.95241131612766,2.74389469252315e-07,"Upregulated"
"AC124067.2",1.37751439919337,2.75411795601389e-07,"Upregulated"
"DYDC1",-1.85923027186728,2.75545904600645e-07,"Downregulated"
"AC021192.1",-1.55027911432345,2.75857536705818e-07,"Downregulated"
"CCDC181",-1.12022871978784,2.78148183637409e-07,"Downregulated"
"FRMPD4",-1.73513087903867,2.78240397174151e-07,"Downregulated"
"AC121757.2",1.0767417589856,2.7864876870942e-07,"Upregulated"
"AC004551.1",2.01904305494425,2.78654404685186e-07,"Upregulated"
"SLPI",-1.29036423911237,2.78930238534275e-07,"Downregulated"
"NKX2-5",3.42465835665962,2.79604938462021e-07,"Upregulated"
"AC116562.3",1.75878583957267,2.8274200939968e-07,"Upregulated"
"AL033384.1",1.70680695143445,2.84243096506431e-07,"Upregulated"
"AL138693.1",1.69825641403821,2.84859487615228e-07,"Upregulated"
"ADGRA1",-2.0198546374219,2.87617544253793e-07,"Downregulated"
"SNORD13",4.75220136981542,2.87916623431461e-07,"Upregulated"
"PDXP-DT",1.32493826547524,2.89590390110827e-07,"Upregulated"
"SCARNA8",2.17913405757799,2.89802618831498e-07,"Upregulated"
"AC112484.3",1.19340634204067,2.90818660363608e-07,"Upregulated"
"KRT16P3",1.70630483232408,2.91580218124317e-07,"Upregulated"
"LINC02828",-1.12396661924102,2.94013875569306e-07,"Downregulated"
"GPAT2",1.41529853593552,2.95649048857912e-07,"Upregulated"
"CSTA",-1.01396064050927,2.96269470420877e-07,"Downregulated"
"MT-TE",-1.42973248592337,2.96840949939725e-07,"Downregulated"
"MGAM",-1.19474550122739,2.97723656871673e-07,"Downregulated"
"ODC1",1.16275223732589,2.97864888446817e-07,"Upregulated"
"BHMG1",2.23725491554359,2.99613179698169e-07,"Upregulated"
"DNAH12",-1.53552311589858,3.01200148562255e-07,"Downregulated"
"CCDC17",-1.31403233548955,3.03627562195604e-07,"Downregulated"
"AC002558.3",1.89168333655181,3.0421814333406e-07,"Upregulated"
"LINC01735",1.98304448658997,3.04808440102217e-07,"Upregulated"
"AC131182.1",3.03548532767639,3.0513337770257e-07,"Upregulated"
"ST7-OT4",2.69828057816129,3.05269079353224e-07,"Upregulated"
"AL391987.2",1.33109862636055,3.05597608506406e-07,"Upregulated"
"AC099811.5",2.37448540159875,3.07358548709791e-07,"Upregulated"
"AC141557.1",1.27044041522796,3.09094819094887e-07,"Upregulated"
"IGHD3-22",2.17039313593678,3.09370300143109e-07,"Upregulated"
"AC103681.2",-1.26656241306374,3.13076750773863e-07,"Downregulated"
"NME9",-1.10199132759126,3.1380607902554e-07,"Downregulated"
"CFAP298-TCP10L",1.01003069388472,3.13929783885902e-07,"Upregulated"
"IL22RA1",1.29338574917526,3.15638193010367e-07,"Upregulated"
"CCDC60",-1.62547064212999,3.17414928347888e-07,"Downregulated"
"RPL7P50",1.21172785680108,3.18830682470434e-07,"Upregulated"
"VSTM5",1.156129929244,3.20092530590798e-07,"Upregulated"
"SNORA46",3.05454007969568,3.20866378807904e-07,"Upregulated"
"RNU6-915P",2.81794071162286,3.21139017842012e-07,"Upregulated"
"AL445250.1",1.41395374307879,3.21882982279209e-07,"Upregulated"
"PCDHA12",-1.18791012082131,3.24909142942636e-07,"Downregulated"
"AL929091.1",1.46851478570609,3.26140859940198e-07,"Upregulated"
"LINC01099",-1.28079329151953,3.26228093689195e-07,"Downregulated"
"GALNTL6",1.55293988833995,3.26727111588781e-07,"Upregulated"
"AC009137.2",1.56670402344062,3.27228038289856e-07,"Upregulated"
"AC027348.1",-1.21646387900487,3.27556551314031e-07,"Downregulated"
"AC034105.3",3.01430427455633,3.28128604448719e-07,"Upregulated"
"CRLF2",1.33742249243702,3.2819913825685e-07,"Upregulated"
"AC012456.2",1.98717795393262,3.28589296103625e-07,"Upregulated"
"AC007405.1",-1.02876217196263,3.28912115404238e-07,"Downregulated"
"RNU2-22P",1.16268867986302,3.3014991928303e-07,"Upregulated"
"AC010913.1",1.06542018957597,3.31519611619861e-07,"Upregulated"
"AL121829.2",1.87198874701299,3.31519611619861e-07,"Upregulated"
"AC004975.2",1.04247491974669,3.33014416625118e-07,"Upregulated"
"H3P25",1.85912859988373,3.33124978424968e-07,"Upregulated"
"IDH2-DT",2.25596981395292,3.33361379981484e-07,"Upregulated"
"AC174469.1",2.32205928767383,3.33469121219168e-07,"Upregulated"
"MIR1249",1.59329881360813,3.33554791127241e-07,"Upregulated"
"AC010320.4",1.89767402901631,3.35391198905845e-07,"Upregulated"
"ATP5MFP4",1.4128262617128,3.35865785373995e-07,"Upregulated"
"AC005307.1",3.03603101854287,3.38002809582667e-07,"Upregulated"
"ASCL5",1.11142557838997,3.38081491705025e-07,"Upregulated"
"RNU6-1157P",1.3097540684283,3.40808848685385e-07,"Upregulated"
"KCNRG",-1.15602528578281,3.42106370529136e-07,"Downregulated"
"AC093607.1",-2.10281635861954,3.424528330938e-07,"Downregulated"
"CFAP299",-1.65652401594657,3.4266928319053e-07,"Downregulated"
"GAPDHP46",2.39047266745267,3.43614729864629e-07,"Upregulated"
"CALHM3",1.8537841602942,3.44153797111073e-07,"Upregulated"
"AC069503.2",1.62076170044759,3.44737428036547e-07,"Upregulated"
"AL353662.2",2.5224522728751,3.45457565145977e-07,"Upregulated"
"PHBP13",2.04904722697908,3.45918052968085e-07,"Upregulated"
"ILF2P1",2.47749790062741,3.46626917692607e-07,"Upregulated"
"AC099501.1",1.82162174015818,3.47254710607388e-07,"Upregulated"
"LBX1-AS1",-1.12825422723832,3.48390630406587e-07,"Downregulated"
"AC111188.1",-1.62262892274962,3.4867494369491e-07,"Downregulated"
"HHATL-AS1",-2.01399714615541,3.49756047636717e-07,"Downregulated"
"MIR378J",1.08863864329552,3.50006647507952e-07,"Upregulated"
"AL450332.1",-1.4472744246602,3.51961315042773e-07,"Downregulated"
"AC044802.2",1.6163268426296,3.52792243709842e-07,"Upregulated"
"AC108667.2",1.58403770466528,3.52875883562701e-07,"Upregulated"
"AP001610.2",1.3330892591783,3.53978914220538e-07,"Upregulated"
"AC116021.1",1.74190967239749,3.54514798534863e-07,"Upregulated"
"CBLN4",-1.25444634201521,3.55092598601255e-07,"Downregulated"
"PRLH",-2.05620173037365,3.55659148915574e-07,"Downregulated"
"RTL1",3.03759110296898,3.58625716645673e-07,"Upregulated"
"ADAM33",-1.06856882496198,3.58858990224055e-07,"Downregulated"
"AP001160.4",1.03957747037205,3.60232705978142e-07,"Upregulated"
"LINC01917",-1.71083482657218,3.61743360342399e-07,"Downregulated"
"LINC02208",1.79232150195897,3.61892181527048e-07,"Upregulated"
"CDRT15P4",1.31473421965158,3.62050081389392e-07,"Upregulated"
"CLEC12B",-1.19610517025742,3.62138762617567e-07,"Downregulated"
"AC019171.1",2.12279074959564,3.64996427551349e-07,"Upregulated"
"H3C14",2.00291161788036,3.66207668330738e-07,"Upregulated"
"AL353748.2",1.79216173728274,3.67987396351029e-07,"Upregulated"
"AP006248.5",2.00562526687433,3.68280806625728e-07,"Upregulated"
"ANKRD30BP3",2.770747842482,3.69309789420157e-07,"Upregulated"
"NDUFA5P6",3.3744672908127,3.70587155879716e-07,"Upregulated"
"AC022826.1",2.31091280285437,3.70810817872302e-07,"Upregulated"
"SNRPGP5",2.12810382740785,3.71340561484049e-07,"Upregulated"
"GALNT5",-1.01026363544976,3.74989673213637e-07,"Downregulated"
"ERCC8-AS1",1.91344790172453,3.74989673213637e-07,"Upregulated"
"AC022034.3",2.12470170694714,3.75038226921685e-07,"Upregulated"
"AL353576.1",1.39282205344329,3.75228899020207e-07,"Upregulated"
"TMTC1",-1.06401212878388,3.76515859474526e-07,"Downregulated"
"FANCD2OS",1.71745968999715,3.7821816982658e-07,"Upregulated"
"KCNG1",1.41862152610669,3.79448229895072e-07,"Upregulated"
"CTAGE12P",1.85684709451943,3.83746057857749e-07,"Upregulated"
"LINC00881",1.15893317667714,3.85312163649403e-07,"Upregulated"
"PAGE5",2.69741431095945,3.86270752108087e-07,"Upregulated"
"MARCKSL1P1",1.31080157858328,3.87105338152654e-07,"Upregulated"
"KRT8P48",1.20611759656688,3.88086051970458e-07,"Upregulated"
"AC034223.2",3.25166952897238,3.88208854670891e-07,"Upregulated"
"AC010327.5",1.32212504368999,3.89125996320675e-07,"Upregulated"
"AC108136.1",2.570316830672,3.89683217871302e-07,"Upregulated"
"AL589794.2",1.2362583565864,3.90389555980859e-07,"Upregulated"
"LINC02716",-1.05564679041455,3.91059022565339e-07,"Downregulated"
"EYA4",-1.37296894667048,3.91337361489101e-07,"Downregulated"
"AC091179.1",3.4695692538229,3.92510165570674e-07,"Upregulated"
"SNORD11",1.77949107574406,3.92642000251205e-07,"Upregulated"
"AL135838.1",2.17645408675289,3.93585299957265e-07,"Upregulated"
"AC010727.1",2.08907300750297,3.93726492049951e-07,"Upregulated"
"AC079841.2",2.37218258921441,3.94350149312791e-07,"Upregulated"
"AC104260.3",-1.35543411108981,3.96645319026505e-07,"Downregulated"
"AP001046.1",1.71534917145551,4.01091586940347e-07,"Upregulated"
"AC127455.1",1.69392442916467,4.02663969734674e-07,"Upregulated"
"AC126407.1",2.69893510595539,4.02663969734674e-07,"Upregulated"
"HPN",1.02140104947815,4.02833324242898e-07,"Upregulated"
"KRT23",1.8785715621444,4.02845186815901e-07,"Upregulated"
"KRT87P",-1.07653561071788,4.03681488084498e-07,"Downregulated"
"SNORA2A",1.27848449287928,4.03768185744757e-07,"Upregulated"
"FMR1-AS1",1.75681473171446,4.03797377211059e-07,"Upregulated"
"HNRNPA1P40",1.74035960091187,4.04044405084453e-07,"Upregulated"
"TMEM262",1.06109520315799,4.05081417712788e-07,"Upregulated"
"LINC02851",1.86348590890882,4.05574927544458e-07,"Upregulated"
"AC104115.2",1.9034443152137,4.05574927544458e-07,"Upregulated"
"PATE2",2.43748814855029,4.0876928804693e-07,"Upregulated"
"CCL1",1.79859974723739,4.0932107407594e-07,"Upregulated"
"KHDC1L",2.96238445065592,4.0932107407594e-07,"Upregulated"
"AC084876.1",1.27198015856942,4.0932107407594e-07,"Upregulated"
"MIR663AHG",1.59913068859055,4.09421196283043e-07,"Upregulated"
"FTLP6",2.77037606481866,4.11403934943538e-07,"Upregulated"
"HORMAD2",1.55664671407749,4.12204878730818e-07,"Upregulated"
"CRB3P1",-2.30333283004057,4.12321343719127e-07,"Downregulated"
"AC025871.1",2.10156878638726,4.13086594239043e-07,"Upregulated"
"AC092902.4",1.348264355189,4.13153931597549e-07,"Upregulated"
"RN7SL663P",1.29236816855176,4.1362828250682e-07,"Upregulated"
"AC098826.2",3.02754130702835,4.13795925255112e-07,"Upregulated"
"AC134312.3",-2.35415282777812,4.17922147388763e-07,"Downregulated"
"AC023051.1",1.85745916946128,4.188544836542e-07,"Upregulated"
"ZBTB20-AS1",1.49980509875605,4.28535370154095e-07,"Upregulated"
"UTS2R",1.72718851147676,4.28572461196979e-07,"Upregulated"
"GPR52",2.22249757477501,4.30648636309205e-07,"Upregulated"
"MIR429",1.26596330663045,4.32017789264024e-07,"Upregulated"
"AC067930.2",1.10469801495977,4.32829790461282e-07,"Upregulated"
"AC068860.1",1.06607791095166,4.33577112997719e-07,"Upregulated"
"AC105235.1",1.4114541676924,4.33577112997719e-07,"Upregulated"
"AC079848.2",-1.06712583126835,4.33577112997719e-07,"Downregulated"
"SMG1P1",1.2258570661845,4.33897028057623e-07,"Upregulated"
"TM6SF2",1.02600953927869,4.3439441555662e-07,"Upregulated"
"LINC01249",4.06703765838025,4.3550558636255e-07,"Upregulated"
"ZFR2",1.87671053148935,4.35582233268913e-07,"Upregulated"
"AC137695.2",1.78101856127219,4.39130289486267e-07,"Upregulated"
"AC092112.1",1.68107708915697,4.4059425856485e-07,"Upregulated"
"CCL28",1.01511633036004,4.41051111937784e-07,"Upregulated"
"NHS-AS1",2.93300649172439,4.41051111937784e-07,"Upregulated"
"AL109923.1",2.41768555068081,4.42622441017479e-07,"Upregulated"
"PRDM9",3.87088821286654,4.43770277814651e-07,"Upregulated"
"SLC17A4",3.38277033928094,4.44493043519136e-07,"Upregulated"
"KRT8P17",1.94629309908423,4.45636270099559e-07,"Upregulated"
"AP001122.1",1.36368503855859,4.48270901306826e-07,"Upregulated"
"AL133370.2",3.26943042236496,4.48270901306826e-07,"Upregulated"
"CHAD",1.23159108679846,4.48466883598448e-07,"Upregulated"
"FAM181A-AS1",-1.81608725179972,4.48617179931536e-07,"Downregulated"
"MSMB",2.17567448107173,4.52865215221793e-07,"Upregulated"
"AC079601.2",1.40667157834641,4.5426437044993e-07,"Upregulated"
"AC073592.2",1.37505491718025,4.54309379698823e-07,"Upregulated"
"TAAR3P",2.64958446906018,4.55563401398326e-07,"Upregulated"
"AC107308.1",3.1849412152443,4.56750472174866e-07,"Upregulated"
"TDRD12",1.38180984546939,4.5734927988946e-07,"Upregulated"
"NFYAP1",3.16582449772502,4.59252273983466e-07,"Upregulated"
"GABRR3",2.49091639225617,4.59685801319762e-07,"Upregulated"
"KRT17P2",2.091796737329,4.61030972002083e-07,"Upregulated"
"SLC6A7",1.04062363142686,4.62465490071489e-07,"Upregulated"
"AC024884.1",1.74315381258179,4.62899489049603e-07,"Upregulated"
"AL162584.1",3.42369541021371,4.63557860121243e-07,"Upregulated"
"PTH2R",1.55518263566865,4.65805315823339e-07,"Upregulated"
"AL033519.4",-1.41520239162606,4.66934143010258e-07,"Downregulated"
"AL356608.1",-1.30683955071647,4.67436752958095e-07,"Downregulated"
"OPRK1",2.07125893951374,4.70341782588077e-07,"Upregulated"
"AC004980.2",1.04188718551471,4.7663026867714e-07,"Upregulated"
"AC083801.2",3.01671107563077,4.76698756458456e-07,"Upregulated"
"AC078816.1",2.4918479274663,4.77163443299304e-07,"Upregulated"
"RN7SL444P",1.71537525043441,4.80275515153049e-07,"Upregulated"
"AL353753.1",2.26520315479872,4.80569587916245e-07,"Upregulated"
"GTSF1",1.46803100439741,4.82711749472986e-07,"Upregulated"
"AL159169.3",1.36558275615457,4.82885300723656e-07,"Upregulated"
"GRIN3B",-1.20946008311387,4.83299088025572e-07,"Downregulated"
"AC107926.1",2.17363633540577,4.83587687694141e-07,"Upregulated"
"GRM3-AS1",-1.15874070109716,4.8377922048695e-07,"Downregulated"
"CYP2C18",1.54168153537737,4.84264896408902e-07,"Upregulated"
"AC027449.1",-1.18664848562486,4.84614974375973e-07,"Downregulated"
"AL160191.1",-1.89133353088308,4.85794818277599e-07,"Downregulated"
"AC104984.5",2.71989083868684,4.85794818277599e-07,"Upregulated"
"AP001021.3",1.31674453324352,4.86229175128776e-07,"Upregulated"
"AC022973.2",2.82282139297355,4.8817267806982e-07,"Upregulated"
"EFCAB8",1.15046886179189,4.8927939848044e-07,"Upregulated"
"GPC5",-1.43888788807128,4.90424615131331e-07,"Downregulated"
"AL031668.1",2.89097817596271,4.9080950998951e-07,"Upregulated"
"AMPH",1.27071731900276,4.91932744735447e-07,"Upregulated"
"AC011625.1",-1.81307065236547,4.92132014079341e-07,"Downregulated"
"HTR2C",3.12549568042795,4.93510523640229e-07,"Upregulated"
"CACNA1G",1.21631768256664,4.94472502822317e-07,"Upregulated"
"PCBP2-OT1",1.34090310579738,4.9479591526472e-07,"Upregulated"
"LINC01956",3.26988522226167,4.95827901345066e-07,"Upregulated"
"AC024382.1",1.77719475171536,4.96002014384143e-07,"Upregulated"
"Y_RNA",1.99195651764389,4.96836578180087e-07,"Upregulated"
"SNORA80A",4.48072129970814,4.96988679487137e-07,"Upregulated"
"GTF2IRD1P1",1.01835332781801,4.98138456983442e-07,"Upregulated"
"AC006504.1",1.20414127567427,4.98394968463685e-07,"Upregulated"
"CDHR3",-1.4701223867387,4.99275883805663e-07,"Downregulated"
"GAS2L2",-1.47686470342377,4.9948141337605e-07,"Downregulated"
"AC133473.1",1.90709008271328,5.01179631679821e-07,"Upregulated"
"AL358334.2",1.69754098126735,5.01487432378632e-07,"Upregulated"
"SNX6P1",2.18987527466259,5.01663922992852e-07,"Upregulated"
"PDC",1.70696126069657,5.02658091573517e-07,"Upregulated"
"LINC02596",-1.69055066127339,5.04233917978141e-07,"Downregulated"
"XACT",1.26122630224792,5.07029869235542e-07,"Upregulated"
"AL731563.1",2.54318067560218,5.08197033167032e-07,"Upregulated"
"RPS6P12",2.54652499011193,5.13321760618497e-07,"Upregulated"
"AL353588.1",1.24042508338436,5.15156044694231e-07,"Upregulated"
"BBIP1P1",1.70256898569575,5.15504440618948e-07,"Upregulated"
"AL513220.1",-1.86248262708287,5.16363226110805e-07,"Downregulated"
"RPL22P12",1.60873781639293,5.16824570243538e-07,"Upregulated"
"LINC01342",1.55065149605791,5.18169165805992e-07,"Upregulated"
"VDAC1P4",2.82549059217066,5.18177724274506e-07,"Upregulated"
"NKAIN2",1.95627590815233,5.20840674471511e-07,"Upregulated"
"GPR50",3.40849337407796,5.20930831626682e-07,"Upregulated"
"AL035401.1",2.5387675856625,5.2684812216914e-07,"Upregulated"
"RNU6-45P",1.84857764996793,5.28804800357487e-07,"Upregulated"
"AC004223.2",1.85341087744115,5.31053608216057e-07,"Upregulated"
"AL132639.3",1.02388484418781,5.31057862155978e-07,"Upregulated"
"RP1",-1.37913559591375,5.31616430316704e-07,"Downregulated"
"KLHL34",1.50408227935679,5.33857880654437e-07,"Upregulated"
"GOLGA6L7",1.80354317591716,5.37739883439711e-07,"Upregulated"
"OSBPL10-AS1",2.33958770454038,5.38158463018191e-07,"Upregulated"
"FAM198B-AS1",1.04738473821965,5.3952677709857e-07,"Upregulated"
"AC010271.2",1.85143739810094,5.43212075360612e-07,"Upregulated"
"INHBB",1.04897926021959,5.44655251470023e-07,"Upregulated"
"GBX1",2.5866890704769,5.44655251470023e-07,"Upregulated"
"DDX59-AS1",1.24706741326461,5.45849423281109e-07,"Upregulated"
"AC087276.2",1.47216847620087,5.46508592492261e-07,"Upregulated"
"LINC01991",2.0169571929303,5.46778212464249e-07,"Upregulated"
"AC068025.2",2.33405449954378,5.47519438539696e-07,"Upregulated"
"AL121845.4",1.10918240820765,5.49045107762423e-07,"Upregulated"
"CASC11",1.17711664925114,5.49703159217701e-07,"Upregulated"
"AC008278.2",-1.7404949512066,5.51336461464412e-07,"Downregulated"
"PRB4",4.55991521793766,5.52324775101562e-07,"Upregulated"
"AL162574.1",-1.59074661936628,5.53961924512799e-07,"Downregulated"
"RPL7P52",2.0971852523268,5.55845462422983e-07,"Upregulated"
"Z95115.2",1.06522046122517,5.59046918031069e-07,"Upregulated"
"P2RX3",1.18266879588239,5.59317770248151e-07,"Upregulated"
"CAGE1",1.24851805004762,5.60063038888496e-07,"Upregulated"
"CDH20",1.55707187249977,5.62133123082644e-07,"Upregulated"
"CFAP20DC-AS1",2.98122998376956,5.62216358203179e-07,"Upregulated"
"AC106052.1",1.37842170516529,5.63471494250764e-07,"Upregulated"
"CBX5P1",3.08110438429555,5.64607383885008e-07,"Upregulated"
"FBN2",1.28596359828096,5.6539708349279e-07,"Upregulated"
"AP000331.1",1.46162865264881,5.66012255292648e-07,"Upregulated"
"AC010422.4",1.29951093821835,5.66868054291076e-07,"Upregulated"
"ARL4AP5",1.42580684862777,5.67117373650016e-07,"Upregulated"
"LINC02192",2.74284989182078,5.67117373650016e-07,"Upregulated"
"AC093585.1",1.58382860022056,5.68007381651857e-07,"Upregulated"
"SNORA47",2.18441681565829,5.68101823020213e-07,"Upregulated"
"GALR3",2.20062817570531,5.69657790270123e-07,"Upregulated"
"PATE4",2.60121626321948,5.69667193669925e-07,"Upregulated"
"SIAH3",-1.18111255163675,5.70893466828016e-07,"Downregulated"
"AC098591.3",1.43275265424514,5.72332809647286e-07,"Upregulated"
"KLRF2",2.31024585944736,5.74573928655929e-07,"Upregulated"
"AC097460.2",2.46911761020063,5.79869820186099e-07,"Upregulated"
"POLD2P1",2.44697531323873,5.8213021419946e-07,"Upregulated"
"AL355336.1",2.09253391692635,5.82344760912993e-07,"Upregulated"
"AL008718.3",1.4446662587349,5.85423241993638e-07,"Upregulated"
"AL355802.2",2.14952888440958,5.90703315556615e-07,"Upregulated"
"AC004771.1",1.70297503391513,5.9188282659157e-07,"Upregulated"
"AC021236.1",3.52442892809699,5.92062409886527e-07,"Upregulated"
"AL355607.2",2.26561565629396,5.94844815613385e-07,"Upregulated"
"AC011816.1",2.33003565108553,6.02943791664817e-07,"Upregulated"
"AC110285.3",1.31900658831851,6.05577437080346e-07,"Upregulated"
"AC100858.2",1.03993398279683,6.12153315609717e-07,"Upregulated"
"LINC02811",1.51427113345068,6.129832541425e-07,"Upregulated"
"TTLL2",1.27815474995208,6.15580886161568e-07,"Upregulated"
"ZNF350-AS1",1.25674751331033,6.1569540616676e-07,"Upregulated"
"WDR11-AS1",-1.20153420442774,6.16014672230444e-07,"Downregulated"
"DDX39B-AS1",1.41357315511937,6.19638734256855e-07,"Upregulated"
"AC092757.2",1.02191196807643,6.19761729899751e-07,"Upregulated"
"CLSTN2",-1.08314513434553,6.23178768457513e-07,"Downregulated"
"AC099520.1",3.36282917995449,6.24979609094485e-07,"Upregulated"
"AC004865.1",3.5284181166677,6.25709273779623e-07,"Upregulated"
"CYP21A1P",1.18530847861618,6.25955752420448e-07,"Upregulated"
"ALDH1A1",-1.09665578923499,6.27650286838296e-07,"Downregulated"
"SPAG6",-1.597797020225,6.28215446914208e-07,"Downregulated"
"BCRP8",1.53738951741417,6.30813113819318e-07,"Upregulated"
"LINC00336",1.36870073867502,6.31128740896724e-07,"Upregulated"
"AL358178.1",3.40518518870207,6.3120606403796e-07,"Upregulated"
"AL359740.1",2.00922947799177,6.31230268327904e-07,"Upregulated"
"F2RL2",1.26303279870045,6.32560605165033e-07,"Upregulated"
"PKIA-AS1",1.73873775031492,6.34100613696025e-07,"Upregulated"
"PHACTR2-AS1",2.76550571482775,6.35864762224612e-07,"Upregulated"
"LINC02404",3.09685903591315,6.38262976818621e-07,"Upregulated"
"SLX1A-SULT1A3",1.58941425006818,6.3871553150749e-07,"Upregulated"
"AC016831.1",1.27997762611621,6.46462525927292e-07,"Upregulated"
"LINC01781",1.31204596026616,6.47020449602881e-07,"Upregulated"
"CCL26",1.25347495415122,6.47069826741254e-07,"Upregulated"
"PHKBP2",2.83217023677244,6.47331985650785e-07,"Upregulated"
"AC115282.2",2.51946361664663,6.51253947554151e-07,"Upregulated"
"AC074366.1",2.41792765637486,6.52676445138439e-07,"Upregulated"
"LINC02315",2.12283409777544,6.53149654425541e-07,"Upregulated"
"AC012178.1",-2.0121173533246,6.54039889500617e-07,"Downregulated"
"CNDP1",1.368700003322,6.54703806076714e-07,"Upregulated"
"AC008937.2",2.66618195661015,6.54840357486208e-07,"Upregulated"
"MIR126",-1.20844158909729,6.56230405489577e-07,"Downregulated"
"RNU1-67P",1.71114339732611,6.59798124859539e-07,"Upregulated"
"AC093791.1",4.31777431612392,6.6210738330454e-07,"Upregulated"
"TNNT2",1.30568937344197,6.62406433657274e-07,"Upregulated"
"AC022960.2",2.18786287428237,6.62554222433021e-07,"Upregulated"
"TMEM252-DT",-1.86506996447772,6.62983108850647e-07,"Downregulated"
"PPP3R2",-1.53413046292919,6.63945810830795e-07,"Downregulated"
"AL603783.1",1.39339081473881,6.67030762856045e-07,"Upregulated"
"ZBTB46-AS1",2.80754175776923,6.67403368155146e-07,"Upregulated"
"IFNL1",1.78779899434898,6.7036314122281e-07,"Upregulated"
"AP000753.2",2.27842763189604,6.71279028652577e-07,"Upregulated"
"AC078925.3",1.84313495337321,6.73439022380224e-07,"Upregulated"
"WDR45P1",1.09278346492874,6.76636701521578e-07,"Upregulated"
"HSP90B3P",1.33060834942495,6.777262601693e-07,"Upregulated"
"LINC02188",1.86577927035472,6.78132259299259e-07,"Upregulated"
"GNG3",1.13264574861909,6.79279608250865e-07,"Upregulated"
"AC009994.1",1.99233709261842,6.81082227473833e-07,"Upregulated"
"SPATA19",-2.48447678183751,6.82432015642373e-07,"Downregulated"
"AF279873.3",4.23658194021518,6.8416132969276e-07,"Upregulated"
"AC138627.1",1.49403670814743,6.85991923433916e-07,"Upregulated"
"AL669831.4",1.06094574896351,6.90674334910407e-07,"Upregulated"
"C5orf17",2.29411944148381,6.93126929665203e-07,"Upregulated"
"KCNMA1-AS3",2.65504907669193,6.93869446999461e-07,"Upregulated"
"AC022540.1",1.86118325376807,6.9457294463295e-07,"Upregulated"
"LRRC74A",-1.12985126428014,6.9564222853854e-07,"Downregulated"
"AC010632.1",1.60033082966791,6.96135500574967e-07,"Upregulated"
"EPS15-AS1",1.10688425844857,6.96647062184517e-07,"Upregulated"
"COL28A1",1.1904243539493,6.96841198087926e-07,"Upregulated"
"PPP1R27",1.58150332421106,6.99493970331693e-07,"Upregulated"
"AP003467.2",3.55406025576048,6.99493970331693e-07,"Upregulated"
"ARX",1.62688407809781,7.00998489833112e-07,"Upregulated"
"IGLV3-13",1.6936347426232,7.0184219286847e-07,"Upregulated"
"NOS1",-1.77121986381366,7.02561577492288e-07,"Downregulated"
"CYP2B6",2.0423122730753,7.02561577492288e-07,"Upregulated"
"AC090164.2",2.14669915300928,7.0267913301736e-07,"Upregulated"
"RBPJL",1.75659121895954,7.02814168919284e-07,"Upregulated"
"LINC00706",2.3305566250248,7.0365099810445e-07,"Upregulated"
"AL512356.4",1.54345284262253,7.09463897941247e-07,"Upregulated"
"AC010947.1",2.47492235985086,7.09509459294029e-07,"Upregulated"
"VXN",2.05326522824509,7.09687586440497e-07,"Upregulated"
"LINC01714",1.34014060041061,7.11032526340063e-07,"Upregulated"
"OR10G2",2.20233768465382,7.1445317356495e-07,"Upregulated"
"AC008554.1",1.77160927067199,7.14525879923796e-07,"Upregulated"
"AC022296.2",1.76774087170839,7.15456330106482e-07,"Upregulated"
"LINC02290",2.25285919824301,7.16929725727194e-07,"Upregulated"
"SLC26A3",-1.58477338604343,7.20932181587453e-07,"Downregulated"
"AP001264.1",1.74331052317732,7.21990063849004e-07,"Upregulated"
"AC245369.21",2.01889930069503,7.22933774256297e-07,"Upregulated"
"HOXD1",1.41301503621089,7.29299601859624e-07,"Upregulated"
"AC083798.1",1.87633840718997,7.34835502908488e-07,"Upregulated"
"PDZK1IP1",1.03555833422305,7.3571211131772e-07,"Upregulated"
"AC020912.1",1.09548745627745,7.36597231229116e-07,"Upregulated"
"SLC18A2",-1.01900847021946,7.3819940885884e-07,"Downregulated"
"MAGEA9B",5.29962996888852,7.38217669737357e-07,"Upregulated"
"AL357075.3",1.01663921832341,7.41851949975019e-07,"Upregulated"
"AC092943.2",-1.02204727010342,7.42397817292207e-07,"Downregulated"
"AC099050.1",-1.17142113104131,7.46295338038723e-07,"Downregulated"
"MAT1A",1.39635465517617,7.48947952280107e-07,"Upregulated"
"MGAM2",1.79346241580631,7.49055398175742e-07,"Upregulated"
"BNIP3P1",1.09523827139376,7.51495924212664e-07,"Upregulated"
"SF3A3P1",1.91982685095608,7.52425009478049e-07,"Upregulated"
"RNU6-130P",2.48188872478028,7.54165401172039e-07,"Upregulated"
"RN7SL566P",1.27076677567687,7.54764906533724e-07,"Upregulated"
"AC092910.1",3.03315702303567,7.55386599815873e-07,"Upregulated"
"LY6E-DT",1.00618889691489,7.55981459581895e-07,"Upregulated"
"AL022314.1",2.44510208267832,7.56167300052934e-07,"Upregulated"
"AC073534.2",1.19893604268969,7.5801287121223e-07,"Upregulated"
"AC108925.1",1.72131248883896,7.58069833926606e-07,"Upregulated"
"AC040934.1",1.33466863306703,7.59550405869113e-07,"Upregulated"
"KRT72",-1.53626155601617,7.64814579916011e-07,"Downregulated"
"KIF28P",1.24331254211385,7.67195235233769e-07,"Upregulated"
"AL139095.5",1.70888686172455,7.7037197397422e-07,"Upregulated"
"AC007546.2",2.04635913859332,7.72290540522421e-07,"Upregulated"
"LINC01010",-1.11995403668849,7.74148929445836e-07,"Downregulated"
"FAM242C",1.62789854481598,7.74813543786069e-07,"Upregulated"
"AC138393.2",1.70541084299658,7.75083515871774e-07,"Upregulated"
"PRAMENP",1.71272588939468,7.78039438948624e-07,"Upregulated"
"TMEM14EP",2.18382965424862,7.78039438948624e-07,"Upregulated"
"KRT18P15",1.16945904119541,7.80807234296723e-07,"Upregulated"
"AC018445.6",-1.33170676335855,7.83051591885654e-07,"Downregulated"
"AC136759.1",2.83703007039079,7.8616147072801e-07,"Upregulated"
"AC012501.2",3.01848659362021,7.87526116007735e-07,"Upregulated"
"RN7SKP203",5.46451811411835,7.88606194485723e-07,"Upregulated"
"LINC00671",-1.02107515202982,7.9136755064318e-07,"Downregulated"
"RAD51AP2",1.57711856165984,7.93397430583301e-07,"Upregulated"
"AC025442.2",1.13346389831358,7.93976446276174e-07,"Upregulated"
"LINC02397",1.37281849970751,7.94375872713204e-07,"Upregulated"
"AC011595.1",3.09190365624919,7.94990403071605e-07,"Upregulated"
"AP000350.2",1.67503030696813,7.95006093802834e-07,"Upregulated"
"SERPINB3",2.29633243909876,8.00019687754376e-07,"Upregulated"
"IGKV6D-41",2.34824739884118,8.05427039322073e-07,"Upregulated"
"AC005277.2",-1.21955162657178,8.07495352631463e-07,"Downregulated"
"AL133243.1",1.8320991759411,8.11609571976189e-07,"Upregulated"
"MIR4768",1.67957797758516,8.1459121707402e-07,"Upregulated"
"AC005828.2",3.11709031496367,8.16440992991898e-07,"Upregulated"
"TBC1D3B",1.25707985785129,8.17821044735432e-07,"Upregulated"
"LINC02696",-1.1582597481174,8.23565004681042e-07,"Downregulated"
"MAPK4",-1.67118707042133,8.24148279467937e-07,"Downregulated"
"C10orf55",1.01710908626521,8.28348701603511e-07,"Upregulated"
"AC004461.1",1.29371475118748,8.3353013032008e-07,"Upregulated"
"AC079416.2",1.69060340893647,8.33698548678686e-07,"Upregulated"
"RNU6-875P",2.06176923672741,8.35545532246193e-07,"Upregulated"
"NFE2L3P1",1.68828948051797,8.35633704836945e-07,"Upregulated"
"AC025040.1",2.47512662143374,8.38839083016009e-07,"Upregulated"
"TCEA1P4",1.26461125585997,8.39223775208321e-07,"Upregulated"
"PLA1A",-1.00462876393918,8.52619465680712e-07,"Downregulated"
"AC131097.1",2.23187635734393,8.52799964369141e-07,"Upregulated"
"AL365356.1",2.18214747270184,8.53209758395904e-07,"Upregulated"
"KIAA1614-AS1",1.26766392172601,8.53971160688467e-07,"Upregulated"
"ATP6V0E1P2",-1.30716325465983,8.54133563376845e-07,"Downregulated"
"ST3GAL1P1",1.20528461749979,8.61461824452613e-07,"Upregulated"
"AC097532.2",1.50804431447567,8.61981235441309e-07,"Upregulated"
"ADGRL3",-1.17778405791051,8.63124972034609e-07,"Downregulated"
"SLC25A41",1.18774650116535,8.63902440816192e-07,"Upregulated"
"AC008966.3",1.62437099169797,8.67770127080907e-07,"Upregulated"
"CYP2C19",1.67058762412881,8.70258345618138e-07,"Upregulated"
"CHRNA1",1.24269942525879,8.77777186590157e-07,"Upregulated"
"RPS6P22",2.06702849773982,8.79097894085037e-07,"Upregulated"
"MIR4539",1.55682396121294,8.84003718104832e-07,"Upregulated"
"STMN2",1.51865812873171,8.84094628809252e-07,"Upregulated"
"AMER2",-1.9412398454147,8.88276120735862e-07,"Downregulated"
"UBE2D3P3",1.75783614742301,8.90978584298081e-07,"Upregulated"
"CLPS",2.71476160191776,8.92727071948162e-07,"Upregulated"
"MST1L",1.30759703885261,8.94839796106728e-07,"Upregulated"
"KCNJ18",3.78401626893507,8.97475703262734e-07,"Upregulated"
"LINC00637",1.29447547821811,8.98023365426542e-07,"Upregulated"
"RPL18P13",2.04621166085292,8.98156446120179e-07,"Upregulated"
"DCAF4L2",5.37518960253808,9.02609806998483e-07,"Upregulated"
"AC126696.2",2.07049954799777,9.0727618865555e-07,"Upregulated"
"AC040963.1",3.10007804959993,9.10245066112959e-07,"Upregulated"
"AL645504.1",1.57626658160243,9.10314776131096e-07,"Upregulated"
"AL160408.1",1.83450472462937,9.23713761428335e-07,"Upregulated"
"AC012085.1",1.20353042373029,9.24535336885055e-07,"Upregulated"
"GPR158",1.59400495773818,9.25285092238486e-07,"Upregulated"
"SNORA13",1.69014225437633,9.25837606367794e-07,"Upregulated"
"RNA5SP203",1.12320144482264,9.26303714744354e-07,"Upregulated"
"AL078624.1",-2.13194053547581,9.28457414815918e-07,"Downregulated"
"AC022400.2",1.855275460981,9.30531547998862e-07,"Upregulated"
"AC068831.4",2.04797432402346,9.33181101698492e-07,"Upregulated"
"U8",4.22528845665156,9.33599944232612e-07,"Upregulated"
"ZNF101P2",1.91359500130206,9.35669636577449e-07,"Upregulated"
"BNIP3P25",2.63680612414693,9.36622999980703e-07,"Upregulated"
"AL133334.1",2.19617491961727,9.39410175393465e-07,"Upregulated"
"AL358473.2",-2.26670458502972,9.42322811990151e-07,"Downregulated"
"AL365184.1",2.54755953208527,9.4714521847152e-07,"Upregulated"
"RASGRP3-AS1",1.00714505742479,9.5215405842606e-07,"Upregulated"
"AC073326.1",1.62804312432491,9.53491193906495e-07,"Upregulated"
"DSPP",2.69249324713669,9.54177941774822e-07,"Upregulated"
"AL845331.1",1.69348234808668,9.56443806489657e-07,"Upregulated"
"PRSS45P",2.03696738699804,9.62159809777955e-07,"Upregulated"
"MTOR-AS1",3.28464606744082,9.62214870674293e-07,"Upregulated"
"AC090673.1",2.87047175058381,9.68581088220997e-07,"Upregulated"
"UPK1A",1.82964311060813,9.68908848497445e-07,"Upregulated"
"RAPGEF4-AS1",2.58449118749792,9.69272435735208e-07,"Upregulated"
"AC073314.1",1.08261839627717,9.73759823947746e-07,"Upregulated"
"AL133493.2",2.20500364419646,9.75381217595035e-07,"Upregulated"
"CARD11-AS1",2.03975003220354,9.77237613965584e-07,"Upregulated"
"AL590326.1",1.09614052380334,9.83908698283247e-07,"Upregulated"
"AL020995.1",2.24746030711455,9.88230001935555e-07,"Upregulated"
"LINC02443",2.68028331842058,9.89177595153913e-07,"Upregulated"
"AP000786.1",1.11183723468891,9.89956685121118e-07,"Upregulated"
"AC007879.4",1.69445796571553,9.96946511510122e-07,"Upregulated"
"LINC01411",2.53195836801497,9.9937626977663e-07,"Upregulated"
"AC008687.2",1.92368906352037,1.01023406641242e-06,"Upregulated"
"ESPNL",1.15640602673034,1.011057838704e-06,"Upregulated"
"RPS3P2",1.9037099411392,1.01419296745821e-06,"Upregulated"
"AC092839.1",2.33095095008888,1.01799653609513e-06,"Upregulated"
"AC008895.1",1.01496862261078,1.01933543519592e-06,"Upregulated"
"OPRM1",2.1557169396322,1.02267990179326e-06,"Upregulated"
"AP003680.1",1.84749556739476,1.02429399621889e-06,"Upregulated"
"AL132822.1",1.73433559276323,1.03249477736713e-06,"Upregulated"
"RPL7P49",2.3880111142336,1.0328081692418e-06,"Upregulated"
"TAX1BP1-AS1",1.48550709301462,1.03415895423593e-06,"Upregulated"
"AC068580.2",2.3840800637173,1.03467929725434e-06,"Upregulated"
"EIF4BP5",2.62123306646428,1.0411710490585e-06,"Upregulated"
"AP000821.1",-1.99469364176869,1.04935680587528e-06,"Downregulated"
"AC016245.1",2.25131496944272,1.05281898477055e-06,"Upregulated"
"AL590556.2",1.63939047664517,1.05372228249459e-06,"Upregulated"
"C11orf53",2.20390614829019,1.05378019259592e-06,"Upregulated"
"Y_RNA",1.23792229593089,1.05566432996062e-06,"Upregulated"
"Z99755.1",2.34779071796317,1.06062356711041e-06,"Upregulated"
"LINC01143",2.5715768199956,1.06318174596652e-06,"Upregulated"
"SMAD9-IT1",-1.2414827344234,1.07301279896171e-06,"Downregulated"
"GSTCD-AS1",1.6001296926812,1.07482738018429e-06,"Upregulated"
"AC128709.1",-1.56464448743656,1.07492728663187e-06,"Downregulated"
"AC131391.1",2.78280507405251,1.07499778099431e-06,"Upregulated"
"AL354726.1",1.85753892459391,1.07789578271501e-06,"Upregulated"
"RNU6-387P",1.25279515870094,1.07819738593329e-06,"Upregulated"
"AC018978.1",2.88845320401327,1.07926454063815e-06,"Upregulated"
"PAGE2B",3.01668289624803,1.0825826730601e-06,"Upregulated"
"AC078852.1",2.07018138368092,1.0889384255898e-06,"Upregulated"
"NLRP5",3.90190237265463,1.08950400674699e-06,"Upregulated"
"OR5E1P",-2.02194908298375,1.09242594876334e-06,"Downregulated"
"AC104984.3",2.50271397335194,1.10343417889559e-06,"Upregulated"
"MT2P1",-1.09600462104516,1.10462290446243e-06,"Downregulated"
"AL162578.1",2.6242241643103,1.10541386753473e-06,"Upregulated"
"RIMS4",-1.63400792105518,1.10684460484342e-06,"Downregulated"
"GABRE",1.10869269228946,1.10699570285425e-06,"Upregulated"
"ZNF80",1.17747201584538,1.10870184698613e-06,"Upregulated"
"AC087273.2",1.67089267762874,1.11939409487083e-06,"Upregulated"
"AC087742.1",1.1359996584938,1.12347705565785e-06,"Upregulated"
"GRIA2",1.66878916590027,1.12562511646358e-06,"Upregulated"
"SARNP",1.38225410162923,1.1296494160014e-06,"Upregulated"
"AC111170.1",2.01124382604501,1.12981674307474e-06,"Upregulated"
"AC017076.1",1.29506768859396,1.13250397667014e-06,"Upregulated"
"RFPL1S",1.25643608505283,1.13375423433483e-06,"Upregulated"
"TMEM151B",1.93240830542122,1.13401629180268e-06,"Upregulated"
"AL359834.1",1.35268261838441,1.13444197553552e-06,"Upregulated"
"AC025030.1",2.21638937479108,1.13537260903706e-06,"Upregulated"
"CACYBPP1",2.72441153967719,1.13731365969618e-06,"Upregulated"
"MMADHCP2",1.78016530077753,1.13888503178634e-06,"Upregulated"
"RN7SKP255",6.32911915679261,1.14441451566199e-06,"Upregulated"
"AC244472.1",1.53066933468044,1.14600224628821e-06,"Upregulated"
"GAPDHP73",1.55540968475783,1.14733026789605e-06,"Upregulated"
"MTDHP4",2.33275617072862,1.14762182870977e-06,"Upregulated"
"DUX4L9",2.90142852697482,1.14793103698692e-06,"Upregulated"
"RPEL1",1.41698359833577,1.14916577010176e-06,"Upregulated"
"RN7SL116P",3.61544011782788,1.15599001430794e-06,"Upregulated"
"AC078899.4",3.06228026862253,1.15746179088997e-06,"Upregulated"
"AC130456.3",1.16746573316083,1.15774502581021e-06,"Upregulated"
"AC011442.1",1.14099719505044,1.15774502581021e-06,"Upregulated"
"LRRC52-AS1",1.60630112180592,1.15777712431654e-06,"Upregulated"
"IGHV1OR16-4",2.04404791469589,1.16000174487478e-06,"Upregulated"
"AL138733.1",1.83511159005454,1.16082172938976e-06,"Upregulated"
"AC092794.2",1.91028411220477,1.17104445907202e-06,"Upregulated"
"RPSAP13",2.11452003702716,1.1728383844934e-06,"Upregulated"
"DMRT3",1.8731785946815,1.17708538406819e-06,"Upregulated"
"RN7SL280P",2.23674134640144,1.18700584426751e-06,"Upregulated"
"AC006001.1",1.58333419185141,1.19053179774731e-06,"Upregulated"
"SLC16A1",1.03637694411965,1.19353143265446e-06,"Upregulated"
"AC008985.1",1.68668164958228,1.1935795758367e-06,"Upregulated"
"AC087392.2",-1.55829860963031,1.19464247266427e-06,"Downregulated"
"AC016590.2",1.37478694476172,1.19880288421727e-06,"Upregulated"
"LINC01488",-1.48411787870884,1.20290234632738e-06,"Downregulated"
"AC009032.1",1.87742527736336,1.20735255774084e-06,"Upregulated"
"TESC-AS1",2.18648677558923,1.20865879137918e-06,"Upregulated"
"CICP22",1.42537763223263,1.21039849465969e-06,"Upregulated"
"AL358075.2",1.17166458587205,1.21327575036798e-06,"Upregulated"
"SMILR",2.22097992014451,1.21439910432004e-06,"Upregulated"
"STPG2",1.00418544783097,1.21581617982319e-06,"Upregulated"
"TMDD1",1.1002183334086,1.21774723922479e-06,"Upregulated"
"KRT42P",-1.33985282788477,1.22272449935368e-06,"Downregulated"
"IGSF9B",1.20774801537393,1.23002092839874e-06,"Upregulated"
"CDHR4",-1.633557134071,1.24089884044777e-06,"Downregulated"
"AC012625.1",2.03421185083561,1.2464095805189e-06,"Upregulated"
"JARID2-AS1",1.25946901585898,1.2476242919549e-06,"Upregulated"
"AC027796.5",1.41787331841674,1.24814481747535e-06,"Upregulated"
"AC005291.1",2.08910631325501,1.25454736307391e-06,"Upregulated"
"FAM71D",1.18204335530907,1.25871163114176e-06,"Upregulated"
"AC024361.3",1.22454170164798,1.26381382779845e-06,"Upregulated"
"RN7SL15P",1.73595186567408,1.26574468411e-06,"Upregulated"
"AL121917.2",1.18420204136037,1.26806560298369e-06,"Upregulated"
"AC020661.3",2.17887281343168,1.26908475113077e-06,"Upregulated"
"SNORA37",3.26166804658219,1.27103111981471e-06,"Upregulated"
"SCN3A",1.55818345546131,1.28152797723086e-06,"Upregulated"
"ERI3-IT1",1.63807990579314,1.28622844074389e-06,"Upregulated"
"AC063977.2",-1.08645941776305,1.28907074976375e-06,"Downregulated"
"AC078950.1",2.93980785999855,1.29283416061337e-06,"Upregulated"
"TP73-AS3",1.28913932669187,1.31001555063286e-06,"Upregulated"
"RNU6-88P",1.23064847025245,1.31243032255951e-06,"Upregulated"
"HSD17B13",-1.4789752029136,1.31752017016754e-06,"Downregulated"
"TMEM72",1.39847105314931,1.32032191833154e-06,"Upregulated"
"PXT1",1.18392908357448,1.32232583450652e-06,"Upregulated"
"AL035446.1",-1.03644927140238,1.33124921622128e-06,"Downregulated"
"IGLV3-24",2.23071349072022,1.33255458641536e-06,"Upregulated"
"LINC01945",-3.00983275977911,1.33766928024447e-06,"Downregulated"
"IYD",1.38909323663795,1.3377090916647e-06,"Upregulated"
"AC087632.2",1.84785852769704,1.34334902397264e-06,"Upregulated"
"RPS26P49",1.86727057628217,1.35219827121888e-06,"Upregulated"
"DHRS2",1.38354348721756,1.36000000010634e-06,"Upregulated"
"AL096712.2",1.15387924211544,1.36485241319546e-06,"Upregulated"
"AC063976.2",1.22354716580287,1.37656886062056e-06,"Upregulated"
"Z99716.2",1.03732077105045,1.37742258004776e-06,"Upregulated"
"CDH7",1.99967873860144,1.37866465200258e-06,"Upregulated"
"LMNTD1",-1.83647379418069,1.38212544467803e-06,"Downregulated"
"COX6CP2",1.7203565362371,1.38319175824012e-06,"Upregulated"
"HMSD",-1.00199911313612,1.38343048991814e-06,"Downregulated"
"AC011465.1",1.44374939116223,1.38343048991814e-06,"Upregulated"
"AC078906.1",2.03244729088875,1.38778664088264e-06,"Upregulated"
"AC111006.1",-1.79096500563748,1.39424345212667e-06,"Downregulated"
"AL031666.3",1.93247847490671,1.39767067641752e-06,"Upregulated"
"RN7SKP23",1.01559130648072,1.40345749798425e-06,"Upregulated"
"AC008013.1",1.06590244809289,1.40682884854092e-06,"Upregulated"
"AC007279.1",1.21219034528558,1.40772014504637e-06,"Upregulated"
"AL355303.1",2.02437878061375,1.42525856688679e-06,"Upregulated"
"AC006141.1",2.47745199497765,1.43136285659441e-06,"Upregulated"
"IL1A",-1.31457575090584,1.43167482966038e-06,"Downregulated"
"AC092636.1",1.57003946160163,1.43290000863117e-06,"Upregulated"
"AC084783.1",3.77747118379588,1.43773410193621e-06,"Upregulated"
"AL353801.1",1.8011194352576,1.43854049474298e-06,"Upregulated"
"MTND4LP13",2.19574664146129,1.43854049474298e-06,"Upregulated"
"PRDX3P2",1.15068313549298,1.4402216185046e-06,"Upregulated"
"AC092053.3",-1.04835901662891,1.44041165473108e-06,"Downregulated"
"GLRX5P2",1.18346240904153,1.44257961772304e-06,"Upregulated"
"AC005998.1",-2.09247277711053,1.44729150429386e-06,"Downregulated"
"AL845331.2",2.31565531016455,1.44795841752214e-06,"Upregulated"
"RPL12P11",2.08949580543667,1.44985203068766e-06,"Upregulated"
"AL513210.1",2.42682676572681,1.45360420804473e-06,"Upregulated"
"AC004922.1",1.45580391576138,1.45541475640482e-06,"Upregulated"
"LINC01701",2.32589169346101,1.45604685065581e-06,"Upregulated"
"AC106795.3",-1.52914373336799,1.46385546654439e-06,"Downregulated"
"AC008739.6",2.44775320487105,1.46711747608107e-06,"Upregulated"
"AL513485.1",2.42276592311633,1.46923484211484e-06,"Upregulated"
"AF106564.1",2.0900527847885,1.47615494655777e-06,"Upregulated"
"AL161804.1",1.64647942219591,1.47997207333304e-06,"Upregulated"
"AL132709.8",-1.04211296655355,1.48129250518965e-06,"Downregulated"
"SNRPA1P1",1.26273025499174,1.48273021117248e-06,"Upregulated"
"MPRIP-AS1",1.88909966336722,1.48282921369528e-06,"Upregulated"
"AC016727.3",1.61499673787244,1.48598339186277e-06,"Upregulated"
"AC093752.2",1.62785072975954,1.4865945252603e-06,"Upregulated"
"AL359922.3",1.8465026109506,1.50200930972065e-06,"Upregulated"
"AC012513.2",2.22233882948033,1.51514749627801e-06,"Upregulated"
"AL137186.3",1.81953310827903,1.51708265861908e-06,"Upregulated"
"AC107021.1",1.5446493104713,1.52419702538122e-06,"Upregulated"
"POU5F1P4",2.0516984168838,1.52889063928881e-06,"Upregulated"
"TRGC1",-1.07953784796953,1.55196873413833e-06,"Downregulated"
"LINC02395",1.74157631933714,1.55432080813483e-06,"Upregulated"
"EDNRB-AS1",1.48804152951117,1.56397636905196e-06,"Upregulated"
"LYPD2",-1.83388626531297,1.56597412121131e-06,"Downregulated"
"AL121601.2",1.64006685549935,1.56613385402756e-06,"Upregulated"
"CARS1-AS1",1.9728484268424,1.56925397402576e-06,"Upregulated"
"AC108174.1",2.20572492386759,1.58258095711645e-06,"Upregulated"
"AP001120.5",2.56410699678448,1.58532043739299e-06,"Upregulated"
"AL592071.1",1.14423044484731,1.60018687656859e-06,"Upregulated"
"ABCB11",1.347461670383,1.60232763319237e-06,"Upregulated"
"ZBBX",-1.63422114063383,1.60271550836563e-06,"Downregulated"
"CR382285.1",1.7514240795589,1.60492705471156e-06,"Upregulated"
"AC074212.1",1.03923327154329,1.6061026580613e-06,"Upregulated"
"DSCR8",5.10360506027654,1.60776179999964e-06,"Upregulated"
"AC087821.1",2.72185528042199,1.62119354666248e-06,"Upregulated"
"HAP1",1.22435535356542,1.63097079015581e-06,"Upregulated"
"AL121992.3",1.82143791609419,1.63285223152865e-06,"Upregulated"
"PDSS1P1",2.90251088652904,1.6440854277193e-06,"Upregulated"
"RN7SL236P",1.4374441839263,1.65439395406361e-06,"Upregulated"
"AC083967.1",1.90629137587005,1.67406913175786e-06,"Upregulated"
"AC018552.3",2.06411751954072,1.6778938379573e-06,"Upregulated"
"TUBG1P",1.39077306339318,1.67997708102502e-06,"Upregulated"
"AC012186.3",2.25888362615629,1.68034321551715e-06,"Upregulated"
"CHRNB2",1.31911293255757,1.6844891477349e-06,"Upregulated"
"CFTR",-1.24244691013638,1.68466514792061e-06,"Downregulated"
"TENM3",1.01201619805782,1.6862906396721e-06,"Upregulated"
"PA2G4P6",1.33483452689195,1.69325207138164e-06,"Upregulated"
"DNAJB13",1.04225273301138,1.69379144996974e-06,"Upregulated"
"AC092295.1",1.25147336596541,1.69821843745736e-06,"Upregulated"
"PROZ",1.1019587213415,1.70511111649679e-06,"Upregulated"
"TMEM270",1.2911517446334,1.70862139105292e-06,"Upregulated"
"IGLCOR22-1",2.19023865963196,1.70862139105292e-06,"Upregulated"
"RNF113B",2.55686893250568,1.71142108125787e-06,"Upregulated"
"PCDHA4",1.24017256146544,1.71172795063016e-06,"Upregulated"
"SNAP23P1",1.63409238542235,1.71600094104457e-06,"Upregulated"
"OVAAL",2.26973480042898,1.71744349523856e-06,"Upregulated"
"IFNG",1.26104818365252,1.72385175726645e-06,"Upregulated"
"AC126564.1",2.02729450968071,1.7314498588171e-06,"Upregulated"
"AP001781.1",1.56270194335545,1.73732149657338e-06,"Upregulated"
"PHGR1",2.26183826978441,1.74952131096803e-06,"Upregulated"
"AC108075.1",-1.67832737761986,1.75349328027201e-06,"Downregulated"
"AC002059.1",1.0588041252849,1.75571909647443e-06,"Upregulated"
"AC023906.5",1.07385242319007,1.75817925471733e-06,"Upregulated"
"AC104772.1",-1.85980474248923,1.75890299254374e-06,"Downregulated"
"DUTP1",2.10740088411088,1.75955081654564e-06,"Upregulated"
"AL354833.2",1.13757092405894,1.76226336060087e-06,"Upregulated"
"RN7SL394P",2.93487294973252,1.77364143689184e-06,"Upregulated"
"PCK1",2.44046597203258,1.79747856203793e-06,"Upregulated"
"FAM9B",2.22415088550702,1.79845525575233e-06,"Upregulated"
"RN7SL752P",1.3834652401024,1.80052776035135e-06,"Upregulated"
"KNOP1P4",2.22251189248938,1.81186731161008e-06,"Upregulated"
"ARHGEF38-IT1",1.34620153592521,1.81255947950174e-06,"Upregulated"
"BBOX1",1.3591536397867,1.81435231275701e-06,"Upregulated"
"AL031258.1",2.35304411523104,1.81640577294577e-06,"Upregulated"
"THOC7-AS1",2.13604734062854,1.81914613228697e-06,"Upregulated"
"AL157996.1",-1.30493634447721,1.82351373076078e-06,"Downregulated"
"AC105760.1",2.92934406326411,1.83862977057935e-06,"Upregulated"
"HLCS-IT1",1.83957302888081,1.84400886967521e-06,"Upregulated"
"ITPK1P1",1.58011909002882,1.84765972183463e-06,"Upregulated"
"AC087481.1",1.68407686630262,1.8513029289122e-06,"Upregulated"
"AC079163.2",1.89774136040927,1.8513029289122e-06,"Upregulated"
"AL357093.2",-1.50328130063294,1.85190563795043e-06,"Downregulated"
"POU5F1",1.18161242792247,1.85393876302475e-06,"Upregulated"
"LINC02690",2.08583284490556,1.85982789374111e-06,"Upregulated"
"AC007342.6",1.32264475999461,1.86309646229714e-06,"Upregulated"
"AL031667.2",2.3365830314489,1.87006991552529e-06,"Upregulated"
"DAZL",1.68745347986868,1.87252484226117e-06,"Upregulated"
"AL109910.2",-1.51539513589596,1.87931042122731e-06,"Downregulated"
"GUCY2GP",1.9502458732724,1.88438501573704e-06,"Upregulated"
"PLA2G10",1.28841454457158,1.88961135838933e-06,"Upregulated"
"AC117382.2",1.63362753604591,1.88961135838933e-06,"Upregulated"
"CFAP46",-1.37166842878085,1.89127198778384e-06,"Downregulated"
"LINC02555",-1.66909170346896,1.89629386134489e-06,"Downregulated"
"AL583808.1",3.16840739602667,1.90241856919457e-06,"Upregulated"
"AC005534.1",1.12242826329619,1.90413926287524e-06,"Upregulated"
"ERICH5",1.21259782993263,1.91311609509958e-06,"Upregulated"
"AL359697.1",1.04090577186756,1.91322416875666e-06,"Upregulated"
"BX322639.1",1.11414453700493,1.9205246224358e-06,"Upregulated"
"AC006357.1",3.13839912836391,1.9205246224358e-06,"Upregulated"
"LINC01093",-1.32645493412462,1.92253194103175e-06,"Downregulated"
"AL353770.4",-2.15911380660241,1.92443023624976e-06,"Downregulated"
"LMNTD2-AS1",1.08277408741155,1.9260932728761e-06,"Upregulated"
"AC068389.3",3.12042794081405,1.92788850554975e-06,"Upregulated"
"AL132655.2",1.73405241934207,1.93463885058525e-06,"Upregulated"
"PSMA2P2",2.91780292563322,1.94193122217729e-06,"Upregulated"
"AL357093.1",-1.76968942377231,1.95029157096235e-06,"Downregulated"
"CSE1L-AS1",1.50366143722252,1.95844150743241e-06,"Upregulated"
"AC027243.1",2.22229103106766,1.96080701271795e-06,"Upregulated"
"RN7SL192P",1.19884081366789,1.96080701271795e-06,"Upregulated"
"AL162726.3",1.87882404206845,1.96410239570961e-06,"Upregulated"
"AL049830.4",2.56727793074957,1.96558184976386e-06,"Upregulated"
"OTOGL",1.27959348639577,1.96686830470902e-06,"Upregulated"
"AC091153.2",1.85318373122923,1.98449253486825e-06,"Upregulated"
"AC087894.3",2.41057450137312,1.99398168052988e-06,"Upregulated"
"FAM81B",-1.22934264666054,1.9954715845072e-06,"Downregulated"
"LINC01394",-1.1043164556683,2.00603983335336e-06,"Downregulated"
"AC016747.2",1.15638928847153,2.00819306543547e-06,"Upregulated"
"OR7E22P",1.77499345286963,2.01154293652502e-06,"Upregulated"
"NIP7P3",3.22645428637056,2.015804384651e-06,"Upregulated"
"AL392046.1",1.48160205599787,2.02965240379582e-06,"Upregulated"
"AC243965.2",1.02488752072382,2.03350149954032e-06,"Upregulated"
"AC007785.3",1.0335911563084,2.03592474148314e-06,"Upregulated"
"RNU6-242P",-1.49694064915459,2.04591513740968e-06,"Downregulated"
"LINC01139",1.65009852345655,2.05001041087202e-06,"Upregulated"
"AC026401.2",1.68821308979473,2.0506168976001e-06,"Upregulated"
"AC019127.1",3.05412973721754,2.05946748191706e-06,"Upregulated"
"AC087499.2",1.92713621950647,2.05979249682265e-06,"Upregulated"
"MIR554",2.35622914883311,2.06040918353806e-06,"Upregulated"
"RN7SKP161",-1.84102228377925,2.06447444741515e-06,"Downregulated"
"AP003351.1",2.05664044044482,2.06607760990507e-06,"Upregulated"
"AF178030.1",4.00301398196108,2.06842685764116e-06,"Upregulated"
"TMEM151A",1.57893347696518,2.07941620896748e-06,"Upregulated"
"AC023632.1",1.59641775114497,2.08092674712203e-06,"Upregulated"
"SMCR5",1.95379086016263,2.08245077854384e-06,"Upregulated"
"AL133320.2",-2.07846056607943,2.09492948962256e-06,"Downregulated"
"HSPA8P15",1.05275408072311,2.09770719984067e-06,"Upregulated"
"AC100800.1",3.13507278918063,2.10154391862101e-06,"Upregulated"
"LINC00574",1.10701280208926,2.11511692660762e-06,"Upregulated"
"AL451054.1",2.54517373531893,2.11541414566762e-06,"Upregulated"
"CNTNAP5",3.28535526106114,2.1179490637455e-06,"Upregulated"
"LINC01797",-1.47989776417833,2.11996599812463e-06,"Downregulated"
"AC012485.2",2.14011827009084,2.12343764327567e-06,"Upregulated"
"RN7SL736P",3.11693752762268,2.13311926054029e-06,"Upregulated"
"IGHD3-16",1.93438766961719,2.13635056575632e-06,"Upregulated"
"AC084048.1",1.62183807500541,2.13783757377033e-06,"Upregulated"
"INHBC",1.115563975531,2.13867422111492e-06,"Upregulated"
"CT62",-1.18105448729764,2.13990459475357e-06,"Downregulated"
"AC020891.3",2.20736697861273,2.14084102794048e-06,"Upregulated"
"LINC01579",1.43044344934077,2.14798698992041e-06,"Upregulated"
"CYP1A1",-2.5480237955891,2.14815913498177e-06,"Downregulated"
"CNN2P1",1.06261222478627,2.14815913498177e-06,"Upregulated"
"MS4A8",-1.72814091723834,2.16467700619354e-06,"Downregulated"
"LYPLA1P3",1.1987820725789,2.16606834184184e-06,"Upregulated"
"AL162724.1",1.74415248682557,2.17119111555771e-06,"Upregulated"
"FDX1P1",1.93784788026357,2.17255128451291e-06,"Upregulated"
"WNT11",-1.02987259926852,2.17620761604324e-06,"Downregulated"
"BTBD10P2",1.13912895382282,2.18291802066495e-06,"Upregulated"
"AC104852.1",2.27473860670402,2.18368592480779e-06,"Upregulated"
"RNU6-431P",1.36493394272856,2.20164627902429e-06,"Upregulated"
"AL023803.1",1.64851365989406,2.21304462044493e-06,"Upregulated"
"Z98885.3",1.12155030845006,2.21792471480036e-06,"Upregulated"
"LINC01700",-1.38508966490972,2.21850641665729e-06,"Downregulated"
"GAPDHP38",1.01734906647162,2.21850641665729e-06,"Upregulated"
"TRPC2",-1.0682278195331,2.219813367835e-06,"Downregulated"
"H4C15",2.06712608577584,2.22823571991538e-06,"Upregulated"
"AC132807.2",3.30798146635187,2.2514578389176e-06,"Upregulated"
"RNU6-890P",2.22759975685493,2.2521720800713e-06,"Upregulated"
"AC009432.2",2.04675873492199,2.25467724219816e-06,"Upregulated"
"BCL9P1",-1.87094516574504,2.25531274826115e-06,"Downregulated"
"AC007906.2",-1.36365625351684,2.25620657605023e-06,"Downregulated"
"AC027018.1",2.45246452077178,2.26872212895937e-06,"Upregulated"
"H4C13",4.5136231851988,2.27305642841282e-06,"Upregulated"
"NEAT1",1.08361359819069,2.276285415298e-06,"Upregulated"
"AQP5",1.68830869009356,2.27739438957684e-06,"Upregulated"
"AC104561.2",1.23791975890017,2.27881080297504e-06,"Upregulated"
"SCAANT1",1.07581760355083,2.28635976689892e-06,"Upregulated"
"AL360093.1",1.5671326828384,2.29016186790816e-06,"Upregulated"
"SNORA80D",1.80726275943373,2.29441367758597e-06,"Upregulated"
"AC011479.2",1.03369325199442,2.30449374092196e-06,"Upregulated"
"AC100782.1",2.45385401557434,2.30633125517848e-06,"Upregulated"
"AL022069.2",1.07010400244392,2.3108043353303e-06,"Upregulated"
"RPS10P16",1.0890738113172,2.31591433176454e-06,"Upregulated"
"RN7SL395P",2.0107975910516,2.32006122408584e-06,"Upregulated"
"AC093817.1",2.48553642706383,2.32006122408584e-06,"Upregulated"
"AC023202.1",1.73887411143174,2.32006122408584e-06,"Upregulated"
"AC080129.1",2.85141818138221,2.32273549637383e-06,"Upregulated"
"AC091868.2",2.15046775596866,2.32348400313117e-06,"Upregulated"
"TAS2R15P",1.0987829806514,2.33571149928477e-06,"Upregulated"
"MUCL1",1.79135276931255,2.33801885283502e-06,"Upregulated"
"AC003986.2",2.20749440383518,2.3408530232294e-06,"Upregulated"
"ZNF750",1.07930442526494,2.34151211776149e-06,"Upregulated"
"RNA5SP29",1.92245136156384,2.35729853761988e-06,"Upregulated"
"AC093844.1",2.83256204321243,2.36377903415527e-06,"Upregulated"
"KRT17P1",1.84909164533676,2.3697963843751e-06,"Upregulated"
"FER1L6-AS2",2.80863365986974,2.37048325615687e-06,"Upregulated"
"LINC01206",1.89713035203013,2.37898543733861e-06,"Upregulated"
"LINC00412",1.28775984205623,2.380416838704e-06,"Upregulated"
"LINC01634",1.88170564340764,2.38091812729235e-06,"Upregulated"
"AC018628.2",1.98691644306462,2.38806268181692e-06,"Upregulated"
"AL591686.2",-1.33551137657417,2.38866306448526e-06,"Downregulated"
"AL008721.1",2.38647330905379,2.39730312895286e-06,"Upregulated"
"LINC01730",1.09043928706818,2.40394750496511e-06,"Upregulated"
"AC112176.1",2.64316455228176,2.40938823407438e-06,"Upregulated"
"AC005828.6",1.41768434870239,2.41156001701977e-06,"Upregulated"
"AC007431.3",2.51272299934841,2.42957507979333e-06,"Upregulated"
"RNF2P1",1.89120052061454,2.42969136128168e-06,"Upregulated"
"AC093484.1",-1.14600168715532,2.45284247355955e-06,"Downregulated"
"GAPDHP69",1.54838350657359,2.46452519780194e-06,"Upregulated"
"ARID3C",1.27561720339696,2.46605296059803e-06,"Upregulated"
"CCDC78",-1.09731235002312,2.46808203501039e-06,"Downregulated"
"ANKRD20A18P",1.96643175892622,2.46927654232117e-06,"Upregulated"
"HSD17B2",1.56412370818144,2.47459267808904e-06,"Upregulated"
"TYRO3P",1.66436960813647,2.4760700667499e-06,"Upregulated"
"AC108704.2",1.01559613108973,2.48117107854065e-06,"Upregulated"
"AC006058.1",-1.28186362767685,2.48153821613974e-06,"Downregulated"
"UTF1",-1.32535299977685,2.48342061544988e-06,"Downregulated"
"RNU6-122P",3.14389414092414,2.49033025225701e-06,"Upregulated"
"AP000696.2",1.70597141383916,2.50148768991123e-06,"Upregulated"
"AL158801.1",2.20125441575882,2.5015557180346e-06,"Upregulated"
"B3GALT5",1.64249015410797,2.50794934643128e-06,"Upregulated"
"AL121790.2",-1.51436598504937,2.51440075016185e-06,"Downregulated"
"AC022819.1",1.02848416227582,2.51652174739822e-06,"Upregulated"
"TUBA3C",4.85025379711107,2.53592612323952e-06,"Upregulated"
"RNU6-583P",1.82278279742629,2.53673421214669e-06,"Upregulated"
"AC009403.2",1.1201167105508,2.54349359359108e-06,"Upregulated"
"ZDHHC8P1",1.1131163887532,2.56010501238932e-06,"Upregulated"
"AC067945.3",2.49467395874116,2.56223759229941e-06,"Upregulated"
"AL356320.2",2.71780087723562,2.57811236898287e-06,"Upregulated"
"AL022098.1",-1.23967218847097,2.58654172132854e-06,"Downregulated"
"NOVA1",1.2212039825294,2.58748188472423e-06,"Upregulated"
"AC002563.1",1.6051950654394,2.58748188472423e-06,"Upregulated"
"AC025211.1",2.84164867194338,2.5877857031209e-06,"Upregulated"
"SNORA9B",1.16247767607542,2.59249052115099e-06,"Upregulated"
"LINC01934",1.03273110255435,2.59293217665177e-06,"Upregulated"
"AL645949.1",1.51190057923614,2.59336642932088e-06,"Upregulated"
"NKX6-3",1.96363536309358,2.60138671441486e-06,"Upregulated"
"BIRC6-AS2",1.30148466169935,2.60417235419715e-06,"Upregulated"
"AL049874.1",2.06969639123406,2.6076613979826e-06,"Upregulated"
"AL049874.2",1.71238700352902,2.60835659172365e-06,"Upregulated"
"AC006427.2",2.11710821208717,2.61860010630475e-06,"Upregulated"
"Z69720.2",1.40895614766803,2.61961072277356e-06,"Upregulated"
"METTL21C",-1.51067759549597,2.61988549890626e-06,"Downregulated"
"PCDHA11",1.02942431636292,2.63935230125821e-06,"Upregulated"
"C8orf17",2.67207300734002,2.64046994874163e-06,"Upregulated"
"AC009554.1",2.6629121629794,2.66249992448964e-06,"Upregulated"
"AL160191.3",-1.81937816467294,2.67025833613946e-06,"Downregulated"
"MLLT10P1",1.12063936666164,2.682449460562e-06,"Upregulated"
"AL117328.1",1.07436508214442,2.68341870130294e-06,"Upregulated"
"LINC01543",1.7171703840278,2.68373335511177e-06,"Upregulated"
"HNRNPA1P76",2.50320019817264,2.6908333055815e-06,"Upregulated"
"RN7SL732P",3.50461380619635,2.69545072590859e-06,"Upregulated"
"AC124856.1",1.83143131093164,2.70418644661721e-06,"Upregulated"
"WFDC13",1.35357411928967,2.71452204243608e-06,"Upregulated"
"AC011287.2",2.91203755729734,2.71967798824939e-06,"Upregulated"
"AC018557.2",1.61216459127635,2.72141114311779e-06,"Upregulated"
"AC135012.2",-1.57879446682095,2.72981616985857e-06,"Downregulated"
"AC134981.1",2.14019263771524,2.73142496234518e-06,"Upregulated"
"AL137157.1",1.09665199386994,2.73353234826324e-06,"Upregulated"
"POU4F3",1.17498872774209,2.73378264508354e-06,"Upregulated"
"AC010641.2",1.68544037428486,2.74024649064724e-06,"Upregulated"
"SCARNA9",2.04809917616241,2.74108821774799e-06,"Upregulated"
"IMPDH1P6",1.32939156265302,2.74778419109956e-06,"Upregulated"
"PSG1",4.11427578786555,2.74963512194669e-06,"Upregulated"
"WT1-AS",1.69318787865585,2.77445859817879e-06,"Upregulated"
"AC108102.1",2.9375927924216,2.77650098564381e-06,"Upregulated"
"ZNF29P",2.01685800445764,2.8257787818705e-06,"Upregulated"
"TEX49",-1.65190041404148,2.82974050282068e-06,"Downregulated"
"IGKV1OR9-1",2.25059490309174,2.83122665020695e-06,"Upregulated"
"H1-1",4.20990079872357,2.83522605074195e-06,"Upregulated"
"KRT36",1.22652993124885,2.84292705485084e-06,"Upregulated"
"AC097467.3",2.00432301387905,2.85043688283965e-06,"Upregulated"
"LINC02484",5.06708321450084,2.86529445477349e-06,"Upregulated"
"CKS1BP2",2.40589258403427,2.88696666931516e-06,"Upregulated"
"ELOCP31",2.08413553048326,2.89033828298331e-06,"Upregulated"
"AC099845.1",2.48535776971661,2.89610397838275e-06,"Upregulated"
"AC005052.1",1.41443031040358,2.89905494772028e-06,"Upregulated"
"AC007848.2",2.73801867741828,2.90218812212364e-06,"Upregulated"
"PSORS1C3",1.59975759191649,2.90854019168467e-06,"Upregulated"
"MIR8067",2.57667411318742,2.91231397524155e-06,"Upregulated"
"TYRP1",-1.10928963770306,2.9163667181293e-06,"Downregulated"
"AC068587.2",-1.19826555334049,2.92599042109051e-06,"Downregulated"
"AC090286.3",1.26574066624027,2.9310196527478e-06,"Upregulated"
"PAGE1",3.7306445736093,2.94784307458008e-06,"Upregulated"
"MTND4P20",2.0101477705335,2.95577771878896e-06,"Upregulated"
"PPP1R9A-AS1",2.55864976730768,2.95684917339267e-06,"Upregulated"
"TXNDC12-AS1",1.86788987747666,2.95711411755443e-06,"Upregulated"
"BX005040.1",-2.29732998448715,2.95849717970197e-06,"Downregulated"
"RTRAFP1",2.87592756531785,2.9585104619202e-06,"Upregulated"
"PHF5GP",2.56270532667397,2.97417081310792e-06,"Upregulated"
"AC073592.8",1.91136117886419,2.97698371961291e-06,"Upregulated"
"IQUB",-1.00972900241995,2.97958012882535e-06,"Downregulated"
"AC006042.2",1.07123501622864,2.98684723939147e-06,"Upregulated"
"LINC00158",1.30975154692849,3.00452628410764e-06,"Upregulated"
"AC090772.2",2.3957132046398,3.00551454340291e-06,"Upregulated"
"PGK1P1",1.04407566833633,3.01124886260173e-06,"Upregulated"
"TRBV23-1",1.44210306170369,3.04246289077983e-06,"Upregulated"
"SALL4P7",2.33675907863547,3.06689404609962e-06,"Upregulated"
"AC012213.2",1.21922479821779,3.06689404609962e-06,"Upregulated"
"AC022164.1",-1.05947334210884,3.06951421657989e-06,"Downregulated"
"SLC22A8",-2.23799799133602,3.08064218003585e-06,"Downregulated"
"MMP20",2.5234499523147,3.09249459757316e-06,"Upregulated"
"RN7SKP106",2.66669160454121,3.09427390116689e-06,"Upregulated"
"EDRF1-AS1",1.17734719510053,3.09620859276778e-06,"Upregulated"
"AP003393.1",-1.37423512769111,3.09907527051884e-06,"Downregulated"
"AL359880.1",2.26316164950424,3.09907527051884e-06,"Upregulated"
"AC110795.1",1.83165803721171,3.10985231631419e-06,"Upregulated"
"Y_RNA",1.73675692676374,3.12065001306565e-06,"Upregulated"
"AL136372.2",5.33930700759428,3.12694939234166e-06,"Upregulated"
"AC073115.2",1.33433703705199,3.12699780751475e-06,"Upregulated"
"PLCH1-AS2",1.92527754033331,3.13470191333289e-06,"Upregulated"
"AC091182.2",1.8321640264656,3.14321136758572e-06,"Upregulated"
"AP005262.1",2.22494254101046,3.15939531208812e-06,"Upregulated"
"AC124276.2",1.99030464039101,3.15973066024503e-06,"Upregulated"
"Y_RNA",1.25749688755487,3.16120156627052e-06,"Upregulated"
"LMNB1-DT",1.75401252058094,3.17063544510712e-06,"Upregulated"
"AL031710.1",2.0434909752462,3.1796640853219e-06,"Upregulated"
"FDPSP2",1.87381602022663,3.1806311260712e-06,"Upregulated"
"ARL4AP4",1.41355379810363,3.18301303750376e-06,"Upregulated"
"AC106712.1",1.66668589070179,3.18301303750376e-06,"Upregulated"
"AL121935.2",1.41937489896541,3.18828053479845e-06,"Upregulated"
"FAM230I",1.9584424493764,3.18935968829738e-06,"Upregulated"
"AC067863.2",2.29019277359207,3.19489449470707e-06,"Upregulated"
"AC079140.5",1.98380092688859,3.22580182970315e-06,"Upregulated"
"XXYLT1-AS1",1.85923777222401,3.23312330176875e-06,"Upregulated"
"FP671120.7",1.17737310612268,3.23542289333187e-06,"Upregulated"
"AC009060.1",2.2452393707903,3.25219999788838e-06,"Upregulated"
"SPINK5",1.41555933314059,3.26327260113077e-06,"Upregulated"
"LINC02267",4.50874438525005,3.26327260113077e-06,"Upregulated"
"LINC01361",1.92210269373979,3.26797040014356e-06,"Upregulated"
"AC037487.3",1.2867667069215,3.28668270045298e-06,"Upregulated"
"AC087783.1",2.18170622951045,3.29384647500388e-06,"Upregulated"
"AL589986.2",2.29140401577284,3.29820954798693e-06,"Upregulated"
"AL109984.1",1.24189187527607,3.31999879955933e-06,"Upregulated"
"KHDRBS2-OT1",-1.50383431131633,3.36578963979174e-06,"Downregulated"
"AL353804.2",1.37834767816748,3.36578963979174e-06,"Upregulated"
"AC087289.1",1.19005568310288,3.37069743258039e-06,"Upregulated"
"SLC30A3",1.25512184092924,3.37126463439384e-06,"Upregulated"
"AL590627.1",1.12216342237593,3.38019681079432e-06,"Upregulated"
"DDX43P3",3.1340255237034,3.38358034758196e-06,"Upregulated"
"DNAJB3",3.1036194457298,3.39159183153984e-06,"Upregulated"
"RNU6-126P",2.32160695481154,3.40583364814745e-06,"Upregulated"
"SYTL5",1.21101684278139,3.41043157534071e-06,"Upregulated"
"XIAPP2",2.4966489707697,3.42721189766964e-06,"Upregulated"
"LINC01456",3.88559183123132,3.44051173298616e-06,"Upregulated"
"AGGF1P3",1.96834825289874,3.45078960859134e-06,"Upregulated"
"LINC00609",2.25058764005566,3.45631193830866e-06,"Upregulated"
"LINC01732",-1.3766406973196,3.46380324380221e-06,"Downregulated"
"AC245884.10",1.72746811865127,3.47991870155747e-06,"Upregulated"
"ZNF114-AS1",2.22189174827231,3.48684935829596e-06,"Upregulated"
"NCLP1",1.10135510865938,3.4938090381582e-06,"Upregulated"
"AC007387.2",1.65167762042068,3.50671538388497e-06,"Upregulated"
"AC068724.4",1.60831847331067,3.50976483019346e-06,"Upregulated"
"BASP1-AS1",1.28722186738415,3.51354242010418e-06,"Upregulated"
"AC112178.1",3.46066053864716,3.51354242010418e-06,"Upregulated"
"AP003354.1",1.55342390616297,3.52941120149454e-06,"Upregulated"
"TEX35",1.85521200196335,3.54191734923392e-06,"Upregulated"
"IGHV8-51-1",2.1296122605784,3.54756126125556e-06,"Upregulated"
"AL163534.1",-1.04222316825512,3.56219703587713e-06,"Downregulated"
"AC005599.1",1.87204907501853,3.57924891007923e-06,"Upregulated"
"AL121835.2",1.70107374071296,3.58017252556343e-06,"Upregulated"
"CCDC114",-1.08647227226739,3.58499242303507e-06,"Downregulated"
"AL022318.1",2.0424392710201,3.5867080464019e-06,"Upregulated"
"AC069218.1",1.00264445319302,3.61520700199161e-06,"Upregulated"
"AC124069.1",2.36442884763409,3.63180115250902e-06,"Upregulated"
"PAK5",-1.60099166673031,3.6354264377584e-06,"Downregulated"
"KLRG2",-1.13699920471864,3.63634922206753e-06,"Downregulated"
"PLPPR3",-1.32256665741071,3.64675188757575e-06,"Downregulated"
"PART1",1.957189676291,3.65764756524101e-06,"Upregulated"
"WFDC12",-1.82175668817738,3.66260682902942e-06,"Downregulated"
"AP000757.1",1.26212622915086,3.66322678651653e-06,"Upregulated"
"AL445531.1",2.17911516629314,3.67417688558775e-06,"Upregulated"
"AL121759.1",2.26876206815314,3.68496474551706e-06,"Upregulated"
"AC092120.2",2.62885835596576,3.69071660585441e-06,"Upregulated"
"Z98749.1",2.62888464632377,3.7252954566197e-06,"Upregulated"
"AL627308.1",2.72413629802135,3.7677245334389e-06,"Upregulated"
"NTN3",1.23409252346794,3.77960792706179e-06,"Upregulated"
"AC091132.3",1.72574376559482,3.80118578814335e-06,"Upregulated"
"AL353697.1",1.66041518623389,3.813335154578e-06,"Upregulated"
"AC079416.3",2.04120561268042,3.84481995389224e-06,"Upregulated"
"AC100810.7",-1.34052353573052,3.85143107486392e-06,"Downregulated"
"AC126773.5",2.12520761993027,3.85518337159749e-06,"Upregulated"
"CLEC3A",3.30857670803917,3.87444065705343e-06,"Upregulated"
"RN7SL296P",3.53186044069393,3.87444065705343e-06,"Upregulated"
"PPIAP42",1.13008786512592,3.88561256192643e-06,"Upregulated"
"MIR4530",-1.53932455679219,3.90274852473971e-06,"Downregulated"
"MT-TM",1.69209989387037,3.90351859762224e-06,"Upregulated"
"AC109446.3",2.41774954425939,3.91877784616724e-06,"Upregulated"
"AC027801.4",1.91836033195565,3.93142510354052e-06,"Upregulated"
"AC006330.1",1.00227160726776,3.93532595031368e-06,"Upregulated"
"AC073569.1",2.43144632160944,3.97652398883891e-06,"Upregulated"
"AC016027.2",1.88500118333834,3.9770854455147e-06,"Upregulated"
"CCDC33",-1.29995658959686,4.00108128637605e-06,"Downregulated"
"SHLD2P2",2.21172820111361,4.01084263756166e-06,"Upregulated"
"CSAG2",3.70940392336307,4.01084263756166e-06,"Upregulated"
"RPL7P42",1.77806310743883,4.02844863353114e-06,"Upregulated"
"AF127577.2",2.27229139579697,4.04632437019406e-06,"Upregulated"
"KRT39",1.27236613808643,4.05960101062838e-06,"Upregulated"
"AC108751.4",1.83743650460166,4.05960101062838e-06,"Upregulated"
"LYZ",-1.03564797373889,4.06899820145791e-06,"Downregulated"
"AL022323.2",2.22166618993569,4.07465708137902e-06,"Upregulated"
"AL513174.1",1.29075325667876,4.09549855774969e-06,"Upregulated"
"AL590632.1",3.54111256350307,4.10491291976637e-06,"Upregulated"
"BRWD1P3",3.07439740540368,4.10549837585535e-06,"Upregulated"
"Y_RNA",-1.32313052143194,4.11525026122611e-06,"Downregulated"
"AC012485.3",1.30207463072449,4.11649370729898e-06,"Upregulated"
"AC007919.1",1.95629165543176,4.12232725291014e-06,"Upregulated"
"KCNJ13",2.18274609845339,4.14175221588376e-06,"Upregulated"
"AC099494.3",2.66473004389341,4.17475392279152e-06,"Upregulated"
"IFITM3P5",1.76827537138939,4.1762798370767e-06,"Upregulated"
"PHF21B",1.45480020767705,4.17722342853977e-06,"Upregulated"
"AC099677.3",2.20323320132871,4.20152608898413e-06,"Upregulated"
"AC008149.2",1.33847604677022,4.20339830818466e-06,"Upregulated"
"CSNK1A1P1",1.88747521240189,4.21745101665112e-06,"Upregulated"
"AC117834.1",1.83162765252342,4.2220695117554e-06,"Upregulated"
"AC035140.1",-1.37794028330558,4.22392568927668e-06,"Downregulated"
"KRR1P1",1.21044536073807,4.22693749023955e-06,"Upregulated"
"RNU6-834P",1.66147331849076,4.24180084722765e-06,"Upregulated"
"AC024560.5",2.0406023394231,4.24180084722765e-06,"Upregulated"
"AC108159.1",2.58161487158404,4.26248879307584e-06,"Upregulated"
"CNR2",1.09081544122727,4.26921052169968e-06,"Upregulated"
"RN7SL513P",2.62657837518625,4.2754837129067e-06,"Upregulated"
"RPL7AP22",1.45778720832577,4.30218430566934e-06,"Upregulated"
"CGB8",3.24334739488797,4.30437641254186e-06,"Upregulated"
"AL589182.1",3.25232610693783,4.30437641254186e-06,"Upregulated"
"AL031674.1",2.1755134545326,4.31552117326052e-06,"Upregulated"
"AC104982.2",2.99772203418533,4.35261472913255e-06,"Upregulated"
"AC105339.5",1.26046205253733,4.36590724692529e-06,"Upregulated"
"LINC01695",1.75711693576411,4.37890175786849e-06,"Upregulated"
"SNORD73B",1.31094411260492,4.39516593027674e-06,"Upregulated"
"IGHV7-34-1",1.61855670362878,4.39726391236824e-06,"Upregulated"
"AF131216.3",2.53191793552307,4.40128977060485e-06,"Upregulated"
"RPL35AP6",2.03832728004156,4.40261900886754e-06,"Upregulated"
"RPS27AP8",3.20852065833527,4.43036324097365e-06,"Upregulated"
"CNTNAP3P2",-1.20756850994894,4.43275321403925e-06,"Downregulated"
"RN7SKP237",2.96646814901438,4.44063188008878e-06,"Upregulated"
"MIR4538",1.6597225780631,4.44541091169802e-06,"Upregulated"
"COLGALT2",-1.18730281862905,4.44876718429018e-06,"Downregulated"
"BDH2P1",-1.13058228123964,4.45592391197184e-06,"Downregulated"
"AC005189.1",1.85990682538276,4.45682259297829e-06,"Upregulated"
"AL512283.3",2.30183380519831,4.45682259297829e-06,"Upregulated"
"CCL20",1.29152150474699,4.47125448915231e-06,"Upregulated"
"AL031985.4",2.05229761434275,4.47405132024131e-06,"Upregulated"
"AL359075.1",1.7391488288364,4.48026719457946e-06,"Upregulated"
"AP003467.1",2.57976284507773,4.49851379517403e-06,"Upregulated"
"AC093323.2",1.5000839502719,4.50024148646735e-06,"Upregulated"
"AC006159.1",-1.7409370237625,4.56001206082447e-06,"Downregulated"
"RIC3",-1.04856228578923,4.56138617411448e-06,"Downregulated"
"AC011199.1",-1.16436607336323,4.57410559459635e-06,"Downregulated"
"AL121936.1",1.24246479485208,4.58361878974985e-06,"Upregulated"
"AL627171.1",1.06870608733642,4.5843570988424e-06,"Upregulated"
"LINC01033",-1.09634334387457,4.64272355668005e-06,"Downregulated"
"AP005060.1",2.30624917307784,4.66762683876506e-06,"Upregulated"
"AC019197.1",1.13127330543422,4.67088484241615e-06,"Upregulated"
"AC087857.1",3.29394279444685,4.67708030469555e-06,"Upregulated"
"AL157937.1",2.45284633514934,4.67812037287543e-06,"Upregulated"
"AL354877.1",1.10100270923095,4.67901738219944e-06,"Upregulated"
"AP000344.2",1.4477872778183,4.69194614867482e-06,"Upregulated"
"ARMC3",-1.20904728839774,4.69396296345624e-06,"Downregulated"
"SHISAL2B",1.85512257392509,4.69851437958927e-06,"Upregulated"
"AC010974.1",2.18569723191195,4.71288215340577e-06,"Upregulated"
"AC009236.2",2.14620087109117,4.72053359964275e-06,"Upregulated"
"GNG13",1.45460922084272,4.72158149798257e-06,"Upregulated"
"FAHD2P1",2.55617980647996,4.73450066005847e-06,"Upregulated"
"LRRC26",1.68794368899976,4.7527260598327e-06,"Upregulated"
"IGLV4-3",1.53191082897017,4.77920818703e-06,"Upregulated"
"MEPE",1.67452418494026,4.78795346844349e-06,"Upregulated"
"AC012360.1",1.24513111755585,4.79037142252877e-06,"Upregulated"
"LINC01721",2.84542158672552,4.7954878095796e-06,"Upregulated"
"AC018467.1",-1.79426932195929,4.80701266792207e-06,"Downregulated"
"LYZL4",1.82930405855051,4.81418118525021e-06,"Upregulated"
"LINC01060",1.91356441017262,4.83048324845315e-06,"Upregulated"
"AC016813.1",-1.26325455024351,4.83250050130469e-06,"Downregulated"
"PTGFR",-1.22193074831217,4.84288753067867e-06,"Downregulated"
"SPCS2P3",1.97489407131916,4.84306403656904e-06,"Upregulated"
"EWSAT1",1.18778891720472,4.85609530118376e-06,"Upregulated"
"AC010186.1",1.80272065027155,4.89502324295638e-06,"Upregulated"
"CFAP45",-1.03447168712228,4.90165428875697e-06,"Downregulated"
"AL117344.1",1.08569948947214,4.9187581389158e-06,"Upregulated"
"AC108471.1",2.05416768361547,4.92322774678742e-06,"Upregulated"
"AGAP1-IT1",-1.01704305942992,4.9290336990102e-06,"Downregulated"
"AC018797.2",1.8278465642371,4.95848312700695e-06,"Upregulated"
"DUX4L26",1.5877713309015,4.96219985759098e-06,"Upregulated"
"AC021086.1",1.24693318582279,4.96335192482439e-06,"Upregulated"
"CU634019.5",1.6376003553682,4.98581587076691e-06,"Upregulated"
"AC093274.1",2.26408784156001,5.01555043378473e-06,"Upregulated"
"MIR5572",2.69592078791785,5.02300687381525e-06,"Upregulated"
"CACNA1G-AS1",1.2555037496094,5.02952497503821e-06,"Upregulated"
"RN7SL37P",2.85250208719277,5.04202711104143e-06,"Upregulated"
"AC007448.3",3.19312479405531,5.05434078695484e-06,"Upregulated"
"RN7SL154P",1.50175067598615,5.06190042697549e-06,"Upregulated"
"VIPR1-AS1",-1.06501211099595,5.08492654254719e-06,"Downregulated"
"FNTAP2",2.36200406726976,5.08552297104692e-06,"Upregulated"
"AC074132.1",1.75401959839645,5.09675999375005e-06,"Upregulated"
"AC008496.1",2.4482318254601,5.10501014013113e-06,"Upregulated"
"AC005828.7",2.59933912971316,5.11213348343671e-06,"Upregulated"
"RPS5P2",1.6315873814996,5.12737024332328e-06,"Upregulated"
"ZNF33BP1",1.4668329952429,5.13996206642264e-06,"Upregulated"
"MT1P1",1.08960843776001,5.1632275033858e-06,"Upregulated"
"RNU1-22P",-1.28626626562976,5.16596574754754e-06,"Downregulated"
"AL356752.1",1.60133056144795,5.19692083632019e-06,"Upregulated"
"AC116428.1",1.94937046799918,5.20689616973918e-06,"Upregulated"
"AL161662.1",1.49619582007445,5.21250855703196e-06,"Upregulated"
"TET2-AS1",2.02992106199463,5.21256476758947e-06,"Upregulated"
"IGHD",1.49561083453405,5.23501548299441e-06,"Upregulated"
"AC104791.1",1.82829730719441,5.24888461947952e-06,"Upregulated"
"LINC00216",1.11487942765002,5.24888461947952e-06,"Upregulated"
"SOX1",3.33817017687698,5.25073581552003e-06,"Upregulated"
"FIGLA",-1.63678706008959,5.25484783319491e-06,"Downregulated"
"RPL18AP2",1.63902849188353,5.27114868786012e-06,"Upregulated"
"LINC02152",2.85689686492784,5.27877000641059e-06,"Upregulated"
"CADM3",-1.03356432202329,5.2878421988227e-06,"Downregulated"
"AL160291.1",1.54659914012989,5.30825349383054e-06,"Upregulated"
"MS4A6E",-1.28200502022165,5.34853345295509e-06,"Downregulated"
"AC097459.1",-1.32947615202518,5.34929207766025e-06,"Downregulated"
"AC023034.1",1.65507468378756,5.35229411999837e-06,"Upregulated"
"DDX18P1",1.3400882481203,5.3722616623401e-06,"Upregulated"
"SLCO1B3-SLCO1B7",3.01841297152518,5.37268162546674e-06,"Upregulated"
"AC107398.4",-1.79265138493672,5.40986153640051e-06,"Downregulated"
"AP001011.1",2.76687176345344,5.41032217344793e-06,"Upregulated"
"MIR5689HG",2.58822115898923,5.41167932699895e-06,"Upregulated"
"NAV2-AS2",-1.91251759401445,5.417589131179e-06,"Downregulated"
"AC008417.1",2.11935545838012,5.43011478401651e-06,"Upregulated"
"AC092338.2",1.54896641134281,5.43764023996598e-06,"Upregulated"
"L29074.1",1.74267612442079,5.45234578188496e-06,"Upregulated"
"AL450992.1",1.17198695571533,5.47057340015049e-06,"Upregulated"
"LINC01204",1.79423629391842,5.47841093044296e-06,"Upregulated"
"CLCNKA",1.16896654616453,5.52414103122904e-06,"Upregulated"
"CCDC166",2.33354932267537,5.53691524235822e-06,"Upregulated"
"LHFPL3-AS1",-1.66600970878246,5.54049574738828e-06,"Downregulated"
"AC009690.2",1.11805279171018,5.54049574738828e-06,"Upregulated"
"KYNU",1.18184574712967,5.54734956678842e-06,"Upregulated"
"LYNX1-SLURP2",1.48174937351622,5.55161139642016e-06,"Upregulated"
"CAPNS2",1.65007486954527,5.56590110448463e-06,"Upregulated"
"AL590491.2",-2.23414841994387,5.5795082699166e-06,"Downregulated"
"AC008115.2",1.77842971139585,5.58583191053262e-06,"Upregulated"
"RNVU1-22",2.33034222403319,5.58632881893824e-06,"Upregulated"
"RSPH6A",2.29609829040043,5.59391940778752e-06,"Upregulated"
"AL512656.1",1.15415599690157,5.59604531063631e-06,"Upregulated"
"SCARNA1",3.15950847087204,5.60860123212745e-06,"Upregulated"
"AC005162.1",2.12303051845648,5.62728911694732e-06,"Upregulated"
"RNU6-633P",-1.96723371945628,5.64518332321701e-06,"Downregulated"
"AL031121.2",-1.18752413599339,5.65585140432435e-06,"Downregulated"
"SATL1",1.88491320732271,5.65799295476508e-06,"Upregulated"
"LINC01691",1.68355723594544,5.65799295476508e-06,"Upregulated"
"PGAM1P4",1.86597814143879,5.66361660146982e-06,"Upregulated"
"AC080079.2",2.60356236411596,5.68241882065999e-06,"Upregulated"
"PROM1",1.45093772322807,5.68866203813393e-06,"Upregulated"
"U62317.2",1.05540189044513,5.69521461957578e-06,"Upregulated"
"IRAIN",1.26300992527878,5.71471923149195e-06,"Upregulated"
"AC007686.4",1.21351926121726,5.71883235969714e-06,"Upregulated"
"MFSD13B",1.09497723555843,5.72638819563893e-06,"Upregulated"
"MROH5",-1.22441071074551,5.72758833557851e-06,"Downregulated"
"U82671.1",1.8189340669684,5.73035097874083e-06,"Upregulated"
"AC099560.1",1.84024789663344,5.81905154318721e-06,"Upregulated"
"CAMKV",1.68535425618118,5.82281318683164e-06,"Upregulated"
"RN7SKP18",-1.41180677903036,5.87282067598927e-06,"Downregulated"
"AC090527.3",1.2733123699077,5.88079432483818e-06,"Upregulated"
"RTN4RL1",-1.06793074944096,5.89117437330924e-06,"Downregulated"
"AC022267.1",2.2437436040558,5.89557436624563e-06,"Upregulated"
"AC011611.2",2.37146471741905,5.9182367588573e-06,"Upregulated"
"AL355482.1",1.81992651458646,5.93232057208096e-06,"Upregulated"
"FAM167A-AS1",-1.62533316970798,5.95492146783221e-06,"Downregulated"
"YBX2P1",1.7589984767879,5.96667178040022e-06,"Upregulated"
"LINC01885",3.7076629683625,5.99545898183775e-06,"Upregulated"
"AC025884.1",1.2908807474396,5.99903924863686e-06,"Upregulated"
"MIR6832",1.66250055260008,5.99903924863686e-06,"Upregulated"
"AL513325.1",1.62773659261161,6.00445696472876e-06,"Upregulated"
"CCL19",1.08030796918116,6.02888174722125e-06,"Upregulated"
"RNU7-57P",1.86266170947836,6.04240921718539e-06,"Upregulated"
"OR5K2",-1.15638105566706,6.05078169623271e-06,"Downregulated"
"AC079741.1",1.71912346882406,6.05538920804135e-06,"Upregulated"
"AC113410.3",1.39959808340056,6.06320830121987e-06,"Upregulated"
"AC108727.1",1.18875020989861,6.0668852435661e-06,"Upregulated"
"TRARG1",-1.34336393282571,6.06864102398046e-06,"Downregulated"
"CLEC18B",1.09483709762279,6.09190023329253e-06,"Upregulated"
"AC048382.2",1.06430044587211,6.09190023329253e-06,"Upregulated"
"CHRM4",-1.1820706788164,6.1267187073644e-06,"Downregulated"
"AC016168.3",1.98657242111857,6.12797968647758e-06,"Upregulated"
"MIR4322",-1.36621805980346,6.19423645784261e-06,"Downregulated"
"AC123905.1",2.93392212846014,6.20232576094631e-06,"Upregulated"
"LINC01016",-1.19199251522134,6.21526220270505e-06,"Downregulated"
"AC009269.4",-1.28752406818716,6.22354787179173e-06,"Downregulated"
"AC125494.3",1.75943516317602,6.22491002184801e-06,"Upregulated"
"AP005717.2",1.42655614263079,6.2356337485337e-06,"Upregulated"
"AC009884.1",3.51563901454991,6.25112400386455e-06,"Upregulated"
"RPL7P24",1.15272482948602,6.25131839814837e-06,"Upregulated"
"AL355802.3",1.09174722495829,6.28836181510957e-06,"Upregulated"
"AL031736.2",1.70600383663752,6.28882819414502e-06,"Upregulated"
"AC087855.2",2.90409025824408,6.29299999160903e-06,"Upregulated"
"ERAS",1.2677022587812,6.31323011067632e-06,"Upregulated"
"C5orf38",-1.14207197337855,6.32194855359952e-06,"Downregulated"
"AC005355.1",1.3784258009707,6.34249353473897e-06,"Upregulated"
"Y_RNA",1.59226900371538,6.34345542762158e-06,"Upregulated"
"MYCL-AS1",1.76984280956578,6.34345542762158e-06,"Upregulated"
"AC091053.2",1.80241708501198,6.35167807253821e-06,"Upregulated"
"AC117498.2",1.33419696531245,6.35999518570815e-06,"Upregulated"
"AL359094.1",1.73406791598521,6.36620782036706e-06,"Upregulated"
"IL17A",2.21059700405204,6.37136814907974e-06,"Upregulated"
"AC023781.1",2.4907384079035,6.43531342381905e-06,"Upregulated"
"ADGRF2",1.47993072533558,6.4864506249873e-06,"Upregulated"
"MIR3193",-1.85159016594138,6.49000992847864e-06,"Downregulated"
"TMC2",-1.31289363529885,6.5083882290199e-06,"Downregulated"
"AHRR",1.29920304663343,6.53152974973851e-06,"Upregulated"
"AC037198.1",1.16674306959972,6.53740578524321e-06,"Upregulated"
"LINC02111",2.49724992045431,6.56118609026821e-06,"Upregulated"
"PIGAP1",2.06640449025014,6.57575291187556e-06,"Upregulated"
"Metazoa_SRP",-1.16156735740528,6.57575291187556e-06,"Downregulated"
"Y_RNA",1.80951868196613,6.58205740413723e-06,"Upregulated"
"CCDC196",1.70356785646168,6.60716386752587e-06,"Upregulated"
"PRSS51",1.23596127336163,6.62794066504452e-06,"Upregulated"
"AL133492.1",2.56593382211567,6.63641799553002e-06,"Upregulated"
"UGT2B10",2.93138903463751,6.64135264484284e-06,"Upregulated"
"AC002519.1",1.28391669876852,6.65518054736167e-06,"Upregulated"
"RNF7P1",-1.46881661115751,6.69858972232932e-06,"Downregulated"
"AC091185.2",2.73199996211749,6.79864383132135e-06,"Upregulated"
"SCNN1G",-1.05488947984915,6.80146138454812e-06,"Downregulated"
"AC091588.2",-1.77791360087045,6.82691014763535e-06,"Downregulated"
"RPS12P2",1.66285497232177,6.85053273078196e-06,"Upregulated"
"RPL9P30",2.66426370248928,6.86187743628137e-06,"Upregulated"
"AP004607.7",2.84526684800069,6.87560003665208e-06,"Upregulated"
"AC108516.2",1.71560267749772,6.90563182225536e-06,"Upregulated"
"AC017048.3",2.12426044573313,6.90797332689282e-06,"Upregulated"
"AC058791.1",1.44288713749226,6.9215917332553e-06,"Upregulated"
"AC010624.3",-1.11721344159875,6.95760946245008e-06,"Downregulated"
"AC092145.1",1.37894842727365,6.96359719571351e-06,"Upregulated"
"AL163541.1",2.08358596458935,6.97982575237716e-06,"Upregulated"
"LINC01450",2.37135769586702,6.99098407403856e-06,"Upregulated"
"SLURP1",2.22817529930668,7.01720613892798e-06,"Upregulated"
"MESTP1",1.47056173042398,7.01924010281099e-06,"Upregulated"
"RNU1-124P",2.11476098020483,7.02812265256675e-06,"Upregulated"
"ZNF402P",1.78989117219268,7.02812265256675e-06,"Upregulated"
"HNRNPA1P14",1.20965031820438,7.04033582475574e-06,"Upregulated"
"RPL31P7",1.62490120783351,7.0431689338338e-06,"Upregulated"
"AC022148.2",1.56064949383717,7.04547668694552e-06,"Upregulated"
"SNX18P3",1.03573065465817,7.05229810526017e-06,"Upregulated"
"AC020911.1",1.22457920237996,7.05343490245852e-06,"Upregulated"
"AC034223.1",2.68350512088118,7.07085027944206e-06,"Upregulated"
"AC074085.2",1.25759291161625,7.07415048343465e-06,"Upregulated"
"LINC01882",1.30403229359634,7.09146514737327e-06,"Upregulated"
"LINC02801",-1.33019413551855,7.09296978337917e-06,"Downregulated"
"PHOX2A",3.07806625035536,7.10664988186403e-06,"Upregulated"
"AC006197.2",1.46754572000654,7.10891026376276e-06,"Upregulated"
"RN7SKP71",4.95661961500514,7.12945957762578e-06,"Upregulated"
"RPS7P2",2.0739952627679,7.1313251530796e-06,"Upregulated"
"AP000569.1",1.45343330463808,7.14799600541884e-06,"Upregulated"
"RN7SL558P",1.45842786726458,7.18097890802666e-06,"Upregulated"
"Z69666.1",1.1132208567755,7.18430004846201e-06,"Upregulated"
"LINC01114",-1.49123212541962,7.1848324204691e-06,"Downregulated"
"ALDH1L1",1.23125810610581,7.18656282203365e-06,"Upregulated"
"AC127496.1",1.15993347280896,7.18923285431347e-06,"Upregulated"
"PHACTR2P1",1.35566698381225,7.1926348076767e-06,"Upregulated"
"MCCD1",2.98653724524718,7.21449304451112e-06,"Upregulated"
"AC107918.6",1.80377800061901,7.21522032361811e-06,"Upregulated"
"AC099811.4",1.91149274139448,7.24046425559383e-06,"Upregulated"
"AC068305.1",2.01746459118805,7.26107885211707e-06,"Upregulated"
"BAMBI",1.08506236987108,7.26264342685414e-06,"Upregulated"
"LINC00514",1.0733876877372,7.27643656604544e-06,"Upregulated"
"RN7SL449P",2.01378150183368,7.28116294668535e-06,"Upregulated"
"AF230666.1",1.04335359505277,7.29042246172742e-06,"Upregulated"
"ACTBP13",1.49189978198152,7.354213794321e-06,"Upregulated"
"AC004943.3",1.29720213390942,7.37143454631964e-06,"Upregulated"
"AQP4-AS1",-1.20661673778301,7.38369786336118e-06,"Downregulated"
"AL360091.1",1.06788122070367,7.39214478499421e-06,"Upregulated"
"AL445187.1",1.0273459409514,7.40903655986602e-06,"Upregulated"
"RPS18P12",1.01507849828412,7.40970375533117e-06,"Upregulated"
"AL022724.3",-1.09917331490937,7.40970375533117e-06,"Downregulated"
"RNF126P1",1.23460069333915,7.45003462634714e-06,"Upregulated"
"AP001178.1",1.72168624754013,7.4534790940185e-06,"Upregulated"
"TPRXL",1.50542986765556,7.49845265722887e-06,"Upregulated"
"FZD10",1.49521469444594,7.56707973458976e-06,"Upregulated"
"UBE2CP1",2.28118251228878,7.57504693473747e-06,"Upregulated"
"AC016831.4",2.02501961997004,7.57504693473747e-06,"Upregulated"
"RPS12P17",2.00077565049014,7.60067303183356e-06,"Upregulated"
"AC104581.3",-1.09500319380661,7.60885326438477e-06,"Downregulated"
"TRDJ1",-1.47044420253684,7.62390978255666e-06,"Downregulated"
"AC008379.1",2.45583377082618,7.62438171681189e-06,"Upregulated"
"AL078599.1",1.51238394859223,7.63285432537923e-06,"Upregulated"
"AL121938.1",1.20437791085052,7.64092751386028e-06,"Upregulated"
"OMG",-1.19195853034899,7.64186295386654e-06,"Downregulated"
"SMIM32",2.20998092703532,7.64894120677398e-06,"Upregulated"
"C5orf58",1.0066746478061,7.65173258927608e-06,"Upregulated"
"AC133561.2",2.01997853284385,7.65173258927608e-06,"Upregulated"
"LINC02463",2.20612189254246,7.65966041994147e-06,"Upregulated"
"C1orf195",1.79901642943486,7.71843818641723e-06,"Upregulated"
"BX005019.1",2.89587951540549,7.72445960104247e-06,"Upregulated"
"AC027575.1",2.13005321633654,7.74967407900131e-06,"Upregulated"
"AC099788.1",2.70067113112262,7.75323242522972e-06,"Upregulated"
"AC024588.1",1.08505560029029,7.76082148468191e-06,"Upregulated"
"AC084064.1",-2.08025107306712,7.76482410694697e-06,"Downregulated"
"RNU6ATAC38P",1.83680969639342,7.77115861105191e-06,"Upregulated"
"SLC2A14",1.14006926013765,7.77948178199631e-06,"Upregulated"
"KRTCAP2P1",1.46191549486985,7.80094673883643e-06,"Upregulated"
"RHBDL3",1.0975005612305,7.87553402176163e-06,"Upregulated"
"AC022726.2",2.67634153184777,7.88773225491401e-06,"Upregulated"
"AL133343.2",2.22579206359451,7.89289862791373e-06,"Upregulated"
"AC021733.4",-1.21638120684208,7.89328553853837e-06,"Downregulated"
"DEFB126",3.32257663324814,7.92477766489078e-06,"Upregulated"
"AL031848.1",1.63230577252014,7.99754140386047e-06,"Upregulated"
"SSBL4P",1.24554322291978,8.00201962269383e-06,"Upregulated"
"AC112512.1",1.7714489625584,8.05525641622186e-06,"Upregulated"
"AC111182.2",2.00178009055052,8.06949494283524e-06,"Upregulated"
"AL008723.2",1.3539273171138,8.07285044105979e-06,"Upregulated"
"AC090515.5",1.88285255395396,8.09497980076466e-06,"Upregulated"
"CD207",1.3983843793409,8.09689876704567e-06,"Upregulated"
"AL591178.1",-1.34994102639435,8.10851788590448e-06,"Downregulated"
"RPS3AP54",1.86456715225883,8.11555266790474e-06,"Upregulated"
"AC087878.1",1.20545136692574,8.12164791061854e-06,"Upregulated"
"FCF1P5",2.47922105522804,8.16021348274282e-06,"Upregulated"
"RPL7L1P8",1.6224974089148,8.16025447847979e-06,"Upregulated"
"AC023480.1",1.71345497880838,8.19348786218525e-06,"Upregulated"
"MTCO1P31",1.83255860504914,8.20593097817142e-06,"Upregulated"
"CDRT15P12",1.36361023237884,8.21293923768472e-06,"Upregulated"
"SKOR2",3.63532134350112,8.21298553951641e-06,"Upregulated"
"AL121758.1",1.44426672331419,8.21733391484618e-06,"Upregulated"
"AL583805.2",-1.69641439918523,8.22247186181692e-06,"Downregulated"
"LINC02243",-1.43396028200371,8.23634135819484e-06,"Downregulated"
"AC021683.3",1.78173660482616,8.2919373301687e-06,"Upregulated"
"SLC22A14",1.18782087169082,8.29242114376065e-06,"Upregulated"
"OR5AK4P",-1.49516380360072,8.29934583877121e-06,"Downregulated"
"AC069257.1",1.41034018573884,8.32152019684021e-06,"Upregulated"
"KC877373.1",1.78400629022508,8.3442660767385e-06,"Upregulated"
"GKN2",-1.83711455724901,8.35708086360214e-06,"Downregulated"
"AC023389.2",2.00411556536839,8.36451821073156e-06,"Upregulated"
"AL360091.3",2.49381783799963,8.37040591639329e-06,"Upregulated"
"LINC02182",1.75487590188101,8.45071546214649e-06,"Upregulated"
"LINC01444",3.24373633658439,8.45930419568024e-06,"Upregulated"
"MEP1A",1.07773706941476,8.48459777273842e-06,"Upregulated"
"AC114812.2",2.82350551117745,8.48459777273842e-06,"Upregulated"
"AC009319.1",1.31589035747548,8.50100930612991e-06,"Upregulated"
"AC009303.2",2.01722692419576,8.51942085791221e-06,"Upregulated"
"AC053527.1",1.92097488032649,8.52109741896126e-06,"Upregulated"
"IGLV7-35",2.22361437885677,8.52120862028203e-06,"Upregulated"
"AC079296.1",1.37291285666923,8.52150069328689e-06,"Upregulated"
"AL078624.2",-2.04456012997228,8.60190420797508e-06,"Downregulated"
"AL645924.1",-1.3109371888101,8.64539856224738e-06,"Downregulated"
"AL161669.3",1.24921240821667,8.65947643528568e-06,"Upregulated"
"AC108865.1",2.2389690295717,8.70065585420635e-06,"Upregulated"
"AC051619.10",1.62122485380248,8.72605796370362e-06,"Upregulated"
"RNU6-757P",1.95052484526228,8.73069817923653e-06,"Upregulated"
"AL031731.1",1.27572296004395,8.76224449348831e-06,"Upregulated"
"ADORA1",1.07238880875898,8.77915297328471e-06,"Upregulated"
"NPIPB15",1.29636651821439,8.7843114248041e-06,"Upregulated"
"Y_RNA",-1.60677475686186,8.79154858434501e-06,"Downregulated"
"AC090589.2",1.99607549483673,8.85164927364955e-06,"Upregulated"
"RNU4ATAC12P",2.38633863342211,8.85779765384352e-06,"Upregulated"
"TPT1P8",2.39481284225943,8.86865815664266e-06,"Upregulated"
"PPIHP1",1.44614058659042,8.94884611963323e-06,"Upregulated"
"AC100791.1",2.00323661607711,8.953704365674e-06,"Upregulated"
"RN7SL230P",2.56023501418706,8.95799071146136e-06,"Upregulated"
"PAX3",2.50888506741962,8.98117892909091e-06,"Upregulated"
"AL133255.1",1.57572664185563,8.98440504192404e-06,"Upregulated"
"AC010336.1",1.12180290447105,8.99235218415869e-06,"Upregulated"
"RHOXF1P1",-1.84897060641891,9.02894948121185e-06,"Downregulated"
"ZNF890P",1.12102661422987,9.07401217292351e-06,"Upregulated"
"MCHR2",2.70927174506353,9.12181092322049e-06,"Upregulated"
"COQ10BP2",2.71198558557692,9.13707750963437e-06,"Upregulated"
"DCDC1",-1.24133219307271,9.14273826823979e-06,"Downregulated"
"GPR12",2.05053275715493,9.14285049185919e-06,"Upregulated"
"HOXA10-AS",2.71251886463073,9.18923816884155e-06,"Upregulated"
"NEURL3",1.04560527378061,9.19577988995107e-06,"Upregulated"
"LINC02335",4.28573812846892,9.205900206114e-06,"Upregulated"
"AC079866.1",2.55753380676662,9.21675564006552e-06,"Upregulated"
"AC111182.1",1.78187840289989,9.26186912719831e-06,"Upregulated"
"RPL23AP30",2.55259715212757,9.30698804337131e-06,"Upregulated"
"NEURL1",1.27877701475473,9.32192235901798e-06,"Upregulated"
"RPS2P41",1.63091912429838,9.33430471245925e-06,"Upregulated"
"CREB3L2-AS1",2.42117525403669,9.36995944564185e-06,"Upregulated"
"GNRH2",1.37521843667559,9.40439527918128e-06,"Upregulated"
"AC073210.1",1.1534960740458,9.41419503278991e-06,"Upregulated"
"PRELID1P3",2.29330708935239,9.42146256456705e-06,"Upregulated"
"AC005540.1",1.95241805002106,9.44057535940035e-06,"Upregulated"
"AC005550.2",2.04179619234869,9.44610151128104e-06,"Upregulated"
"AC087627.1",1.10002426700657,9.45670639662083e-06,"Upregulated"
"OTOS",3.10710362856891,9.51755720804218e-06,"Upregulated"
"AP001885.1",1.63640077363414,9.51755720804218e-06,"Upregulated"
"AL158819.1",3.14306550816339,9.54096213294609e-06,"Upregulated"
"GRIN2C",1.07309130744966,9.56121305053941e-06,"Upregulated"
"AC090826.3",1.43308124429574,9.57538823354348e-06,"Upregulated"
"LINC01731",2.07937318568357,9.61230863020123e-06,"Upregulated"
"RPL7P11",1.96740452766038,9.64555063602251e-06,"Upregulated"
"RC3H1-IT1",2.76975379986804,9.65381834575977e-06,"Upregulated"
"AC092338.1",1.32996362005244,9.65593110018575e-06,"Upregulated"
"UHRF2P1",2.33882884473213,9.69941301652638e-06,"Upregulated"
"AC067945.2",1.05012650241737,9.71410967793812e-06,"Upregulated"
"ELAPOR1",1.16530702601701,9.72144223334533e-06,"Upregulated"
"LINC00494",1.15558034243119,9.72153206154299e-06,"Upregulated"
"AC027544.1",1.53766885074994,9.73699147358509e-06,"Upregulated"
"AC007001.1",2.50509304048441,9.745040837579e-06,"Upregulated"
"BX255923.2",1.55190769849134,9.77898079709002e-06,"Upregulated"
"SNORA20",2.5913850476616,9.78383460033934e-06,"Upregulated"
"GCG",3.46942170101346,9.83455658277655e-06,"Upregulated"
"LCN8",2.62948752318254,9.877774753633e-06,"Upregulated"
"AL593856.1",-1.88290562315387,9.87964980930341e-06,"Downregulated"
"AL035416.1",1.32578037289498,9.88714362341447e-06,"Upregulated"
"LINC01907",1.07322980425063,9.91583372889466e-06,"Upregulated"
"AC108457.1",2.37828157742442,9.95918993044518e-06,"Upregulated"
"AC012569.1",1.08725663891524,9.97257051299149e-06,"Upregulated"
"AC012676.4",1.09198134810901,1.00005350181234e-05,"Upregulated"
"AP000542.2",3.30500146905759,1.00005350181234e-05,"Upregulated"
"PPIAP75",1.67908830374939,1.00380730692603e-05,"Upregulated"
"AC006262.4",2.59799202551629,1.0051367442408e-05,"Upregulated"
"MUC22",1.39622310542672,1.00561144262693e-05,"Upregulated"
"OR7E94P",-1.12893547658148,1.00746325055015e-05,"Downregulated"
"AL391839.1",3.2176602648952,1.0108349561922e-05,"Upregulated"
"AC010609.1",3.05980660575992,1.01219333908159e-05,"Upregulated"
"SNRPEP10",3.38704446029999,1.01264029092084e-05,"Upregulated"
"AC015660.2",-1.31744498473026,1.01275909603719e-05,"Downregulated"
"AC016571.1",1.51808822633616,1.01991360265826e-05,"Upregulated"
"HMGB1P24",1.06078420390801,1.02196628197507e-05,"Upregulated"
"E2F3-IT1",3.16760707943638,1.02829137835341e-05,"Upregulated"
"TUBBP6",1.94205677265906,1.03370058979784e-05,"Upregulated"
"MIR5587",1.18441474405759,1.03905837994183e-05,"Upregulated"
"AL160408.3",1.34663179068429,1.03918252091019e-05,"Upregulated"
"AC135586.1",1.66820969048777,1.04696373208713e-05,"Upregulated"
"AC024475.1",2.82174470749231,1.04935808823408e-05,"Upregulated"
"C18orf15",2.60499782508398,1.05058589670839e-05,"Upregulated"
"TLK2P2",1.34518402602269,1.0517183902421e-05,"Upregulated"
"LINC02205",1.78241188195701,1.05246729245611e-05,"Upregulated"
"NBPF4",2.60866785288413,1.05337323662161e-05,"Upregulated"
"TPPP2",-1.26735567360102,1.05433265804915e-05,"Downregulated"
"TMEM210",2.18069848149006,1.05433265804915e-05,"Upregulated"
"AL109628.1",2.01230873515108,1.05433265804915e-05,"Upregulated"
"AL359894.1",3.63690953350755,1.05454969182529e-05,"Upregulated"
"AC090877.1",1.23017359433808,1.05712002776233e-05,"Upregulated"
"AL591623.1",1.83424410857812,1.05732484142405e-05,"Upregulated"
"RPL35AP20",1.64669484044692,1.05823353011429e-05,"Upregulated"
"PHBP11",1.53086747252267,1.06165776136069e-05,"Upregulated"
"ARF1P2",2.44464061066691,1.06169442374566e-05,"Upregulated"
"AL049869.2",1.00935444640376,1.06438056498404e-05,"Upregulated"
"PNMT",-1.18094271483257,1.06553296604663e-05,"Downregulated"
"AC068946.2",1.49137466248617,1.06669900869828e-05,"Upregulated"
"AL592494.1",1.91639627403572,1.06673410146299e-05,"Upregulated"
"Y_RNA",1.11587014885864,1.0667594447928e-05,"Upregulated"
"ESRRAP1",1.62662863033724,1.06921844244633e-05,"Upregulated"
"AC012066.1",2.33785651313615,1.07119967028468e-05,"Upregulated"
"AL441992.2",1.18352683328152,1.07207739561101e-05,"Upregulated"
"PSG9",3.38581879839855,1.07359283824432e-05,"Upregulated"
"AL080312.2",1.63196740907655,1.07442739576618e-05,"Upregulated"
"CTD-3080P12.3",-2.10146345073811,1.07794084651877e-05,"Downregulated"
"LINC02388",1.93504981603425,1.08372573981141e-05,"Upregulated"
"NCR2",1.61307406468274,1.08501639304949e-05,"Upregulated"
"PRRX2-AS1",1.9648384064432,1.09151441409361e-05,"Upregulated"
"AC037487.2",2.55943385506818,1.091910329775e-05,"Upregulated"
"LINC01571",-1.9696255752924,1.09287519859764e-05,"Downregulated"
"IDSP1",1.19522792281919,1.09704194195265e-05,"Upregulated"
"PAPPA",1.02361490571141,1.09704194195265e-05,"Upregulated"
"AC073592.10",1.37514801018179,1.09773272160138e-05,"Upregulated"
"HNRNPA1P15",1.77053229399859,1.09808299034534e-05,"Upregulated"
"LAMTOR3P2",1.78457548234813,1.09889316658276e-05,"Upregulated"
"AP000851.2",2.06147229011906,1.09893033069082e-05,"Upregulated"
"AC013400.1",1.45020738718497,1.10365835186404e-05,"Upregulated"
"IGLVI-63",1.82039757053741,1.10465536144597e-05,"Upregulated"
"AC079906.1",1.19689836057962,1.10480446823875e-05,"Upregulated"
"NPM1P32",1.24656282171618,1.10725061768329e-05,"Upregulated"
"AC080097.1",-1.1469714264495,1.11518218716122e-05,"Downregulated"
"RNVU1-15",1.5713336608044,1.1201692237262e-05,"Upregulated"
"Metazoa_SRP",1.16684767256812,1.12312810544158e-05,"Upregulated"
"LINC02000",1.86613707820427,1.12583536974501e-05,"Upregulated"
"SNORD53B",1.78793538921921,1.12633877734396e-05,"Upregulated"
"AC026462.5",2.19498745822594,1.12653563817682e-05,"Upregulated"
"AL157827.2",1.15386787358073,1.12681730302329e-05,"Upregulated"
"TAS2R19",1.2034589527482,1.12849698362813e-05,"Upregulated"
"AC080023.1",1.19082257037047,1.12980397592469e-05,"Upregulated"
"UBD",1.87643770234894,1.12994005330642e-05,"Upregulated"
"AL513128.2",1.79670808524107,1.13181537510557e-05,"Upregulated"
"PLCB2-AS1",1.58119381698019,1.1329984803227e-05,"Upregulated"
"RN7SL153P",1.82864117744999,1.13467772415542e-05,"Upregulated"
"AL035420.1",1.20013332135702,1.13684228712548e-05,"Upregulated"
"LINC01055",1.1271731143052,1.13822973074412e-05,"Upregulated"
"TRBJ1-2",1.38432130559739,1.13901125537388e-05,"Upregulated"
"AC073655.3",1.46502455903388,1.13959047724915e-05,"Upregulated"
"C1orf141",-2.00854559188409,1.14620290650897e-05,"Downregulated"
"AC023825.1",2.38890680264342,1.14850477897212e-05,"Upregulated"
"LINC01210",3.90840826217963,1.14854276503996e-05,"Upregulated"
"AL359095.1",3.68114809968139,1.15349043483689e-05,"Upregulated"
"AC007130.1",4.07368709218253,1.1554869964906e-05,"Upregulated"
"LINC02334",1.20423153007285,1.15941630570998e-05,"Upregulated"
"LYPLA2P2",1.17200626246816,1.16185397941964e-05,"Upregulated"
"AP001992.2",1.29565884887967,1.16185397941964e-05,"Upregulated"
"AL445205.1",1.78530231032618,1.16363106989344e-05,"Upregulated"
"AP000942.5",1.66351831730221,1.16367889414569e-05,"Upregulated"
"LINC01337",1.35572031479585,1.16721342940196e-05,"Upregulated"
"BPIFC",2.01710986310947,1.16789480664267e-05,"Upregulated"
"AC022868.1",1.46467495590715,1.17029194039747e-05,"Upregulated"
"EGILA",1.55801363052268,1.17201620558615e-05,"Upregulated"
"LINC00051",2.71849636285765,1.17683232167367e-05,"Upregulated"
"SNORA63C",2.02721642640925,1.17713728239018e-05,"Upregulated"
"AL353768.1",1.66121765476891,1.17791057379784e-05,"Upregulated"
"CAPZA3",2.62242668072941,1.18113782748066e-05,"Upregulated"
"NAV2-AS3",1.96716199156874,1.18280927163672e-05,"Upregulated"
"TMEM132D-AS1",3.63780023549103,1.18591280050741e-05,"Upregulated"
"SOX3",2.90369854315418,1.18610896936877e-05,"Upregulated"
"AC067956.1",1.89983823679985,1.18635076394895e-05,"Upregulated"
"AL441963.1",1.48318379776403,1.1895755288409e-05,"Upregulated"
"IGHVII-60-1",2.09379292164506,1.18990302692342e-05,"Upregulated"
"SLC15A5",1.80337148958569,1.1906233450856e-05,"Upregulated"
"AC002306.1",1.71276274526102,1.19448673570932e-05,"Upregulated"
"AL359853.1",1.80762748892041,1.20441725414242e-05,"Upregulated"
"PRKCE-AS1",2.52194212312395,1.20772996348667e-05,"Upregulated"
"Y_RNA",1.24437763396382,1.21730262191971e-05,"Upregulated"
"H1-7",-1.06298459607167,1.21745159394548e-05,"Downregulated"
"AC009542.1",1.23051477593258,1.22222014423756e-05,"Upregulated"
"DUX4L34",2.38637551658298,1.22364567543763e-05,"Upregulated"
"RN7SL166P",3.05269232588233,1.23780451214298e-05,"Upregulated"
"FGF21",2.76213616711112,1.23892475365371e-05,"Upregulated"
"RPL7P21",1.50259350871509,1.24257832658871e-05,"Upregulated"
"LINC01982",-1.8502165308283,1.24351695187604e-05,"Downregulated"
"AL390718.1",2.04374642821724,1.2469490960053e-05,"Upregulated"
"DIO1",1.33145338268966,1.25059001319496e-05,"Upregulated"
"AC091390.3",1.1772684012041,1.25108641169746e-05,"Upregulated"
"AC093865.1",1.91401330449648,1.25964908396035e-05,"Upregulated"
"PTTG3P",2.31285328322029,1.26272290276722e-05,"Upregulated"
"AC079210.1",-1.03616065320731,1.26391736994667e-05,"Downregulated"
"AC097359.3",-1.43449985073673,1.26391736994667e-05,"Downregulated"
"AC027514.2",1.09344870208577,1.26453823354966e-05,"Upregulated"
"SPIN2P1",1.42087817783386,1.26535349116773e-05,"Upregulated"
"MGAT4D",-1.7850539372401,1.26643217622978e-05,"Downregulated"
"BRWD1-IT1",2.84084487434844,1.26899351732254e-05,"Upregulated"
"RN7SKP243",2.05784728894038,1.2704606087044e-05,"Upregulated"
"AL139286.2",1.88386210031716,1.27180204434e-05,"Upregulated"
"FSIP2-AS2",1.36257367829603,1.27433677462235e-05,"Upregulated"
"IFNL4",2.63794864595003,1.27481399155785e-05,"Upregulated"
"AC005481.1",1.24269307070386,1.27941915738701e-05,"Upregulated"
"AP001347.2",1.75093536825345,1.27973983592685e-05,"Upregulated"
"RPS7P15",2.04835162394206,1.28455004853708e-05,"Upregulated"
"AC006023.2",1.91732674740409,1.28478456469476e-05,"Upregulated"
"Metazoa_SRP",1.81124159608544,1.28617356394087e-05,"Upregulated"
"AL354943.1",2.78161849953465,1.29291658042571e-05,"Upregulated"
"LINC01494",1.90855549563848,1.30011410954838e-05,"Upregulated"
"KIF19",-1.20599182237381,1.30063723604188e-05,"Downregulated"
"C3P1",2.78309638255639,1.30163536740955e-05,"Upregulated"
"AL360169.2",2.58612277864737,1.30303779783709e-05,"Upregulated"
"AL353746.1",1.99863679695209,1.31591141061928e-05,"Upregulated"
"AC007991.3",1.9485019244545,1.32768025125786e-05,"Upregulated"
"CFAP206",-1.24043130285392,1.33175183951879e-05,"Downregulated"
"AC092793.1",2.42715387814715,1.33612838373738e-05,"Upregulated"
"AP001962.1",2.37179004380117,1.33750852084081e-05,"Upregulated"
"LINC01992",2.86389715422422,1.3397507587964e-05,"Upregulated"
"PHKA1-AS1",1.75292826044481,1.34153062039518e-05,"Upregulated"
"PDYN",-1.51376328882349,1.34262520993335e-05,"Downregulated"
"AC004543.1",1.45330579546472,1.3427569045105e-05,"Upregulated"
"AL391421.1",2.76958481491785,1.34385273535284e-05,"Upregulated"
"POLHP1",2.34986843381109,1.34425374552638e-05,"Upregulated"
"EEF1B2P7",1.41671531819449,1.35106590454255e-05,"Upregulated"
"AC096577.1",2.45272719468056,1.35109053490915e-05,"Upregulated"
"FAM170B",-1.30639499566574,1.36397617180992e-05,"Downregulated"
"AC092296.2",1.04080187152868,1.36689038590104e-05,"Upregulated"
"AC116158.1",1.20469534119889,1.3717004081626e-05,"Upregulated"
"AC023424.2",1.35739921740396,1.37306536671086e-05,"Upregulated"
"FGF12-AS3",2.34978880597707,1.37962106833153e-05,"Upregulated"
"TLR8-AS1",1.6664942541116,1.3807433672404e-05,"Upregulated"
"AL392172.1",1.31492865573549,1.38271904821339e-05,"Upregulated"
"AC087683.1",-1.19589654496192,1.38379422131649e-05,"Downregulated"
"KF456110.1",1.58053890957265,1.38486071637021e-05,"Upregulated"
"AC004974.1",3.4389179444333,1.38509327865498e-05,"Upregulated"
"AC023794.5",1.48294349991531,1.38934365179406e-05,"Upregulated"
"RPL23AP50",2.41229174421864,1.38952146402679e-05,"Upregulated"
"AC127002.1",1.68702636688721,1.38952146402679e-05,"Upregulated"
"AC108477.2",1.878147863731,1.39129826635294e-05,"Upregulated"
"AC005757.1",1.93477964248325,1.39184665621137e-05,"Upregulated"
"RPS3AP34",-1.04614365611525,1.39364415735972e-05,"Downregulated"
"LHFPL1",1.18785903516229,1.39645711241943e-05,"Upregulated"
"AC023509.5",2.15982492788633,1.39645711241943e-05,"Upregulated"
"KCNT1",1.1971055993905,1.3968999637205e-05,"Upregulated"
"AL671986.1",1.20482347733552,1.40833881885995e-05,"Upregulated"
"AL583785.1",-1.09976089705838,1.41034682602503e-05,"Downregulated"
"AP003072.5",2.01605343384933,1.41424612156484e-05,"Upregulated"
"BNIP3P37",2.20717221962388,1.41581857839083e-05,"Upregulated"
"AL392086.3",1.16223600659101,1.42054668716546e-05,"Upregulated"
"LINC01666",2.13390455017289,1.42234324518597e-05,"Upregulated"
"CRYZL2P-SEC16B",1.06392336891151,1.42418421041697e-05,"Upregulated"
"LINC02688",1.42972417066046,1.42621216451823e-05,"Upregulated"
"GYPB",-2.34889191006588,1.42650475465201e-05,"Downregulated"
"LINC01018",1.1165387114155,1.4266240482264e-05,"Upregulated"
"AP001999.3",2.59249483758514,1.42871272495871e-05,"Upregulated"
"AC073525.1",2.76091836079881,1.43468776794664e-05,"Upregulated"
"AC009163.4",1.28593867789712,1.43687296094776e-05,"Upregulated"
"AC100802.1",-1.77582796849097,1.43727221924406e-05,"Downregulated"
"RN7SKP74",1.73668839303182,1.43961493628226e-05,"Upregulated"
"LINC02551",1.32467253167783,1.44208591765876e-05,"Upregulated"
"RNA5SP111",2.04165522550483,1.44439532517424e-05,"Upregulated"
"PCDH11X",-1.46156852498773,1.45041620502028e-05,"Downregulated"
"AL360091.2",3.13972053874118,1.45413821712677e-05,"Upregulated"
"AC103739.1",1.08160621643073,1.4555960380603e-05,"Upregulated"
"TMEM244",1.54085943807637,1.46024068833736e-05,"Upregulated"
"CR559946.1",1.53144488602068,1.46296278198604e-05,"Upregulated"
"AC078925.2",1.51568596693175,1.46299883614374e-05,"Upregulated"
"PLA2G2A",-1.31732379292257,1.47019545494222e-05,"Downregulated"
"RPS24P16",2.2358543634349,1.47030670741269e-05,"Upregulated"
"ACTN1-AS1",1.03348339925589,1.47250026503352e-05,"Upregulated"
"LINC02394",2.52121640969859,1.47666417927999e-05,"Upregulated"
"LINC01147",-1.26812556099151,1.47932876614838e-05,"Downregulated"
"AL356273.1",2.68311531639758,1.47986358623835e-05,"Upregulated"
"PLA2G2D",1.12614355625187,1.48373383987224e-05,"Upregulated"
"AF121898.1",2.80552235930981,1.48477922702889e-05,"Upregulated"
"LINC01845",2.3526651046408,1.49428215649381e-05,"Upregulated"
"GTF3C6P2",1.17190265240276,1.50128540901342e-05,"Upregulated"
"ABCG8",1.35302512877842,1.50317667258347e-05,"Upregulated"
"CLEC2A",3.21768993469658,1.50328385946136e-05,"Upregulated"
"Y_RNA",2.36161645989874,1.50720549688819e-05,"Upregulated"
"OR1F1",2.89286537428902,1.50853059068498e-05,"Upregulated"
"AL353768.2",2.55521140975899,1.5108088894259e-05,"Upregulated"
"KRT73",-1.63816682233372,1.51645442190168e-05,"Downregulated"
"KLF2P4",3.56870123719768,1.51920506619781e-05,"Upregulated"
"LINC02316",1.71802963362101,1.52737209480606e-05,"Upregulated"
"AC010533.1",1.53785629126182,1.52754499077153e-05,"Upregulated"
"PNLIPRP3",2.92719866417648,1.53046089096872e-05,"Upregulated"
"NPPC",1.43042774555085,1.53457167293945e-05,"Upregulated"
"AL133243.4",1.4391404093522,1.53485520260249e-05,"Upregulated"
"AC114737.1",1.95465373308029,1.53881994092663e-05,"Upregulated"
"CYP8B1",1.23573576865432,1.53995031427275e-05,"Upregulated"
"RNU6-353P",1.68577496229405,1.54150704271126e-05,"Upregulated"
"AP001207.1",2.88176381626561,1.54350978484902e-05,"Upregulated"
"SNORA63D",4.05885641458238,1.54783998665326e-05,"Upregulated"
"AC133065.1",1.71633681605953,1.54837531219404e-05,"Upregulated"
"AC005281.1",1.34489819093863,1.55009584500024e-05,"Upregulated"
"OR1J1",2.0597845817814,1.55389910144731e-05,"Upregulated"
"AL772337.1",-1.98596211326886,1.55726796915096e-05,"Downregulated"
"BMP8B-AS1",1.84568812535047,1.56386418702009e-05,"Upregulated"
"HNRNPA1P37",1.65938125369345,1.56877176085442e-05,"Upregulated"
"TATDN1P1",1.39218831332964,1.57149297225576e-05,"Upregulated"
"TAS2R46",2.52339407739683,1.57325607390221e-05,"Upregulated"
"AC138305.3",1.11685321235406,1.58312541067657e-05,"Upregulated"
"AC068987.2",1.24057443482032,1.58366466919774e-05,"Upregulated"
"FAM187B",-1.19041864441155,1.58629862898726e-05,"Downregulated"
"RBM24",-1.09110201440284,1.58799053528533e-05,"Downregulated"
"HCFC1-AS1",1.21895783133861,1.58981123992188e-05,"Upregulated"
"IFNL2",2.26210646254356,1.59426520819788e-05,"Upregulated"
"STPG2-AS1",2.41214702451412,1.59584377176474e-05,"Upregulated"
"GABRA4",-2.17520458343795,1.60231060856909e-05,"Downregulated"
"AC109439.1",2.96863907044033,1.60282643352562e-05,"Upregulated"
"SNORD70",2.39140845490612,1.60605513589872e-05,"Upregulated"
"AC091114.1",1.49552165254294,1.6066088074372e-05,"Upregulated"
"C13orf42",-1.69654730898268,1.60969049639814e-05,"Downregulated"
"AC008395.1",2.59488309752756,1.61132568329457e-05,"Upregulated"
"AP000688.1",1.00105119798908,1.62136208251371e-05,"Upregulated"
"OR2B11",-1.13159220220532,1.62582841677026e-05,"Downregulated"
"GRIN2A",1.58091330128657,1.62582841677026e-05,"Upregulated"
"ZNF736P9Y",3.90813729372939,1.62582841677026e-05,"Upregulated"
"OGFOD1P1",1.22524194160085,1.63012498352201e-05,"Upregulated"
"LCMT1-AS2",1.12029094043244,1.63314849629389e-05,"Upregulated"
"AL022100.1",2.32523352902968,1.64385205347091e-05,"Upregulated"
"Y_RNA",1.64886094729004,1.64682489059055e-05,"Upregulated"
"SMAD1-AS2",3.05680908861745,1.64912179235962e-05,"Upregulated"
"IGLV11-55",1.70396107125027,1.65425340851284e-05,"Upregulated"
"AC091814.1",2.90013829259487,1.66372120676697e-05,"Upregulated"
"RN7SKP163",2.55816954088173,1.66558648161604e-05,"Upregulated"
"ADAM18",2.56682360192251,1.67382444640469e-05,"Upregulated"
"STRA6LP",-1.12666260875744,1.67403966663371e-05,"Downregulated"
"AC124067.4",1.55890818042916,1.68016569587438e-05,"Upregulated"
"AC010149.2",1.72226096032544,1.68178611509805e-05,"Upregulated"
"AC092868.2",2.3533175782741,1.68258491859025e-05,"Upregulated"
"AP001350.1",1.39152350247826,1.69876689902025e-05,"Upregulated"
"TPH2",2.15607136969806,1.69944214851175e-05,"Upregulated"
"SNORD3C",4.316951768016,1.7009678242824e-05,"Upregulated"
"LINC02457",1.6902700310791,1.70159245392925e-05,"Upregulated"
"AC079866.2",3.04976552233692,1.70267921476725e-05,"Upregulated"
"RPL23AP20",1.89289324368488,1.70330311849051e-05,"Upregulated"
"TMEM89",1.34597031948091,1.7042313226355e-05,"Upregulated"
"AC021573.1",-1.57856872739236,1.71427932351736e-05,"Downregulated"
"AL359813.1",-1.07080878050517,1.71599518374913e-05,"Downregulated"
"SMIM18",1.73565637033625,1.71624139950816e-05,"Upregulated"
"RNVU1-30",1.31827611805843,1.71649729637279e-05,"Upregulated"
"AL136084.2",-1.04671528302321,1.71955070816674e-05,"Downregulated"
"GAPDHP49",2.49230800137416,1.72271788040428e-05,"Upregulated"
"C5orf60",1.24030277170138,1.7273500725337e-05,"Upregulated"
"MIR205HG",1.53880751327214,1.7273500725337e-05,"Upregulated"
"PPIAP52",1.84151876323275,1.72791351843319e-05,"Upregulated"
"LINC01785",-2.83980573393014,1.73150343096777e-05,"Downregulated"
"AL513164.1",2.44148678840265,1.73216248346271e-05,"Upregulated"
"AC100801.1",2.26109425122195,1.73558954099173e-05,"Upregulated"
"HDAC1P2",1.73913299791839,1.74612915136187e-05,"Upregulated"
"AP000553.9",1.16387541289602,1.75574297598087e-05,"Upregulated"
"HNRNPRP1",2.2190843513738,1.76119214525483e-05,"Upregulated"
"LINC01811",-1.7173532006308,1.76119214525483e-05,"Downregulated"
"RPL35AP16",1.90108813849161,1.76541879365113e-05,"Upregulated"
"NFIA-AS1",1.99780866377467,1.77022092243178e-05,"Upregulated"
"AL355482.2",1.53299696228378,1.78306443722363e-05,"Upregulated"
"IAPP",2.75151774015885,1.7903430051991e-05,"Upregulated"
"AL031600.2",1.79546607857524,1.79055904304487e-05,"Upregulated"
"GPR22",1.73647517825117,1.80201359825542e-05,"Upregulated"
"AP003486.2",-1.91251745259698,1.8026763991802e-05,"Downregulated"
"AL359091.2",1.39616357286184,1.80698345483403e-05,"Upregulated"
"AL163193.1",2.92600690235717,1.80794300011838e-05,"Upregulated"
"TIMM9P2",1.75270828571495,1.80954225539936e-05,"Upregulated"
"RNU6-1005P",1.94596526088929,1.81211681783423e-05,"Upregulated"
"AC106875.1",2.9593032421477,1.81299630005473e-05,"Upregulated"
"AC068051.1",1.47105939815447,1.81457296886515e-05,"Upregulated"
"LINC02771",2.07492794062527,1.81457632807008e-05,"Upregulated"
"PPP1R17",-1.47003625746393,1.81571164204991e-05,"Downregulated"
"AP001893.3",1.79935010361694,1.81609752891882e-05,"Upregulated"
"BNIP3P16",1.45128888897052,1.82689033043611e-05,"Upregulated"
"AC063926.3",2.09412049069096,1.83658495228988e-05,"Upregulated"
"AC022809.1",2.06267256970788,1.83758582055429e-05,"Upregulated"
"OR55B1P",1.99295016579465,1.84312002187654e-05,"Upregulated"
"AL450345.1",2.99924914723043,1.8520024719509e-05,"Upregulated"
"AL807757.2",1.05715500340852,1.86262717572049e-05,"Upregulated"
"RPL21P8",1.90320949980167,1.86443091988139e-05,"Upregulated"
"KRT8P49",1.15120111648744,1.86992323656895e-05,"Upregulated"
"AC148477.2",2.44478103600344,1.87083474406832e-05,"Upregulated"
"PTTG4P",1.76992494075276,1.87272512561947e-05,"Upregulated"
"LINGO2",1.54927469304556,1.87712866160065e-05,"Upregulated"
"AL513533.1",1.64430601950684,1.88077388872491e-05,"Upregulated"
"AC112204.3",-2.10425065161367,1.88460537493458e-05,"Downregulated"
"AL022323.1",2.2105929272781,1.88680820095179e-05,"Upregulated"
"AL034418.1",1.92437076726498,1.88922328761647e-05,"Upregulated"
"LINC02601",1.03019824496637,1.88978581533498e-05,"Upregulated"
"NDUFB4P6",2.01457055672348,1.89257865648668e-05,"Upregulated"
"AC004678.2",1.03221106359522,1.89463698099077e-05,"Upregulated"
"PCA3",1.62632264449994,1.89574383565204e-05,"Upregulated"
"AC105046.2",-1.20984702638669,1.89789084697004e-05,"Downregulated"
"AL390774.2",3.20215285743964,1.89974893266926e-05,"Upregulated"
"RNU1-134P",1.8474090571078,1.90281069992412e-05,"Upregulated"
"AL831737.1",2.75526360945944,1.90612179509684e-05,"Upregulated"
"AL451069.2",-1.02757282345825,1.91381218784875e-05,"Downregulated"
"TAS2R63P",2.80046672898448,1.91450010220434e-05,"Upregulated"
"DCAF8L2",4.01416301101204,1.91772268763001e-05,"Upregulated"
"RPL7P17",1.82423430038255,1.91772268763001e-05,"Upregulated"
"DLEC1",-1.0715244592195,1.91862742387931e-05,"Downregulated"
"AC009464.1",1.72638712025549,1.91995618648076e-05,"Upregulated"
"PIK3C2G",1.73682108133907,1.92101371735723e-05,"Upregulated"
"MIR4280HG",1.18803761417286,1.92559239884699e-05,"Upregulated"
"RPL7P18",-1.05988534892853,1.92654280648174e-05,"Downregulated"
"RPS20P15",2.59131387483402,1.92918723790277e-05,"Upregulated"
"Metazoa_SRP",-1.68527175175852,1.93091064203899e-05,"Downregulated"
"RN7SL316P",1.82858676347054,1.93246793677227e-05,"Upregulated"
"AL138962.1",2.06887781761422,1.93804133757897e-05,"Upregulated"
"TPSD1",-1.2878558040032,1.9441204930457e-05,"Downregulated"
"AC092718.2",1.20613563755334,1.9511891304959e-05,"Upregulated"
"AC244093.4",1.25806158952783,1.95304884916997e-05,"Upregulated"
"PVALEF",1.89390534969106,1.95750461147093e-05,"Upregulated"
"AC127029.2",2.63286750024544,1.96444938010736e-05,"Upregulated"
"AL513412.1",3.22363663555494,1.96480464517922e-05,"Upregulated"
"AL445648.1",1.97140479308016,1.96911536574202e-05,"Upregulated"
"AC004817.5",1.28324966576184,1.9698203008313e-05,"Upregulated"
"AC233968.1",1.25325088764917,1.96996314110155e-05,"Upregulated"
"SMYD3-AS1",1.95312331200496,1.97009391638779e-05,"Upregulated"
"AL355075.5",1.34096276499693,1.97064225059298e-05,"Upregulated"
"KRT8P20",1.34358518732692,1.97253503816794e-05,"Upregulated"
"KC6",1.77311050231068,1.97366014926769e-05,"Upregulated"
"KIAA2012",-1.30765807248435,1.97750294117854e-05,"Downregulated"
"LINC02055",1.41085699843599,1.97992069308611e-05,"Upregulated"
"AC134775.1",1.26225166466598,1.98469596120229e-05,"Upregulated"
"SRXN1",1.44441352903432,1.99462026469672e-05,"Upregulated"
"AL590807.1",2.17743351460362,1.99559628173987e-05,"Upregulated"
"Z85996.2",1.20844275947805,1.99592226031016e-05,"Upregulated"
"AC113385.1",2.8028824829526,1.99753080040455e-05,"Upregulated"
"H4C6",4.61716112068288,2.00158080256384e-05,"Upregulated"
"AP003086.1",1.63409787727259,2.00877675628743e-05,"Upregulated"
"AP003555.1",1.17904432052156,2.01424373607537e-05,"Upregulated"
"LINC02446",1.10528151131329,2.01551364693701e-05,"Upregulated"
"RPL5P13",3.04796760005692,2.01751861870122e-05,"Upregulated"
"CARNMT1-AS1",1.24284161727888,2.01974220188563e-05,"Upregulated"
"SNORD88A",1.53058756130999,2.02111691530217e-05,"Upregulated"
"AC005154.1",1.07525739007784,2.02111691530217e-05,"Upregulated"
"CES3",1.09101322687241,2.02362861279057e-05,"Upregulated"
"IL20RB-AS1",2.44669716140655,2.03243686813307e-05,"Upregulated"
"ZNF257",1.01541640493262,2.04184594976296e-05,"Upregulated"
"RPL7AP3",2.08218875079411,2.05593837332837e-05,"Upregulated"
"C21orf91-OT1",1.79859183365558,2.0624992249311e-05,"Upregulated"
"AC087752.1",1.60724696552477,2.06930911550341e-05,"Upregulated"
"MYHAS",1.39339175919296,2.069801089383e-05,"Upregulated"
"LINC01812",2.05781938442884,2.07515514310924e-05,"Upregulated"
"RPS3AP3",1.96461400968633,2.07750639865342e-05,"Upregulated"
"AC026495.1",1.51025468099092,2.08676847663818e-05,"Upregulated"
"SMIM38",1.12043868257602,2.08878378672832e-05,"Upregulated"
"AL121612.2",2.84397251218558,2.08969697777033e-05,"Upregulated"
"AL606748.1",-1.82617831308594,2.10004097442752e-05,"Downregulated"
"LINC01346",3.33828184342268,2.10081403139965e-05,"Upregulated"
"AC002401.4",1.18432968914849,2.11175726711583e-05,"Upregulated"
"AC023794.4",1.31792706240667,2.11393628846471e-05,"Upregulated"
"ORM1",1.30455141433058,2.11483616189601e-05,"Upregulated"
"AL158166.2",1.0510494606688,2.11895780237211e-05,"Upregulated"
"RN7SKP230",2.80634252000679,2.12163183385316e-05,"Upregulated"
"AC114956.1",1.01898664037102,2.12683719316067e-05,"Upregulated"
"AC027088.5",2.03311255723291,2.1337931788672e-05,"Upregulated"
"LINC02595",1.16391039427911,2.1403217876076e-05,"Upregulated"
"SOWAHCP2",1.31944330108176,2.14186612680402e-05,"Upregulated"
"AC020934.1",2.12367469024404,2.14352070366328e-05,"Upregulated"
"AC034110.1",-1.41968412776794,2.14957202274702e-05,"Downregulated"
"AC004990.1",1.51166318267668,2.15568622840014e-05,"Upregulated"
"AC016027.5",1.51164634568104,2.1581674921727e-05,"Upregulated"
"AL096712.1",1.82348607208295,2.16339117609546e-05,"Upregulated"
"LTF",1.25738039386261,2.16657667932227e-05,"Upregulated"
"AC243547.1",1.51273864066742,2.16657667932227e-05,"Upregulated"
"NPM1P38",1.56305413790084,2.17158196453204e-05,"Upregulated"
"AL137856.1",1.30967606051767,2.1748459268395e-05,"Upregulated"
"IFNL3",2.07214597014095,2.17657116162911e-05,"Upregulated"
"RPL36AP48",2.28208242805943,2.17785606424665e-05,"Upregulated"
"H4C10P",1.3485726994254,2.18127814570315e-05,"Upregulated"
"HMGB1P21",2.16991528777774,2.19291481748419e-05,"Upregulated"
"DEFB131B",1.00143144627882,2.19330857463107e-05,"Upregulated"
"AC011676.2",2.35237599069804,2.19826407031634e-05,"Upregulated"
"AL603764.2",1.82135844143509,2.20095663055874e-05,"Upregulated"
"RPL23AP95",1.33429427364362,2.20148198510071e-05,"Upregulated"
"MAGEB1",4.33812213472069,2.20718171537924e-05,"Upregulated"
"AL139022.1",1.16677519532508,2.21069928279325e-05,"Upregulated"
"SSX5",3.75694280951533,2.21789978890424e-05,"Upregulated"
"AL121899.1",-1.36014615447094,2.22132557275674e-05,"Downregulated"
"LINC01356",1.40226612068,2.23751008458307e-05,"Upregulated"
"FSHR",-1.64437237625161,2.24039068155714e-05,"Downregulated"
"AC131888.1",1.05187519674437,2.26101444392484e-05,"Upregulated"
"FAM95C",1.00154147697098,2.26390341885588e-05,"Upregulated"
"AL355102.4",1.636948175159,2.27362884439522e-05,"Upregulated"
"AL607028.1",1.4680635423646,2.27508561804269e-05,"Upregulated"
"AC110760.2",2.18439521115797,2.27718516442424e-05,"Upregulated"
"AP005136.1",2.00784457891786,2.28147985702423e-05,"Upregulated"
"Y_RNA",-1.41345551560847,2.29013276863386e-05,"Downregulated"
"AP001207.2",2.44821988115692,2.2919693347657e-05,"Upregulated"
"KRT8P14",1.11881299220441,2.29760752403391e-05,"Upregulated"
"AKAP12",-1.05342698577382,2.30009419553085e-05,"Downregulated"
"ANKUB1",-1.44518478503132,2.30507334818135e-05,"Downregulated"
"MIR6895",1.51365383916698,2.30507334818135e-05,"Upregulated"
"AC025031.3",2.36170942017711,2.30944528215556e-05,"Upregulated"
"CCNA1",-1.20590554439616,2.31411834565198e-05,"Downregulated"
"TKTL2",1.84383566002368,2.31626608823898e-05,"Upregulated"
"AC106858.1",1.52650905741216,2.31795920973246e-05,"Upregulated"
"ITCH-IT1",2.08923365473593,2.32422433819703e-05,"Upregulated"
"IGKV1OR2-2",2.07591079976896,2.32788123967721e-05,"Upregulated"
"H1-12P",2.19506422380842,2.33041977397818e-05,"Upregulated"
"AL139246.1",1.60242758458237,2.33502397555804e-05,"Upregulated"
"ZDHHC4P1",2.13184531314395,2.34114606640589e-05,"Upregulated"
"ALDOAP2",1.40019041760688,2.34269567109243e-05,"Upregulated"
"TAS2R30",2.22612591310937,2.34763620600496e-05,"Upregulated"
"AC145207.1",1.62742724547278,2.36375498312736e-05,"Upregulated"
"DDC",1.54360887394965,2.36839661733039e-05,"Upregulated"
"AC004777.1",1.41859008657348,2.36917486664154e-05,"Upregulated"
"AC093702.1",2.0329326205901,2.37434649170416e-05,"Upregulated"
"KLB",-1.3138922834343,2.38332869724757e-05,"Downregulated"
"SP7",1.61986716011125,2.38332869724757e-05,"Upregulated"
"AL365436.3",1.27818989258689,2.38332869724757e-05,"Upregulated"
"AC005538.3",2.90727232242839,2.38332869724757e-05,"Upregulated"
"AL731563.2",2.33293641722706,2.38624130354898e-05,"Upregulated"
"RN7SL851P",1.6045190713654,2.38745283583062e-05,"Upregulated"
"AL135878.1",3.37525278440365,2.40310574108812e-05,"Upregulated"
"AC091805.1",2.72807665132593,2.40735779001534e-05,"Upregulated"
"MPHOSPH6P1",1.49722349078565,2.40809553647156e-05,"Upregulated"
"AC055717.2",4.07856930736322,2.40909483359371e-05,"Upregulated"
"AC011483.1",2.77244426438553,2.41464986482329e-05,"Upregulated"
"AURKAP1",1.46575787027052,2.41806433910422e-05,"Upregulated"
"AC116096.1",2.94089711317781,2.42194164007266e-05,"Upregulated"
"AC078820.2",1.00643292346442,2.42787640088543e-05,"Upregulated"
"OR1J4",2.06746227082614,2.42844176809228e-05,"Upregulated"
"SEC13P1",1.69238088539601,2.43389144691712e-05,"Upregulated"
"AL137789.1",2.40994257248735,2.43548623306285e-05,"Upregulated"
"CLCN1",1.21244138918366,2.44730306135883e-05,"Upregulated"
"DIAPH2-AS1",1.183047627654,2.47099971692265e-05,"Upregulated"
"AL022238.1",1.66592277773073,2.47131577634319e-05,"Upregulated"
"LINC02244",-1.19512143587378,2.47836003259696e-05,"Downregulated"
"AC004704.1",2.785745543176,2.4830753431285e-05,"Upregulated"
"SINHCAFP1",1.23831606659008,2.49365927717542e-05,"Upregulated"
"RPL21P132",1.4035871309551,2.50184464433535e-05,"Upregulated"
"RN7SL760P",2.82786791229974,2.50409036530058e-05,"Upregulated"
"PSD2-AS1",1.87445064240697,2.50805782686905e-05,"Upregulated"
"KIR2DL1",-1.41834562964713,2.51072974398737e-05,"Downregulated"
"AC012370.1",2.03807471513849,2.51992309276066e-05,"Upregulated"
"AC113208.2",2.10696461289848,2.52152760537349e-05,"Upregulated"
"AL157938.3",1.29432244251224,2.52787550549448e-05,"Upregulated"
"AC073850.1",-1.45753931229409,2.53377275145847e-05,"Downregulated"
"AC020663.4",1.95971449530992,2.53385180723013e-05,"Upregulated"
"FAM138B",-1.5306112407881,2.53755134887057e-05,"Downregulated"
"MIR544B",1.97049479772803,2.5443777807238e-05,"Upregulated"
"VN1R84P",1.67121637029055,2.55746593845006e-05,"Upregulated"
"AC108673.1",-1.660645566444,2.56762970901368e-05,"Downregulated"
"UGT1A8",3.82076687958116,2.56765988644458e-05,"Upregulated"
"AL445220.1",1.89729822418077,2.5771796921765e-05,"Upregulated"
"AC026765.3",-1.48507814322145,2.57925247308252e-05,"Downregulated"
"AC009159.4",-1.39535537847001,2.57942881798916e-05,"Downregulated"
"RPSAP6",1.50599635049258,2.5865284146268e-05,"Upregulated"
"AL354863.1",-2.30112000025655,2.59727544975714e-05,"Downregulated"
"AC034105.5",1.85159349560508,2.60144903746997e-05,"Upregulated"
"AC023232.1",1.47051914627982,2.60242956701851e-05,"Upregulated"
"AC011751.1",-2.11923216382595,2.60311803208498e-05,"Downregulated"
"AL355531.1",3.40214314281831,2.60375256480738e-05,"Upregulated"
"AC008026.3",1.3646170260036,2.61305434861668e-05,"Upregulated"
"AC009268.1",2.77177288832384,2.6418894057426e-05,"Upregulated"
"AL445072.1",2.56808676249433,2.64453920457922e-05,"Upregulated"
"ANXA8",-1.44910199976512,2.64763938370075e-05,"Downregulated"
"ZNF492",1.32244601532289,2.64768420791634e-05,"Upregulated"
"C12orf40",2.41691071563271,2.65031909758919e-05,"Upregulated"
"AC103810.4",1.62181787527299,2.65470022786199e-05,"Upregulated"
"AL355974.2",-1.53095272181103,2.65554343859828e-05,"Downregulated"
"KRT8P9",1.07805294268145,2.66597096112231e-05,"Upregulated"
"CHP1P1",2.73066954689726,2.67038885887237e-05,"Upregulated"
"AC016575.1",1.53387244103995,2.68170203448253e-05,"Upregulated"
"ARAP1-AS2",1.07770286715178,2.68810863544302e-05,"Upregulated"
"AC092569.1",1.11849407756134,2.68846672662372e-05,"Upregulated"
"TRAV18",1.23287985384401,2.69150442349645e-05,"Upregulated"
"AC073592.4",1.8720253251122,2.69282583446275e-05,"Upregulated"
"SNORA22B",1.46901110995598,2.69550459842894e-05,"Upregulated"
"AC027228.1",2.01801924639276,2.69584907214553e-05,"Upregulated"
"EEF1A1P32",2.40924225665642,2.69710886192224e-05,"Upregulated"
"LINC00427",1.54898014342764,2.69817570546654e-05,"Upregulated"
"FOCAD-AS1",1.20493128512691,2.70256304993518e-05,"Upregulated"
"CSAG4",3.94874518785839,2.7075703818945e-05,"Upregulated"
"AC005821.2",1.31553477266478,2.71506183442838e-05,"Upregulated"
"AC005414.1",2.34264342516015,2.71630450778559e-05,"Upregulated"
"AC092800.1",2.68499402176072,2.72040283094512e-05,"Upregulated"
"IGLV8OR8-1",1.82096686568007,2.72532363057316e-05,"Upregulated"
"AC097065.2",2.07670990630779,2.73185563712538e-05,"Upregulated"
"IGKV2OR2-2",2.06643295703533,2.73455851850731e-05,"Upregulated"
"AC005803.1",1.32583778851853,2.73589124862329e-05,"Upregulated"
"FBXL21P",2.96795636017652,2.73740988270563e-05,"Upregulated"
"AC004223.1",1.98326447432364,2.74333802231226e-05,"Upregulated"
"AC099340.1",1.57785283858162,2.74505752406226e-05,"Upregulated"
"AC092746.1",-1.88185875846568,2.74742705226704e-05,"Downregulated"
"AL450384.1",1.21873347849926,2.75122408421428e-05,"Upregulated"
"AC099811.6",1.61804857652261,2.75319826526049e-05,"Upregulated"
"AC120349.3",2.04617332565587,2.76086339069985e-05,"Upregulated"
"PRSS12",-1.05508641845217,2.76352545159713e-05,"Downregulated"
"LINC00323",1.05753333487461,2.77025613667636e-05,"Upregulated"
"AL109983.1",1.72217095905093,2.77357427706375e-05,"Upregulated"
"AIDAP1",1.3595424363757,2.77517996143553e-05,"Upregulated"
"RN7SL277P",2.28443496622885,2.77533883972754e-05,"Upregulated"
"CFAP100",-1.29159440261226,2.77885507682547e-05,"Downregulated"
"AC087623.3",-1.2831161058182,2.78167955631229e-05,"Downregulated"
"AC023813.2",3.85591921934797,2.78203128737545e-05,"Upregulated"
"LINC01414",3.37508508616202,2.7839810154033e-05,"Upregulated"
"LINC02351",1.54929595114858,2.78624230159718e-05,"Upregulated"
"AL355303.2",1.69405698582123,2.79980590709158e-05,"Upregulated"
"LINC02359",3.3818424486688,2.80518733511237e-05,"Upregulated"
"SDHCP3",1.76861667636362,2.80573827930504e-05,"Upregulated"
"AC007991.2",1.41398899151465,2.80848344113531e-05,"Upregulated"
"AC007389.2",1.83259739368107,2.80909791811775e-05,"Upregulated"
"AC004980.3",-1.09508436941809,2.81586860152188e-05,"Downregulated"
"ADH4",1.56877886555075,2.81658993854749e-05,"Upregulated"
"AC073575.1",2.26573228033354,2.82649744087739e-05,"Upregulated"
"RPSAP71",3.45523149057195,2.83565946724853e-05,"Upregulated"
"KRT18P3",1.53059245653855,2.83636690621801e-05,"Upregulated"
"SIDT1-AS1",1.76419071001672,2.84358250773328e-05,"Upregulated"
"AL357153.4",3.3006320168051,2.84477734616041e-05,"Upregulated"
"RPSAP16",1.6019523923702,2.84677648139703e-05,"Upregulated"
"AC011921.3",2.14453612741471,2.84959925292081e-05,"Upregulated"
"AC005034.2",1.42908650020083,2.85259876550891e-05,"Upregulated"
"AC069431.2",2.59975950568735,2.87125566009399e-05,"Upregulated"
"AC027279.4",3.14480916118689,2.87325324088944e-05,"Upregulated"
"RNY1P4",2.02995132267862,2.87830860334661e-05,"Upregulated"
"MTCO1P15",2.35302316195621,2.87830860334661e-05,"Upregulated"
"Y_RNA",1.48273948120594,2.88920793979786e-05,"Upregulated"
"TMA16P2",2.67348638866835,2.89406852656171e-05,"Upregulated"
"CES5AP1",1.73561302703592,2.89759393781716e-05,"Upregulated"
"INSC",-1.24936092231668,2.89870563465713e-05,"Downregulated"
"CTSLP8",-1.99911912979369,2.90040303336062e-05,"Downregulated"
"GPRACR",1.34086574543463,2.91465424033296e-05,"Upregulated"
"AC016550.2",3.18264694152581,2.92365978565432e-05,"Upregulated"
"AC099778.2",1.40416725521957,2.93340094740196e-05,"Upregulated"
"AC053503.3",-1.58355513725233,2.93596336528846e-05,"Downregulated"
"LINC02360",-2.25989686622744,2.93953328991385e-05,"Downregulated"
"AC125611.1",1.30141451295217,2.94283153974336e-05,"Upregulated"
"ZNF969P",1.95828150893806,2.95864547977396e-05,"Upregulated"
"AC005100.1",-1.84728172712948,2.96040262286672e-05,"Downregulated"
"HEBP2P1",2.51155928064957,2.96534318206825e-05,"Upregulated"
"AL121772.2",2.18650952948807,2.97136478688196e-05,"Upregulated"
"BRD7P3",2.69409086765183,2.99445202626575e-05,"Upregulated"
"Metazoa_SRP",1.80291087538113,2.99705339835692e-05,"Upregulated"
"MIR561",2.56398259714181,3.00199924289903e-05,"Upregulated"
"AC004898.1",1.76021998487953,3.01293120503365e-05,"Upregulated"
"C11orf16",-1.18210713962241,3.02439073320622e-05,"Downregulated"
"MIR320B2",1.34916785605285,3.02690881920114e-05,"Upregulated"
"AL121895.1",1.1146252332745,3.0271921049616e-05,"Upregulated"
"AL137026.3",-1.21655971781154,3.02868254730333e-05,"Downregulated"
"MIR222",-1.47196219748849,3.03050671399493e-05,"Downregulated"
"AL034405.1",1.44652497977825,3.03050671399493e-05,"Upregulated"
"AC105415.1",-1.36597425269167,3.0409313388135e-05,"Downregulated"
"AC113349.1",-1.84606257880367,3.04473620123175e-05,"Downregulated"
"AC007159.1",3.87523222187575,3.05660925966938e-05,"Upregulated"
"AC106037.3",1.246655518621,3.060333006808e-05,"Upregulated"
"RPL23AP66",1.37845160127,3.06306885147044e-05,"Upregulated"
"RN7SL507P",3.17179788967965,3.06333918961622e-05,"Upregulated"
"AC079949.2",1.35614635704352,3.09259721954958e-05,"Upregulated"
"HMGB1P19",1.63509287440872,3.10257469679142e-05,"Upregulated"
"CPEB1-AS1",-1.19788757686281,3.10397499250173e-05,"Downregulated"
"AL009178.3",1.72432979956786,3.11194391667673e-05,"Upregulated"
"IGHV7-40",2.2391840742425,3.1125214438514e-05,"Upregulated"
"AC098935.2",1.37336040559381,3.11799760244978e-05,"Upregulated"
"AC237221.2",2.96635406620279,3.12015633272009e-05,"Upregulated"
"KRTAP4-17P",1.91114798709333,3.12214603231435e-05,"Upregulated"
"AC091152.1",1.80754652525724,3.13265842777347e-05,"Upregulated"
"AC023283.1",1.1875198125084,3.14034603526338e-05,"Upregulated"
"AZGP1",1.43493700806588,3.14185096461928e-05,"Upregulated"
"RPS10P18",1.62559139085634,3.15139973096138e-05,"Upregulated"
"AL512506.1",1.27618828460811,3.16349127951963e-05,"Upregulated"
"MIR4326",1.25034823249571,3.16596278791974e-05,"Upregulated"
"IGHV1OR15-4",2.05134913141037,3.17877563677454e-05,"Upregulated"
"AC104819.1",1.89307092450372,3.18254069951369e-05,"Upregulated"
"AL391560.2",1.1329325523277,3.19113291405753e-05,"Upregulated"
"AC004491.1",2.34020029476576,3.19276918803967e-05,"Upregulated"
"VWA3A",-1.33137524183853,3.2078071843574e-05,"Downregulated"
"RNU6-767P",1.98545402599511,3.20843070350161e-05,"Upregulated"
"ASIC4-AS1",1.98815156907242,3.21664114151186e-05,"Upregulated"
"AC114786.2",4.12157752035919,3.21667134965851e-05,"Upregulated"
"RNA5SP174",2.74269021789253,3.21961817374154e-05,"Upregulated"
"RN7SL19P",1.91093450486461,3.23093314569329e-05,"Upregulated"
"KRT12",1.35219276537394,3.23098533152551e-05,"Upregulated"
"S100A7A",3.19326856885803,3.23499165532578e-05,"Upregulated"
"AC022973.3",1.3604389235,3.23953737039678e-05,"Upregulated"
"CTSE",1.27054133782448,3.24834146965984e-05,"Upregulated"
"RNA5SP245",1.50765380543136,3.24893737123537e-05,"Upregulated"
"SOD1P3",1.50108271053784,3.25011071577269e-05,"Upregulated"
"BTNL8",-1.34506196416044,3.26760317584185e-05,"Downregulated"
"CDC42P1",1.90434194241183,3.26814463141292e-05,"Upregulated"
"Z84723.1",1.35708173971547,3.28158511358163e-05,"Upregulated"
"AC080005.1",-1.20822609459661,3.28483044038128e-05,"Downregulated"
"HOXB6",1.00293375774574,3.29760828304047e-05,"Upregulated"
"AL353593.2",1.01357982529581,3.2993514284784e-05,"Upregulated"
"AC026120.3",1.69208161991787,3.30403129135121e-05,"Upregulated"
"AC016987.2",-2.37254398558189,3.30598753474685e-05,"Downregulated"
"AC022133.2",2.12024751468552,3.32428174592767e-05,"Upregulated"
"AC012170.1",1.40986611267365,3.34061904330272e-05,"Upregulated"
"TAS2R64P",1.77957341409601,3.34330910104869e-05,"Upregulated"
"KRT18P65",1.31178005774977,3.3501686247456e-05,"Upregulated"
"AC008740.1",1.76132806240682,3.3523224267656e-05,"Upregulated"
"RPL11P1",1.40798555591397,3.3752364550193e-05,"Upregulated"
"SPRR2A",2.15638884962866,3.37843352271433e-05,"Upregulated"
"AL713868.1",2.00776469157367,3.37866499924179e-05,"Upregulated"
"AC096720.1",1.13353057602797,3.38273806691873e-05,"Upregulated"
"AC026401.1",2.01385930110912,3.38528398382321e-05,"Upregulated"
"AC234917.2",1.41315966052976,3.38592523028168e-05,"Upregulated"
"RPL35AP29",2.00966467847166,3.39291136680923e-05,"Upregulated"
"AC135166.1",1.85338529806589,3.4043080810234e-05,"Upregulated"
"AC007204.1",1.99820295691786,3.40473088572736e-05,"Upregulated"
"AC005476.1",2.25302655422152,3.42341043583912e-05,"Upregulated"
"AC006262.2",2.30701962631724,3.42561374322073e-05,"Upregulated"
"CACNG6",-1.54265130743005,3.43510431026424e-05,"Downregulated"
"AC021146.12",1.69945976525148,3.44462474367917e-05,"Upregulated"
"AC140076.1",2.26422758330986,3.44829437008561e-05,"Upregulated"
"OR2AG1",2.55747413237687,3.45836300989179e-05,"Upregulated"
"MEG9",1.4009276544027,3.45949386195281e-05,"Upregulated"
"DDX18P5",2.33546431217139,3.4612291314741e-05,"Upregulated"
"AC087683.2",1.13696889123608,3.46343495171375e-05,"Upregulated"
"AC092683.1",1.03148465488682,3.46924918761769e-05,"Upregulated"
"AC104129.1",1.79041967851639,3.46955813748607e-05,"Upregulated"
"AC008892.1",1.79929926157225,3.49323936294173e-05,"Upregulated"
"AC011487.2",-1.48921052104152,3.49514167853062e-05,"Downregulated"
"PROX1",1.01641953257045,3.49761895703743e-05,"Upregulated"
"AL450344.2",2.6177857900948,3.50249993059889e-05,"Upregulated"
"LINC00645",3.03633591748702,3.5057105331022e-05,"Upregulated"
"AC034238.1",1.24612507562019,3.50743867357002e-05,"Upregulated"
"AL157369.1",1.50227334954341,3.52031783273823e-05,"Upregulated"
"RPL23AP8",1.51702207820631,3.52039491379161e-05,"Upregulated"
"HSPE1P4",1.25830642451998,3.5265307343042e-05,"Upregulated"
"AC099552.2",-2.48381774343291,3.55592369024605e-05,"Downregulated"
"AL022342.1",1.60310831953852,3.56122028256428e-05,"Upregulated"
"LINC01470",2.27526899271595,3.56873019718816e-05,"Upregulated"
"RNU1-47P",1.42091128813682,3.57540852770696e-05,"Upregulated"
"ZNF559-ZNF177",1.05375954706871,3.58350807633241e-05,"Upregulated"
"HMGN1P8",1.43694163041257,3.60539238740355e-05,"Upregulated"
"SNORA7B",1.63574033780101,3.61719137622642e-05,"Upregulated"
"TTLL9",-1.03342607915706,3.62585314311062e-05,"Downregulated"
"FCAR",-1.06261309426952,3.62996549572912e-05,"Downregulated"
"HSPE1P27",2.20922212419562,3.63728355322357e-05,"Upregulated"
"ANKRD20A5P",1.04579572257391,3.64490260123847e-05,"Upregulated"
"AL355483.2",2.32539631441466,3.6460163514966e-05,"Upregulated"
"AC104453.1",2.37570597571429,3.65610685008598e-05,"Upregulated"
"AL365338.1",3.00601147015774,3.66182280777939e-05,"Upregulated"
"RSF1-IT2",1.15250273887973,3.66547431000263e-05,"Upregulated"
"Z84478.1",2.19079489305302,3.66550609317509e-05,"Upregulated"
"OPA1-AS1",1.64055536015244,3.68051872143902e-05,"Upregulated"
"SUMO2P8",3.13413113202116,3.68815093392743e-05,"Upregulated"
"AL589863.2",1.77493332799811,3.68833757534608e-05,"Upregulated"
"Y_RNA",1.29343940315062,3.70728909813214e-05,"Upregulated"
"AC006978.2",1.62594197473327,3.72186051750244e-05,"Upregulated"
"NRAD1",-1.43160088133635,3.74177901479323e-05,"Downregulated"
"KRT18P23",1.16915275681322,3.74621190651437e-05,"Upregulated"
"CASC18",1.1293076973864,3.74711442851967e-05,"Upregulated"
"CFHR5",2.19914538949027,3.75180716643122e-05,"Upregulated"
"AL513318.1",1.40081676199235,3.75479374863428e-05,"Upregulated"
"ZNF208",1.09846540257342,3.78325442605603e-05,"Upregulated"
"AC027644.2",1.34513501677712,3.78325442605603e-05,"Upregulated"
"AC012354.4",2.12487879739893,3.80138158752225e-05,"Upregulated"
"AC017033.1",1.23463316643663,3.80618928661328e-05,"Upregulated"
"Y_RNA",1.72390589775266,3.81083085261259e-05,"Upregulated"
"RPL10AP1",1.44815602167128,3.81383793119552e-05,"Upregulated"
"AL391097.1",3.72291001319565,3.81966879540202e-05,"Upregulated"
"Y_RNA",1.37863468050192,3.82359824586993e-05,"Upregulated"
"AP005436.2",1.67162858529223,3.82359824586993e-05,"Upregulated"
"NSG2",1.51810461740584,3.82956593497565e-05,"Upregulated"
"OSTN",-1.61354839696807,3.84609514672813e-05,"Downregulated"
"AC006557.1",1.04110666283842,3.84769359553249e-05,"Upregulated"
"AL449363.2",-1.53913629647825,3.85686567205172e-05,"Downregulated"
"AC073651.1",2.46380595048304,3.8724157214033e-05,"Upregulated"
"AP005131.4",2.21485257255066,3.87438117697263e-05,"Upregulated"
"HNRNPA1P71",2.17471387582264,3.8755614467943e-05,"Upregulated"
"AL139351.1",1.64320483086844,3.87942193794921e-05,"Upregulated"
"AC092849.2",1.35016930487789,3.88155925510408e-05,"Upregulated"
"AC008397.1",1.72089382774494,3.89176870951206e-05,"Upregulated"
"AL445685.1",1.78755949471357,3.9021897638041e-05,"Upregulated"
"Y_RNA",1.62874568523466,3.90260716201368e-05,"Upregulated"
"AL358394.1",2.17989344514143,3.91499896793623e-05,"Upregulated"
"MIR5692C2",2.19856179338732,3.9250970659911e-05,"Upregulated"
"AL008718.2",1.10075332905586,3.92716045203334e-05,"Upregulated"
"RNU6-118P",1.07123243238176,3.9374847203992e-05,"Upregulated"
"AC026111.1",2.03589115731532,3.94506754486848e-05,"Upregulated"
"AL354793.1",1.48908643157475,3.96151268570847e-05,"Upregulated"
"GPRC6A",2.51465475068393,3.96378886576866e-05,"Upregulated"
"CLCA4-AS1",1.37155396108586,3.96428719417535e-05,"Upregulated"
"BMS1P8",1.59823970653014,3.96680817307698e-05,"Upregulated"
"GPAA1P2",1.71501839418429,3.96757927123833e-05,"Upregulated"
"AC006974.2",1.7395715276394,3.99231459207035e-05,"Upregulated"
"AL449283.1",1.23744700233502,3.99765015399808e-05,"Upregulated"
"RN7SL434P",2.29605556798915,4.00053985552476e-05,"Upregulated"
"CLYBL-AS2",2.18870538133633,4.00562831479879e-05,"Upregulated"
"FABP6-AS1",-1.23654189553169,4.00562831479879e-05,"Downregulated"
"AC022079.1",1.32918822658659,4.03024244055102e-05,"Upregulated"
"AC007638.2",1.31244678034422,4.04751639624427e-05,"Upregulated"
"DNAJC5G",1.42691720748889,4.06143931292517e-05,"Upregulated"
"ZMYM4-AS1",1.60398982211284,4.06734686864607e-05,"Upregulated"
"AC016999.1",1.15452442500424,4.07345061906502e-05,"Upregulated"
"LINC02539",1.28714203285915,4.07714825356347e-05,"Upregulated"
"AL807757.1",2.41286754516212,4.09470818576143e-05,"Upregulated"
"GXYLT1P4",-1.79081491337488,4.09566439310269e-05,"Downregulated"
"NDUFA5P10",-1.91864687892221,4.10554351546308e-05,"Downregulated"
"PDYN-AS1",-1.33090682652335,4.11139203049096e-05,"Downregulated"
"LINC02027",2.23316779634887,4.11593022574398e-05,"Upregulated"
"AL117328.2",1.45234428418202,4.12133558825134e-05,"Upregulated"
"AC010494.1",1.54606173256297,4.13218500797857e-05,"Upregulated"
"ELOCP21",1.49599811615824,4.13258012106486e-05,"Upregulated"
"DSC1",1.56646653429549,4.14006599379525e-05,"Upregulated"
"AC131568.1",1.15830753763325,4.14576936018884e-05,"Upregulated"
"TMPRSS11F",2.38956345846096,4.15441591485136e-05,"Upregulated"
"AC103853.1",3.39613949861739,4.18039931246125e-05,"Upregulated"
"AC243972.2",3.1507716549463,4.20270470620921e-05,"Upregulated"
"AC022973.4",1.71592185078101,4.21968530022378e-05,"Upregulated"
"RN7SL141P",3.42181920421454,4.27006789760352e-05,"Upregulated"
"BMP2KL",3.86675996666233,4.28340972482619e-05,"Upregulated"
"AC027644.3",1.12143198890461,4.28340972482619e-05,"Upregulated"
"AC243654.3",1.07906495193962,4.29426094722871e-05,"Upregulated"
"AL021407.1",1.08648431505684,4.3072324546375e-05,"Upregulated"
"MTCYBP3",2.80169546107623,4.30870707231763e-05,"Upregulated"
"SPACA3",1.33532666767258,4.31009539209509e-05,"Upregulated"
"AL355596.2",2.85195499997398,4.32206680694795e-05,"Upregulated"
"RN7SL505P",2.8447414500568,4.33466510657795e-05,"Upregulated"
"LINC01087",2.71859366896443,4.33579416736711e-05,"Upregulated"
"AC104041.1",1.38611236286732,4.33653494269407e-05,"Upregulated"
"PDE6B-AS1",1.71409754555688,4.36501816322541e-05,"Upregulated"
"AL356740.3",1.32979432417648,4.38026352003003e-05,"Upregulated"
"NPM1P19",1.5448682425496,4.40093343810961e-05,"Upregulated"
"SLC25A2",1.23089930842183,4.41847120096928e-05,"Upregulated"
"AC018737.2",1.22535083491624,4.4212502222733e-05,"Upregulated"
"AC104134.1",1.63473503139788,4.43029548580222e-05,"Upregulated"
"AL021393.1",1.60039717737372,4.46144865557803e-05,"Upregulated"
"RNU2-63P",2.80943756911712,4.49060821453924e-05,"Upregulated"
"C19orf67",1.10526692350781,4.49650705554186e-05,"Upregulated"
"AC114684.1",-1.17641341851437,4.51706472464716e-05,"Downregulated"
"AC123768.4",1.83460559997453,4.53133395006548e-05,"Upregulated"
"HSPE1P13",2.82292972195895,4.53162997972259e-05,"Upregulated"
"EEF1B2P1",1.25616659186221,4.53480188281784e-05,"Upregulated"
"RN7SL559P",2.1740406087192,4.53490802003513e-05,"Upregulated"
"AC079779.2",-1.10522244368891,4.5363884918225e-05,"Downregulated"
"RPL21P30",1.67911500669204,4.55220613010507e-05,"Upregulated"
"AC007161.1",1.61504108991765,4.5655371701765e-05,"Upregulated"
"AC141273.3",2.17923356137297,4.56580815054106e-05,"Upregulated"
"H3P37",1.04590267144067,4.57113433528586e-05,"Upregulated"
"AL032821.1",-1.21562005850365,4.57745317361555e-05,"Downregulated"
"AL162632.1",1.30996310861509,4.57842500399115e-05,"Upregulated"
"AL589765.5",1.05519947791788,4.58140350205514e-05,"Upregulated"
"DNTT",1.81672579891635,4.58217588612708e-05,"Upregulated"
"AC124854.1",-1.29349705712167,4.59425993513157e-05,"Downregulated"
"AP000919.2",2.17701355616907,4.60486912464261e-05,"Upregulated"
"AC244517.2",1.68660166810068,4.60956308528755e-05,"Upregulated"
"AL669970.3",-1.28185282963635,4.61976445186878e-05,"Downregulated"
"HMGB1P51",2.73432033112809,4.62061113775742e-05,"Upregulated"
"AC244197.2",1.00212517239749,4.63640121761635e-05,"Upregulated"
"CATSPER4",1.48663613889211,4.6385101606366e-05,"Upregulated"
"AC002069.2",1.77905703978636,4.6501154520331e-05,"Upregulated"
"AC002558.2",2.1001064421929,4.66978943374525e-05,"Upregulated"
"AC124283.3",1.01555365535991,4.66978943374525e-05,"Upregulated"
"FP325332.1",1.09346333298354,4.66978943374525e-05,"Upregulated"
"AADAC",-1.36384315510461,4.6943566026548e-05,"Downregulated"
"AC067942.1",1.02904668967899,4.70152869486676e-05,"Upregulated"
"AC131254.1",1.28580351041555,4.74288028361952e-05,"Upregulated"
"AC114748.1",1.63815553991493,4.75181949077112e-05,"Upregulated"
"BX324167.2",1.22224611056259,4.75374437456571e-05,"Upregulated"
"SUMO1P1",-1.22792758699321,4.76602506383767e-05,"Downregulated"
"POTEF",1.16491759316662,4.81276692155629e-05,"Upregulated"
"AC002480.1",1.00742607948796,4.81458842979184e-05,"Upregulated"
"HMGB3P14",1.72299890939236,4.82486275977061e-05,"Upregulated"
"AL161430.1",1.27602332433917,4.84240292076213e-05,"Upregulated"
"AL159996.1",-1.98061239246568,4.86475900438694e-05,"Downregulated"
"AL139393.2",2.95662227018957,4.86968304134327e-05,"Upregulated"
"AL138885.3",1.74212753120729,4.86968304134327e-05,"Upregulated"
"RN7SL477P",1.41025281622692,4.87703957717401e-05,"Upregulated"
"NHEG1",-2.59996955295844,4.92667655237398e-05,"Downregulated"
"PAFAH1B1P1",2.07060326494347,4.94905160613909e-05,"Upregulated"
"SNORA73",2.40153506687249,4.98152554637645e-05,"Upregulated"
"AC117500.2",1.22418198364374,4.99327061043156e-05,"Upregulated"
"AC105206.1",-2.04418169757372,5.00257068416271e-05,"Downregulated"
"NPIPB6",1.03745632706692,5.00329735461667e-05,"Upregulated"
"AC109361.2",-1.30807176678977,5.00405553631676e-05,"Downregulated"
"LINC01048",1.72914740708366,5.02124433316171e-05,"Upregulated"
"SPATA31C2",2.07527447957002,5.03568480216163e-05,"Upregulated"
"AL096803.1",1.23710512276915,5.03790793775423e-05,"Upregulated"
"NADK2-AS1",1.01312885713546,5.039006598235e-05,"Upregulated"
"AC008013.3",1.59853840675248,5.0403831640219e-05,"Upregulated"
"PZP",-1.22099292889952,5.05699866142766e-05,"Downregulated"
"SLCO1B7",3.00825871904525,5.06351837459289e-05,"Upregulated"
"AC015883.1",1.37778188392137,5.09245297188042e-05,"Upregulated"
"SULT1C2P2",1.8844331494068,5.10008075689752e-05,"Upregulated"
"RPL38P2",1.64912752391583,5.12640226521633e-05,"Upregulated"
"AL133163.1",1.15152528430495,5.13696313665101e-05,"Upregulated"
"LINC02600",-1.10754515580445,5.14466508879648e-05,"Downregulated"
"RPL12P29",1.88340849482121,5.15698762864585e-05,"Upregulated"
"OR2H2",1.65262283211376,5.17511669656227e-05,"Upregulated"
"AP000542.1",3.40745751195125,5.20161624631393e-05,"Upregulated"
"BX842568.3",-1.55513179418882,5.20685779407479e-05,"Downregulated"
"SMYD3-IT1",2.4525374525557,5.20888270290506e-05,"Upregulated"
"LINC02668",-1.1756550639762,5.23852126903082e-05,"Downregulated"
"NAALADL2-AS3",3.56374815830314,5.24691532796437e-05,"Upregulated"
"MRRFP1",1.17416039336745,5.2538316263989e-05,"Upregulated"
"AC093732.1",1.38729057174289,5.2689573136891e-05,"Upregulated"
"AL109659.1",2.01446711033646,5.30096564995219e-05,"Upregulated"
"AC112493.1",2.39024975885234,5.30324251070882e-05,"Upregulated"
"RN7SKP214",1.90312773569425,5.30421870836725e-05,"Upregulated"
"DIRC3-AS1",1.29488588407733,5.32417645540683e-05,"Upregulated"
"AL161668.4",-1.30418408578021,5.32718398360293e-05,"Downregulated"
"AC073578.2",2.58506822205755,5.33398116408903e-05,"Upregulated"
"COL20A1",1.5571685544549,5.34089528720334e-05,"Upregulated"
"KCNJ1",1.20539847868122,5.34268966192609e-05,"Upregulated"
"AC068672.2",-1.97632188999137,5.34760320917279e-05,"Downregulated"
"PDHA1P1",3.23419340841502,5.3576736709142e-05,"Upregulated"
"RN7SKP271",1.44600192951848,5.38262978737848e-05,"Upregulated"
"LINC02646",2.0504808816029,5.38286096558633e-05,"Upregulated"
"AL118556.1",1.84736931706626,5.38698763906342e-05,"Upregulated"
"H2BS1",1.96382831883124,5.38931209382968e-05,"Upregulated"
"RPL36P2",-1.94573189246196,5.42789598680625e-05,"Downregulated"
"AC002511.1",1.92009422634193,5.42829671509805e-05,"Upregulated"
"AC126468.1",1.96295524916814,5.44362345099239e-05,"Upregulated"
"RPL7P26",1.07530227117509,5.46237960963729e-05,"Upregulated"
"AC012462.1",1.46016304115691,5.46278929500634e-05,"Upregulated"
"AC011373.1",1.74946743731439,5.47009443413761e-05,"Upregulated"
"BTF3L4P1",1.15326298701052,5.4749805451351e-05,"Upregulated"
"KRT34",2.50308906017998,5.48070653118381e-05,"Upregulated"
"AC093849.1",2.14045866151568,5.49107849602355e-05,"Upregulated"
"AL133260.2",2.34581923893624,5.50395020164911e-05,"Upregulated"
"AL139042.1",1.86841164273048,5.51934273981643e-05,"Upregulated"
"AL049839.2",-1.22038474350287,5.52484201022226e-05,"Downregulated"
"AC010327.7",1.03463194529058,5.53184464705711e-05,"Upregulated"
"LINC01205",2.53226991252229,5.54452959350455e-05,"Upregulated"
"SLITRK5",1.2042597337666,5.56592582956787e-05,"Upregulated"
"LINC02527",3.16254693485627,5.57087743092318e-05,"Upregulated"
"MIR1205",2.80936874019493,5.58480228407367e-05,"Upregulated"
"SNORA58",2.15767746871957,5.60098031620403e-05,"Upregulated"
"AC126178.1",1.9385801566411,5.60572884852359e-05,"Upregulated"
"AC020978.1",1.25441526040973,5.6221799547847e-05,"Upregulated"
"LINC00313",1.13689797244302,5.62530770864937e-05,"Upregulated"
"Z84468.2",2.55951690890463,5.62905659625498e-05,"Upregulated"
"AC096642.2",1.01307400182765,5.63081606281364e-05,"Upregulated"
"KRT40",1.5630507174118,5.63948055918206e-05,"Upregulated"
"AC005014.4",1.0328471686606,5.64303746607235e-05,"Upregulated"
"AC021443.1",1.63650436589871,5.6445959563785e-05,"Upregulated"
"LINC01163",1.77677170869615,5.64924775535265e-05,"Upregulated"
"LINC02625",1.28871787396226,5.65464658386142e-05,"Upregulated"
"RN7SL836P",2.36926957729609,5.65834747064715e-05,"Upregulated"
"MAGEA5",2.01126688976396,5.66688416024438e-05,"Upregulated"
"LUNAR1",1.05870339541919,5.66839309767449e-05,"Upregulated"
"AC064869.1",3.95140420863822,5.68293066986642e-05,"Upregulated"
"AC112236.1",2.33216073589596,5.68788791313964e-05,"Upregulated"
"AC005070.2",2.0520816268063,5.69499839783488e-05,"Upregulated"
"RN7SL665P",2.07726341344691,5.69885303240737e-05,"Upregulated"
"C1DP2",-2.0169603274904,5.706248875003e-05,"Downregulated"
"AC097537.1",-2.51736700562788,5.71523990065591e-05,"Downregulated"
"RPL38P5",1.07007120858824,5.74406917274893e-05,"Upregulated"
"AP006621.1",1.25264345862608,5.74466433678874e-05,"Upregulated"
"AC021876.1",2.43749983611274,5.75942603419061e-05,"Upregulated"
"LINC01284",-1.07525966446198,5.77481280653448e-05,"Downregulated"
"AC106053.1",2.20061355238899,5.77939961929246e-05,"Upregulated"
"RPS15AP29",2.15188631763949,5.78225761629253e-05,"Upregulated"
"HOXA9",1.04958462775664,5.79569411762792e-05,"Upregulated"
"AC110769.3",2.49022076888168,5.82336003255536e-05,"Upregulated"
"LINC02269",2.75390845247844,5.83042928569676e-05,"Upregulated"
"OR51E2",1.61679523476817,5.85583070904345e-05,"Upregulated"
"AC079209.2",2.83221194163602,5.86241437626849e-05,"Upregulated"
"KIR2DL4",1.104832330081,5.86379701363392e-05,"Upregulated"
"PIMREGP3",1.74849501578899,5.87833347233732e-05,"Upregulated"
"LINC00517",1.86429070680795,5.89354958241142e-05,"Upregulated"
"RPAP2P1",2.83931324722605,5.8973228886471e-05,"Upregulated"
"MAL2-AS1",1.00752541364591,5.89963961859449e-05,"Upregulated"
"LINC00383",4.07284979403206,5.91564938433509e-05,"Upregulated"
"PCBP2P1",1.67713405143698,5.91564938433509e-05,"Upregulated"
"AC007684.2",1.21856857970957,5.91713240815784e-05,"Upregulated"
"SHD",1.1247301429196,5.91752023776371e-05,"Upregulated"
"AC097716.1",2.8766911214182,5.9298151567286e-05,"Upregulated"
"KRT18P38",1.08436460988093,5.9300541108848e-05,"Upregulated"
"LINC02582",2.94370029679057,5.94422908851513e-05,"Upregulated"
"AC010501.2",1.27664837145289,5.96099269748764e-05,"Upregulated"
"AC006517.2",1.47775054511531,5.98991309633162e-05,"Upregulated"
"RPL31P44",1.64846692356873,5.99046211087165e-05,"Upregulated"
"RN7SL398P",3.81682311037127,6.01638183934383e-05,"Upregulated"
"AL359644.1",1.01266464391864,6.0193498305501e-05,"Upregulated"
"TVP23CP2",2.4980196795176,6.02185908346737e-05,"Upregulated"
"Y_RNA",1.11775755266917,6.02298479562611e-05,"Upregulated"
"LINC00930",-1.19996874711028,6.02788325025058e-05,"Downregulated"
"AC074008.1",2.9808079427777,6.0302445887298e-05,"Upregulated"
"RPL7P25",2.10452805873615,6.11406999763993e-05,"Upregulated"
"RFTN1P1",-2.16491104306272,6.13457862836799e-05,"Downregulated"
"MIR645",-1.3688776768725,6.14111930013343e-05,"Downregulated"
"GH2",3.13480258933875,6.14139546357146e-05,"Upregulated"
"ATP5MGP8",2.46428596710832,6.16948184706106e-05,"Upregulated"
"AC008273.1",1.30322826633333,6.19173600742063e-05,"Upregulated"
"AL096817.1",2.24105487455526,6.19943242090115e-05,"Upregulated"
"AL135926.2",1.42512221154107,6.21142445079086e-05,"Upregulated"
"FTH1P24",2.22646667985359,6.21245779627338e-05,"Upregulated"
"AC032044.2",1.28500774799733,6.21706351199026e-05,"Upregulated"
"TRPC7",2.26374671202571,6.23204548339818e-05,"Upregulated"
"AL161665.1",1.46466015701831,6.23487539501855e-05,"Upregulated"
"YPEL5P2",1.49723414059932,6.24371221238451e-05,"Upregulated"
"SLC34A1",1.15691514508931,6.25214574222068e-05,"Upregulated"
"AC090518.1",1.94173266615569,6.25627289683941e-05,"Upregulated"
"MIR574",1.32875135691675,6.25783910034485e-05,"Upregulated"
"RPL23AP52",1.97444320573012,6.28159682874949e-05,"Upregulated"
"AC008680.1",2.17176791416272,6.29336168171808e-05,"Upregulated"
"RNU6-216P",1.08225446741559,6.30994489578364e-05,"Upregulated"
"AC073569.2",1.59396143254499,6.34511953316963e-05,"Upregulated"
"AP000864.1",1.48759188980379,6.34638943133631e-05,"Upregulated"
"AL080275.1",1.64482146704482,6.3605823764408e-05,"Upregulated"
"ATG12P2",2.07541218057877,6.3620931655925e-05,"Upregulated"
"AC064874.1",2.73191036153362,6.38022114381358e-05,"Upregulated"
"FDX2",1.20741915482662,6.39392832743302e-05,"Upregulated"
"AL627308.2",3.41358471040028,6.40948777616772e-05,"Upregulated"
"HNRNPA3P7",1.72144049468161,6.42447960070255e-05,"Upregulated"
"AC027088.3",2.65859649894425,6.43524823030398e-05,"Upregulated"
"AL161757.2",1.5117209192011,6.46329631322581e-05,"Upregulated"
"NXPE2",1.50604100772751,6.48845406051296e-05,"Upregulated"
"PTPRT",-1.38283971348594,6.49744307660586e-05,"Downregulated"
"AC025284.1",1.98035207977736,6.51883791196703e-05,"Upregulated"
"AL353807.1",1.15005500897975,6.53397017407867e-05,"Upregulated"
"SLC25A14P1",1.80127522471475,6.54504961860341e-05,"Upregulated"
"PCDH10",-1.16262184003111,6.56289821351564e-05,"Downregulated"
"AL138713.1",3.34962600931455,6.58935898212557e-05,"Upregulated"
"AL512363.1",2.17877241135416,6.59084102363791e-05,"Upregulated"
"AP005131.3",1.88442593524271,6.61228124709564e-05,"Upregulated"
"AC104051.2",-1.41658271940679,6.6427020991124e-05,"Downregulated"
"DAW1",-1.08213324429902,6.65492408411088e-05,"Downregulated"
"TUBBP2",1.10816309227871,6.6592110236923e-05,"Upregulated"
"EPPIN",-1.46485355720242,6.68055905683589e-05,"Downregulated"
"LINC02141",3.38525304523277,6.68660747252819e-05,"Upregulated"
"AC008759.1",1.54202174594452,6.68667163835285e-05,"Upregulated"
"AC245884.12",-1.13863610918368,6.70204351283976e-05,"Downregulated"
"AL365205.4",-1.40762321940814,6.71787556376681e-05,"Downregulated"
"UBE2U",2.05471515410394,6.73040673494739e-05,"Upregulated"
"BCAP31P1",1.57529636709428,6.75374626526557e-05,"Upregulated"
"AL445248.1",1.05351090559265,6.7640625328485e-05,"Upregulated"
"TBC1D3P1",2.14570258302292,6.76844130790519e-05,"Upregulated"
"AC003080.1",2.18109090380997,6.77895358094612e-05,"Upregulated"
"ATOH1",3.47522578438428,6.78316429471099e-05,"Upregulated"
"AC010480.1",2.89803344483954,6.79187728512008e-05,"Upregulated"
"AC067863.1",1.73564665972805,6.79731748673088e-05,"Upregulated"
"CFL1P6",1.28740111583754,6.84229884113888e-05,"Upregulated"
"RNU4ATAC16P",2.63414086081356,6.84748541599686e-05,"Upregulated"
"AC063965.2",1.03268133933186,6.84748541599686e-05,"Upregulated"
"AC139491.5",-1.55532457176102,6.85247411167746e-05,"Downregulated"
"TCEA1P3",1.7567413923937,6.86157094246329e-05,"Upregulated"
"TMEM178B",1.1375063664279,6.87564661310108e-05,"Upregulated"
"DPYD-IT1",1.91490101293077,6.87795775378226e-05,"Upregulated"
"AL157902.2",1.22706244369085,6.88296564254612e-05,"Upregulated"
"HMGB3P7",1.11058429825719,6.91807037243254e-05,"Upregulated"
"LINC02355",1.79863041089636,6.93072065629139e-05,"Upregulated"
"AC078962.3",3.0618395375972,6.93849304402795e-05,"Upregulated"
"ZNF84-DT",-1.07949272738863,6.94139947937873e-05,"Downregulated"
"HTR5BP",1.1044454444942,6.96300918177944e-05,"Upregulated"
"KLK13",1.42409653596998,6.96446543254023e-05,"Upregulated"
"ASTN2-AS1",2.83545149385048,6.96446543254023e-05,"Upregulated"
"RN7SL363P",1.86127133264966,6.98226093305652e-05,"Upregulated"
"UTS2",1.12323646213398,6.99264780248066e-05,"Upregulated"
"Y_RNA",1.95422602282061,7.00606407051072e-05,"Upregulated"
"ALPP",-1.41516846708167,7.02186913542201e-05,"Downregulated"
"AC019211.1",2.06230783701397,7.03372339689914e-05,"Upregulated"
"TTC21B-AS1",1.58455364335956,7.04037138798679e-05,"Upregulated"
"VDAC1P11",1.54343524966592,7.04237173013536e-05,"Upregulated"
"AC002458.1",3.17962527840665,7.10786948922417e-05,"Upregulated"
"AC007016.1",1.4010300230298,7.12335774750995e-05,"Upregulated"
"LINC02571",1.55359065793914,7.12568121855327e-05,"Upregulated"
"LINC00479",1.31705773029311,7.13511266550032e-05,"Upregulated"
"UGT2A3",2.9985170149839,7.14480462794273e-05,"Upregulated"
"AL049629.2",-1.46701874943941,7.17111310623202e-05,"Downregulated"
"NLRP2",1.15957091904778,7.17657726733312e-05,"Upregulated"
"AC025419.1",1.73529730263075,7.17704454513017e-05,"Upregulated"
"LINC02505",3.20969030918965,7.23023174785498e-05,"Upregulated"
"SLC14A2-AS1",-1.11031372171219,7.26169850036315e-05,"Downregulated"
"AC129510.2",1.42829568015353,7.2675611346191e-05,"Upregulated"
"IGHV3-54",1.74000457537139,7.28932337499617e-05,"Upregulated"
"AL590233.1",1.64419514132856,7.29003834202697e-05,"Upregulated"
"SLC25A24P1",2.28408621968435,7.40853767684089e-05,"Upregulated"
"MMP28",-1.06830749329274,7.40853767684089e-05,"Downregulated"
"AC068774.1",3.0632825909332,7.42972928799583e-05,"Upregulated"
"HBZ",-1.62739140941347,7.42984102515638e-05,"Downregulated"
"AC096637.1",-2.08812032899518,7.42987171336325e-05,"Downregulated"
"PLP1",-1.35129272770911,7.43101912331306e-05,"Downregulated"
"TUFMP1",1.74413440513115,7.45568826128546e-05,"Upregulated"
"AL391422.2",-1.55735953725957,7.49508015093112e-05,"Downregulated"
"CCNL2P1",1.65322667481077,7.49508015093112e-05,"Upregulated"
"RNF151",1.24809742482897,7.49816709954293e-05,"Upregulated"
"AL390755.2",-1.39532339239036,7.52375797141978e-05,"Downregulated"
"CHN2-AS1",2.99471161912515,7.54586400880311e-05,"Upregulated"
"SNORA11B",3.02017051949033,7.57207940917102e-05,"Upregulated"
"FRG2C",1.77818901182022,7.5781530320574e-05,"Upregulated"
"MCUR1P1",1.63736855634089,7.62378504249557e-05,"Upregulated"
"H2AZP1",1.52579699880315,7.62776056458721e-05,"Upregulated"
"AL713965.1",1.19849261996036,7.62776056458721e-05,"Upregulated"
"HNRNPA3P14",-1.1693398277449,7.64192422716637e-05,"Downregulated"
"VDAC1P6",1.34359501893139,7.6490687191427e-05,"Upregulated"
"AC008798.2",2.13495905130091,7.6490687191427e-05,"Upregulated"
"TTLL6",-1.06576676421024,7.67292421717291e-05,"Downregulated"
"IGLL4P",-1.7190939000913,7.70224339548897e-05,"Downregulated"
"AGGF1P10",2.60398515754301,7.70291005256239e-05,"Upregulated"
"AC018761.1",-1.35710161943553,7.7190891900807e-05,"Downregulated"
"SDCBPP1",1.94977359179433,7.72542323168448e-05,"Upregulated"
"RBISP2",2.21543718572148,7.74470101136895e-05,"Upregulated"
"CERS6-AS1",1.08302771027589,7.75484288567152e-05,"Upregulated"
"Y_RNA",2.46601073612019,7.7642828710264e-05,"Upregulated"
"AL158064.1",1.18228567778081,7.76857965493002e-05,"Upregulated"
"LINC02732",1.1345663056957,7.77123977563931e-05,"Upregulated"
"NPIPB1P",1.23085547811835,7.77123977563931e-05,"Upregulated"
"AP002472.1",1.82263935182442,7.78511558863086e-05,"Upregulated"
"HOXD10",1.43284666171735,7.7938266086816e-05,"Upregulated"
"KLRC2",1.25134156784435,7.80873992835267e-05,"Upregulated"
"AL360267.2",1.71385332183243,7.80873992835267e-05,"Upregulated"
"RPSAP55",1.40018429922525,7.82198051623805e-05,"Upregulated"
"AL583722.2",1.43616955148247,7.84710762458176e-05,"Upregulated"
"AC098679.5",2.32636638640764,7.88940379242299e-05,"Upregulated"
"SUPT4H1P1",1.44509314439361,7.90659384663761e-05,"Upregulated"
"AC107959.2",1.21952603393341,7.95343140056418e-05,"Upregulated"
"Z82173.1",2.45400973928881,7.95767349597892e-05,"Upregulated"
"AC008443.5",1.20963288136545,7.96439289794331e-05,"Upregulated"
"AC004053.1",1.70145724618266,7.97847373189027e-05,"Upregulated"
"HSPA8P19",2.77374561340881,7.97847373189027e-05,"Upregulated"
"C10orf53",-1.69332701485651,8.02780920982259e-05,"Downregulated"
"CPB2-AS1",1.07930076091596,8.03000966430034e-05,"Upregulated"
"SF3B4P1",1.78713680770073,8.06710441266378e-05,"Upregulated"
"AC020637.1",1.80009838555097,8.07287474682594e-05,"Upregulated"
"AC091812.1",2.80260285872874,8.07773070129825e-05,"Upregulated"
"AL451067.1",1.6696274783789,8.08241871386893e-05,"Upregulated"
"CHST9",-1.55824053457673,8.08723419290892e-05,"Downregulated"
"RPL21P121",1.93891092620087,8.14667771228555e-05,"Upregulated"
"AC078860.2",1.65092891326327,8.16686573058991e-05,"Upregulated"
"AC020916.2",1.27889824479046,8.17292236571846e-05,"Upregulated"
"MKRN5P",1.4904282469573,8.17383534272208e-05,"Upregulated"
"CDC42EP3P1",2.70816101154037,8.17763292861189e-05,"Upregulated"
"BNIP3P8",2.91580048043534,8.18678831805691e-05,"Upregulated"
"ATP5MDP1",1.62258368168274,8.19716159272032e-05,"Upregulated"
"AC007431.2",3.20211199389224,8.20074627351583e-05,"Upregulated"
"AL121839.1",1.838085890474,8.20646063998476e-05,"Upregulated"
"CYP4F26P",1.34310468965489,8.21390841287591e-05,"Upregulated"
"AL590681.1",4.06689091393362,8.22943609971242e-05,"Upregulated"
"RNU7-48P",2.1508378611953,8.24356098195538e-05,"Upregulated"
"AC015849.1",1.13904713954269,8.24808138948319e-05,"Upregulated"
"AC083805.1",1.02858080866111,8.28850303752289e-05,"Upregulated"
"AL162585.1",1.55623803497238,8.3033090542599e-05,"Upregulated"
"AC011284.1",1.48564749425473,8.3097046785924e-05,"Upregulated"
"AC018618.1",2.12257536786265,8.31299294041081e-05,"Upregulated"
"RPL7P14",1.79659015638397,8.3168919368286e-05,"Upregulated"
"AC092685.1",2.07845348046713,8.3218988317242e-05,"Upregulated"
"LINC00244",1.36137906449462,8.3505085957172e-05,"Upregulated"
"DNAJB6P8",1.69443596795341,8.35816990899788e-05,"Upregulated"
"AC018398.2",3.26122636328767,8.3842847398281e-05,"Upregulated"
"LINC02831",1.97080579895724,8.39252666548032e-05,"Upregulated"
"RPL6P2",2.00007374862088,8.40479687783544e-05,"Upregulated"
"AC008883.1",2.34770871847447,8.42400671947139e-05,"Upregulated"
"AC010287.1",2.05833118371214,8.46918375590893e-05,"Upregulated"
"PKMP5",1.07612111850909,8.47936611227473e-05,"Upregulated"
"AC130814.1",1.39826618013686,8.48117139603418e-05,"Upregulated"
"GPR1",1.0243663619945,8.48964405258415e-05,"Upregulated"
"AC005358.1",-1.10810000254907,8.49627897428734e-05,"Downregulated"
"AC139103.1",1.77575571040674,8.56695285198937e-05,"Upregulated"
"RNU6-853P",1.70689933430755,8.57198695563754e-05,"Upregulated"
"LINC02241",1.98281354710023,8.57198695563754e-05,"Upregulated"
"Y_RNA",3.21988018338058,8.57231358802996e-05,"Upregulated"
"AL356310.1",-1.04852238630987,8.58010924557358e-05,"Downregulated"
"KCTD4",2.22320171885268,8.60703946980165e-05,"Upregulated"
"RNVU1-8",2.14477868082459,8.61073957835581e-05,"Upregulated"
"Metazoa_SRP",-1.36085036616447,8.62132366302229e-05,"Downregulated"
"AC093916.1",1.63974185798603,8.65571883458641e-05,"Upregulated"
"HORMAD2-AS1",1.23963269436814,8.68029870402537e-05,"Upregulated"
"Y_RNA",1.16636737651627,8.69918661399867e-05,"Upregulated"
"AC012441.2",1.31944583082661,8.71946908242813e-05,"Upregulated"
"AC244394.1",-1.02249293873103,8.7647922879549e-05,"Downregulated"
"HSPE1P8",1.71512780849833,8.77250515447998e-05,"Upregulated"
"SH3TC2-DT",1.73765006678165,8.80236728629237e-05,"Upregulated"
"LINC02836",2.3131640380176,8.80357330278281e-05,"Upregulated"
"AL731568.1",1.40100851309317,8.82853109829883e-05,"Upregulated"
"AL136040.2",1.82984002059367,8.83358911524911e-05,"Upregulated"
"AC091925.2",2.62802858464446,8.83872081501446e-05,"Upregulated"
"AC008635.1",1.27689182964539,8.88380801610319e-05,"Upregulated"
"PAX6",1.70052588557607,8.88736881817213e-05,"Upregulated"
"AC013467.1",2.70320913354094,8.89387210692191e-05,"Upregulated"
"RN7SL508P",2.95253513678489,8.90215105497278e-05,"Upregulated"
"LINC02725",1.43105867250136,8.91463544950724e-05,"Upregulated"
"CCKAR",2.68674597530841,8.92950548330621e-05,"Upregulated"
"AC006058.4",-1.14876905592827,8.95891977038718e-05,"Downregulated"
"AF274573.1",3.25353439724944,8.97138236655311e-05,"Upregulated"
"AL356585.2",1.72572643849855,9.00918396688896e-05,"Upregulated"
"RPL37P3",2.50049518162142,9.0373452935654e-05,"Upregulated"
"AC092155.1",-1.36905007681567,9.05724021596135e-05,"Downregulated"
"AL096706.1",-1.80887627683882,9.06764962039731e-05,"Downregulated"
"AC027307.1",1.25875986381188,9.08211672677374e-05,"Upregulated"
"AC005899.1",1.13370672886904,9.11170579835586e-05,"Upregulated"
"AL512604.3",1.44092000720462,9.2610835657143e-05,"Upregulated"
"AL512604.1",2.73156547426283,9.28059757958738e-05,"Upregulated"
"AL138999.2",2.28999195229827,9.28627144941874e-05,"Upregulated"
"AK3P5",1.63219833488228,9.28862302809709e-05,"Upregulated"
"Metazoa_SRP",2.08483033435105,9.30223789866882e-05,"Upregulated"
"AC034229.1",1.74822956580479,9.33223874068518e-05,"Upregulated"
"BSNDP2",1.77741097520274,9.34205816284042e-05,"Upregulated"
"TUBBP9",-1.22203455261815,9.36944024700133e-05,"Downregulated"
"BPIFB6",3.12620011595915,9.36985156359646e-05,"Upregulated"
"AC106873.1",2.47626862140459,9.36985156359646e-05,"Upregulated"
"PPIAP90",1.4125837031319,9.38884819151047e-05,"Upregulated"
"FBN3",-1.23520161740288,9.43274631514031e-05,"Downregulated"
"AC069236.1",1.81931750882527,9.4389942277177e-05,"Upregulated"
"RPS27AP10",1.7363086227725,9.44610235335182e-05,"Upregulated"
"NPM1P47",1.90577878921376,9.47684001936091e-05,"Upregulated"
"LINC01416",2.46195717869114,9.51330745713644e-05,"Upregulated"
"Y_RNA",2.19939499153195,9.51612211859383e-05,"Upregulated"
"RNVU1-29",2.49557478921141,9.54882979578377e-05,"Upregulated"
"RN7SL144P",3.10913761297173,9.55889827413496e-05,"Upregulated"
"AC005480.1",1.22127416847577,9.58319310159088e-05,"Upregulated"
"LINC01202",3.70404691460894,9.58648001607308e-05,"Upregulated"
"AC009229.4",1.79758855438427,9.60996666398971e-05,"Upregulated"
"AC005096.1",1.48848056014015,9.64321090332329e-05,"Upregulated"
"AC025871.3",1.18500707855342,9.64647970482636e-05,"Upregulated"
"HMGB1P14",1.04792465610393,9.64801614393848e-05,"Upregulated"
"SHISA3",1.38115309782431,9.65920964060305e-05,"Upregulated"
"AP005131.5",2.499088012379,9.698004580619e-05,"Upregulated"
"SMIM23",1.39916487103245,9.70743915480691e-05,"Upregulated"
"AL079343.1",1.9158142046176,9.75517200089461e-05,"Upregulated"
"AP006259.1",2.59628088515133,9.76205890632659e-05,"Upregulated"
"GPR26",2.05227873698153,9.78204590819974e-05,"Upregulated"
"LINC00544",1.24770525899986,9.78981740171875e-05,"Upregulated"
"AL121956.1",1.61072084946589,9.851357903428e-05,"Upregulated"
"AC133106.1",3.28887805392886,9.87431840500009e-05,"Upregulated"
"AC007608.1",-1.19569648223948,9.91121453896905e-05,"Downregulated"
"AC098592.1",3.90610608788611,9.93876977661766e-05,"Upregulated"
"CT55",1.94555649283302,9.96910421819101e-05,"Upregulated"
"AC000065.2",2.78963472946314,0.000100065926124273,"Upregulated"
"AC009141.1",3.18894484914357,0.000100177053190327,"Upregulated"
"AC020611.2",2.37987711599541,0.000100265416378191,"Upregulated"
"Z82205.1",3.26669340466037,0.000100361017079395,"Upregulated"
"TMEM35B",-1.13080035850943,0.000100550097700038,"Downregulated"
"HIF3A",-1.01782795807799,0.000100700432123217,"Downregulated"
"HNRNPA3P11",1.25663558325178,0.000100863065283926,"Upregulated"
"AC009054.1",2.1481702549851,0.0001009072553002,"Upregulated"
"AL670729.2",1.1682049957937,0.000100915397952049,"Upregulated"
"LINC01975",-1.52044953352416,0.000101141933587139,"Downregulated"
"KIR2DL3",-1.28819347891162,0.000101268272869894,"Downregulated"
"AC090220.1",3.08710013235325,0.000101278613767228,"Upregulated"
"AC018442.2",3.17211953423613,0.000101479780502806,"Upregulated"
"AC104316.2",1.58782064945593,0.000101604497596905,"Upregulated"
"MTCO1P19",3.22715935172299,0.000101788972575669,"Upregulated"
"IFNB1",1.69228982867309,0.000101807852458469,"Upregulated"
"AC100793.1",2.1356583115701,0.000101865094948122,"Upregulated"
"PRR13P1",2.8106018476864,0.000102217773112254,"Upregulated"
"AP000695.3",1.26718762114695,0.000102322142581173,"Upregulated"
"AC133561.1",2.50310917865697,0.000102694504868729,"Upregulated"
"DUTP7",3.13942990688846,0.000103265933589816,"Upregulated"
"Metazoa_SRP",1.75417527330461,0.000103504563046649,"Upregulated"
"STYXL2",-1.49977178680175,0.000103682996199814,"Downregulated"
"RASA2-IT1",2.72258389072211,0.000103759344965378,"Upregulated"
"AC007314.1",1.59276283598444,0.000104376965167102,"Upregulated"
"AL157712.1",2.06459214124574,0.000104971210233425,"Upregulated"
"CCNB2P1",2.33665435502247,0.000105283801451798,"Upregulated"
"RAI1-AS1",2.21516575035467,0.000105418965084748,"Upregulated"
"AC035139.1",1.33645952484802,0.000105618228013599,"Upregulated"
"AL645608.3",2.40314207738463,0.000105843777991007,"Upregulated"
"IGHD6-25",1.65436447226387,0.000105931778688595,"Upregulated"
"ZNF680P1",2.1419378252368,0.000106101273875356,"Upregulated"
"AC079331.3",1.6303099402496,0.000106101273875356,"Upregulated"
"LINC02218",-2.02672565445601,0.000106738050855103,"Downregulated"
"Y_RNA",-1.05323904175566,0.000106741600512956,"Downregulated"
"AP001025.1",1.56856274938276,0.000106898265135089,"Upregulated"
"AC108693.1",2.30719938581899,0.000107574221162673,"Upregulated"
"AC114878.2",2.1717779743916,0.000107640662806248,"Upregulated"
"AC092723.1",-1.46330870600412,0.000107673910563869,"Downregulated"
"AC044781.1",2.15379171915524,0.000107847327612796,"Upregulated"
"AC087612.1",2.04680385921245,0.000107908359017267,"Upregulated"
"HJV",1.29292118792206,0.000108003894250861,"Upregulated"
"RNU6-315P",1.71740848951061,0.000108116026153804,"Upregulated"
"NSFP1",1.39128830191039,0.000108225559021209,"Upregulated"
"ANKRD26P3",1.98589894430617,0.000108250854955497,"Upregulated"
"HSPE1P11",1.57773580756917,0.000108487745344679,"Upregulated"
"C10orf71-AS1",2.18567077880887,0.000108848156002504,"Upregulated"
"AC019118.1",1.54368280582513,0.000109155078280658,"Upregulated"
"AL356057.1",3.56129670626758,0.000109295152382662,"Upregulated"
"KIF5C-AS1",1.81360542283179,0.000109343654061889,"Upregulated"
"LINC02231",-1.86924198222911,0.000109396006876867,"Downregulated"
"AC006441.1",1.02874799373617,0.000109602249056777,"Upregulated"
"AIRN",2.60996799824976,0.000109670605186589,"Upregulated"
"NBPF6",2.63301205204728,0.000109928373947703,"Upregulated"
"PRKG1-AS1",1.11364333112898,0.000110039577321133,"Upregulated"
"CD46P1",1.75570496689386,0.000110204044307707,"Upregulated"
"AC108749.1",-1.45847163254797,0.000110307920690223,"Downregulated"
"PSG6",3.54243545228256,0.000110502120489744,"Upregulated"
"PLCXD3",-1.04734532295677,0.000110574363856682,"Downregulated"
"SNORD127",1.56817167436365,0.000110691286598702,"Upregulated"
"ZNF676",1.37427612393069,0.000110868231999459,"Upregulated"
"SMIM9",-1.32197263298735,0.000110899098586185,"Downregulated"
"AL356133.1",2.53258817941239,0.000111129561210004,"Upregulated"
"RNU6-1278P",1.35888739339991,0.000111194238564178,"Upregulated"
"AC103858.2",1.21216588218292,0.000111466412808194,"Upregulated"
"AL596223.2",1.37381417102061,0.000111476252694361,"Upregulated"
"AC007673.1",1.86517895601582,0.000111578798292238,"Upregulated"
"AC008149.1",1.9768652560027,0.000112088716381522,"Upregulated"
"OR11H7",1.26843003644011,0.000112117633583434,"Upregulated"
"CPS1-IT1",3.58791664071725,0.000112182493166855,"Upregulated"
"LINC02300",1.71666955041669,0.00011267462368228,"Upregulated"
"LIVAR",1.78191632608501,0.000112887192738613,"Upregulated"
"HLA-Z",1.56138204389948,0.000113085873093637,"Upregulated"
"IRX1",-1.37321035903358,0.000113101541445766,"Downregulated"
"BNIP3P22",1.96829916053046,0.000113202834450935,"Upregulated"
"AC092667.1",-1.44171021176373,0.000113320827218654,"Downregulated"
"RPS17P11",2.40235104014928,0.000113613084236594,"Upregulated"
"AC114763.2",2.80074763202863,0.000113649424876112,"Upregulated"
"AC104365.1",1.94877747102746,0.000113741011521654,"Upregulated"
"WBP1P1",1.10121011710348,0.000113751319889976,"Upregulated"
"HOTTIP",2.46439770675641,0.000113860986000728,"Upregulated"
"MAGEB17",1.81941374902549,0.000114324665032054,"Upregulated"
"ELOCP33",2.27557368950493,0.000114341306972151,"Upregulated"
"ABALON",1.98897698347909,0.000114394205168894,"Upregulated"
"AC027176.2",1.02691960957431,0.000114418752533542,"Upregulated"
"RPL10P12",1.21850480284075,0.000114571150921087,"Upregulated"
"RNU6-26P",1.17277342331557,0.000114646413841963,"Upregulated"
"CBLN1",1.26664388116319,0.000114998812314276,"Upregulated"
"AC010328.2",1.41398730840664,0.000115582072686018,"Upregulated"
"Y_RNA",2.06152003142655,0.000117215780893163,"Upregulated"
"PKLR",1.59870755784433,0.000117729358436895,"Upregulated"
"OR52N2",1.53632353536199,0.000118279630141385,"Upregulated"
"AC017101.1",2.63051723941566,0.000118494852245895,"Upregulated"
"AC007271.1",1.16574349452099,0.000118589038304471,"Upregulated"
"AL121906.1",1.35330978471065,0.000118622466061914,"Upregulated"
"AC084757.1",1.44284319774208,0.000118782587283043,"Upregulated"
"AC129803.1",1.29450684491151,0.00011916888112827,"Upregulated"
"EIF1AX-AS1",1.76101090759413,0.000119282822159119,"Upregulated"
"TRPC5",2.09870308754459,0.000119283517020147,"Upregulated"
"AC146507.2",1.36760572625544,0.000120092027604341,"Upregulated"
"LNX1-AS1",2.31436500209844,0.000120135461596622,"Upregulated"
"LINC00112",1.56430890294286,0.000120277120668537,"Upregulated"
"ARHGAP36",2.58440544825694,0.000120294916210758,"Upregulated"
"IGLV3-22",1.51178057918245,0.000120515906908949,"Upregulated"
"AL160281.1",2.99224006391992,0.000120706962805356,"Upregulated"
"RN7SL735P",3.68430244558151,0.00012081618669108,"Upregulated"
"AL138690.1",1.62072121509759,0.000120986428142224,"Upregulated"
"LHX3",2.09925691164554,0.000121051213465855,"Upregulated"
"GACAT2",1.78131136753058,0.000121132403377755,"Upregulated"
"AL135926.1",-1.14073735001815,0.000121266807841263,"Downregulated"
"CDH12",1.72641119091362,0.000121278545615538,"Upregulated"
"SNORA40B",3.67675323948057,0.000121288796950329,"Upregulated"
"AL356317.1",-1.03099051098579,0.000121377618087061,"Downregulated"
"CACNG1",-1.21500862987559,0.000121895769996434,"Downregulated"
"PAFAH1B1P2",2.05379111109762,0.000122567249129751,"Upregulated"
"AC244093.2",1.69046135169019,0.000122758000416257,"Upregulated"
"FAM83C",2.1124207352782,0.00012293002554928,"Upregulated"
"AL022724.2",1.19668650132536,0.000122965259270012,"Upregulated"
"AC104581.1",-1.1783251467099,0.000123383992096027,"Downregulated"
"AL023775.2",2.02349525817315,0.000123530133341561,"Upregulated"
"SLCO4A1-AS1",1.22636503991918,0.000123905618438037,"Upregulated"
"RNU6-53P",1.68196105238963,0.000123908145564691,"Upregulated"
"AC016542.1",1.02828316418582,0.000124040005427953,"Upregulated"
"AL356740.2",1.38473202052016,0.000124109348899756,"Upregulated"
"AL121894.1",-1.93848944022275,0.000124326364181742,"Downregulated"
"XIAP-AS1",1.61591754176332,0.000124641051463923,"Upregulated"
"AC092436.1",1.96449962061648,0.000124867721794906,"Upregulated"
"STIP1P3",1.22472908295826,0.00012562654208781,"Upregulated"
"AC241644.1",-1.41371739660507,0.000126310018035331,"Downregulated"
"AL357075.2",2.01764642766058,0.000126822975952236,"Upregulated"
"RN7SL359P",2.86397119663224,0.00012688173657572,"Upregulated"
"AC068228.3",1.19788159925497,0.000127023776355532,"Upregulated"
"AP005131.2",1.05741881580296,0.000127487397633254,"Upregulated"
"SIX3",1.58735348859351,0.000127655480016387,"Upregulated"
"BRD7P4",1.45294624549627,0.000127937536647491,"Upregulated"
"PASD1",3.40257912537967,0.000127951745328715,"Upregulated"
"RN7SL564P",3.46198590956522,0.000128115866785395,"Upregulated"
"Y_RNA",1.42670875189249,0.000128149911712872,"Upregulated"
"AC020911.2",-1.39281665568449,0.00012856854251605,"Downregulated"
"AC011997.1",1.16694168102563,0.000128722410833724,"Upregulated"
"AC010424.1",1.89551979996551,0.000128859885005797,"Upregulated"
"OR7E104P",2.46563716420223,0.00012891713673631,"Upregulated"
"CCDC160",1.07501526057252,0.000129435292197414,"Upregulated"
"Metazoa_SRP",2.74896563729552,0.000129614508093502,"Upregulated"
"Z99127.1",2.02392959825602,0.000129687564738177,"Upregulated"
"RPS24P12",1.53031397105895,0.000129695176902787,"Upregulated"
"EVX2",2.6884283020754,0.000129825123710517,"Upregulated"
"AL353747.2",-1.6700822000052,0.000130322233252346,"Downregulated"
"MIR548A1HG",-1.86470497247466,0.000131040164458693,"Downregulated"
"MIR4742",2.14033821621441,0.000131270388373661,"Upregulated"
"Y_RNA",1.06825530490631,0.000131433560325139,"Upregulated"
"AC027763.2",1.10976767009167,0.000131507452000382,"Upregulated"
"VPS26BP1",3.21851180980012,0.000131540218251899,"Upregulated"
"LPGAT1-AS1",1.58145334048838,0.000131616734759488,"Upregulated"
"AC016737.2",1.2664433076779,0.000132296827301716,"Upregulated"
"SNRPCP4",2.3145940794464,0.000132625637125465,"Upregulated"
"DGAT2L6",1.86626503493139,0.000132696469238189,"Upregulated"
"AL049612.1",1.0954849722447,0.000132788519411835,"Upregulated"
"AL162431.2",1.07068838389895,0.000133692853489782,"Upregulated"
"AC073916.1",2.31486639566695,0.000133697344970268,"Upregulated"
"AC009268.3",1.94481937468033,0.000133837786401448,"Upregulated"
"RPL3P1",1.00788847450947,0.000134714709497056,"Upregulated"
"OR6D1P",1.19677444055207,0.000134750433399807,"Upregulated"
"AL355810.1",1.58653098717833,0.000134839605448208,"Upregulated"
"AC006947.1",1.35590032395528,0.00013541787706652,"Upregulated"
"CD24P4",1.10500778869688,0.000135466846587311,"Upregulated"
"EN1",1.65779095340238,0.000135874014313657,"Upregulated"
"EIF4A1P11",2.10680822486646,0.000135939074958109,"Upregulated"
"AC024337.1",1.38159182290981,0.000135963107521602,"Upregulated"
"RPL17P25",1.89070418087153,0.000136102485417733,"Upregulated"
"RPL13P6",1.42676853900492,0.000136780693582795,"Upregulated"
"AC243428.1",1.56861972830858,0.000136917777841624,"Upregulated"
"AC092068.1",-1.25732985699799,0.000136925219118959,"Downregulated"
"AL732366.2",2.31920242669955,0.000136998639497106,"Upregulated"
"AC005899.5",1.23540924238073,0.000137047405998168,"Upregulated"
"NAT8",-1.17592646636802,0.000137377159563956,"Downregulated"
"AC009365.3",2.72763119056016,0.000137441739548216,"Upregulated"
"LRP1B",1.48051677650428,0.000137985677920666,"Upregulated"
"ZNF729",3.29491658830806,0.000138135165937416,"Upregulated"
"LINC02266",1.94056980564812,0.000138135165937416,"Upregulated"
"ZBTB8OSP1",3.2891311953382,0.000138231488464874,"Upregulated"
"AC079610.2",-1.14755402322617,0.00013824992106987,"Downregulated"
"AC087749.1",1.63833467673531,0.000138380589330879,"Upregulated"
"RRN3P4",1.47469277400857,0.000138470894561603,"Upregulated"
"LAPTM4A-DT",1.3571657619899,0.00013869613253073,"Upregulated"
"Metazoa_SRP",1.08962239228406,0.000138953059116032,"Upregulated"
"HOXD-AS2",1.38118563410216,0.000138964120263572,"Upregulated"
"AC092153.1",1.1443214527776,0.000139066649107881,"Upregulated"
"AL132640.1",1.1095248032807,0.000139087845515118,"Upregulated"
"AC005363.2",1.24776823791718,0.000139442596446652,"Upregulated"
"AL391863.1",2.94075864574194,0.000139869627553112,"Upregulated"
"AL358876.1",1.58012070960391,0.00014026279674722,"Upregulated"
"AC079926.1",1.77765319835498,0.000140273165580812,"Upregulated"
"HAUS1P1",1.35601524824876,0.000140954232808561,"Upregulated"
"NPIPB10P",1.18643503583604,0.000141494637812676,"Upregulated"
"RNU6-856P",1.0714856979427,0.000141554071955384,"Upregulated"
"SNTG2",-1.07658572662337,0.00014164303412731,"Downregulated"
"AP003110.1",2.04779489838659,0.000141689692996052,"Upregulated"
"RIMS1",1.19792066270629,0.000142340790999389,"Upregulated"
"G6PC",2.48906233555735,0.000142483634930143,"Upregulated"
"AC009220.2",1.04255253555813,0.000142554803084883,"Upregulated"
"POU5F1P5",2.28220476937428,0.000143383000810598,"Upregulated"
"AC069431.1",1.50235659974225,0.000143407868375348,"Upregulated"
"AC011451.4",1.08619373661786,0.000143627855194601,"Upregulated"
"AL357054.1",3.0536793050013,0.000143628668444134,"Upregulated"
"FAM204BP",2.40060312392602,0.00014363235345216,"Upregulated"
"AL512324.6",2.41153478513114,0.000143687239658293,"Upregulated"
"MTND5P2",2.37982679375164,0.000143838976468258,"Upregulated"
"AC091946.2",1.53733594195396,0.000143942813254405,"Upregulated"
"IGSF23",1.01118790095316,0.00014463065345675,"Upregulated"
"NDUFAF4P2",1.95465156582315,0.00014463224683685,"Upregulated"
"AC098828.1",1.64317260511722,0.000145045524839491,"Upregulated"
"AC090241.1",2.3718867947085,0.000145084348770926,"Upregulated"
"AC096589.2",1.39536324635657,0.000145146546782303,"Upregulated"
"AC010336.2",1.31509422155168,0.00014524228757627,"Upregulated"
"TPRKBP2",2.09372491056088,0.00014525097866756,"Upregulated"
"PPIAP87",1.22668101300332,0.000145722520011997,"Upregulated"
"RPL36AP13",1.35273559735216,0.000146180767529874,"Upregulated"
"AC135895.1",-1.85810678946445,0.000147573640009767,"Downregulated"
"GPAT2P1",1.44728573858379,0.000147592187006925,"Upregulated"
"RPL13P4",2.06492372837367,0.00014795284893325,"Upregulated"
"TMPRSS11CP",1.25525247298949,0.000148054314451725,"Upregulated"
"AC074276.1",1.88275803560387,0.000148056422720065,"Upregulated"
"CT66",1.1118364627616,0.000148264184215606,"Upregulated"
"FAM242F",1.97188801231947,0.000148309428718156,"Upregulated"
"AF127577.6",1.78763248672967,0.000148309428718156,"Upregulated"
"C1QTNF3-AMACR",1.21163970710639,0.000148660746392942,"Upregulated"
"ARHGAP26-IT1",2.1136233615455,0.000148756478378203,"Upregulated"
"AC006122.1",1.05358790644697,0.000149155033741689,"Upregulated"
"KCNV2",1.18275134628345,0.000149314956555314,"Upregulated"
"RNASE7",1.45863287950307,0.000150376106734041,"Upregulated"
"CLEC12A-AS1",1.19117396198443,0.000150584103895222,"Upregulated"
"RPS27P25",1.69038085700716,0.000150850581997845,"Upregulated"
"AL024474.2",2.32864659811199,0.000151048447662206,"Upregulated"
"AC008592.4",1.16277181486921,0.000151093907952528,"Upregulated"
"PCBP3-AS1",2.13980442891113,0.000151268083559246,"Upregulated"
"AC008267.7",1.59454848950573,0.00015137528280403,"Upregulated"
"PCNPP3",1.85172163823769,0.000151624407495199,"Upregulated"
"AC017104.2",-1.07427391107419,0.000151871095050673,"Downregulated"
"AP004289.2",3.28954465713672,0.000152253629823283,"Upregulated"
"EEF1A1P31",-1.24845268186385,0.000153121288515259,"Downregulated"
"RPL23AP55",1.33704376621571,0.000153299651372401,"Upregulated"
"RNF14P1",2.72266118758081,0.000153580815036841,"Upregulated"
"AC024581.1",2.05491672217828,0.000153804217010059,"Upregulated"
"AC012511.2",1.41743580513461,0.000153957737123498,"Upregulated"
"AC096861.2",1.29401017048906,0.000153980665339269,"Upregulated"
"MAGEA4-AS1",4.3795704378938,0.000153997127183384,"Upregulated"
"ANXA13",1.33660912097099,0.000154527670632522,"Upregulated"
"AC096531.1",-2.34222809142952,0.000154575026465827,"Downregulated"
"GAPDHS",1.54512988002959,0.000154641032018077,"Upregulated"
"AC134050.1",2.32680420213526,0.000155205310313062,"Upregulated"
"AC011933.3",1.18194258671866,0.000155212829802164,"Upregulated"
"KDELC1P1",1.74449759991557,0.000155518670780204,"Upregulated"
"EGLN3P1",2.14006510458268,0.000155548957767536,"Upregulated"
"AL139106.1",1.77716948734313,0.000155548957767536,"Upregulated"
"AC091057.4",1.80690624743257,0.000155552999332522,"Upregulated"
"AC073115.1",1.23805961231875,0.000155886602005934,"Upregulated"
"RPL36AP33",2.50452486123751,0.000156174356161881,"Upregulated"
"AC046168.2",1.22343665052966,0.000156389292670412,"Upregulated"
"INGX",1.16356670280759,0.000156821040344932,"Upregulated"
"AC022431.1",-1.21933819341239,0.000157101046683124,"Downregulated"
"RPS20P4",1.16300845379647,0.000157413336287325,"Upregulated"
"AC016065.2",2.26006265625094,0.000157499461694912,"Upregulated"
"ELK2AP",2.10445934589811,0.000157931866713972,"Upregulated"
"AC002347.2",1.58361022442317,0.000158444891428203,"Upregulated"
"TPM3P1",1.83021170054758,0.000158519617634248,"Upregulated"
"Z99127.2",2.21114716224614,0.000159471866697279,"Upregulated"
"RN7SL635P",2.52069630118802,0.000160040179921411,"Upregulated"
"Z97056.2",1.94707009751262,0.000161201919997368,"Upregulated"
"KRT18P19",1.03795106078489,0.00016161240502874,"Upregulated"
"DISC1-IT1",1.90953379063817,0.000161726424349988,"Upregulated"
"AC090241.2",1.09252326077034,0.00016216908234468,"Upregulated"
"TENM3-AS1",1.02819598747545,0.000162720982808968,"Upregulated"
"GLYATL3",2.94651751486557,0.000163092570719951,"Upregulated"
"AC093155.2",1.73915887220409,0.000163404193096561,"Upregulated"
"AC117528.1",1.60567352575971,0.000163922232640623,"Upregulated"
"FDPSP8",1.2487500100995,0.000164071620680082,"Upregulated"
"RN7SL49P",1.13419971759882,0.00016418439948846,"Upregulated"
"AC087359.1",1.64700880055126,0.00016431392879552,"Upregulated"
"AC139769.2",1.12930489156499,0.000164657647865127,"Upregulated"
"AC007319.1",1.09242892590045,0.000164714929678467,"Upregulated"
"LINC00534",1.37860012062173,0.000165306198717509,"Upregulated"
"AL603766.1",1.20840521219651,0.000165589008101865,"Upregulated"
"RNU7-84P",2.78296381934444,0.000166520110629267,"Upregulated"
"HSPB2",-1.41875134622365,0.000166798743003283,"Downregulated"
"NCOA4P2",-1.2287936706834,0.000166816427500617,"Downregulated"
"AL136296.1",1.31989453058053,0.000167162728058252,"Upregulated"
"MDGA2",2.05814300874607,0.000167417893200395,"Upregulated"
"Metazoa_SRP",1.34000880091488,0.000168348117368327,"Upregulated"
"EIF4EBP1P1",1.47949992595298,0.000168635901838518,"Upregulated"
"KCNJ4",1.84091630657634,0.000168872908001715,"Upregulated"
"AL162734.1",2.02356889486926,0.000170449943419255,"Upregulated"
"HMGN1P4",1.0746454066878,0.000170538048793175,"Upregulated"
"FBLL1",1.32690278613776,0.000170681313985691,"Upregulated"
"PRND",-1.09196839337694,0.000170768170964125,"Downregulated"
"AC063919.2",-1.53543024898356,0.00017106570474327,"Downregulated"
"NEUROG2",2.17025925014472,0.000171183985755179,"Upregulated"
"CR392039.3",2.8690153808123,0.000171560648364334,"Upregulated"
"AL445223.1",2.50351483939754,0.000172566950732559,"Upregulated"
"AC015849.4",1.13773306351651,0.000173045485069751,"Upregulated"
"SNORA70",1.66959728522682,0.000173047423930306,"Upregulated"
"AP003696.1",2.09075459805574,0.000173312575355794,"Upregulated"
"AL136090.2",1.05622529838093,0.000173433440602953,"Upregulated"
"AC037441.1",-1.08285917424307,0.000173448831527289,"Downregulated"
"AC008625.1",2.56045313329747,0.000173622326260112,"Upregulated"
"DPYD-AS2",2.41763339399922,0.000174607344166618,"Upregulated"
"BOLA2-SMG1P6",1.14571536350977,0.000175175181228895,"Upregulated"
"AL133464.1",1.61018153409124,0.000176025856333495,"Upregulated"
"SCAND3P1",2.27051892376843,0.000176183393594929,"Upregulated"
"OTOR",2.03525904175722,0.00017618609854986,"Upregulated"
"KCNJ16",-1.20888347400976,0.000176458854149795,"Downregulated"
"AL136231.1",1.47758936034273,0.00017651606576892,"Upregulated"
"MIR553",1.68945993753168,0.000176732284397745,"Upregulated"
"SLC6A18",2.16295960809889,0.000177663842482201,"Upregulated"
"BANF2",2.25410838998732,0.000177882166576054,"Upregulated"
"AC007000.2",1.25283743625591,0.000177967946099499,"Upregulated"
"FP671120.4",2.42858497427703,0.000178135778411385,"Upregulated"
"AL357153.1",1.00819727242058,0.000178375920425234,"Upregulated"
"GATA4",1.8017123488728,0.000178616925284721,"Upregulated"
"RNU1-88P",4.27193342599523,0.000178911306159711,"Upregulated"
"AL033528.2",1.19366493739428,0.000179689159081784,"Upregulated"
"RPS2P44",1.78933003417273,0.000179689159081784,"Upregulated"
"AP002762.3",1.62245700729243,0.000179689159081784,"Upregulated"
"TXNP4",1.01621462839419,0.000179720698701783,"Upregulated"
"RN7SL711P",2.56079914402904,0.0001798766318413,"Upregulated"
"CASR",1.49674712522654,0.000180014882204718,"Upregulated"
"DUX4L35",2.1409043454497,0.000180352457159032,"Upregulated"
"TOP3BP1",1.71955519167187,0.000180807657403945,"Upregulated"
"RAD17P2",3.09247775242239,0.000180813928939561,"Upregulated"
"CFAP47",-1.20798723214106,0.000181094347585184,"Downregulated"
"AC092120.1",2.08237224995617,0.000181611272003182,"Upregulated"
"RNA5SP131",-1.61058427134449,0.000181653306656671,"Downregulated"
"AC007663.2",-1.13678084238564,0.000181998338275192,"Downregulated"
"MTDHP3",-1.64309095007907,0.000182169573917787,"Downregulated"
"AL807740.1",2.02360230291052,0.000182277069215742,"Upregulated"
"PAFAH1B2P1",2.03114163910649,0.000182587886197488,"Upregulated"
"HTR1DP1",2.17348535620922,0.000183075930452253,"Upregulated"
"AL512288.1",1.14944655708719,0.000183196167711097,"Upregulated"
"AC087341.1",-2.35731012193612,0.00018350345369926,"Downregulated"
"SVOP",1.65351243126645,0.000183636658602791,"Upregulated"
"POLR3DP1",1.63423692516169,0.000183728624038581,"Upregulated"
"LINC01297",2.78674270716926,0.000184342736983298,"Upregulated"
"MSLN",1.2763632400997,0.00018505951776948,"Upregulated"
"AC010323.2",1.09417813370414,0.000185124922086542,"Upregulated"
"NIFKP8",-2.20105751767526,0.000185147718038934,"Downregulated"
"ALG1L15P",1.04894450823965,0.000185335272536617,"Upregulated"
"NBPF19",1.68273856662525,0.0001853456711254,"Upregulated"
"Y_RNA",1.84832703759124,0.000185458375648485,"Upregulated"
"MFFP1",1.93792577479271,0.000185506638480467,"Upregulated"
"RN7SL798P",1.50128650280175,0.000185579600224935,"Upregulated"
"RNVU1-2",3.76908182199221,0.000185737246474509,"Upregulated"
"AC072022.1",1.28350564499659,0.00018629237718169,"Upregulated"
"AMTN",1.51134552187774,0.000186612349287129,"Upregulated"
"AC026100.1",1.23397910397134,0.000187079403786567,"Upregulated"
"MACROD2",-1.01650915400763,0.000187634346261803,"Downregulated"
"AF222685.1",2.35676831476974,0.000187689077099862,"Upregulated"
"AF233439.2",1.71989378221564,0.000187896949058611,"Upregulated"
"AP001636.2",1.69500958004384,0.000188667998266147,"Upregulated"
"AC009269.2",2.32838973934075,0.000188673015114968,"Upregulated"
"LINC01908",-1.81868816762454,0.000188678122328332,"Downregulated"
"RPS12P16",2.14339536854784,0.000188771875530208,"Upregulated"
"RNU4-24P",2.83516071048541,0.000188956676067491,"Upregulated"
"AC092652.1",-1.35983582783115,0.000189000804322847,"Downregulated"
"MRAP-AS1",1.57469703654256,0.000189011807495115,"Upregulated"
"AC018889.1",2.20382415671256,0.000190338996953411,"Upregulated"
"SLC47A1P2",1.06521502889029,0.000191007743759543,"Upregulated"
"SIRPB3P",1.31594638080486,0.000191025022306291,"Upregulated"
"LINC01891",1.34214937303568,0.000191720205057112,"Upregulated"
"CCT6P2",1.22850729224225,0.000191743617737873,"Upregulated"
"MTND4P23",1.14116424175338,0.00019178628050956,"Upregulated"
"ZNF488",1.16340020134607,0.00019178764512963,"Upregulated"
"AC092139.1",2.71935083327287,0.000192293954525621,"Upregulated"
"AC020900.1",2.67280948776648,0.000192344570386676,"Upregulated"
"AC104316.1",2.03976394723033,0.000192444882770235,"Upregulated"
"AL035410.1",2.3546082793769,0.000192455447852284,"Upregulated"
"AC009152.1",2.11221361697703,0.00019288579857005,"Upregulated"
"HOXC5",1.32724118142566,0.000193193306833799,"Upregulated"
"LINC02421",1.01631981697069,0.00019335528818209,"Upregulated"
"RMST",-1.37492121546888,0.000193508745520078,"Downregulated"
"MARCHF11",3.40446658967302,0.000193606867018679,"Upregulated"
"AL355338.1",1.87172067014009,0.00019423212101086,"Upregulated"
"MIA",1.49043019663995,0.000194586389448301,"Upregulated"
"AC093422.1",1.62041221310917,0.000195125074913395,"Upregulated"
"RBAKDN",1.53324817713408,0.000195169627518537,"Upregulated"
"MIR3186",1.10375941267802,0.000195376770270848,"Upregulated"
"SPTLC1P5",-1.25960826833786,0.000195861340274623,"Downregulated"
"STX18-IT1",2.68291551660328,0.000195893395751405,"Upregulated"
"CNBD1",2.28130901072008,0.000196155478811757,"Upregulated"
"AMD1P4",1.52969488143237,0.000196162068506182,"Upregulated"
"LINC02046",2.93899822196358,0.000196221992138951,"Upregulated"
"AL807761.4",2.792245749814,0.000197145156225594,"Upregulated"
"CXCL6",1.2134866512056,0.00019732694161775,"Upregulated"
"L1CAM",1.02948512143076,0.000197404268290011,"Upregulated"
"PSKH2",-2.05798358957453,0.00019769861773556,"Downregulated"
"AL356113.1",1.3744667844038,0.000198012200984788,"Upregulated"
"AC007342.1",1.8675677660458,0.000198146747254651,"Upregulated"
"AL157385.1",1.79114181134868,0.00019843908911063,"Upregulated"
"SLC7A2",1.02480493672033,0.000198994622838447,"Upregulated"
"POPDC3",1.34025030439583,0.000199034182425449,"Upregulated"
"AC243773.2",1.94613850456596,0.000199275644775977,"Upregulated"
"ATP11A-AS1",1.63178459305789,0.000199359792016041,"Upregulated"
"FMR1NB",2.04712410085765,0.000199632796362837,"Upregulated"
"AC020895.2",-1.76514348112321,0.000199958857153065,"Downregulated"
"AC026348.1",1.07409656885475,0.000199990186787247,"Upregulated"
"TRAJ4",1.59880799790881,0.000200098189134209,"Upregulated"
"AC144836.1",1.41365000111194,0.000201395191898905,"Upregulated"
"RN7SL748P",1.90909709209786,0.000201598456110136,"Upregulated"
"LINC02512",-1.61809475430323,0.000202161179815242,"Downregulated"
"AC115621.1",2.75558672876182,0.000203895404301938,"Upregulated"
"SLC1A6",1.51730415416332,0.000204451608503615,"Upregulated"
"AC234778.1",1.22797689166612,0.000204522822742291,"Upregulated"
"AC017067.1",1.73241742608326,0.000204830750885457,"Upregulated"
"AC097382.1",1.29337970035293,0.00020533845272354,"Upregulated"
"RNU6-658P",1.07173482012532,0.000205875296776962,"Upregulated"
"AC008277.2",2.93075265390178,0.000205980788307538,"Upregulated"
"AC016682.1",1.73221793488018,0.000206281338189384,"Upregulated"
"AL138900.2",-1.29764264165035,0.000206285971232059,"Downregulated"
"CBX3P3",2.9948887008268,0.000206422255850727,"Upregulated"
"AC087280.2",2.05140496626141,0.000206976653685048,"Upregulated"
"GSTA5",1.39918878670252,0.00020786473306651,"Upregulated"
"FAM86MP",1.49519598811117,0.000208352698719422,"Upregulated"
"AF107885.2",2.33048330608388,0.000208661457702182,"Upregulated"
"AC006538.4",1.76410571891777,0.000208663882563003,"Upregulated"
"AL139095.4",1.22993437465247,0.000208819895550595,"Upregulated"
"AC073348.2",2.35746632102233,0.000208909761809821,"Upregulated"
"RN7SL220P",2.28420269883564,0.000209450340753476,"Upregulated"
"AL353803.2",2.20155187805241,0.000209952224586449,"Upregulated"
"AP003086.3",2.2961436580175,0.000209967454287385,"Upregulated"
"LINC01568",2.32650298259689,0.000210313243051881,"Upregulated"
"AL158068.1",1.81189331640508,0.000211131539676114,"Upregulated"
"KRT33B",2.40324521522309,0.000211360791469772,"Upregulated"
"AL589826.2",1.87052702565224,0.000211556098724121,"Upregulated"
"AL512329.1",1.07742680104285,0.000211800678420732,"Upregulated"
"AC239800.2",1.53573050918028,0.000211824585806721,"Upregulated"
"AL159972.1",2.03249816133118,0.00021228281688078,"Upregulated"
"AC079949.5",1.44111117268532,0.000212771934839401,"Upregulated"
"GLRX3P2",1.01662741165741,0.000212915980184898,"Upregulated"
"AC243960.10",1.67123141248693,0.000212961304059053,"Upregulated"
"MIR4715",-1.57042582781836,0.000213540478395045,"Downregulated"
"AL049747.1",1.41657489366192,0.000213573990089883,"Upregulated"
"AC010978.1",1.53508708049449,0.000213580024863092,"Upregulated"
"AC006028.1",2.24151005503947,0.000213621332503261,"Upregulated"
"AL355601.1",-1.18199466005923,0.000213744009602573,"Downregulated"
"RN7SL825P",1.85005973340618,0.000214798876234956,"Upregulated"
"OR7E115P",-1.26681265847306,0.000215236342411768,"Downregulated"
"AC103810.2",1.09938281845182,0.000215469636573086,"Upregulated"
"NPM1P18",1.31428534037673,0.00021584856476542,"Upregulated"
"FAM133FP",1.69418266797333,0.00021584856476542,"Upregulated"
"AC073333.2",-2.00773164536944,0.000215910918355839,"Downregulated"
"AC016576.1",2.44388387974244,0.000215924565664593,"Upregulated"
"Z93020.1",2.98872308000897,0.000216029980431736,"Upregulated"
"AC091059.2",2.12083976667142,0.000216315372723241,"Upregulated"
"AL078599.2",2.53910479185796,0.000217247538810891,"Upregulated"
"LYPD9P",2.3536660037388,0.000217438293900269,"Upregulated"
"AL122020.2",1.32493786891284,0.000217877509329185,"Upregulated"
"LINC00664",1.03680045150515,0.000218197734451592,"Upregulated"
"LINC02735",2.2775030640456,0.000218608231196397,"Upregulated"
"LINC00939",1.67965914993585,0.000218719040818667,"Upregulated"
"SFXN4P1",2.61502819430536,0.000219998605010595,"Upregulated"
"KRT8P2",1.32908320385509,0.000220253406585336,"Upregulated"
"CRYM",1.03189772823569,0.000220594268476021,"Upregulated"
"OVOL1-AS1",1.17843391507387,0.000220747930608751,"Upregulated"
"AL157938.2",1.31955237875432,0.000220775926463408,"Upregulated"
"RPL18P10",1.27220849652614,0.000220792311236316,"Upregulated"
"RNU6-577P",2.17757070757524,0.000220792311236316,"Upregulated"
"AP001972.3",-1.01016473021854,0.000221500278561777,"Downregulated"
"AC084357.3",2.74185770106211,0.000221890300238122,"Upregulated"
"MFSD1P1",1.56530098575195,0.000221929668852402,"Upregulated"
"HMGB3P4",1.16892828229986,0.000222469857098183,"Upregulated"
"NDUFAF4P4",2.84116603239654,0.000222779807828303,"Upregulated"
"AC021269.3",1.08729911818296,0.000222909042182424,"Upregulated"
"LINC01182",1.31980224201824,0.000223194419253476,"Upregulated"
"AC079905.1",1.06236094582439,0.000223606809004717,"Upregulated"
"AL592164.1",1.19483696684893,0.00022385500684596,"Upregulated"
"AC067931.2",1.72754806986016,0.000224262957582839,"Upregulated"
"AC005077.2",1.36070267588182,0.000224391288889947,"Upregulated"
"RNA5SP207",-1.41755603876589,0.000224897434334161,"Downregulated"
"AP001439.1",1.47927475697263,0.000225068656743705,"Upregulated"
"AP002762.2",1.86861501324311,0.000225573633293602,"Upregulated"
"AC010997.6",2.61346645584443,0.000225857447437279,"Upregulated"
"TCHHL1",2.86114045300385,0.000226125185279933,"Upregulated"
"AL034349.1",3.0820068851376,0.000226234288175001,"Upregulated"
"AC106743.1",2.77288052053397,0.000227011065815061,"Upregulated"
"AC093843.1",1.8222546323595,0.000227127581373347,"Upregulated"
"RPL23AP92",1.19028454195717,0.000227127581373347,"Upregulated"
"AL603824.1",2.55024287072502,0.000227840162756492,"Upregulated"
"LINC02330",-2.72117452079438,0.000228790569586549,"Downregulated"
"AC100860.1",1.05627872592757,0.000229525429786543,"Upregulated"
"DOC2A",1.00032139420171,0.000230831864457946,"Upregulated"
"AL049825.1",1.83072170677352,0.000231144113042471,"Upregulated"
"AL513188.1",2.94639139192203,0.000231316004116219,"Upregulated"
"IGHV3-50",1.84129687941477,0.000231463255515327,"Upregulated"
"AC007151.1",2.06009929866061,0.000232053154037227,"Upregulated"
"AC012568.1",2.94353322938248,0.000232358716733742,"Upregulated"
"AC092127.1",1.66738352114722,0.000232696010707959,"Upregulated"
"ADH1C",1.22459854839973,0.000233276621491252,"Upregulated"
"TXNDC2",1.02512512809665,0.000234901545376658,"Upregulated"
"LINC01154",-1.28231049740875,0.000235888984712358,"Downregulated"
"AL356805.1",2.57076968154249,0.000236451319849256,"Upregulated"
"AL132655.1",1.61774578760382,0.00023704395690728,"Upregulated"
"TRGVA",-1.10977743011128,0.000237317375176139,"Downregulated"
"CDC42-IT1",1.20623914960593,0.000237397968677621,"Upregulated"
"AL591501.1",1.92337285439888,0.000237428171369693,"Upregulated"
"LINC01878",3.2998343965206,0.000237797476657164,"Upregulated"
"ATP5PBP3",2.18092779780501,0.000238166436099399,"Upregulated"
"SNRPCP2",1.33393282588214,0.000239136449811249,"Upregulated"
"AC107909.1",2.4124822349745,0.00023951968371524,"Upregulated"
"Y_RNA",1.62404493569321,0.000239677136259841,"Upregulated"
"AL592546.3",1.43782946056912,0.000240076611987171,"Upregulated"
"UBE2V2P4",2.33101754426969,0.000240616802133149,"Upregulated"
"RPL36AP41",2.27952121660947,0.000240616802133149,"Upregulated"
"AC093866.1",1.39780876995228,0.000242464186971914,"Upregulated"
"COX5BP3",2.87319516063698,0.000242577069919183,"Upregulated"
"AC090617.7",2.08624856522163,0.000243448071476289,"Upregulated"
"KIF4B",1.07337137860089,0.00024370466500175,"Upregulated"
"VGLL2",2.6604485058625,0.000243766236866947,"Upregulated"
"IGKV1-35",1.58728818205568,0.000244489333427106,"Upregulated"
"RNU1-72P",1.61902890602091,0.00024452890670304,"Upregulated"
"RN7SL833P",1.76755404568869,0.000245748783822645,"Upregulated"
"LINC01593",2.08243117680795,0.000245768167239012,"Upregulated"
"NLRP8",2.49880566645272,0.00024605170983206,"Upregulated"
"RN7SL803P",2.24836524179123,0.000246731848687652,"Upregulated"
"TIMM9P1",3.25137119079108,0.000246792161053408,"Upregulated"
"Y_RNA",-1.00573407894441,0.000247086783484959,"Downregulated"
"AP001442.1",1.15998305133691,0.000247248291243302,"Upregulated"
"AL590617.1",1.86900069356723,0.000247340755125512,"Upregulated"
"AC091286.1",-1.72151126246296,0.000247357705839631,"Downregulated"
"S100A9",1.02244621554792,0.000247430147116625,"Upregulated"
"RPL9P16",1.82511561497167,0.00024811466302929,"Upregulated"
"LINC01499",2.61705935834646,0.00024811466302929,"Upregulated"
"RN7SL225P",1.72044517184471,0.000249285717548288,"Upregulated"
"COL19A1",1.0104225124542,0.000249607074987282,"Upregulated"
"AC008700.1",2.21398214420542,0.000249723787308738,"Upregulated"
"AL391863.2",3.45842476914369,0.000250144197204218,"Upregulated"
"UCP1",-1.13476172385898,0.000251366917960129,"Downregulated"
"AP001066.1",1.78582208132603,0.000251810902945047,"Upregulated"
"AC138123.2",2.05209107489331,0.000252055152290776,"Upregulated"
"MLNR",1.20554602070403,0.000252548592286049,"Upregulated"
"LINC02050",2.53267167359427,0.000254512337237415,"Upregulated"
"TTC4P1",1.40923133805161,0.00025470575710518,"Upregulated"
"AC116666.1",2.63415713733357,0.000255214428587172,"Upregulated"
"NKX2-3",1.44749073815539,0.000255327798722455,"Upregulated"
"FYB2",-1.00530642894576,0.000255448546865657,"Downregulated"
"AC011451.3",1.0733967741185,0.000256056363475908,"Upregulated"
"SLC25A34-AS1",-1.15826877205793,0.000256719496662051,"Downregulated"
"DGKB",1.2409404939672,0.000256797547693127,"Upregulated"
"AL590762.1",1.54637549777095,0.000258754512538533,"Upregulated"
"AC024595.1",3.19930885121119,0.000259451369254561,"Upregulated"
"AL590128.1",2.33274826968286,0.000259918968885381,"Upregulated"
"AC008277.1",1.7152341368145,0.000260105084188953,"Upregulated"
"OR52I1",1.57964374927502,0.000260182392905078,"Upregulated"
"AC023824.6",2.98784750974504,0.00026027599259034,"Upregulated"
"AC007598.2",2.00660893815963,0.000261050843910073,"Upregulated"
"AC015818.2",1.80446230852765,0.000261063684330231,"Upregulated"
"AC092851.1",2.16241513400399,0.000261771384759906,"Upregulated"
"AC091175.1",1.55877176300757,0.000262088424772359,"Upregulated"
"AL118556.2",3.52309058773874,0.000262919258938482,"Upregulated"
"AP000851.1",1.61085098464057,0.000263807393065536,"Upregulated"
"AC118555.1",1.99685652739819,0.000264398496370629,"Upregulated"
"AC005921.3",1.09924749629287,0.000265800131135943,"Upregulated"
"CLLU1",1.5714689193467,0.000266120274621196,"Upregulated"
"AC068533.3",1.12981936668436,0.000266234841626432,"Upregulated"
"LAMTOR5P1",1.85737805401908,0.000267063007810462,"Upregulated"
"AC092666.1",1.64227497036082,0.000267146376858151,"Upregulated"
"AC026785.1",1.84760253928793,0.000267644530288312,"Upregulated"
"MARK2P8",1.46864251539264,0.000267941995596944,"Upregulated"
"ENPP7P4",1.16460369032984,0.000268522044556423,"Upregulated"
"GGTLC1",-1.15292057110811,0.000268877090938248,"Downregulated"
"PABPC1P10",1.15140216226678,0.000268877090938248,"Upregulated"
"AC007529.1",2.34769704540668,0.00026965070083296,"Upregulated"
"NOL4",1.23617620352071,0.000269663430890844,"Upregulated"
"AC073862.5",-1.02417862770547,0.000269979148005549,"Downregulated"
"LINC01250",1.6715875775163,0.000270168971217633,"Upregulated"
"KRT8P42",1.03580787594756,0.00027078730006479,"Upregulated"
"AL136172.1",1.40701048202159,0.000271064785421734,"Upregulated"
"ZBTB20-AS5",2.17539284640481,0.000271221423221255,"Upregulated"
"AC130895.1",2.82738793321488,0.000271261493827234,"Upregulated"
"MTCO2P19",3.10595315790667,0.000271447789358884,"Upregulated"
"SNORD53",2.15710366102836,0.000272306479276026,"Upregulated"
"FABP5P2",-1.03678017136282,0.000272382168725095,"Downregulated"
"AC092535.1",2.54667734197922,0.000272883080159822,"Upregulated"
"LINC01796",1.9498460746819,0.000274276094865142,"Upregulated"
"LINCR-0003",-1.74090711887827,0.000274540785690675,"Downregulated"
"HNRNPA1P22",1.17575561571255,0.00027507949030155,"Upregulated"
"AL162414.1",1.26345117582425,0.000275821321795008,"Upregulated"
"IGKV1D-32",2.00663315932733,0.000276330245580033,"Upregulated"
"MRPL35P3",1.60324281447395,0.000276525631789027,"Upregulated"
"AC027801.3",1.47095864198555,0.000276595637757166,"Upregulated"
"AC099684.2",1.02306204135482,0.00027738617709492,"Upregulated"
"FOXN4",1.48735031814616,0.000278747847255002,"Upregulated"
"GAPDHP25",1.33264382861785,0.000279189195095157,"Upregulated"
"AC113208.5",-1.13495822479743,0.000279371768963825,"Downregulated"
"AC087564.1",2.10352018581421,0.000279811293530498,"Upregulated"
"AC005529.1",1.42484367651142,0.000279966340185465,"Upregulated"
"PTPN2P2",1.21812350500924,0.0002802835673417,"Upregulated"
"LINC02800",-1.32094753003408,0.000280340071187924,"Downregulated"
"AC007785.1",1.8528258661584,0.000280602549659422,"Upregulated"
"AP001095.1",-1.43006514775485,0.000282140840891507,"Downregulated"
"SMIM33",1.24718035298999,0.000282649560818863,"Upregulated"
"MIR23C",1.75326466652869,0.000282685292758256,"Upregulated"
"AL133353.2",2.04169628761619,0.000284885651232061,"Upregulated"
"FAM238B",2.20177515969541,0.000285209507535197,"Upregulated"
"AC073150.1",1.28317143298446,0.000285564183037843,"Upregulated"
"AC092755.1",1.32131063187781,0.000285837372497006,"Upregulated"
"AC079804.1",1.51732361239593,0.000288759464948295,"Upregulated"
"AC110921.1",2.70571195363773,0.000288983798588191,"Upregulated"
"SMARCE1P1",1.99699172912685,0.000289300452072699,"Upregulated"
"EIF5AP3",1.16781555682888,0.000289300452072699,"Upregulated"
"AL137786.2",-2.05962100899627,0.000290136423029377,"Downregulated"
"LINC02056",-1.21977541969123,0.000290421042109264,"Downregulated"
"NEK2P4",2.0084842996369,0.000290425585741279,"Upregulated"
"AC006480.1",1.03653764195937,0.000290857989926409,"Upregulated"
"RN7SL356P",2.22472638503801,0.000290994928941498,"Upregulated"
"LINC01362",1.88012032272517,0.000291022472251825,"Upregulated"
"RNASE13",-1.20277319705228,0.000291027456392343,"Downregulated"
"AP001062.2",1.41338825629899,0.000291027456392343,"Upregulated"
"U3",2.05530932551328,0.000291078563861953,"Upregulated"
"SINHCAFP3",2.02472850985337,0.000291489440992675,"Upregulated"
"TRHDE-AS1",-1.28348692864106,0.000291905124035969,"Downregulated"
"ZNF630-AS1",1.55532284004425,0.000292093737657714,"Upregulated"
"KRT18P57",1.36258847963404,0.000292112916982504,"Upregulated"
"KBTBD11-OT1",1.10739849285343,0.000292359172213789,"Upregulated"
"PLCE1-AS1",1.26333348399018,0.000293819558602691,"Upregulated"
"SNORD91A",1.19344918776748,0.000293935561570272,"Upregulated"
"IZUMO2",1.52208588211826,0.000293938184529618,"Upregulated"
"AC079915.1",1.5030772368741,0.00029505162420968,"Upregulated"
"LINC01069",-2.26342403735776,0.000295280689178433,"Downregulated"
"AC090502.3",3.10294972480773,0.00029528420962213,"Upregulated"
"AC005520.3",1.84850372993292,0.000295347688917106,"Upregulated"
"AC012254.4",1.10579463371176,0.000295728791732321,"Upregulated"
"AC090617.8",2.2650781657018,0.000295877297653327,"Upregulated"
"AC245014.3",1.29037964132572,0.000296164064052434,"Upregulated"
"AC007879.1",1.58719031501312,0.000296259194974803,"Upregulated"
"BCRP2",1.27887758972185,0.000296741254755085,"Upregulated"
"AC104232.2",3.50849709736567,0.000297141543528727,"Upregulated"
"GPC5-AS1",-1.9099653935154,0.000297277000792982,"Downregulated"
"NPAP1P3",-1.16477839630987,0.000297519454690214,"Downregulated"
"FARSA-AS1",1.29176390144181,0.000298092298375981,"Upregulated"
"AC004022.1",1.57630451660367,0.000298101304921573,"Upregulated"
"NDUFB4P1",3.0316393313634,0.000298101304921573,"Upregulated"
"AC012409.2",1.68841510641294,0.000298214921527476,"Upregulated"
"AL445465.2",1.49552291133719,0.000298907536051379,"Upregulated"
"LINC02294",2.33949258333243,0.000298907536051379,"Upregulated"
"ZNF723",2.88592545621212,0.0002999730334912,"Upregulated"
"RPS16P8",2.52239115735493,0.000300957777143283,"Upregulated"
"AC015871.4",1.60027088401709,0.000301899233723918,"Upregulated"
"LINC02877",-1.05042253233583,0.000302039062690119,"Downregulated"
"HMGB1P17",1.49936628947378,0.000302344196104608,"Upregulated"
"AC008758.2",1.30429452755816,0.00030251555060334,"Upregulated"
"AC018620.1",1.7133895229843,0.000302751394294282,"Upregulated"
"AL354813.1",1.42977683637802,0.000302949582302963,"Upregulated"
"AC138965.2",2.04823429393094,0.0003057709518824,"Upregulated"
"CENPCP1",1.07800881106638,0.000307641735496151,"Upregulated"
"NPM1P20",2.89336457309613,0.000308196375612229,"Upregulated"
"Metazoa_SRP",-1.93429032851843,0.000308798611852979,"Downregulated"
"RNU6-1283P",3.07610520300163,0.000309013703383326,"Upregulated"
"SPHKAP",-1.7440073922075,0.000309518976228883,"Downregulated"
"RN7SKP240",2.20783158938453,0.000309698616824405,"Upregulated"
"AC016683.1",1.37132092750329,0.000309698616824405,"Upregulated"
"LINC02105",2.11988872086626,0.000309708803915079,"Upregulated"
"AC129502.1",2.29483161457538,0.000309965486297213,"Upregulated"
"OR51B5",1.4703228341134,0.000310792733580928,"Upregulated"
"PNLIPRP1",1.69878135647282,0.000311051022761531,"Upregulated"
"SNCB",1.12835254632769,0.000311835680880713,"Upregulated"
"PDCL3P2",1.67441846274058,0.000311897881540593,"Upregulated"
"LINC01235",1.0280838878398,0.000313861100251238,"Upregulated"
"LIPF",2.1988895570566,0.000313941303772611,"Upregulated"
"LINC01648",1.65959224154568,0.000314560553233168,"Upregulated"
"AL136131.2",2.00514516917804,0.000314816247416994,"Upregulated"
"AC027088.4",1.8000303595294,0.000315580309422011,"Upregulated"
"CPA1",-1.22764050774702,0.000316172873598487,"Downregulated"
"RNU6-524P",1.90149163663656,0.000316478061846436,"Upregulated"
"AC104463.1",1.70882132573653,0.000316687505345417,"Upregulated"
"AC008114.1",1.24899279956093,0.000317088293438314,"Upregulated"
"LINC02626",1.20642694597137,0.000317281792904094,"Upregulated"
"RNU6-1140P",-2.22813672766184,0.000317842422851269,"Downregulated"
"AC090023.2",2.57290569516352,0.000317872115677384,"Upregulated"
"AL731559.1",1.38809169606691,0.000318513557148116,"Upregulated"
"KIAA0319",1.02068379840133,0.00031854246092121,"Upregulated"
"HERC2P5",1.57269491501461,0.00032050473547214,"Upregulated"
"AC025884.2",2.00471407801024,0.000321285704197995,"Upregulated"
"AC110760.1",1.99527239899176,0.000321349498294408,"Upregulated"
"GOLGA8UP",1.22758172149768,0.000321615509377908,"Upregulated"
"CPHXL",1.93966279694917,0.000322060549929038,"Upregulated"
"FO393419.2",2.0205148980545,0.000322749851346125,"Upregulated"
"MIR3136",2.03358920439337,0.000323183975121587,"Upregulated"
"AL139246.4",1.3492477657892,0.000323712814128906,"Upregulated"
"LINC01749",1.75382279840075,0.000324245107284718,"Upregulated"
"AC104237.1",-1.7264126465,0.000324938540840533,"Downregulated"
"AC103739.2",1.12595013756459,0.000325051482990276,"Upregulated"
"SCARNA11",3.02936688733971,0.000325149933665443,"Upregulated"
"AP000462.1",2.7424725146938,0.000325797026518764,"Upregulated"
"AC099791.2",1.03598076565463,0.000326004398907917,"Upregulated"
"AC073225.1",1.632239866859,0.000327042286532965,"Upregulated"
"SEPTIN7P6",1.35613943604841,0.000327857034316846,"Upregulated"
"AL512637.1",1.56086862800585,0.00032849561431121,"Upregulated"
"MCM8-AS1",1.28848561684789,0.000328667451493062,"Upregulated"
"Z82186.1",1.13063703301554,0.000328776126575402,"Upregulated"
"MIR3907",1.80171609853192,0.000328909885677289,"Upregulated"
"IFNK",2.85298265439516,0.000329171451342301,"Upregulated"
"AC084879.1",1.63897305783398,0.000329769025996931,"Upregulated"
"AP005137.2",2.23783916764319,0.000332065847447263,"Upregulated"
"AC011120.1",1.92005274977834,0.000333361577094168,"Upregulated"
"Y_RNA",1.02054760261648,0.000333634413920321,"Upregulated"
"KRT16P1",1.23088094322145,0.000334033380488809,"Upregulated"
"PNMA6B",1.89686025458698,0.000334298252074523,"Upregulated"
"AC106794.1",3.31106574232343,0.000334416492812206,"Upregulated"
"EPPIN-WFDC6",-1.64861464344129,0.000334908778140696,"Downregulated"
"MIR6728",1.18361921901133,0.000335260205410085,"Upregulated"
"AC073569.3",1.19170092239567,0.000335378645480823,"Upregulated"
"AL138752.2",2.80059827830024,0.000335828747773483,"Upregulated"
"IHH",-1.31109123820793,0.000338238715929223,"Downregulated"
"AL157931.2",1.6035457253548,0.000338310429735318,"Upregulated"
"AL591368.1",1.0809002904707,0.00033855987288021,"Upregulated"
"TSPAN19",-1.45406583066002,0.000338937109487134,"Downregulated"
"LINC01539",1.37082646737703,0.000341791836265494,"Upregulated"
"AC079340.2",1.20436258594956,0.00034246915313397,"Upregulated"
"AC107241.1",1.43333207330212,0.000342965477234709,"Upregulated"
"LMO1",1.22513566159001,0.000343250884703374,"Upregulated"
"TUBA3E",1.4618139094518,0.000343266775541567,"Upregulated"
"TENT5D",1.91006524666895,0.000343583481402827,"Upregulated"
"AL121790.1",1.11076987663809,0.000343726024758063,"Upregulated"
"PGAM1P6",1.58057119321491,0.000344183442772619,"Upregulated"
"AC138832.1",2.59514562048602,0.000344429452472325,"Upregulated"
"AL022323.4",1.97869652193953,0.00034452561003191,"Upregulated"
"Y_RNA",1.15373082432905,0.000344805832782704,"Upregulated"
"RN7SL118P",1.52445512959472,0.000344862346760774,"Upregulated"
"AL136140.1",1.75259807053479,0.000346146680857759,"Upregulated"
"ANKRD30BL",2.2629704828286,0.000346453322901901,"Upregulated"
"KLK3",-2.15459642854142,0.000347257391803061,"Downregulated"
"AC087273.1",2.0849064120019,0.000347387619293474,"Upregulated"
"KHSRPP1",1.52341484573207,0.000347685664126943,"Upregulated"
"TPMTP2",2.59749198879594,0.000347773365881487,"Upregulated"
"AP000688.2",1.48193512505609,0.00034797948799344,"Upregulated"
"AP003108.4",1.33918917068056,0.000349135802901838,"Upregulated"
"SIX6",2.10736027742141,0.00034988624699932,"Upregulated"
"RABGAP1L-AS1",1.47998132997076,0.000350299460497109,"Upregulated"
"AC113414.1",1.08383605498622,0.000352080580415506,"Upregulated"
"LINC00605",1.13907187962757,0.000352318470223438,"Upregulated"
"SERPINA11",1.99290714074269,0.000352515467493958,"Upregulated"
"AC096708.3",1.29172673767493,0.000352666346236935,"Upregulated"
"AP001021.1",-1.03770414110042,0.000353311377386924,"Downregulated"
"AC027279.2",1.58630114315395,0.000353346730534878,"Upregulated"
"SLC25A3P2",1.59418984247222,0.000353577551350023,"Upregulated"
"MFFP2",1.22383716393627,0.000353873539096637,"Upregulated"
"AC009686.1",2.5266329080515,0.000354573854208086,"Upregulated"
"AC008810.1",2.28860004663082,0.000354635596135918,"Upregulated"
"LINC01887",1.7488824831192,0.000355442833341598,"Upregulated"
"OR6A2",2.14213964864776,0.000356060191702461,"Upregulated"
"MRGPRX3",2.04202637497824,0.000356253705865873,"Upregulated"
"PCAT18",1.96838644838351,0.000356280764244114,"Upregulated"
"TRAJ6",1.8123407480638,0.000357074334097259,"Upregulated"
"RPL10P2",1.15702281598981,0.00035717337725569,"Upregulated"
"AP001610.3",1.65942611774467,0.000357273936851975,"Upregulated"
"AL035458.2",1.23712859687948,0.000357611261392369,"Upregulated"
"PRELID3BP4",1.51763111359065,0.000358395630185139,"Upregulated"
"MTND4P24",1.18993078694395,0.000359183923687951,"Upregulated"
"LINC02702",2.18133832415405,0.000359556971668359,"Upregulated"
"AURKAP2",1.99709905916376,0.000359629890611484,"Upregulated"
"LINC01095",-1.32800852469351,0.000360042151727385,"Downregulated"
"AL353771.1",2.30747675090175,0.000360055794090808,"Upregulated"
"Y_RNA",1.27915144048728,0.000361020841766772,"Upregulated"
"SHMT1P1",1.89109427794612,0.000361159460456356,"Upregulated"
"ALX4",1.24802411114585,0.000361254654578664,"Upregulated"
"RN7SL146P",1.34225034050955,0.000361840718632478,"Upregulated"
"SOWAHCP5",1.59800222231041,0.00036255097898633,"Upregulated"
"AC022022.2",3.25116870085063,0.000362981687924803,"Upregulated"
"MTCO1P11",1.2559738203096,0.000363322465252457,"Upregulated"
"CYYR1-AS1",1.70405803150958,0.000364601105871063,"Upregulated"
"SILC1",-1.33804671282502,0.00036506984775436,"Downregulated"
"NPIPB8",1.49429763546525,0.000365513588900576,"Upregulated"
"AL732366.1",2.07233476027719,0.000365555732992456,"Upregulated"
"CPN2",1.04058731257543,0.000365619905989967,"Upregulated"
"RLIMP1",1.78729169822333,0.000365910690604328,"Upregulated"
"VCX3B",1.88758207390967,0.0003660896553531,"Upregulated"
"RNU6-196P",1.63798261004049,0.000366167269051425,"Upregulated"
"AC092958.1",-1.73701821807033,0.000366167269051425,"Downregulated"
"AC104564.4",1.48851954237777,0.000366648305282793,"Upregulated"
"AC107081.2",-1.05004758739769,0.000367245470816916,"Downregulated"
"AC120498.8",1.61765562123942,0.000367717753636239,"Upregulated"
"Y_RNA",1.94623371093389,0.000367825102621942,"Upregulated"
"MAD2L1P1",1.42168898676743,0.000367979558835738,"Upregulated"
"PPIAP47",1.22306335465627,0.000369299312667928,"Upregulated"
"AC100827.4",1.09073308395395,0.00036949171942922,"Upregulated"
"HMGN1P2",2.10421977581275,0.000369606001513383,"Upregulated"
"LINC01709",1.7879648406277,0.000369947410160402,"Upregulated"
"LINC02054",1.50764285022876,0.000369967340029501,"Upregulated"
"RNU7-20P",1.65609131025304,0.000370643273445011,"Upregulated"
"CYP2W1",1.21937359229413,0.000370935990305505,"Upregulated"
"LINC00906",-1.1807179242534,0.000372303773666499,"Downregulated"
"CCDC144NL",1.67313721283708,0.000372369302230202,"Upregulated"
"RN7SL745P",1.5436026743647,0.00037251388185081,"Upregulated"
"DEFB1",1.1861011982598,0.000373574201383527,"Upregulated"
"MIR3617",1.98506425484473,0.000374604178561862,"Upregulated"
"AL356489.4",1.34922618044708,0.000375497362745025,"Upregulated"
"PPFIA1P1",1.90916037698883,0.000376311923654684,"Upregulated"
"OR6L2P",1.54883995637849,0.000376654899969261,"Upregulated"
"AC021818.1",1.75732530874768,0.0003770135447981,"Upregulated"
"AL451137.2",1.96738437966168,0.000377399755970894,"Upregulated"
"IFITM3P8",1.28013649133235,0.000377987940293906,"Upregulated"
"AC092724.1",1.6122337093369,0.000380057836153001,"Upregulated"
"CCDC58P3",1.19274537037221,0.000380083294842346,"Upregulated"
"AC118465.1",1.80045869858815,0.000380485070114081,"Upregulated"
"Y_RNA",1.52950466750122,0.000380952109541063,"Upregulated"
"DDX55P1",1.21299773465329,0.000381302851060807,"Upregulated"
"DTD1-AS1",3.31260030312656,0.000381316226671786,"Upregulated"
"HSPE1P25",2.10353043449656,0.0003818406425054,"Upregulated"
"RN7SL426P",1.89717867517462,0.000382560656433988,"Upregulated"
"RNU6-218P",1.34410347077608,0.000382749526688975,"Upregulated"
"HMGN2P35",1.96906338546332,0.000383131869614229,"Upregulated"
"LGALS9C",1.07529653942827,0.000383816256277237,"Upregulated"
"AL035427.1",1.67816580876733,0.000384473512749899,"Upregulated"
"AC069421.3",1.49319221219258,0.000384999167112616,"Upregulated"
"AC008734.1",1.10890916651485,0.000385823658021451,"Upregulated"
"RN7SL610P",1.37139919196034,0.000385889522373987,"Upregulated"
"FP671120.6",2.08558876808312,0.000385949990265894,"Upregulated"
"AL391097.3",2.34891214094041,0.000386132657473114,"Upregulated"
"AC026464.5",1.53371369631407,0.00038646175340596,"Upregulated"
"RN7SL704P",1.07205987671433,0.000387642062083736,"Upregulated"
"MIR1270",1.43162515871349,0.000388252684783374,"Upregulated"
"Z98752.4",1.15449657812214,0.000389145590252024,"Upregulated"
"Y_RNA",3.08949654266327,0.000389236829715735,"Upregulated"
"AC091812.2",1.32173232383207,0.000389495294980018,"Upregulated"
"ACP7",1.32784813249153,0.00038964419857731,"Upregulated"
"FTH1P25",2.11070555283826,0.000389696621139524,"Upregulated"
"LETM1P2",1.3992267958526,0.000392842126579893,"Upregulated"
"CHMP1B2P",1.07328477594836,0.000392948250635029,"Upregulated"
"KIAA0087",-1.04949484440543,0.000394851663860104,"Downregulated"
"MYCBP2-AS1",1.65391218468587,0.00039505508941694,"Upregulated"
"LINC01104",-1.46876167147094,0.000397112632965107,"Downregulated"
"RNU6-1238P",1.15380091073936,0.000399839848466511,"Upregulated"
"AP000787.3",2.15381873769287,0.000400814614016583,"Upregulated"
"AL008707.1",2.20973539396529,0.000401745176471383,"Upregulated"
"AC109466.1",-1.40540581038687,0.000401910200929579,"Downregulated"
"AC108751.5",1.13752001623281,0.000401995007257829,"Upregulated"
"TVP23CP1",2.48955844445124,0.000403165456442664,"Upregulated"
"AL133480.1",2.35005777868422,0.000403879677351363,"Upregulated"
"LINC02703",1.64747234788372,0.000403945324899083,"Upregulated"
"AC015574.1",2.77006660771516,0.000408278302308092,"Upregulated"
"AC013724.1",2.24939150043414,0.000408409492208757,"Upregulated"
"NSA2P6",1.86194027978817,0.000408600511719048,"Upregulated"
"AC020663.2",1.1806458104315,0.000410001018287123,"Upregulated"
"ZNF322P1",1.06649772399113,0.000410130691597451,"Upregulated"
"AC148477.4",2.26026863821295,0.000410130691597451,"Upregulated"
"AC068473.4",1.49907897852471,0.000412213078789001,"Upregulated"
"Y_RNA",3.24495434912959,0.00041221344908401,"Upregulated"
"AL121657.1",1.73403370334807,0.00041221344908401,"Upregulated"
"AL109945.1",1.25580978821704,0.00041300499721286,"Upregulated"
"AC105917.1",2.83793332564449,0.000413544136041323,"Upregulated"
"TCP11",1.21826878341867,0.000414145259137216,"Upregulated"
"AC244230.2",-1.01544009721553,0.000414325900234133,"Downregulated"
"AL589765.1",1.41569393228022,0.000414662733229212,"Upregulated"
"AC108471.3",1.06537578602994,0.000415425467102125,"Upregulated"
"USP8P1",1.14186548246165,0.000416036457543489,"Upregulated"
"LINC02260",2.1825261425862,0.000416228893726874,"Upregulated"
"AC104794.4",2.8254432492371,0.000416231781371426,"Upregulated"
"MGAT4C",-1.20485331353024,0.000416594607298941,"Downregulated"
"AC090571.1",2.82710326914678,0.000416784815922394,"Upregulated"
"AC097063.1",1.8448138599972,0.000417619582262975,"Upregulated"
"PLEKHS1",1.01041513140063,0.000417836926286759,"Upregulated"
"AL672310.1",1.41012716548305,0.000418125098678959,"Upregulated"
"AC130467.1",-2.64227113089609,0.000418378760022123,"Downregulated"
"TBX20",1.80858908681575,0.00041866139587326,"Upregulated"
"Y_RNA",1.66714829102594,0.000418863806166602,"Upregulated"
"SNRPGP3",1.71136182313012,0.000419477249422602,"Upregulated"
"RN7SL200P",1.8623110942247,0.000419482447732218,"Upregulated"
"HAO1",2.21421978786126,0.000420106890109713,"Upregulated"
"AC008498.2",2.66661595281546,0.000421384811796811,"Upregulated"
"RNU7-181P",2.32051040389587,0.000422885703146849,"Upregulated"
"CCDC83",1.72394761412913,0.000423638182802055,"Upregulated"
"AC111186.1",1.06769177631095,0.000424078098308994,"Upregulated"
"AC093155.1",1.81431085011829,0.00042465565962888,"Upregulated"
"AL079305.1",2.54005563002426,0.00042536137483977,"Upregulated"
"KC877982.1",3.11759229674978,0.000426819590649511,"Upregulated"
"AC117500.1",2.19400866903826,0.000427228655992072,"Upregulated"
"AC021594.2",1.73594958727973,0.000428455578618084,"Upregulated"
"HRH3",2.31307768884572,0.000428794853632354,"Upregulated"
"MED15P9",3.12745731587536,0.000429054007452847,"Upregulated"
"SNORD3B-2",2.02419628862835,0.000431698079094478,"Upregulated"
"MYG1P1",2.55669474846865,0.000431998154049953,"Upregulated"
"ARHGEF9-IT1",1.97622576005856,0.000436423344658062,"Upregulated"
"AL121952.1",2.79474694559985,0.000436589420797854,"Upregulated"
"AC017037.3",2.27578408065074,0.000436883336193429,"Upregulated"
"AC020629.1",1.36905505338844,0.000437561198474411,"Upregulated"
"AC026458.1",1.3090603546975,0.00043988808520094,"Upregulated"
"RIIAD1",-1.01288385301618,0.000442528230570297,"Downregulated"
"PDXDC2P",1.11959930537536,0.000442799368813039,"Upregulated"
"SNORA70",2.02020966796376,0.00044284462967873,"Upregulated"
"AC015722.2",1.3346514332483,0.00044290929082878,"Upregulated"
"TP63",1.01744779534608,0.000442947371240482,"Upregulated"
"RAD21L1",1.48913987427144,0.000443334779037529,"Upregulated"
"AP000781.2",1.42574447458244,0.00044442947372332,"Upregulated"
"AC008739.2",1.14348704848687,0.000444824799825678,"Upregulated"
"AL136982.6",-1.28946510368004,0.000445229012737449,"Downregulated"
"Z98885.1",1.34206280415993,0.000445999430025743,"Upregulated"
"ELOVL2-AS1",1.47909584482517,0.000446476783973215,"Upregulated"
"CHODL-AS1",2.1631052757327,0.000447469058350178,"Upregulated"
"PRDX2P3",1.2583005993237,0.000448164345456516,"Upregulated"
"FDPSP4",-1.13240310320034,0.000448954575729954,"Downregulated"
"BNIP3P30",2.07155716134609,0.00044899192485634,"Upregulated"
"AC011363.1",1.79602165394648,0.000449666111875321,"Upregulated"
"AC073578.5",2.40888667268575,0.000449986971369889,"Upregulated"
"MZT1P2",1.18415692670816,0.000450065435742172,"Upregulated"
"RN7SL744P",1.1488409802327,0.000454537291147943,"Upregulated"
"SYNJ2-IT1",1.68986633236989,0.000455095839556687,"Upregulated"
"AL451070.1",1.77943631004675,0.000455146594000742,"Upregulated"
"AP000873.3",1.2336256163061,0.000455616305488652,"Upregulated"
"NRBF2P2",1.24897454826361,0.000456678355173781,"Upregulated"
"AL031726.1",1.58045259481178,0.000457458324324125,"Upregulated"
"RNU6-1181P",-1.97871908572175,0.000458006431107291,"Downregulated"
"LINC01612",-1.18601878463364,0.000460006410121772,"Downregulated"
"PRELID3BP6",1.7145027564441,0.000460446721717093,"Upregulated"
"KRT8P22",1.19621648030158,0.000464098967521218,"Upregulated"
"AC068790.6",1.26072907657578,0.00046448910090401,"Upregulated"
"OPN4",1.37450909565036,0.000467205381980928,"Upregulated"
"AL035693.1",3.41836691991747,0.000467850731884157,"Upregulated"
"AL731577.1",1.83508151354213,0.000468955710495077,"Upregulated"
"AL035420.2",1.38790820754282,0.000469916207854541,"Upregulated"
"H3P7",1.51974885067575,0.000472694419721268,"Upregulated"
"HMGN2P38",1.91612946321587,0.00047320742404168,"Upregulated"
"CCNYL2",1.5730431040362,0.000473435757831545,"Upregulated"
"RPS15AP39",2.22892773320734,0.000475388638275039,"Upregulated"
"AC092612.1",2.64744975226809,0.000476153844005528,"Upregulated"
"METTL21AP1",3.17811445558351,0.000476898419448663,"Upregulated"
"MIR7-3HG",1.64921087312797,0.000477022705268798,"Upregulated"
"KRT8P38",1.71158486543616,0.000477605456462139,"Upregulated"
"AC023855.1",1.40729653758841,0.000477723393900988,"Upregulated"
"AC106782.1",1.07717418276104,0.000478111992276134,"Upregulated"
"LINC00867",1.31099576929804,0.000478893097111715,"Upregulated"
"RN7SL589P",1.150243325028,0.000478893097111715,"Upregulated"
"GAB4",3.12227586452226,0.000478922665981517,"Upregulated"
"KNCN",-1.51544533347536,0.000480076063066229,"Downregulated"
"TAS2R50",1.78242243393017,0.000480481067029599,"Upregulated"
"AC008883.2",2.18036270811835,0.000480955371750305,"Upregulated"
"AC138474.1",-1.47334502841377,0.000481754773133097,"Downregulated"
"MIR320C1",1.9837948972188,0.000484017465055835,"Upregulated"
"HNRNPA1P68",1.66451967522328,0.000484607550936937,"Upregulated"
"AC021382.1",-1.9102904841405,0.000485104523692056,"Downregulated"
"SULT1C3",2.86623501380044,0.000485337790002901,"Upregulated"
"RNU6-1143P",2.07150044496436,0.000486235416024194,"Upregulated"
"AC007326.5",2.3802574698144,0.000488067863335208,"Upregulated"
"GAST",2.36429307562786,0.000488389045470045,"Upregulated"
"RPL12P9",1.30582693764373,0.000488389045470045,"Upregulated"
"RN7SL127P",2.58581806634646,0.000488943971254865,"Upregulated"
"LINC01345",3.33112503941704,0.000490834206075344,"Upregulated"
"CLDN24",-1.37888069213264,0.000491418013349185,"Downregulated"
"RN7SKP292",1.62974933774067,0.000491438402245958,"Upregulated"
"SPTLC1P4",1.40280053168626,0.000491438402245958,"Upregulated"
"AC092546.1",1.31171843106139,0.000491617934738842,"Upregulated"
"COX4I1P2",1.52676665811207,0.000491825335072519,"Upregulated"
"AC020658.3",1.48058187515694,0.000492168788391718,"Upregulated"
"AL158156.1",1.11788299300737,0.000492602739809138,"Upregulated"
"RNU6-705P",1.79798660903192,0.000494002676953133,"Upregulated"
"MIR3177",1.55261896526767,0.000494085698702102,"Upregulated"
"LINC02301",1.78238531549619,0.000494314842626788,"Upregulated"
"OTX2-AS1",2.18641200163738,0.000494540673793046,"Upregulated"
"SNHG27",1.29873839413009,0.000495028826037368,"Upregulated"
"AP000439.2",1.42923043496532,0.000495749852302944,"Upregulated"
"AC092447.5",2.17242097752524,0.000495787758645989,"Upregulated"
"Metazoa_SRP",1.76647810215614,0.000498811505726081,"Upregulated"
"AP002490.2",2.42908013445762,0.00049941612546509,"Upregulated"
"ENPP7P8",1.4800506362321,0.000501566071191999,"Upregulated"
"AC022080.1",1.83589387967298,0.000501592614768981,"Upregulated"
"AC007610.2",1.18153698650101,0.000501985997171588,"Upregulated"
"RNU6-199P",1.74400291187434,0.000502417825910012,"Upregulated"
"AC006254.2",1.47042779899322,0.000502746801825521,"Upregulated"
"MIR5692A1",1.91327812663181,0.00050302399252817,"Upregulated"
"LINC02312",2.66603880578496,0.000503375683085161,"Upregulated"
"7SK",4.36695239385141,0.000504269716733347,"Upregulated"
"AC093730.1",3.68629750229694,0.000507707357667271,"Upregulated"
"AC112204.1",-2.03333178667322,0.00050862580494366,"Downregulated"
"AC087257.1",2.14403600654607,0.000509568689861654,"Upregulated"
"RN7SL546P",1.88926481811279,0.000509862306649298,"Upregulated"
"RNU1-36P",-1.04059073907456,0.000510859641828174,"Downregulated"
"AC044840.1",1.5032814117911,0.00051128266253408,"Upregulated"
"NLRP4",1.4519769097991,0.000512919250628126,"Upregulated"
"AC105429.2",2.10334009658587,0.000513132826931094,"Upregulated"
"KRTAP5-7",1.1239476488719,0.000513483091259358,"Upregulated"
"NDUFA8P1",3.14472012876213,0.000519708484463386,"Upregulated"
"AC027455.1",1.89703371689525,0.000519768956737094,"Upregulated"
"RFPL4B",2.31901651006403,0.000519946560062864,"Upregulated"
"HMGB1P7",2.69342786250011,0.000520361680140314,"Upregulated"
"AC026391.1",-1.21575781043862,0.000521751172526912,"Downregulated"
"AC016866.2",2.8168669504476,0.000521782578125202,"Upregulated"
"AC009878.1",1.30897256680507,0.000522637498413799,"Upregulated"
"AC113194.1",1.91085497169491,0.000523757857257244,"Upregulated"
"NCF4-AS1",1.24548311456409,0.000523986777944164,"Upregulated"
"PHBP3",1.1738876003805,0.000524327019578985,"Upregulated"
"AC104073.4",1.68611586802576,0.00052491397468065,"Upregulated"
"KLK14",1.32403496616304,0.000526118865704089,"Upregulated"
"AC079753.1",1.46531074524112,0.00052613704776498,"Upregulated"
"PAPPA-AS2",2.28035686415202,0.000529026969321204,"Upregulated"
"AL133279.1",-1.22135701846493,0.000529093789853996,"Downregulated"
"FAM133EP",1.63567872009309,0.00053035120297115,"Upregulated"
"ODF1",-1.54531160157522,0.000530779321848773,"Downregulated"
"AC096708.2",1.66968098015967,0.000531071333914127,"Upregulated"
"SNX9-AS1",2.81285857711052,0.000531337404601032,"Upregulated"
"LINC01312",2.11354418122445,0.000534770533514418,"Upregulated"
"FP326651.1",2.02281713281502,0.00053609339363749,"Upregulated"
"AC104058.1",2.07480938845233,0.000536823265651268,"Upregulated"
"AC006023.1",2.19526979246274,0.000537945396428877,"Upregulated"
"LINC02097",1.62999548161767,0.000538406968892864,"Upregulated"
"AC025043.1",1.1521049456979,0.000538891074321159,"Upregulated"
"DUXAP7",2.18237243601386,0.000540383400061372,"Upregulated"
"AL158207.2",2.19810692312398,0.000540922677456451,"Upregulated"
"AP001357.2",1.56630888100039,0.000540922677456451,"Upregulated"
"MTND4P15",1.52131030402568,0.000543396442539229,"Upregulated"
"AC090519.1",1.49390668086064,0.000544127192652812,"Upregulated"
"LINC02112",1.71765132703581,0.000544944771818268,"Upregulated"
"AC092117.2",1.03333681045276,0.000545840650739192,"Upregulated"
"MAGI1-AS1",2.51919206481036,0.000546577970119317,"Upregulated"
"AL353803.4",1.18931831606075,0.000548056353611594,"Upregulated"
"MT-TV",1.5344799126127,0.000549927708307829,"Upregulated"
"AC023157.1",1.60486156125312,0.000552413996557344,"Upregulated"
"CES1",-1.02267204295754,0.00055242817428518,"Downregulated"
"MUSTN1",1.04583036994408,0.000554027690840209,"Upregulated"
"AC005021.1",1.10526871780033,0.000554463915241844,"Upregulated"
"RNU6-483P",1.19283746171497,0.000556577507528341,"Upregulated"
"ABHD17AP6",1.22250399264816,0.00055694437634199,"Upregulated"
"MIR4260",1.44817868368044,0.000557051629966704,"Upregulated"
"HMGB3P32",1.01976664058506,0.000559132351411095,"Upregulated"
"AC019129.1",1.31372486471598,0.000559479252698759,"Upregulated"
"IGHD3-10",1.5286478496008,0.00056084974773207,"Upregulated"
"AC244093.3",1.65494764446727,0.000561492203919872,"Upregulated"
"OR52B5P",1.72330464903134,0.000561811198971663,"Upregulated"
"DEPDC1P2",1.78813120947732,0.000562255919249998,"Upregulated"
"AL390242.1",1.81781274176929,0.000565428332053075,"Upregulated"
"DCAF12L1",2.33353392299817,0.000566374464040092,"Upregulated"
"PRB1",3.62382617562382,0.000568559758890403,"Upregulated"
"Y_RNA",1.58635260215363,0.000568997604977026,"Upregulated"
"TRIM48",4.31678175691062,0.000569205786713875,"Upregulated"
"RN7SKP8",3.61218078768571,0.000570887753997363,"Upregulated"
"MAPK6P3",1.40139823269924,0.0005724619479813,"Upregulated"
"RN7SL246P",1.94787025178664,0.000573580577986979,"Upregulated"
"NPM1P12",1.14040359941038,0.00057392035192991,"Upregulated"
"RPL36AP39",1.20843447014343,0.000574453947870304,"Upregulated"
"ACRP1",1.4192108979028,0.000575465133696253,"Upregulated"
"PERCC1",1.34709208961091,0.000575732401392792,"Upregulated"
"GK3P",1.23806991235691,0.000576166135974199,"Upregulated"
"PPP4R3C",3.73190718072444,0.000576360359525766,"Upregulated"
"BZW1-AS1",1.6757227429161,0.000576966559655245,"Upregulated"
"AC007601.1",1.14297892088877,0.000577551403174653,"Upregulated"
"Y_RNA",3.13254812260665,0.000577860104938674,"Upregulated"
"HSPD1P12",1.36139661099288,0.00057818011760789,"Upregulated"
"RNU2-6P",2.59836038887323,0.000579663986411928,"Upregulated"
"AC021739.3",1.58576245833889,0.000580374632963057,"Upregulated"
"RPL23AP36",2.29487167699505,0.000581272972151918,"Upregulated"
"KRT17P6",1.5512779726404,0.000582156869633062,"Upregulated"
"LINC02633",1.0987436856926,0.000583266580412087,"Upregulated"
"AL354890.1",1.56565855017788,0.000584204260936512,"Upregulated"
"SELENOOLP",1.95675118943506,0.000585090888844454,"Upregulated"
"RPS27AP13",1.86639617743933,0.000586947576566663,"Upregulated"
"LINC01592",1.35348349960145,0.000588754364684962,"Upregulated"
"LINC01620",-1.29885921666443,0.000589773105520922,"Downregulated"
"BTF3P2",1.14238002660709,0.000590545088719759,"Upregulated"
"RPS3AP15",-1.1754810268926,0.00059092360678674,"Downregulated"
"AL390961.2",1.67297619121642,0.000591963215925655,"Upregulated"
"AL451063.1",1.84769968755497,0.000592324150614149,"Upregulated"
"NDUFB4P2",3.0472515159381,0.000593901320722545,"Upregulated"
"AC006538.3",1.77382312507837,0.000595026856626275,"Upregulated"
"C11orf98",1.12768589784465,0.000595068828511248,"Upregulated"
"AC005884.1",-1.31397968452661,0.00059521094052407,"Downregulated"
"SAP18P3",1.06097093008574,0.000598814622370965,"Upregulated"
"LINC02621",-1.12824180960901,0.000601464534148688,"Downregulated"
"MIR4648",1.39429453915322,0.000602568433575755,"Upregulated"
"AL512622.1",1.62527674190401,0.000603150592322388,"Upregulated"
"AL360015.1",1.53483658190725,0.000603592223949064,"Upregulated"
"AC092567.2",1.91421878225954,0.000604902949193331,"Upregulated"
"AC008870.3",1.41035773221076,0.000605086157943,"Upregulated"
"AC021146.2",1.92959616895708,0.000605295307044006,"Upregulated"
"AC109635.6",2.90765312964071,0.000606389537612463,"Upregulated"
"FBXW7-AS1",2.22858253764804,0.000606677204390666,"Upregulated"
"AC006372.2",1.35873671882572,0.000607995687266771,"Upregulated"
"AL513008.1",1.32049151228529,0.000608524421259786,"Upregulated"
"AP003117.1",-1.07861874149856,0.000609295831752687,"Downregulated"
"AC011611.5",1.28745725496401,0.000609701413150964,"Upregulated"
"SEPTIN7P1",1.64531090314662,0.000611164008814127,"Upregulated"
"GLP2R",-1.1678469312676,0.000611620750226737,"Downregulated"
"PRLHR",2.37520325127453,0.000612195667198682,"Upregulated"
"KRT8P34",1.25979563472054,0.000614944839127807,"Upregulated"
"AC011411.1",1.20700356971357,0.000615055131957604,"Upregulated"
"AL135927.1",-1.70336861418615,0.000615880333791064,"Downregulated"
"ERVFRD-3",1.16340224437254,0.000617364084307466,"Upregulated"
"AC011753.2",2.07079867683156,0.000617380048073417,"Upregulated"
"TMPRSS11GP",2.50525699505473,0.000619307576290753,"Upregulated"
"AL355501.1",1.43054884393162,0.000619436128643481,"Upregulated"
"AC015845.1",1.54586848353018,0.00062054251446634,"Upregulated"
"USP12P2",2.66519398174552,0.000621448242911201,"Upregulated"
"AL513331.1",1.28427689451763,0.000621918235846784,"Upregulated"
"AC020728.1",2.23280176868423,0.000623151423055616,"Upregulated"
"ANKRD62P1-PARP4P3",2.03805709740966,0.000623398050419527,"Upregulated"
"AC104794.5",-1.47061092212508,0.000623544191081167,"Downregulated"
"AC016687.3",3.38514266293509,0.000623652167712217,"Upregulated"
"YWHAQP5",1.93444691138855,0.000624543176663399,"Upregulated"
"Z99129.1",1.01142034645954,0.000624605051959907,"Upregulated"
"AC011933.2",1.37881113115569,0.000626199638307815,"Upregulated"
"AC009948.3",2.35366196865161,0.000626799319862488,"Upregulated"
"NXF5",-1.03440719882039,0.000627500304654423,"Downregulated"
"AL139010.1",1.9161604932101,0.000628670671678227,"Upregulated"
"RPS5P8",1.31274278653838,0.000629938907201163,"Upregulated"
"AC011406.1",2.33793365035492,0.000630193584030861,"Upregulated"
"BLID",2.73117066026531,0.000636371074980446,"Upregulated"
"SNORD11B",1.84696416656253,0.000636409911934233,"Upregulated"
"RN7SL390P",2.73070524218942,0.000638406388725758,"Upregulated"
"AL158801.3",1.94019165655268,0.000639228587009328,"Upregulated"
"AL133384.2",-1.67872113949506,0.000639324151877467,"Downregulated"
"AC004875.1",1.88358913037996,0.000640417963531308,"Upregulated"
"AL161630.1",1.86796773274814,0.000641445282478926,"Upregulated"
"LARS2-AS1",1.88947046607054,0.000641754846355017,"Upregulated"
"DPPA3P2",-1.01236422577558,0.000643666075339815,"Downregulated"
"AC006112.1",2.76149418589387,0.000643666075339815,"Upregulated"
"MTND1P9",2.36516128959851,0.000644058619356294,"Upregulated"
"AC105129.3",1.58961211685541,0.000644746328366002,"Upregulated"
"AL050320.1",1.27337444062299,0.000645408852493616,"Upregulated"
"AC026402.2",1.95080705895318,0.000646902825603825,"Upregulated"
"Z97652.1",2.16797427341848,0.000647182752568323,"Upregulated"
"AC092162.2",1.26844260300795,0.00064791252423116,"Upregulated"
"LINC01159",2.19138943468734,0.00064806284846649,"Upregulated"
"AC007066.1",1.26395601818574,0.000648953939749137,"Upregulated"
"AC008969.2",2.43019423616215,0.000650833416629876,"Upregulated"
"AC068831.5",1.11266768873576,0.00065116174399778,"Upregulated"
"CDC20B",1.25140309129784,0.000651591358524077,"Upregulated"
"NPY5R",-1.30159595982158,0.000652872532714833,"Downregulated"
"SHISA5P2",1.64956103018707,0.000653863357137781,"Upregulated"
"MYO3A",1.16238778338981,0.000655160590228052,"Upregulated"
"PINCR",2.32931228549414,0.000657085159856496,"Upregulated"
"AC103764.1",1.3783152980387,0.000657088100119133,"Upregulated"
"AC023271.1",2.13334676664573,0.00065774264218691,"Upregulated"
"GUCA2A",-1.43053701334757,0.000659311315528894,"Downregulated"
"AC103563.4",1.84826618605542,0.000661801313379783,"Upregulated"
"AC097636.1",1.52668663244261,0.000662263758939476,"Upregulated"
"AC078880.3",-1.24311773864638,0.000662391367651257,"Downregulated"
"AP000619.3",2.05010244918083,0.000664566863992179,"Upregulated"
"AC092919.1",1.17407266093172,0.000666941419162366,"Upregulated"
"PLCXD2-AS1",1.54347526087309,0.000667092630948802,"Upregulated"
"AC109927.1",-1.00637643530571,0.000667660877750507,"Downregulated"
"LINC02278",-1.23755339330925,0.000669995623816574,"Downregulated"
"ALDH1L1-AS2",-1.02119093304309,0.000672882803752414,"Downregulated"
"RPL23AP17",2.37482203855905,0.000674502293057035,"Upregulated"
"ZNF99",1.26173678033257,0.000674513995195512,"Upregulated"
"AC005695.1",1.03218247314698,0.0006752533236418,"Upregulated"
"AL049820.1",2.6580544069206,0.000678084017855648,"Upregulated"
"RPS3AP28",2.04710625530214,0.000680681683096423,"Upregulated"
"AC090517.4",2.02636149728046,0.000681362313023761,"Upregulated"
"FP236383.3",2.3348289789717,0.000681377376338482,"Upregulated"
"AC244100.3",-1.33991864742611,0.000681838730852686,"Downregulated"
"AL139120.1",2.93886265187775,0.000683856535922356,"Upregulated"
"MTHFD2P1",-1.31647829286436,0.000686059824691303,"Downregulated"
"RPL6P12",2.37846094059557,0.000686453166508615,"Upregulated"
"NMRK2",-1.25461085679613,0.000686458960163355,"Downregulated"
"LCN10",-1.04989961429464,0.000687696190582017,"Downregulated"
"AC237221.1",1.48394739851568,0.000688410922868835,"Upregulated"
"AC020661.4",2.27099966864351,0.000688909039267334,"Upregulated"
"AC096589.1",1.87854725382383,0.000689750199912922,"Upregulated"
"AC011603.4",-1.30027475429392,0.000690444893871943,"Downregulated"
"ARL4AP1",2.63829061321335,0.000691136690653246,"Upregulated"
"AC243972.3",2.46470195948297,0.000695303765359012,"Upregulated"
"IGHV1OR15-3",1.30618759245158,0.000696050060835161,"Upregulated"
"AC084757.4",1.30556823040637,0.000696533428564431,"Upregulated"
"AC016769.2",1.74725240190604,0.000697083035920874,"Upregulated"
"AL591926.2",1.07495976084466,0.000697466934315449,"Upregulated"
"BARHL2",2.53912089251947,0.000698225340767399,"Upregulated"
"RPL35AP14",1.82577605824978,0.000699121610771259,"Upregulated"
"AC090559.2",1.65779557575537,0.000699483736698292,"Upregulated"
"AC008850.1",1.81234546631596,0.000702155081244485,"Upregulated"
"LYPD4",2.11715950039429,0.000702320089271515,"Upregulated"
"AC012157.2",1.06793947705528,0.000704906039989784,"Upregulated"
"AC096543.2",1.79792302041603,0.000708326157200618,"Upregulated"
"RNU6-998P",2.53072699059947,0.00070963600158137,"Upregulated"
"HSD3BP4",-1.17715734914012,0.000711192406167522,"Downregulated"
"AC073172.1",-1.58531877402456,0.000713320532772546,"Downregulated"
"RNU6-761P",1.91628951938277,0.000715238268196755,"Upregulated"
"EIF2S2P5",2.51562064727025,0.000716357877003805,"Upregulated"
"VSX2",-1.15434037578351,0.000716817106462331,"Downregulated"
"AL023284.2",1.7858072760034,0.000717053587200129,"Upregulated"
"AL591719.1",3.23840827958051,0.000718622957608916,"Upregulated"
"AC134349.1",1.74433211852272,0.000721036673107314,"Upregulated"
"AC013549.3",2.57355771705108,0.000721393594022442,"Upregulated"
"RPL26P35",1.54731511257553,0.000724468559450799,"Upregulated"
"BIRC6-AS1",2.9818326286426,0.000727030234143101,"Upregulated"
"AC083806.3",1.44586874999992,0.000728139521185627,"Upregulated"
"AC007161.2",2.40066205588478,0.000728774386701993,"Upregulated"
"C1QTNF9B",1.36004786106231,0.000728780751279104,"Upregulated"
"AC131571.1",1.18082799018115,0.00072952533032171,"Upregulated"
"RNA5SP490",1.12959258031386,0.00072952533032171,"Upregulated"
"AP000844.2",1.79114507964821,0.000730252821239778,"Upregulated"
"AL354710.1",1.10982719985353,0.000730891546335594,"Upregulated"
"LINC01357",1.88553808346005,0.000732069412423507,"Upregulated"
"AC018607.1",2.04416976755562,0.000732566137768259,"Upregulated"
"FER1L6",1.30765936154068,0.000733025167698686,"Upregulated"
"LINC01832",2.35036313672983,0.000733599682230449,"Upregulated"
"AC106800.3",1.89332714516767,0.000734169404547211,"Upregulated"
"AC093423.2",2.84214733676135,0.000735307300076255,"Upregulated"
"MYH4",1.61169405564816,0.000737994171619885,"Upregulated"
"AC116158.2",1.82804695119203,0.000738036596587095,"Upregulated"
"AC005722.4",1.99629280752976,0.000738208894243373,"Upregulated"
"LILRP1",1.54601985042761,0.000738371160154675,"Upregulated"
"AC009044.1",3.1965439847834,0.000739305531006803,"Upregulated"
"APOB",1.12987849939797,0.00073949600863565,"Upregulated"
"LINC01744",2.05521491844376,0.000740662778085311,"Upregulated"
"AL353572.2",1.20124663420588,0.000740662778085311,"Upregulated"
"AC104332.1",2.76249102777108,0.000742715415038133,"Upregulated"
"RARS1P1",1.59790226917101,0.00074291153840627,"Upregulated"
"AC055764.1",1.98707210884891,0.000743585347409299,"Upregulated"
"MIR3680-1",1.53907346536838,0.000743801266630177,"Upregulated"
"PGDP1",1.0454155654561,0.000744492541810539,"Upregulated"
"RN7SL30P",2.68820215160483,0.000745346796983862,"Upregulated"
"TEX37",1.93362291413398,0.000745996742632066,"Upregulated"
"AC005695.3",1.0832105496776,0.000746095678924561,"Upregulated"
"HPAT5",-1.66437636131818,0.000746380120888897,"Downregulated"
"UGT1A2P",2.43755594828319,0.000746772116924693,"Upregulated"
"SETP10",2.45488179978317,0.000748317731757266,"Upregulated"
"AC132068.1",1.92737936751626,0.000751119496687256,"Upregulated"
"CES1P1",-1.14118291417796,0.000751773913593487,"Downregulated"
"MESTP3",1.19474492593936,0.000753202417378602,"Upregulated"
"RPS29P21",2.31229775595599,0.000756170467218772,"Upregulated"
"ZNF587P1",1.71220960468087,0.000758747727233143,"Upregulated"
"MTND1P11",2.4059874765985,0.000760899678952891,"Upregulated"
"SNORD3B-1",1.67671223327721,0.000763196610971207,"Upregulated"
"AC004986.1",2.51117754457165,0.000765104217825344,"Upregulated"
"AP002884.1",1.92595382119836,0.000767149483361625,"Upregulated"
"AC007614.1",1.08424645649728,0.000768234525244044,"Upregulated"
"AC008267.4",1.36707674393302,0.00077045554868054,"Upregulated"
"AC105345.2",1.56549064833143,0.000771787114090397,"Upregulated"
"AL449214.1",1.87065565272287,0.000772582636788157,"Upregulated"
"RN7SL57P",3.42244265547775,0.000774594740028397,"Upregulated"
"PRSS55",1.5732229374324,0.000775081722686175,"Upregulated"
"MIR23B",-1.0902605450799,0.000775800307105942,"Downregulated"
"AC036176.2",1.37131358376319,0.000776066511653458,"Upregulated"
"AC110813.1",2.39512617442924,0.000781798754225708,"Upregulated"
"RNY1P9",1.16917138667499,0.000783193541239176,"Upregulated"
"TMEM18-DT",1.03982879526874,0.000785626241495298,"Upregulated"
"AC119751.4",2.30552615171457,0.000785695701048097,"Upregulated"
"MTCO1P28",1.15104740104525,0.000787614317115861,"Upregulated"
"KRT19P2",1.43403764174065,0.000789238472007231,"Upregulated"
"AC093307.1",1.32329588823569,0.000791435094553456,"Upregulated"
"BCL2L1-AS1",1.06097773486873,0.000792882548604059,"Upregulated"
"AC022898.2",1.38954484035367,0.000793533691616708,"Upregulated"
"AC110809.1",2.46265571451501,0.000793535976003866,"Upregulated"
"MIR548L",1.68518792699815,0.000794280462740138,"Upregulated"
"DSG1",1.46592927350646,0.000794671659469077,"Upregulated"
"NDUFA3P2",2.18576506089441,0.000800292464391398,"Upregulated"
"UOX",1.00928850078687,0.000801047077003317,"Upregulated"
"SPATA13-AS1",1.8213274762086,0.000803086540102878,"Upregulated"
"RN7SL502P",1.59826740527083,0.00080456963498133,"Upregulated"
"MIR644A",2.49859210685496,0.000805588478964622,"Upregulated"
"NDUFA9P1",1.13315481034874,0.000806219150291702,"Upregulated"
"AC019080.4",1.25602658073661,0.000808468600031067,"Upregulated"
"AL021331.1",1.20666032097003,0.000810133014841455,"Upregulated"
"AC005609.5",1.14695059765968,0.000810133014841455,"Upregulated"
"AC099804.1",1.27745044323708,0.000810229321558777,"Upregulated"
"LINC00440",2.35314299168869,0.00081176566367269,"Upregulated"
"CHCHD4P5",3.33996095429254,0.000813312339759634,"Upregulated"
"AL627311.1",2.66225336089298,0.000813312339759634,"Upregulated"
"AL356441.1",1.18817984495313,0.000813312339759634,"Upregulated"
"H2AC5P",1.63023603031702,0.000814927654865902,"Upregulated"
"PCCA-AS1",1.26628931117946,0.000815947120060593,"Upregulated"
"AP000697.1",1.78123929050395,0.000816969716409495,"Upregulated"
"ARGFX",1.52249030329481,0.000821102947072155,"Upregulated"
"AC093911.1",-1.90077427676084,0.000821102947072155,"Downregulated"
"ALDOAP1",1.12354900075048,0.000821842037183331,"Upregulated"
"GAPDHP39",1.52391766690872,0.00082557353404074,"Upregulated"
"AC021237.1",2.61714680019912,0.000831455800830177,"Upregulated"
"AC003989.1",3.39655453023766,0.000835315761469952,"Upregulated"
"AC011603.1",-1.45424092821089,0.000836598348068888,"Downregulated"
"KCNQ1DN",-1.31602218865841,0.000839847923286136,"Downregulated"
"AC073592.5",1.67336388297631,0.000841671394128647,"Upregulated"
"OR7A5",1.75826084333937,0.000843662164230216,"Upregulated"
"AL391097.2",1.93846024011149,0.000843662164230216,"Upregulated"
"AC079336.3",1.91927005954137,0.0008440061988306,"Upregulated"
"AC009716.2",1.6974177176704,0.00084489399329942,"Upregulated"
"AL596330.1",1.92214082539544,0.000846558719966763,"Upregulated"
"TTLL10-AS1",-1.02239271412062,0.000848278712035392,"Downregulated"
"SNORA2B",1.54065976898413,0.000848289675931055,"Upregulated"
"PSG5",2.19959145704507,0.000848364953837018,"Upregulated"
"TSPYL6",1.74550401819186,0.000850737411476053,"Upregulated"
"AL162377.2",-1.58677452111249,0.000853082153679677,"Downregulated"
"AP001547.1",1.95616145728116,0.000856842748869525,"Upregulated"
"AC092916.2",1.30452658430987,0.000859701119443752,"Upregulated"
"Z93022.1",1.95249036353245,0.00086628388575446,"Upregulated"
"AL138963.1",1.16947077178125,0.000866567801252653,"Upregulated"
"VRTN",1.46615329905874,0.000868405259182364,"Upregulated"
"MTND1P8",1.23705539429958,0.000869370088492842,"Upregulated"
"RPL7AP9",1.00008704949479,0.000872424139255883,"Upregulated"
"SNORD121A",1.538951389379,0.000874802801487907,"Upregulated"
"AC009955.4",1.23333632938751,0.00087489773228802,"Upregulated"
"MYH8",1.35792494763986,0.000875470795914303,"Upregulated"
"AC093063.1",1.50247490829079,0.000878451420933639,"Upregulated"
"AC126615.2",1.25111907991028,0.000878601633778738,"Upregulated"
"AC243830.3",1.84662846426781,0.000878694589715529,"Upregulated"
"CCDC92B",2.16286167361369,0.000882699511610387,"Upregulated"
"AC021766.1",2.96778041749158,0.000883833569986603,"Upregulated"
"AC035139.2",2.61319051786556,0.000885519745740495,"Upregulated"
"AL353732.2",-1.17695276628156,0.000885998944098456,"Downregulated"
"LDHAL6FP",1.16836820011619,0.000888035589103453,"Upregulated"
"FUCA1P1",1.59399836174716,0.000888274054908011,"Upregulated"
"AC067852.4",1.10921899242068,0.000889345055469222,"Upregulated"
"AC093390.2",-1.32148286803714,0.000889544079891683,"Downregulated"
"POU5F2",1.07826676503418,0.000889726179927646,"Upregulated"
"AC148477.3",2.07302003521624,0.000891138807852903,"Upregulated"
"AC138625.1",1.36575817806901,0.000891417178956034,"Upregulated"
"AP000997.3",1.94375830290292,0.000891417178956034,"Upregulated"
"H2BP6",-1.20861615429931,0.000891769410662428,"Downregulated"
"AC009152.3",2.10047530119412,0.000896495382705721,"Upregulated"
"Y_RNA",2.41727468765134,0.000897713948917573,"Upregulated"
"AC139792.3",3.38130325265602,0.000898227383432012,"Upregulated"
"RN7SL45P",1.85530538219402,0.000899346109860085,"Upregulated"
"AC002401.1",1.34847714697245,0.000901642579235826,"Upregulated"
"AC005696.4",1.00179688111048,0.00090187142135145,"Upregulated"
"AC126323.4",2.04632231738847,0.000902076116303697,"Upregulated"
"AC007483.1",-2.02501394922218,0.000902306555373545,"Downregulated"
"Y_RNA",1.085886214051,0.000903331896592009,"Upregulated"
"AL713852.2",1.15411115822254,0.00090456858414136,"Upregulated"
"MTND4P32",3.17221171815062,0.000904598394301264,"Upregulated"
"KRT18P40",1.26297355154591,0.000905247871663238,"Upregulated"
"HOXB1",1.68097746193492,0.000906639426994644,"Upregulated"
"PNMA6E",2.10868578451419,0.000907221264476657,"Upregulated"
"TYR",1.90779536269224,0.000909297487558964,"Upregulated"
"NXPE1",1.44027116674709,0.000910693186696693,"Upregulated"
"TDRG1",2.22932164835127,0.00091218865609964,"Upregulated"
"BTBD17",1.79538202915195,0.000912952026102991,"Upregulated"
"AC019117.2",1.0163952052699,0.000915682242824622,"Upregulated"
"AC020913.3",1.07321803392783,0.000917359902317493,"Upregulated"
"AC091057.5",1.7013020397796,0.000918970116111374,"Upregulated"
"RNU6-288P",1.50436464429586,0.000919104392155137,"Upregulated"
"AC034154.1",1.91900377292068,0.000921402981065741,"Upregulated"
"LINC00331",-2.26483298988228,0.000922422038412505,"Downregulated"
"GOLGA5P1",1.65279118556032,0.000925305482899856,"Upregulated"
"AC092814.1",1.83593925021239,0.000926136127534154,"Upregulated"
"RN7SL751P",1.62857825173102,0.000927506872709321,"Upregulated"
"RNU6-944P",1.21465844911909,0.000929511017651174,"Upregulated"
"AC092332.1",2.54719143606054,0.000931393416103778,"Upregulated"
"RNY4P7",2.75162038063233,0.000933160001247911,"Upregulated"
"AL158817.1",-1.56357800953567,0.000937174894020626,"Downregulated"
"AC007207.1",1.38768918273712,0.000937868415844053,"Upregulated"
"H3P31",1.83748067801243,0.000940091987831433,"Upregulated"
"RNU6-866P",1.21389619754956,0.000940933642085904,"Upregulated"
"IGLV3-31",1.61553088011118,0.00094125299812507,"Upregulated"
"RPL26P9",2.98512528697708,0.000942391607542163,"Upregulated"
"TPRG1LP1",1.13266475250431,0.000943667255920469,"Upregulated"
"LINC00602",2.56272494960347,0.000945393355703139,"Upregulated"
"AL136526.1",1.06303929358549,0.00094598213669574,"Upregulated"
"AC016868.1",2.48301334142298,0.000946958809472622,"Upregulated"
"SNORA69",1.18795764915842,0.000947398725608352,"Upregulated"
"SKAP1-AS1",1.02954156804573,0.000948035668516035,"Upregulated"
"ELF2P4",1.40119347994356,0.000949290590237115,"Upregulated"
"RPL18P11",1.19320524341856,0.000949608738474313,"Upregulated"
"F8A3",1.06968972109713,0.000951491060328527,"Upregulated"
"AC083841.2",2.20126525119865,0.000951940569843672,"Upregulated"
"AC087620.1",1.81470905428936,0.000956802025204269,"Upregulated"
"7SK",3.13450600027065,0.000959198025347365,"Upregulated"
"RNU1-11P",4.07299475835418,0.000959870568991318,"Upregulated"
"AC008456.1",1.98650538004605,0.000960981480480836,"Upregulated"
"RPS3AP24",-1.43304806071006,0.000967993368662129,"Downregulated"
"CPLX4",1.22447408976922,0.00096858672332766,"Upregulated"
"AL589787.2",1.9847020748367,0.000969079553983104,"Upregulated"
"BZW1P1",1.10802292064961,0.000969546141482899,"Upregulated"
"AC026894.1",1.70190694951501,0.000969742517029483,"Upregulated"
"MYCBP2-AS2",1.72982779104959,0.000970159810202711,"Upregulated"
"AL807742.1",-1.24110164352242,0.000976720003033137,"Downregulated"
"AC134669.1",2.24883349091584,0.000977907469651967,"Upregulated"
"MIR2117HG",1.36550256456239,0.000978002634788407,"Upregulated"
"AJ239322.1",-1.83861664902261,0.000978920890105751,"Downregulated"
"AC139451.1",2.09488434568978,0.000979085378768167,"Upregulated"
"RN7SL16P",2.38808929483913,0.00097917364907886,"Upregulated"
"ANK2-AS1",3.16561026236996,0.000980695561644191,"Upregulated"
"AC005722.2",1.28495506982104,0.000980788488033985,"Upregulated"
"RPE65",1.44737533362846,0.000984526114328082,"Upregulated"
"CROCC2",-1.00734283429399,0.000985728389116394,"Downregulated"
"AL049779.2",1.35796537876703,0.00098774518799457,"Upregulated"
"NTAN1P3",1.78247246108125,0.000990036500910066,"Upregulated"
"RYKP1",1.03046638635678,0.000995504455625097,"Upregulated"
"ATP6V1G1P2",1.39590156753602,0.000996899682046061,"Upregulated"
"AC097526.1",1.58450522686439,0.000997481626169753,"Upregulated"
"AL136982.3",1.54420456051009,0.00100383149851974,"Upregulated"
"AC007952.4",1.48137548127927,0.00100436379279277,"Upregulated"
"AC068657.1",1.29455998403112,0.00100656492386861,"Upregulated"
"AL449423.1",1.31279243465636,0.00100688893550142,"Upregulated"
"AL359916.1",2.26066394482284,0.00100788984412063,"Upregulated"
"AL355922.2",1.10983030694322,0.00101172058233231,"Upregulated"
"LINC01886",2.76831525504037,0.00101211983315632,"Upregulated"
"BNIP3P28",1.56351964684231,0.00101320220803184,"Upregulated"
"Y_RNA",2.20964506995395,0.00101503667232655,"Upregulated"
"AL591379.1",-1.22776198541128,0.00101525033283658,"Downregulated"
"AC022483.1",1.15310373811206,0.00101525033283658,"Upregulated"
"AC112196.1",2.05072072955509,0.00101793862022679,"Upregulated"
"RPS27AP3",1.44959658807586,0.00101833930526856,"Upregulated"
"MIR6859-1",1.08121863699558,0.00101879299534284,"Upregulated"
"AP005901.1",2.44273393865587,0.00102449894600608,"Upregulated"
"HS3ST5",1.12518671828541,0.00102936549890285,"Upregulated"
"TRPC7-AS1",1.83767191287018,0.00103305768252991,"Upregulated"
"RPL35AP17",1.51806636726004,0.00103485787336754,"Upregulated"
"AC090912.3",1.04082992748468,0.00103646301698943,"Upregulated"
"RNA5SP296",-1.17353153690942,0.00103775682809316,"Downregulated"
"AC008534.1",2.22067131666702,0.00103865378710956,"Upregulated"
"RPL10L",1.38200951536206,0.00103881683043009,"Upregulated"
"RPL35AP23",2.60724359980761,0.00103944909216872,"Upregulated"
"JCADP1",1.77451494024948,0.00104156177825553,"Upregulated"
"H3-4",1.11650009380428,0.00104239620726896,"Upregulated"
"AL513475.1",3.35706650459249,0.00104249788700557,"Upregulated"
"AL359265.1",1.12153222714815,0.001044394649702,"Upregulated"
"RPL36AP16",1.13516064222913,0.00104614669332949,"Upregulated"
"AC069366.2",2.20813803565578,0.0010464030786953,"Upregulated"
"MIR1302-9HG",1.19642822532577,0.00104877903721404,"Upregulated"
"CACNG7",1.73352600336014,0.00104933429153081,"Upregulated"
"AP002768.1",1.56519546245878,0.00104996836574973,"Upregulated"
"LINC02584",1.55358791342543,0.00105245170544511,"Upregulated"
"TRAJ39",1.79716273589595,0.00105361768582801,"Upregulated"
"AC020550.1",1.55679986678832,0.00105862304095915,"Upregulated"
"AC010632.2",1.18728375119199,0.00106193338672161,"Upregulated"
"LINC01740",1.54852405653003,0.00106276312863502,"Upregulated"
"KPNA2P1",1.69201427995476,0.00106351699662458,"Upregulated"
"AL365258.1",3.52944967721583,0.00106455107128295,"Upregulated"
"VN2R10P",1.50030943293558,0.00106497432906878,"Upregulated"
"SRY",-2.37712637423846,0.00106701714661953,"Downregulated"
"LINC02470",1.38753519773152,0.00107144522372935,"Upregulated"
"AC099066.3",1.16723598735022,0.00107431843343399,"Upregulated"
"IQCF6",1.45989731179778,0.00107797923620806,"Upregulated"
"LINC01895",2.54483820289048,0.00107882599676786,"Upregulated"
"ATP13A4-AS1",-1.19421828240663,0.00107941280466307,"Downregulated"
"AC026700.1",1.25675251521454,0.00107957491521867,"Upregulated"
"BTG4",-1.06784261730653,0.00108000142182396,"Downregulated"
"EPGN",-1.20717443680842,0.00108339279752104,"Downregulated"
"RPS29P22",2.20390380144562,0.00108602344694139,"Upregulated"
"IGF2-AS",1.49580283581862,0.00108657852084734,"Upregulated"
"AC147651.1",-1.73446011543764,0.0010868472351722,"Downregulated"
"AC090994.1",1.29815222681597,0.0010868472351722,"Upregulated"
"HSPE1P26",1.71045764759373,0.00108699235822011,"Upregulated"
"CSTP2",1.43742383418636,0.00108905255233812,"Upregulated"
"TRAJ17",1.84943186207402,0.00109196323215412,"Upregulated"
"EEF1B2P4",-1.13203267009569,0.00109481442520677,"Downregulated"
"AC019257.2",1.39133038415831,0.00109481442520677,"Upregulated"
"AL365258.2",1.11966621010622,0.00109504961791447,"Upregulated"
"IGKV2OR2-7",1.49847378785178,0.00109559443325339,"Upregulated"
"AL359693.1",2.30275135915458,0.00110225217905799,"Upregulated"
"AC068282.1",1.3133055718112,0.00110245012259243,"Upregulated"
"LINC02213",-2.05826850392785,0.0011074555673722,"Downregulated"
"AC069243.1",3.38217673853201,0.00110817665213094,"Upregulated"
"RNU6-107P",2.25457707716791,0.00110969906446588,"Upregulated"
"AC007496.1",1.73159365836832,0.00111246885861118,"Upregulated"
"RPL32P26",1.38179821588726,0.00111573791507781,"Upregulated"
"MYLK-AS2",1.76786711289715,0.00111895195093253,"Upregulated"
"HYAL4",1.12520969773173,0.00112249147810181,"Upregulated"
"AL022329.2",2.3304205853679,0.00112292363282257,"Upregulated"
"AC131944.1",1.21734423119929,0.00112338411103717,"Upregulated"
"MAGEB6",2.4360804548857,0.00112358164823678,"Upregulated"
"AC002310.2",1.12173821836504,0.00112487868820321,"Upregulated"
"AC011747.1",1.67058332835412,0.00112562468262222,"Upregulated"
"POM121L6P",1.74672341945537,0.00112957457201562,"Upregulated"
"BRINP1",1.24874845754218,0.00113088416219199,"Upregulated"
"AL162253.1",1.71616813842322,0.00113098442923108,"Upregulated"
"AC010999.2",1.13124907524472,0.00113180868959126,"Upregulated"
"CGB3",1.81588888965573,0.00113258955453463,"Upregulated"
"TRIM40",1.58508595257114,0.0011342344943445,"Upregulated"
"AL358334.3",1.16878405839251,0.00113484859774034,"Upregulated"
"FAF2P1",1.73564501650831,0.00113616015053708,"Upregulated"
"TRAJ10",1.79212965230681,0.00113648479081863,"Upregulated"
"LINC02763",1.15219163907531,0.00113783615887651,"Upregulated"
"EPHA7",1.07008729441668,0.00113821096454075,"Upregulated"
"AC092580.2",1.25084254192012,0.00113849886175899,"Upregulated"
"AL391425.1",1.19468232611385,0.00113898003659924,"Upregulated"
"ZPBP",-1.09150668180212,0.00113926510813154,"Downregulated"
"PHEX-AS1",1.69049184832764,0.00114129757732534,"Upregulated"
"PRDX2P1",1.67817744009879,0.0011489784032077,"Upregulated"
"GAPDHP51",2.22211017738305,0.0011560598068127,"Upregulated"
"AL138889.3",1.27463653748185,0.00115978839486472,"Upregulated"
"AC008033.1",1.09765386175167,0.00116035000796529,"Upregulated"
"AC006518.2",1.29901149652904,0.00116041650164961,"Upregulated"
"NDST4",2.13701565643033,0.00116697885803986,"Upregulated"
"RPS27AP7",1.82152836086819,0.00116742835321488,"Upregulated"
"AC010333.2",1.14939873663381,0.00116803750432429,"Upregulated"
"AL049634.2",-1.23316767515908,0.00116969220702457,"Downregulated"
"AC027584.1",2.00817151205235,0.00117226812900291,"Upregulated"
"AL121990.1",1.17653128473526,0.00117424657846518,"Upregulated"
"HNRNPMP1",1.77465098362942,0.0011743089725432,"Upregulated"
"AP003484.1",-1.09676262330059,0.00117449359647308,"Downregulated"
"KRT18P60",1.52326061004937,0.0011751274921206,"Upregulated"
"AC018511.6",1.25296446033196,0.00117598258448912,"Upregulated"
"AC092625.1",2.62283753564542,0.00118179023673462,"Upregulated"
"ATP5PBP1",2.21096588773661,0.00118241922753197,"Upregulated"
"AC114291.1",1.7713042583141,0.00118562702867537,"Upregulated"
"DNAJC19P8",1.95686894561787,0.00118613369083122,"Upregulated"
"AC092933.2",-1.18440547992259,0.00118613369083122,"Downregulated"
"LRRC3B",-1.05483408011888,0.00119100309963556,"Downregulated"
"RNU6-307P",1.23211755900425,0.00119466334597227,"Upregulated"
"AC084024.2",1.85510053739935,0.0011954124486334,"Upregulated"
"MIR5188",1.32792981825208,0.00119865565869768,"Upregulated"
"AL096803.2",1.06569958020506,0.00119948771214809,"Upregulated"
"AC009975.2",-1.65603533720004,0.00120063600245084,"Downregulated"
"AC096647.1",1.46887003442743,0.00120154025482068,"Upregulated"
"AC092674.1",1.74433968824028,0.00120162672591758,"Upregulated"
"MYH1",-1.13589872967918,0.00120421846368709,"Downregulated"
"AC064847.1",1.02547250611164,0.00120448429682542,"Upregulated"
"RPL21P123",1.27529575239252,0.0012062883020962,"Upregulated"
"PRSS48",1.71845054469138,0.0012062972535794,"Upregulated"
"AC006270.2",3.56755269743595,0.00120693847707927,"Upregulated"
"AC091965.5",1.11196984260036,0.00120736024225849,"Upregulated"
"AC046158.2",1.68697399692721,0.00120812338378681,"Upregulated"
"MIR3657",1.3239013032091,0.0012084166707696,"Upregulated"
"AC003005.2",1.28710291407192,0.00120953392321998,"Upregulated"
"MIR4483",1.51787256254769,0.00121230595567693,"Upregulated"
"MS4A18",1.62920405484661,0.00121465800782278,"Upregulated"
"NOP56P1",1.17562373251615,0.00121521886399157,"Upregulated"
"AC027288.1",-1.07577196856032,0.00122401129940878,"Downregulated"
"PCNAP4",2.11534813964568,0.00122424344291544,"Upregulated"
"OR10AC1",1.34516330584917,0.00122545194931591,"Upregulated"
"AC005920.2",1.68658893960388,0.00122561453876332,"Upregulated"
"SDHDP2",1.34034950076093,0.00122926855207422,"Upregulated"
"AP002381.1",1.03620309499098,0.0012307955360486,"Upregulated"
"TBATA",1.42049702652649,0.00123137709867509,"Upregulated"
"KRT17P4",1.35110638106608,0.00123433404919729,"Upregulated"
"LINC02825",2.16046886925524,0.00123488687343658,"Upregulated"
"MTND4P29",1.94866529651568,0.00123504667845169,"Upregulated"
"SMCO1",1.17072836917782,0.00124106255187205,"Upregulated"
"RNU6ATAC27P",1.16225079172397,0.00124656637507969,"Upregulated"
"RNU4-90P",2.22795049490394,0.00124680306383965,"Upregulated"
"AC092506.1",1.18954551965991,0.00125448607676475,"Upregulated"
"AC022778.1",2.81244343716251,0.00125707303639696,"Upregulated"
"FAM90A26",1.21028528119327,0.00125867110065929,"Upregulated"
"USP12-AS1",2.85473329719767,0.00126008254046104,"Upregulated"
"DDX3P1",1.13850689909929,0.00126024718918933,"Upregulated"
"AC009159.2",1.21175520073004,0.00126307557025675,"Upregulated"
"LINC01192",2.42166366908375,0.001264655410364,"Upregulated"
"AF131215.1",2.6086142166471,0.00126634915097514,"Upregulated"
"AC027243.2",1.65436680429586,0.00126664536503318,"Upregulated"
"AC016251.1",2.31551292458244,0.00126967757937632,"Upregulated"
"BOLA3P2",1.64494397444032,0.00127230581902438,"Upregulated"
"AC087821.2",3.16234788335447,0.00127259338735376,"Upregulated"
"KRT18P62",1.43443910362991,0.00127573985861045,"Upregulated"
"AP000997.4",1.39932745929083,0.00127673512639876,"Upregulated"
"LINC02765",1.19482602722435,0.00128010793111414,"Upregulated"
"IGKV2OR2-7D",1.45299057545281,0.00128200723936028,"Upregulated"
"ASB11",1.09174947781403,0.00128288052039845,"Upregulated"
"RN7SL709P",2.5397463486932,0.00128310343627604,"Upregulated"
"DPRXP1",2.80690478544979,0.00128318679549374,"Upregulated"
"AL391262.1",1.4557950112818,0.00128628473443394,"Upregulated"
"ASS1P14",1.33171566994768,0.00128685141847009,"Upregulated"
"ANKRD20A8P",1.53879543959453,0.00128691029365972,"Upregulated"
"MIR643",1.39459287639007,0.00128795594743613,"Upregulated"
"BMS1P15",1.18112749009224,0.00128795594743613,"Upregulated"
"LINC00581",1.70637751807479,0.00128823498614381,"Upregulated"
"AL022331.1",1.26266857335809,0.00128824909792269,"Upregulated"
"AC072039.1",2.11174727896704,0.00129087059407354,"Upregulated"
"AL162431.3",1.1590696856023,0.00129127982334792,"Upregulated"
"ACNATP",1.89885524450643,0.00129158430360641,"Upregulated"
"AC006206.1",1.98925264526425,0.00129217071433566,"Upregulated"
"SLC5A7",-1.37559874011629,0.00129372858911637,"Downregulated"
"IGLC4",1.56339303805806,0.00129470454653528,"Upregulated"
"AC087749.2",1.70145674783078,0.00129505227413787,"Upregulated"
"RNU6-759P",1.60539143329764,0.00129704282806987,"Upregulated"
"PICSAR",-1.3316231311165,0.00129920788748633,"Downregulated"
"TECTB",1.69356555481834,0.00130348707234707,"Upregulated"
"MIR4644",1.59447290811237,0.00130393132022755,"Upregulated"
"AL353754.1",1.33853254664865,0.00130464967941,"Upregulated"
"AC009269.5",1.06418142609704,0.00131734606200914,"Upregulated"
"LINC01276",1.03823599900565,0.00131903532515324,"Upregulated"
"AC008011.2",-1.20625686310299,0.00132357741541309,"Downregulated"
"TMEM211",1.09358576283858,0.00132448755588052,"Upregulated"
"AC025575.1",2.07341007975683,0.00132654621991892,"Upregulated"
"LINC02697",2.09189571856034,0.00132829662201267,"Upregulated"
"AL645924.2",1.00611144057427,0.00133001120036235,"Upregulated"
"AC022405.1",1.35362547721398,0.00133575350667303,"Upregulated"
"LINC02517",-1.56800728640743,0.00134058946707363,"Downregulated"
"OR1Q1",1.6739894552233,0.00134166669529206,"Upregulated"
"MTND5P25",1.21296882550006,0.00134198372654936,"Upregulated"
"RNU4-35P",-1.49234394278236,0.00134270547334108,"Downregulated"
"AC009407.1",1.16110075573539,0.00134712491651311,"Upregulated"
"AC009229.2",1.11195408638785,0.00135063965483321,"Upregulated"
"AC063926.1",2.37658468754762,0.00135346239787958,"Upregulated"
"AL359502.1",-1.29049108573526,0.00135677923987127,"Downregulated"
"AC025186.1",1.52640721467994,0.00135913724938788,"Upregulated"
"IGKV3OR22-2",1.64446575938069,0.00135913724938788,"Upregulated"
"AC023509.6",1.07353297657463,0.0013628423404134,"Upregulated"
"AL390778.2",-1.28951601591428,0.00136711998495712,"Downregulated"
"AL139274.1",2.70204922863546,0.00136817527356519,"Upregulated"
"AL513475.2",2.64541245691431,0.00136939885334409,"Upregulated"
"MIR624",2.52143130274514,0.00137189010370532,"Upregulated"
"ALPI",2.5122912850791,0.00137537152265165,"Upregulated"
"AL355598.1",1.62954309844933,0.00137668441622179,"Upregulated"
"SOX5-AS1",2.63071755720577,0.00137768844036608,"Upregulated"
"AC140479.3",1.62946032275792,0.00137889248211111,"Upregulated"
"AC137834.2",1.28036375483085,0.00138150025025205,"Upregulated"
"HMGB1P26",-1.02328259241854,0.00138367039070257,"Downregulated"
"AC008703.1",1.05537345364214,0.00138424640159986,"Upregulated"
"RPS15AP6",1.28006603750962,0.00138520072048612,"Upregulated"
"NUP50P1",1.24469780127244,0.00138593732642807,"Upregulated"
"AL671883.1",1.00045387983512,0.0013868846040017,"Upregulated"
"LPP-AS1",2.85596209235916,0.00138735958412472,"Upregulated"
"AP003969.2",1.00804090280552,0.00139184095801776,"Upregulated"
"Metazoa_SRP",1.66910814745718,0.00139236293851624,"Upregulated"
"OR7E161P",1.64425832832387,0.00139432958915565,"Upregulated"
"HS6ST3",1.08591947231914,0.00139473691171958,"Upregulated"
"Y_RNA",1.44884796406339,0.0013958377473011,"Upregulated"
"GPR1-AS",2.94095205818054,0.00139651021527189,"Upregulated"
"PTPRJ-AS1",1.62580852816105,0.00139739877623386,"Upregulated"
"ARHGDIG",1.04050068834559,0.00139825610145116,"Upregulated"
"SNORD71",2.00817220272533,0.00139938319903024,"Upregulated"
"AC027808.2",1.08364633172835,0.00139962405976435,"Upregulated"
"MRTFA-AS1",1.19421909658198,0.00140077484507607,"Upregulated"
"AL022400.1",2.05284677567302,0.00140314670637722,"Upregulated"
"AL357552.1",2.01598978929102,0.00140933460129565,"Upregulated"
"AC022080.2",2.23118624049434,0.00141020085383801,"Upregulated"
"RPS6P8",1.31344243408044,0.00141201097032865,"Upregulated"
"ZMYND19P1",1.08749334864035,0.00141292853247055,"Upregulated"
"RN7SL430P",3.12606918757863,0.0014143981273253,"Upregulated"
"AC135626.1",3.14853047207808,0.00141894373122028,"Upregulated"
"Metazoa_SRP",1.87098487262835,0.00142097381202227,"Upregulated"
"H2BC1",2.29161276837738,0.00143415232188731,"Upregulated"
"AL033381.2",1.46690393725962,0.00143608013197372,"Upregulated"
"AC105275.2",1.4920407665336,0.00143722341380449,"Upregulated"
"RPS12P18",-1.37131938071373,0.00143844339552609,"Downregulated"
"AC009102.2",1.11722723570386,0.00144284195546621,"Upregulated"
"MIR4307HG",2.26192354764992,0.00144589570487306,"Upregulated"
"AC098476.1",-1.05626132912823,0.00144855842614276,"Downregulated"
"TRAJ18",1.34118597823319,0.00144875211914852,"Upregulated"
"RNU6-795P",1.96606925980516,0.00145109486862908,"Upregulated"
"AL160408.4",2.2356460109686,0.00145336964765456,"Upregulated"
"AC004817.4",2.1644650254397,0.001459295571191,"Upregulated"
"AP001605.1",1.35483236845451,0.00146372209092943,"Upregulated"
"WFDC11",1.523338129383,0.00147103378028862,"Upregulated"
"AC103706.2",2.24959105462321,0.00147173510082973,"Upregulated"
"SPATA31E1",1.62313624536246,0.00147224590689322,"Upregulated"
"HMMR-AS1",1.20478371116579,0.0014767437282341,"Upregulated"
"TMEM97P1",1.10414419974631,0.00147731588241349,"Upregulated"
"RNA5SP28",1.42652817292647,0.00147881034725937,"Upregulated"
"ITPKB-AS1",2.02145512566528,0.00148046127585917,"Upregulated"
"PRKAR1B-AS2",1.31208862943967,0.00148288312007623,"Upregulated"
"AC079776.5",-1.17568137193673,0.00148398913255071,"Downregulated"
"AC005521.1",1.12497300235764,0.001486952573394,"Upregulated"
"AP000302.1",1.06740504155264,0.00148758045025264,"Upregulated"
"AC007601.2",2.34782529166566,0.00148844344698407,"Upregulated"
"MARK3P1",2.44600631794141,0.00149039950817902,"Upregulated"
"RNA5SP123",1.35547383939781,0.00149433933700088,"Upregulated"
"Z99758.1",2.16789334664864,0.00149801932671717,"Upregulated"
"FABP5P11",-1.09722396672217,0.00149906681573542,"Downregulated"
"AC090774.2",1.87978770024346,0.00150072903250982,"Upregulated"
"RNY3P13",2.41647076007744,0.00150219109767124,"Upregulated"
"AC018659.8",-1.1920126215836,0.00150720884446231,"Downregulated"
"SERPINB13",1.62361624000809,0.00150901082479039,"Upregulated"
"AL359976.1",1.38631962969552,0.00150901082479039,"Upregulated"
"LINC00520",1.04404307647199,0.00151016705969606,"Upregulated"
"AC118755.2",1.03728551347367,0.00151016705969606,"Upregulated"
"AL162574.2",1.60260821078793,0.00151999808444142,"Upregulated"
"MIR1296",2.27379122219646,0.00153391564078792,"Upregulated"
"LRRD1",1.02338833400225,0.0015359416320076,"Upregulated"
"AP003086.2",2.4435940592113,0.0015380809010939,"Upregulated"
"AC009884.2",2.47702839009413,0.00153887005043294,"Upregulated"
"Y_RNA",1.03351549507582,0.00154111187080179,"Upregulated"
"AC018685.2",2.01667401882801,0.00154355784801046,"Upregulated"
"LINC02513",1.28640271738874,0.00154597139336944,"Upregulated"
"ATP5MC2P3",1.45774410558203,0.00154618740912483,"Upregulated"
"AC023300.3",1.3358506010455,0.00154646321891113,"Upregulated"
"LINC00200",1.30604110001539,0.00155094548588067,"Upregulated"
"SOST",-1.2507053190968,0.00155543165419912,"Downregulated"
"KDM5C-IT1",1.24527285717486,0.00155563398784359,"Upregulated"
"AC091931.1",2.13418744136318,0.00155805847892528,"Upregulated"
"RPL35AP10",2.20055531716427,0.00155831753506358,"Upregulated"
"PSMC1P10",1.35016097609343,0.00156392180909843,"Upregulated"
"CCDC58P5",1.57389243794533,0.00156481153057731,"Upregulated"
"AL356776.1",2.33953669091155,0.00156488430413018,"Upregulated"
"LINC02802",1.01372165796431,0.00156503660253542,"Upregulated"
"Y_RNA",2.49125201515079,0.00156701403610948,"Upregulated"
"RN7SL801P",3.33283048796351,0.00156847512811208,"Upregulated"
"TNMD",1.57735435760451,0.00156852139337329,"Upregulated"
"AC005495.1",1.29190988727804,0.0015697408585025,"Upregulated"
"HAND2-AS1",1.16510076131003,0.00158488575565455,"Upregulated"
"GUCA1A",1.13450175693191,0.00159253167232619,"Upregulated"
"AP001172.1",2.26972614893921,0.00159731852744906,"Upregulated"
"LARP4P",1.91386231838139,0.00160378003774514,"Upregulated"
"TDRD15",1.59166037575191,0.00160496002066247,"Upregulated"
"PSORS1C2",1.02125387407569,0.00160698183112104,"Upregulated"
"AL137077.1",1.62074798784199,0.00160780943261721,"Upregulated"
"AL445487.1",1.30711200808423,0.00160893790652788,"Upregulated"
"TNPO1P1",1.15515911769289,0.00161202661863748,"Upregulated"
"HSPE1P7",1.28948161289275,0.00161429607917456,"Upregulated"
"AC018714.2",1.70761387515165,0.00161860588366646,"Upregulated"
"AC087276.3",1.80814557555713,0.00161948427892209,"Upregulated"
"AC011939.2",2.03621274397785,0.00162532820967354,"Upregulated"
"AC010967.1",2.07917572358237,0.00162731977138165,"Upregulated"
"KCNMA1-AS1",1.16445369777703,0.00162958942356686,"Upregulated"
"AP000487.2",1.22953297491223,0.00163004889673304,"Upregulated"
"AC098869.1",2.41796236979613,0.00163015829358381,"Upregulated"
"AC110769.1",1.54953887673432,0.00163409370931117,"Upregulated"
"AC104462.2",2.19071766992687,0.00163563825050576,"Upregulated"
"AC091132.1",1.26318868616628,0.00163982454623057,"Upregulated"
"LINC01507",1.44139865139518,0.00164377044104035,"Upregulated"
"AL359237.1",-1.62309562170232,0.00164390643769156,"Downregulated"
"EIF4BP2",1.07408019102216,0.00164835789153668,"Upregulated"
"AC093281.1",1.9852112529366,0.00165271619431127,"Upregulated"
"AC112187.1",1.0194131914736,0.00165948254506078,"Upregulated"
"MIR6745",1.25998931250708,0.00166035851620971,"Upregulated"
"AC089987.1",-1.19351636414779,0.00166078613146703,"Downregulated"
"C1QTNF1-AS1",-1.04491813920364,0.00166235231238609,"Downregulated"
"AC003992.1",1.78724079054358,0.00166529039898685,"Upregulated"
"NPM1P43",1.86863711425705,0.00166573659549203,"Upregulated"
"AC027243.3",1.88339221862039,0.00166755784521093,"Upregulated"
"GPC6-AS2",2.10123225571762,0.00167558107834427,"Upregulated"
"SLC7A3",1.2214683149027,0.00167710443413465,"Upregulated"
"SPANXC",3.42650286340795,0.00168013272730047,"Upregulated"
"CTCFL",1.51199993364276,0.00168705746128714,"Upregulated"
"AC018470.1",2.582282636644,0.00168786633344364,"Upregulated"
"AC073174.1",2.09072128194671,0.00169147334828251,"Upregulated"
"AC130448.1",2.19698401571623,0.00169346114531509,"Upregulated"
"SNORD123",1.13716531028642,0.0017087966490854,"Upregulated"
"AC073323.1",1.60213752805208,0.00170922663871466,"Upregulated"
"GPS2P2",1.67384576929518,0.00171574281799469,"Upregulated"
"LINC00391",1.74295088345604,0.00171614954514183,"Upregulated"
"RN7SL300P",2.51867803133291,0.00171643954863009,"Upregulated"
"RPL37P18",2.82332259932668,0.0017181531036122,"Upregulated"
"OLIG2",1.15644004570609,0.00171919333937363,"Upregulated"
"RNU6-863P",1.48608013319294,0.00171919333937363,"Upregulated"
"AC092448.1",2.13654445410075,0.00172096024277936,"Upregulated"
"AL390964.1",2.22133957920038,0.00172369469354346,"Upregulated"
"LINC00970",1.22118274406749,0.00172769533013115,"Upregulated"
"Y_RNA",2.62145506530129,0.00173319119931322,"Upregulated"
"NPM1P40",1.04605927049372,0.00173342426713625,"Upregulated"
"AC007240.2",1.30394039631907,0.00174016662837612,"Upregulated"
"AL360178.2",2.90428291350651,0.0017527502535628,"Upregulated"
"RNU6-608P",2.96022649449064,0.00175911407052919,"Upregulated"
"AL606517.1",2.7742433388919,0.00176172791830453,"Upregulated"
"AC093248.1",1.28491069423618,0.00176269535251546,"Upregulated"
"DPRXP3",1.34286514695367,0.00176478968111724,"Upregulated"
"AL031726.2",1.51566287701299,0.00176613094176417,"Upregulated"
"DIRAS2",1.02650816495638,0.00176726232973364,"Upregulated"
"Y_RNA",1.27927705264065,0.00176846784495485,"Upregulated"
"RNU6-33P",1.61183617211405,0.00177060506584972,"Upregulated"
"AF130417.1",2.49783293887082,0.00177422896302742,"Upregulated"
"RPS3AP27",1.38934870476022,0.00177507535812462,"Upregulated"
"YBX1P8",1.86238096331612,0.00178039930521048,"Upregulated"
"VTRNA1-2",1.85013464111337,0.00178171137626192,"Upregulated"
"AC092755.2",1.07178650778507,0.00178187911480954,"Upregulated"
"AC068228.2",1.84565042983943,0.00178418525615048,"Upregulated"
"MIR3662",1.11499241529916,0.00178635424497189,"Upregulated"
"AC007599.2",2.90682349837006,0.00179079687548261,"Upregulated"
"RNVU1-25",1.42217774291327,0.00179100006366052,"Upregulated"
"AL137802.2",1.03501059149326,0.00180336282641211,"Upregulated"
"SNORA75",1.50244176920276,0.00180440875679893,"Upregulated"
"AC010359.3",1.16864669717495,0.00181007022499923,"Upregulated"
"AC087683.3",1.21911937555721,0.00181158411453211,"Upregulated"
"LINC01551",2.19647682152317,0.00181269506540613,"Upregulated"
"TCP1P3",1.06106398651403,0.00181269506540613,"Upregulated"
"SPINK8",1.62756982666682,0.00181610484824579,"Upregulated"
"SCYGR4",1.37922688411445,0.00181690739750264,"Upregulated"
"MTCO1P30",1.24332445381497,0.00182104411404866,"Upregulated"
"RN7SL126P",2.79500705080909,0.00182537406645198,"Upregulated"
"AC114752.2",-1.99810364815251,0.00183279371176826,"Downregulated"
"AC019118.2",1.2704730909585,0.00183281241232961,"Upregulated"
"RNU4-38P",1.798349199533,0.00183704241017685,"Upregulated"
"AC093903.1",2.14470606542171,0.00183896033599539,"Upregulated"
"LINC02704",-1.66952315300146,0.00183983525248069,"Downregulated"
"AC090971.4",1.64155056324709,0.00183983525248069,"Upregulated"
"AC010636.1",1.63730968871053,0.00184118909097649,"Upregulated"
"LINC02469",-1.12226697160316,0.00184600025289946,"Downregulated"
"AC023296.1",-1.14077122913962,0.00184722795160693,"Downregulated"
"HMGB1P49",-1.11835188050047,0.0018548319406827,"Downregulated"
"ELK2BP",2.23190574473341,0.0018594043966717,"Upregulated"
"AC091231.1",1.63253476020539,0.0018594043966717,"Upregulated"
"MTND1P32",2.80297766859147,0.00186335604641453,"Upregulated"
"AIG1P1",2.8081253942521,0.00187271222068732,"Upregulated"
"AC011601.1",2.09175642668921,0.00188114303619397,"Upregulated"
"PRMT1P1",1.20385495807085,0.00188349215565576,"Upregulated"
"UPK1A-AS1",1.47357683747792,0.00188411148710312,"Upregulated"
"AC103725.1",1.90154366537285,0.00188658618508912,"Upregulated"
"AC073592.7",1.49798752102126,0.00188897828559719,"Upregulated"
"AC024451.3",1.13556691662388,0.00189075248459605,"Upregulated"
"MIR196A1",2.11827335394475,0.00189536543173418,"Upregulated"
"H2BU2P",1.55962127599116,0.00189874026337015,"Upregulated"
"MIR548O",1.54646971732679,0.00190513435213046,"Upregulated"
"AC090844.1",1.19238342906154,0.00190533379370139,"Upregulated"
"AC055876.1",1.95229804778374,0.00190558623945202,"Upregulated"
"AL356309.2",-1.56375498230835,0.0019061991741789,"Downregulated"
"TRAJ1",1.27260255516983,0.00190731220689281,"Upregulated"
"PRKAR1AP1",1.56871698830651,0.00190921938272969,"Upregulated"
"FAM133GP",-1.75057167474722,0.00191099082567171,"Downregulated"
"LINC00111",1.05808480092481,0.00191164122654115,"Upregulated"
"CALR3",1.33865077906904,0.00191221307760668,"Upregulated"
"AC007954.1",2.06518216096571,0.00191899727748077,"Upregulated"
"FAM9C",1.4317107141406,0.00192050156546094,"Upregulated"
"BRAFP1",1.23913250724911,0.00192298180016011,"Upregulated"
"AC020928.2",1.22391422889118,0.00192380726342161,"Upregulated"
"SNRPGP18",3.07703409176698,0.00192458882610717,"Upregulated"
"CYCSP4",2.49251928142947,0.00192876922976601,"Upregulated"
"AL390037.1",1.02786265663111,0.00192924198221723,"Upregulated"
"AC114786.1",2.86621367230573,0.00192986862044672,"Upregulated"
"AC025576.3",1.906648242663,0.00193077601533711,"Upregulated"
"AC068506.1",1.49244500613124,0.00193153556090299,"Upregulated"
"AC091769.1",1.39235735066685,0.00193366359893677,"Upregulated"
"AC064801.2",1.12719740409293,0.00193741954186855,"Upregulated"
"TMED7-TICAM2",1.13180217362713,0.00193888777039069,"Upregulated"
"EDDM3DP",1.82826297462952,0.00193990980851766,"Upregulated"
"AC136431.2",1.73893903149651,0.00194905446842011,"Upregulated"
"MIR3192",1.06745462914682,0.00194935899696631,"Upregulated"
"B3GALNT1P1",1.81282589081983,0.00195028662670446,"Upregulated"
"AP000654.1",1.72674527688968,0.00195307269811573,"Upregulated"
"AC117465.1",2.04093020878055,0.00195450553303961,"Upregulated"
"ATP5MC2P2",1.38274619714214,0.00195953038978623,"Upregulated"
"AC139491.8",1.72064817553372,0.00196028174779196,"Upregulated"
"DMBT1",-1.03361536229671,0.00196057674294353,"Downregulated"
"AC068647.2",1.57278514944253,0.00196088362138387,"Upregulated"
"OR9K1P",2.17375122832732,0.00196356245761643,"Upregulated"
"AC084757.2",1.08401867377719,0.00196700338855212,"Upregulated"
"MEMO1P2",1.0356638425366,0.00196775827902584,"Upregulated"
"AC108865.2",1.86659745806151,0.00197736229163225,"Upregulated"
"LINC01726",1.19079620414617,0.00198334093910005,"Upregulated"
"ACSM2B",-1.24462717704199,0.00198483207102988,"Downregulated"
"MIR6740",1.04971750029307,0.00198772194558369,"Upregulated"
"AL158212.4",1.30215365452697,0.00198772194558369,"Upregulated"
"AL354710.2",1.08129940976956,0.00198887522849684,"Upregulated"
"IGKV1OR2-1",1.37887843158011,0.00199696926669155,"Upregulated"
"ALLC",1.90783441340309,0.002002269158005,"Upregulated"
"IL20",-1.22086345356845,0.00200229414657513,"Downregulated"
"RPS3AP2",1.11717380654154,0.00200230924280885,"Upregulated"
"LINC02824",1.80006618834958,0.00200903106991046,"Upregulated"
"LINC02303",2.35447827419573,0.00200959795934434,"Upregulated"
"RPS25P9",-1.09013750213852,0.00201288121990282,"Downregulated"
"AC132219.1",1.17659686833367,0.00201513494170544,"Upregulated"
"TLX1NB",1.81537243859778,0.00201579423389588,"Upregulated"
"AP002358.1",1.16819086547911,0.00201739685457967,"Upregulated"
"AC018695.2",1.58393405433482,0.00201971456980198,"Upregulated"
"AC073140.1",2.76587055602339,0.00202423366920887,"Upregulated"
"PGK2",1.45643102017198,0.00202592345484703,"Upregulated"
"FXYD4",1.19960940575915,0.00202741901233485,"Upregulated"
"GALNTL5",1.81085158904045,0.00202984891156135,"Upregulated"
"AL122013.1",1.35254484603469,0.00203244295956992,"Upregulated"
"LINC01901",2.22290197101017,0.00203528297869287,"Upregulated"
"AC020910.7",1.2870197376065,0.00203997152108651,"Upregulated"
"AC007336.3",1.79497662706268,0.00204666217049435,"Upregulated"
"Metazoa_SRP",1.47314346322271,0.00204742175455204,"Upregulated"
"AC007620.3",1.16624094302073,0.00205048664826919,"Upregulated"
"LINC01320",1.14020685457981,0.00205465398720278,"Upregulated"
"AC012441.1",1.25514081693681,0.00206285566121995,"Upregulated"
"YRDCP1",1.75750686264101,0.00206297943376856,"Upregulated"
"CHP1P3",1.85530438845883,0.00207003907058803,"Upregulated"
"CTNNA2",1.19590021878641,0.00207512552589595,"Upregulated"
"AC023095.1",2.01595105448003,0.00208347769786214,"Upregulated"
"AGBL1-AS1",-1.70470793466859,0.00208797627860956,"Downregulated"
"NPM1P30",1.83082072755846,0.00208881184446766,"Upregulated"
"RNU6-879P",2.06107087209125,0.00209158634015433,"Upregulated"
"AC016168.1",1.66891182068931,0.00209250515074584,"Upregulated"
"AC009410.1",2.41339089200974,0.00209316323206712,"Upregulated"
"AL139327.1",3.35992036668016,0.00209958420764241,"Upregulated"
"AC107373.2",2.36451204880217,0.00210753569896963,"Upregulated"
"KCTD9P5",2.7345409340583,0.00211246541733216,"Upregulated"
"LINC00485",1.85375065525909,0.00211488435945931,"Upregulated"
"XIAPP3",1.38220766395301,0.0021166033835335,"Upregulated"
"AP002505.3",2.31353644176685,0.00211838363978747,"Upregulated"
"RNU6ATAC16P",1.09596442087508,0.00212384356836568,"Upregulated"
"MTND5P14",1.78042174596862,0.0021243886514237,"Upregulated"
"MIR6812",1.05759872769073,0.00212631985262744,"Upregulated"
"Z82190.1",1.55885228677214,0.00213193978023772,"Upregulated"
"AMER3",1.77173032618299,0.00213339927968268,"Upregulated"
"AC034111.1",1.25123581836095,0.00213709303084576,"Upregulated"
"RNA5SP395",1.51358022867901,0.00213796520612023,"Upregulated"
"AC108451.1",1.43394469748579,0.00214316027006497,"Upregulated"
"RARRES2P1",1.25181489170027,0.00215568677520034,"Upregulated"
"AC107072.1",1.64952084759887,0.00215846334002567,"Upregulated"
"AC022973.1",3.29115948020735,0.00216592045837863,"Upregulated"
"AC113618.2",-1.25775571074515,0.002167871425523,"Downregulated"
"FYTTD1P1",1.68866768211785,0.00216894695983889,"Upregulated"
"CCT5P2",1.19547852473797,0.00216918134642677,"Upregulated"
"SNORA70G",2.15258970028754,0.00217047226240185,"Upregulated"
"AL157402.2",2.70069268533584,0.00217047226240185,"Upregulated"
"RPS7P6",-1.28727616102398,0.00217277091388515,"Downregulated"
"TCERG1L",1.21299518480903,0.00217544964997378,"Upregulated"
"AC109479.1",1.23179606960516,0.00217587629637781,"Upregulated"
"SLITRK3",-1.00604042944146,0.00218589391482198,"Downregulated"
"IGHD2-15",1.39708428660513,0.00218976095043268,"Upregulated"
"AC064856.1",2.30075906001543,0.00218976095043268,"Upregulated"
"Metazoa_SRP",2.28672478087104,0.00219015126340888,"Upregulated"
"AC241520.1",2.54200647403353,0.00219183725509117,"Upregulated"
"QRSL1P1",2.03793532829069,0.00219341446466854,"Upregulated"
"EDDM3B",1.87618553228081,0.00219453832378148,"Upregulated"
"AL590639.1",1.74005654542002,0.00219605583402238,"Upregulated"
"LINC02465",1.9283119093388,0.00219673202455934,"Upregulated"
"AC016735.1",1.58506412241372,0.00220229387838431,"Upregulated"
"CEACAM16",1.09268678228786,0.00220856277489812,"Upregulated"
"RN7SL385P",1.57983158661351,0.00220870763724253,"Upregulated"
"CTD-2350J17.1",3.17896129095625,0.00220908826962232,"Upregulated"
"AL161672.1",1.69105113688742,0.00221535278110448,"Upregulated"
"RPSAP2",1.46640304658457,0.00221999144915121,"Upregulated"
"AC008667.3",1.39936257931021,0.00222009950771131,"Upregulated"
"U6",3.02143891086301,0.00222142445057622,"Upregulated"
"SMG6-IT1",2.67814115478868,0.00222818870417994,"Upregulated"
"PCDH11Y",-1.35208347444633,0.00222951829628842,"Downregulated"
"AL022238.3",1.02567167519653,0.00223473458885233,"Upregulated"
"LINC00305",-1.22915223272487,0.00223489336996922,"Downregulated"
"ACOT12",1.52476258367658,0.00223681739314926,"Upregulated"
"AL356311.1",2.19803090881346,0.00223681739314926,"Upregulated"
"AC073842.1",1.33424005135966,0.00223703987346169,"Upregulated"
"AC068491.2",1.10114710844572,0.00224263107734636,"Upregulated"
"AC124916.2",2.26656507894783,0.00224287230902897,"Upregulated"
"AL161742.1",1.3036904635082,0.00224486016661973,"Upregulated"
"ALG14-AS1",1.49984961194245,0.00224670727161383,"Upregulated"
"AL353801.2",1.10586832261897,0.00225087400512137,"Upregulated"
"AP000779.1",2.27001689680532,0.00226037230628462,"Upregulated"
"AC239799.2",1.12845765301464,0.00226107807221077,"Upregulated"
"RPL30P2",1.27563908044078,0.00227091638358338,"Upregulated"
"AC010547.3",1.70244817353299,0.00227212551888143,"Upregulated"
"RPS29P19",1.2817332561029,0.00227349259034093,"Upregulated"
"ZSCAN4",1.05523017357883,0.0022757356990327,"Upregulated"
"AC015909.3",1.24785172264993,0.00228035186368159,"Upregulated"
"LINC02306",2.28128460985953,0.00228417034289874,"Upregulated"
"RNU6-1266P",1.26470367938344,0.00229153352629532,"Upregulated"
"IGHV3-32",1.61314361069609,0.00229248982428885,"Upregulated"
"AC125437.3",1.85515518276789,0.00229861949882967,"Upregulated"
"RN7SKP90",3.06613773334631,0.00230058266194379,"Upregulated"
"RPS14P4",1.51447753538411,0.00230340833041788,"Upregulated"
"AC245884.4",1.09064437292101,0.00230519806763904,"Upregulated"
"GFOD1-AS1",-1.28232777345485,0.00231029611680402,"Downregulated"
"DLGAP1-AS3",1.27455150710754,0.00231169945255912,"Upregulated"
"ZNF98",1.31750868778926,0.00231173860983592,"Upregulated"
"C5orf66-AS2",2.19117831079177,0.00231184452173269,"Upregulated"
"SNRPGP4",1.03812251542113,0.00232116725271837,"Upregulated"
"C17orf102",1.26278699743614,0.00232426136640936,"Upregulated"
"RNA5SP155",1.3614623556886,0.00232715310790294,"Upregulated"
"NPPB",1.88874747206069,0.00233081524678217,"Upregulated"
"RNU6-1043P",1.66154872711967,0.00233256438095342,"Upregulated"
"AC126696.1",1.26095082323908,0.00233669380034707,"Upregulated"
"CDRT15P14",1.51551831590239,0.00233838874907453,"Upregulated"
"AL133372.2",2.60746424628549,0.0023407899089096,"Upregulated"
"AC093826.1",1.27191889793467,0.00235431015078899,"Upregulated"
"AC114982.1",2.36158069275074,0.00236252159145959,"Upregulated"
"AL080313.2",1.35546649786883,0.00236854188052592,"Upregulated"
"AC099791.1",-1.12964168820713,0.00236979655731948,"Downregulated"
"Y_RNA",2.05151018865863,0.00237165780152767,"Upregulated"
"AL023754.1",2.00221818449315,0.00237272109745573,"Upregulated"
"VN1R110P",1.53509032061386,0.00237811067130775,"Upregulated"
"CFAP44-AS1",1.00786191916157,0.00238173730759773,"Upregulated"
"TGIF2LX",3.31845926615679,0.00238202624697275,"Upregulated"
"AC104435.2",1.38790252198479,0.00238507312173658,"Upregulated"
"PGAM1P11",1.09799864805405,0.00238740374831307,"Upregulated"
"GAPDHP64",1.13195158531488,0.00239056844709665,"Upregulated"
"CRP",1.33084888563111,0.00239068167710133,"Upregulated"
"TRIM29",1.02921632667372,0.00239247495694412,"Upregulated"
"ATP6V0E1P1",2.10369584081611,0.00239765832824017,"Upregulated"
"EIF4BP8",1.06635908373188,0.00239857431543349,"Upregulated"
"CENPVL3",2.38005824107569,0.00240016747612529,"Upregulated"
"SPATA8",1.23240723366714,0.00240649162330326,"Upregulated"
"AC018695.3",1.13920380840758,0.00240948459990509,"Upregulated"
"KPNA2P2",1.21846972219812,0.00241096487234235,"Upregulated"
"AC092809.1",1.78891515267651,0.00241398921521239,"Upregulated"
"CYCSP38",2.05377398364123,0.00241452093187645,"Upregulated"
"AL050341.1",1.7971697979953,0.00241666061488024,"Upregulated"
"AL158151.2",1.09070086509053,0.00241699731389609,"Upregulated"
"SLC35D3",1.14804091971447,0.00241866818865278,"Upregulated"
"IGF2BP2-AS1",1.29362113104963,0.00242162087716489,"Upregulated"
"AL449223.1",1.96579222444106,0.00242162087716489,"Upregulated"
"GSTM3P2",1.96675705260032,0.00242950261319006,"Upregulated"
"AL136984.1",1.32830746911507,0.00245057311029808,"Upregulated"
"AC003989.2",3.23182058082109,0.00245405990779631,"Upregulated"
"FAF1-AS1",1.54119763546562,0.00246685099602165,"Upregulated"
"AL136360.1",1.31450790127975,0.00246711237404404,"Upregulated"
"AC098656.1",1.48160483364796,0.00246711237404404,"Upregulated"
"KLKP1",1.39870652990076,0.00246785472953136,"Upregulated"
"LINC02533",1.3801414059529,0.00246970145925643,"Upregulated"
"AC105114.2",2.80379017970177,0.00246970145925643,"Upregulated"
"LINC02254",1.4714699296455,0.00247802936365345,"Upregulated"
"AC090192.1",1.23910328134621,0.00248594278526463,"Upregulated"
"AC087721.1",1.44759329876908,0.00248728707169463,"Upregulated"
"AC091932.1",-1.67939801122171,0.00248931067358235,"Downregulated"
"TAS2R3",1.37546466286488,0.00249425846289358,"Upregulated"
"AC118282.1",1.57245669214036,0.00249425846289358,"Upregulated"
"HMGB3P5",-1.57443157676335,0.00249636162042137,"Downregulated"
"TDGF1P6",1.28150917512688,0.00249833355994889,"Upregulated"
"RNU6V",1.04896168934955,0.00250073196090658,"Upregulated"
"RN7SKP299",2.55593672173964,0.00250073196090658,"Upregulated"
"AC078882.1",2.07042239267166,0.00250280966573994,"Upregulated"
"AC009075.1",1.42071286959518,0.0025083411423636,"Upregulated"
"MIR548V",1.58954625286474,0.00251078712273018,"Upregulated"
"AC011095.1",2.39359262510906,0.00251398960008936,"Upregulated"
"COL18A1-AS1",1.35234670404497,0.00252356202254738,"Upregulated"
"KIRREL1-IT1",1.70469359723037,0.00252427995710436,"Upregulated"
"AC008649.1",1.25126876969204,0.00252479484236573,"Upregulated"
"DIO2-AS1",2.06751522690259,0.00252687194487507,"Upregulated"
"AP000265.1",1.01809088001281,0.00253756302687711,"Upregulated"
"MIR491",1.59479591937708,0.00254493586707121,"Upregulated"
"NKX2-2",2.44187836475332,0.00254607724957292,"Upregulated"
"TP73-AS2",1.44199650631359,0.00254784044265621,"Upregulated"
"ENO1P3",2.7462800127794,0.00254841439155834,"Upregulated"
"CHCHD2P7",-1.19474097686115,0.00254850524314208,"Downregulated"
"AL356276.1",1.52153713646053,0.00254951992744989,"Upregulated"
"AC087164.2",1.47109756572294,0.00255432389711018,"Upregulated"
"AL133368.1",1.77091001839133,0.00255867196684776,"Upregulated"
"ENOX1-AS1",1.74569025554606,0.00255904726297757,"Upregulated"
"AL139393.1",1.38209692867599,0.00256426364714298,"Upregulated"
"RN7SKP137",1.18964912713744,0.00256873297851047,"Upregulated"
"RNU6-748P",1.27716646737582,0.00257166753298748,"Upregulated"
"AC140658.7",1.50727023121148,0.00257778337572365,"Upregulated"
"AP001476.1",1.23740267147733,0.00257798172664861,"Upregulated"
"ZNF849P",1.41339276148296,0.00258239705485303,"Upregulated"
"AC010608.1",1.59747237832313,0.00258777667985936,"Upregulated"
"LINC02885",1.80730172272516,0.00259268762839401,"Upregulated"
"AL117340.1",1.46554741980414,0.00260330141828539,"Upregulated"
"AC107896.1",2.40807377763843,0.00260502237117505,"Upregulated"
"CCDC201",1.69884648313828,0.00260608577299192,"Upregulated"
"HMGN1P30",1.05295705494315,0.0026071899794912,"Upregulated"
"LINC02641",1.09475491667225,0.0026073745995787,"Upregulated"
"LYPD8",1.50624354417696,0.00262081099124301,"Upregulated"
"AL359813.2",-1.00485748355402,0.00262315525635398,"Downregulated"
"AL445646.1",-1.28587417703817,0.00262741721647705,"Downregulated"
"RPS3AP46",1.39363328722642,0.00263283805123587,"Upregulated"
"FLJ30679",1.01198820649089,0.00263780472730018,"Upregulated"
"RN7SKP78",1.51856442650908,0.00264034125298057,"Upregulated"
"AC026725.1",2.43350278279904,0.00264034125298057,"Upregulated"
"AC092139.2",1.21554434443433,0.00264049109329986,"Upregulated"
"RPL23AP58",1.10219100106027,0.0026437079346399,"Upregulated"
"AC010435.1",1.06252757300463,0.00264375992421892,"Upregulated"
"KRT18P61",1.32683070468076,0.00264644851362723,"Upregulated"
"AC012409.5",-1.03998865837449,0.00264722433069559,"Downregulated"
"Z84468.1",1.83587252579399,0.00264722433069559,"Upregulated"
"AC006483.2",1.14403411739924,0.00265009012450674,"Upregulated"
"AC010998.3",-1.33461057305494,0.0026554893450696,"Downregulated"
"AC005682.2",1.17597183658044,0.00266733874610791,"Upregulated"
"PFN1P8",1.07856154933483,0.00267539251700668,"Upregulated"
"SERTM2",-1.04534890110908,0.0026769277074527,"Downregulated"
"AC004470.2",1.42943822655009,0.00267772929670169,"Upregulated"
"AL049745.1",1.16593687320506,0.00269142504621755,"Upregulated"
"AC015804.1",1.82594131853308,0.00270293093682648,"Upregulated"
"AP001005.3",1.02923302226217,0.00270463627271393,"Upregulated"
"AC012555.1",1.11303731548515,0.00270806500669657,"Upregulated"
"PRELID3BP5",1.36392888547588,0.00271123531552341,"Upregulated"
"SRGAP3-AS3",3.1417945616388,0.00271903668423812,"Upregulated"
"AL157384.1",1.36207579892861,0.00272088713034067,"Upregulated"
"AL157832.2",1.89599189012413,0.00272528243715006,"Upregulated"
"LINC02167",1.73597456269472,0.00272687817807978,"Upregulated"
"AL589765.7",-1.17158765098158,0.00272922589817624,"Downregulated"
"LINC01391",1.69562958235787,0.00273678940984474,"Upregulated"
"LINC01443",1.62539255362323,0.00274107887610519,"Upregulated"
"ARSLP1",1.03512627669369,0.00274238536300184,"Upregulated"
"PNMA6F",2.50304937152494,0.00274270426119035,"Upregulated"
"USF1P1",1.50072173730994,0.00274270426119035,"Upregulated"
"OPTC",1.54219275004294,0.00274749451717941,"Upregulated"
"LINC02547",1.24739382458465,0.00275555841358166,"Upregulated"
"AL354989.2",1.0069048815858,0.00275680244577603,"Upregulated"
"AC023824.5",3.33386699471468,0.00275768854711444,"Upregulated"
"AC069503.3",1.08633459972153,0.00275908057751086,"Upregulated"
"AL353747.3",-1.37017738426239,0.00275995710045811,"Downregulated"
"AC112673.1",2.12423662692815,0.0027606831235233,"Upregulated"
"OTP",1.26544791369071,0.00276337375829631,"Upregulated"
"TXN2P1",1.52094663391634,0.00276645718182681,"Upregulated"
"AC008752.1",1.00918792163277,0.00276645718182681,"Upregulated"
"AC009248.2",2.68519872252638,0.00276645718182681,"Upregulated"
"FAM136BP",1.32641876802493,0.00276748302936153,"Upregulated"
"RN7SL769P",3.3843960351002,0.00277271245813038,"Upregulated"
"SPINT5P",2.30327163161119,0.00278339734012045,"Upregulated"
"AC093898.1",1.49718848470263,0.00278367582659257,"Upregulated"
"F13B",1.94735480674179,0.00278535919268025,"Upregulated"
"AC116562.2",-1.51904941531161,0.00278689018023511,"Downregulated"
"AC126323.5",1.83986155334269,0.00279293665774851,"Upregulated"
"GAPDHP67",1.20306849711245,0.002794906695995,"Upregulated"
"HMGB3P9",1.62562258054041,0.00279940557568309,"Upregulated"
"CSTP1",1.11836656711107,0.00280330409362562,"Upregulated"
"RN7SL258P",1.34740200278686,0.00280946310555747,"Upregulated"
"GAL3ST3",1.37206020120272,0.00283020166804091,"Upregulated"
"AL590483.3",1.73606637166659,0.00283213109540291,"Upregulated"
"RN7SL43P",2.3435269366757,0.00283614296853428,"Upregulated"
"ABCB10P1",2.12783953475786,0.00283813307885781,"Upregulated"
"AC096741.1",2.37996730411209,0.00284175874444361,"Upregulated"
"IGLC5",1.00439214759213,0.00284666199320767,"Upregulated"
"MIR4507",1.31386465533435,0.00284704890677078,"Upregulated"
"WWC2-AS1",1.92456213958259,0.00284804239542916,"Upregulated"
"AC017028.1",1.18343470005455,0.00285666449113436,"Upregulated"
"TRAJ38",1.88708703147636,0.00286000820109113,"Upregulated"
"MIR5087",1.14014399776783,0.00286000820109113,"Upregulated"
"RNU6-638P",1.11321127868763,0.00286263969884631,"Upregulated"
"BNIP3P7",2.73934821350847,0.00286366347976557,"Upregulated"
"COL18A1-AS2",2.02289479231942,0.00287594104950345,"Upregulated"
"CARTPT",-2.33662519829329,0.00287596510743311,"Downregulated"
"SCG3",1.02544368878896,0.00288446503561139,"Upregulated"
"AC026341.3",1.81243437986659,0.00288833312053114,"Upregulated"
"AC007491.1",1.27239450657469,0.0028900387446965,"Upregulated"
"RN7SL706P",2.37520788088847,0.0029001929967697,"Upregulated"
"AC096552.1",1.66363595517215,0.00290265271451392,"Upregulated"
"LINC02336",3.32098919952578,0.00290352213818764,"Upregulated"
"AC091010.1",-1.46029150301392,0.00290760344579632,"Downregulated"
"SHANK2-AS3",1.89199645555315,0.00291631422087222,"Upregulated"
"AC104164.2",2.4508304884859,0.00291722196788605,"Upregulated"
"AC020763.5",1.75822061094885,0.00291846802217726,"Upregulated"
"PPIAP26",1.22903177691493,0.00292663301737558,"Upregulated"
"AC091987.1",2.85737005371161,0.00292663301737558,"Upregulated"
"AP000590.1",1.95522006571884,0.00292675784186436,"Upregulated"
"MIR576",2.64824385892104,0.00292927740758332,"Upregulated"
"AC105137.1",1.36922142907369,0.00293244237483843,"Upregulated"
"AC046158.4",1.87311513185939,0.00293980044518701,"Upregulated"
"MIR320D1",-1.16502720459101,0.00294571094160541,"Downregulated"
"AC073934.1",1.22858837953059,0.0029470780599597,"Upregulated"
"COX6CP14",2.16391237624481,0.00294886324449268,"Upregulated"
"AL512380.1",1.12439371123515,0.00294958592396843,"Upregulated"
"AC103853.2",1.91375739614705,0.00295263564170281,"Upregulated"
"AC089998.3",1.22992833311947,0.00296117098934909,"Upregulated"
"AP005205.3",1.32193143805774,0.00296287784553964,"Upregulated"
"FGG",1.20315812742025,0.00296435703938271,"Upregulated"
"ZFP42",1.58341329141564,0.00296651089872345,"Upregulated"
"ATP5MC1P6",1.84284480875186,0.00297018721072213,"Upregulated"
"CASC6",1.91398482359366,0.00297232177485506,"Upregulated"
"AC108475.1",1.10245480097184,0.00297505981880993,"Upregulated"
"AL591848.1",1.24726988138557,0.00297512960586791,"Upregulated"
"ANKRD20A19P",1.31107013849691,0.0029810205832937,"Upregulated"
"AL161781.2",1.17492102253776,0.0029814471652138,"Upregulated"
"WFDC6",-1.47760943203927,0.00298277416368636,"Downregulated"
"AL590103.1",2.36020619764949,0.00298643675548896,"Upregulated"
"AC232271.2",1.08167986217786,0.00298730580808953,"Upregulated"
"AC004808.2",1.67792564387211,0.00299699009181705,"Upregulated"
"MTCO3P5",-1.55533480152966,0.00299836895409158,"Downregulated"
"AC093798.1",1.53063767997644,0.00301515314259144,"Upregulated"
"DYNAP",1.82609377808153,0.00301959972027526,"Upregulated"
"AC091812.3",1.24430940607763,0.00303517942264382,"Upregulated"
"ACTR1AP1",1.22750062275952,0.00303900917935378,"Upregulated"
"CBX1P2",1.14603004251375,0.00304504873723856,"Upregulated"
"LINC01603",1.60014601928414,0.00305409010035372,"Upregulated"
"MIR219A1",1.00451903231615,0.00305507051629767,"Upregulated"
"CCNJP2",2.55484183797555,0.00305769274988026,"Upregulated"
"AC055872.2",1.78814548205487,0.00306646313811677,"Upregulated"
"SMAD5-AS1",2.88464263052158,0.00307464844549173,"Upregulated"
"AC002076.1",1.78543950067743,0.00307676473724033,"Upregulated"
"AC020661.2",2.50547541607028,0.00307929869818222,"Upregulated"
"AC002381.1",3.1175692923402,0.00308162829941011,"Upregulated"
"AL354977.2",1.4992247902481,0.0030827052511858,"Upregulated"
"UCHL1-AS1",1.35160244190434,0.00308650156491918,"Upregulated"
"AC092447.7",2.44171107823177,0.00308784125568405,"Upregulated"
"AC114401.1",2.18867443237806,0.00309165794670646,"Upregulated"
"IFNA21",-1.14032115728802,0.00309546809415669,"Downregulated"
"TRAJ8",2.03210606622766,0.00311302372048813,"Upregulated"
"RNU6-1153P",1.17127706943072,0.00311378391178656,"Upregulated"
"RPS3P7",1.12062667020772,0.00312045951608493,"Upregulated"
"AC106876.1",2.21687484769217,0.00312060265344481,"Upregulated"
"AC130324.2",1.0347164370632,0.0031243975379783,"Upregulated"
"NPM1P11",2.38829624434946,0.00312964380748494,"Upregulated"
"RN7SL688P",1.30048813634995,0.00313567469128784,"Upregulated"
"AL137230.1",1.2657018394804,0.00313805315536253,"Upregulated"
"AC005230.1",2.48936933613791,0.00314496084717327,"Upregulated"
"AP003168.2",2.44419059033461,0.00315125954350227,"Upregulated"
"AL138880.1",2.52452750337844,0.00315134557006535,"Upregulated"
"AL078582.2",1.04427178165876,0.00317733496573633,"Upregulated"
"AP006248.3",2.13572438044909,0.00319930786694242,"Upregulated"
"CBSL",1.05396299761289,0.00320636294785132,"Upregulated"
"AMZ2P2",1.74776315016949,0.0032100793225183,"Upregulated"
"AL079342.3",1.10610083979893,0.00322457387357862,"Upregulated"
"AL161937.1",1.19350134706357,0.00322719125063327,"Upregulated"
"AC060834.2",2.45011338353205,0.00323462454370831,"Upregulated"
"MRPS21P9",1.34410509489486,0.0032356691087314,"Upregulated"
"RN7SL594P",1.76305068532759,0.0032404135466518,"Upregulated"
"AC013553.2",1.69918732079227,0.00324417934239662,"Upregulated"
"AP000812.2",-1.08415389578312,0.0032468280253226,"Downregulated"
"AC092422.1",1.3850488607121,0.00325108005327116,"Upregulated"
"GAPDHP59",1.42792412623234,0.00325234525138229,"Upregulated"
"AC016721.1",1.62640380049323,0.00325557817338671,"Upregulated"
"AC120349.2",3.31611799190894,0.00326124276366972,"Upregulated"
"CYP4F8",1.58165128442246,0.0032749434756604,"Upregulated"
"SRARP",1.46815516095931,0.00327660711920746,"Upregulated"
"AL592437.1",1.48157434329304,0.00327660711920746,"Upregulated"
"AC092720.1",1.14684751256669,0.00327780393347869,"Upregulated"
"AC092135.1",1.46196364735988,0.00329745049593118,"Upregulated"
"AL157944.1",-1.47845079199103,0.00330291949538066,"Downregulated"
"CRCT1",2.43992651611445,0.00330494819143429,"Upregulated"
"Y_RNA",1.21393043551328,0.00330499821190551,"Upregulated"
"DIP2A-IT1",1.13274208502629,0.0033055654413824,"Upregulated"
"AC244100.2",-1.08720912062634,0.0033094092800478,"Downregulated"
"TBC1D28",-1.62690440341476,0.00331199299371752,"Downregulated"
"AC025031.1",1.72079456709971,0.00331240094564567,"Upregulated"
"AL512306.1",1.24688419133577,0.00332454184573262,"Upregulated"
"AC105129.1",1.31392021420857,0.00332913455678567,"Upregulated"
"MIR548AT",1.34775436296326,0.00333704540817012,"Upregulated"
"RNU1-91P",1.79927947430076,0.00333868947878028,"Upregulated"
"RAD51AP1P1",3.20405301438514,0.00334268893631796,"Upregulated"
"LSINCT5",-1.08937509041327,0.00334973999150817,"Downregulated"
"MKI67P1",1.06424039317799,0.00335765807562086,"Upregulated"
"AP005210.2",1.677801838098,0.00335990892898113,"Upregulated"
"AC006195.1",1.16227415455605,0.0033603048927415,"Upregulated"
"MAPRE1P1",1.01587139496156,0.00336061462253576,"Upregulated"
"AC091196.1",1.3144205524647,0.00336980056880454,"Upregulated"
"STARD13-IT1",2.14226675472219,0.00337325157151895,"Upregulated"
"TRAJ12",1.70414784934413,0.00337862759378289,"Upregulated"
"OR7A19P",3.05313706712199,0.0033807029502005,"Upregulated"
"MEP1B",1.1014602150455,0.00338316667046412,"Upregulated"
"AC110790.1",3.15747481445283,0.00341405984939202,"Upregulated"
"AC073592.6",1.54581459537176,0.0034141102904171,"Upregulated"
"AL928654.3",-1.00429746205791,0.0034303819347376,"Downregulated"
"IGKV2OR2-10",1.50590448180628,0.00343038573621334,"Upregulated"
"PPIAP15",1.02297620605325,0.0034389021446932,"Upregulated"
"SELENOV",1.95839007313403,0.00344054960473291,"Upregulated"
"AP003385.1",1.11691005084184,0.00344190110260953,"Upregulated"
"AC006372.3",1.40051979967471,0.00344258142056386,"Upregulated"
"AF131215.2",1.60774635052205,0.0034435918931775,"Upregulated"
"AP001318.3",2.88335264426815,0.0034435918931775,"Upregulated"
"MTCO2P30",1.3319952737477,0.00344884439220883,"Upregulated"
"AC005072.1",1.12974261579149,0.00345030236022039,"Upregulated"
"BNIP3P2",3.03470816588719,0.00345193205043727,"Upregulated"
"AC099654.5",3.38747309208432,0.00345198997297585,"Upregulated"
"RN7SL213P",1.14619469070183,0.00345535088465356,"Upregulated"
"LINC02822",2.2472718037614,0.00346211907736081,"Upregulated"
"AC087501.1",1.04206059916347,0.00346980360096108,"Upregulated"
"CARM1P1",2.23257700523958,0.00347367350237467,"Upregulated"
"DAP3P1",1.05307652394339,0.00347706514496296,"Upregulated"
"AC005863.1",1.86534478138026,0.00348624657093234,"Upregulated"
"YBX1P7",3.00576298102423,0.00350197609528675,"Upregulated"
"RNU4-51P",1.8534892242177,0.003510678932803,"Upregulated"
"CTAGE15",1.01723295416225,0.00351160716192454,"Upregulated"
"LINC00431",1.05264865924238,0.00351527057727706,"Upregulated"
"AC097462.3",1.47834016902791,0.00351893652795303,"Upregulated"
"AC092957.1",2.20291689272342,0.00352251174598975,"Upregulated"
"RN7SL698P",1.88047338129818,0.00352516922081512,"Upregulated"
"KIAA0895LP1",1.16532465003434,0.00352516922081512,"Upregulated"
"LINC01981",2.11787628788435,0.00353225308930361,"Upregulated"
"AC009970.1",1.12231612289496,0.0035376192522035,"Upregulated"
"SOX1-OT",2.18643034838614,0.00353791300662739,"Upregulated"
"AC079316.2",1.70278595822124,0.00353824925760273,"Upregulated"
"AC007099.2",-1.20910419509063,0.00354259099546495,"Downregulated"
"TBC1D3E",1.29599195403763,0.00355337224837716,"Upregulated"
"AF196969.1",1.14720183160628,0.00355659153059471,"Upregulated"
"AC002542.1",2.28689451015865,0.00356187972712984,"Upregulated"
"DAPK1-IT1",1.60639018350604,0.00357856441680232,"Upregulated"
"LINC00486",1.40344424590623,0.00358386480222036,"Upregulated"
"EEF1B2P8",2.88048132266074,0.0035974369137884,"Upregulated"
"AC023824.3",3.12978841028297,0.0035974369137884,"Upregulated"
"THAP12P8",1.27320162984078,0.00359912435358362,"Upregulated"
"AC100763.1",3.24247171383923,0.00359917827219934,"Upregulated"
"ATP6V1B1-AS1",1.27901361097265,0.0036130193080592,"Upregulated"
"IL36A",1.68325936312098,0.0036164844211147,"Upregulated"
"AC091046.2",3.28153022350388,0.00361706686124222,"Upregulated"
"AL445255.1",2.54109880088022,0.00362021977142339,"Upregulated"
"KATNBL1P2",1.98419262807231,0.00362022578153499,"Upregulated"
"SNORD111",1.65583441963345,0.00364189619621246,"Upregulated"
"AL592114.3",1.54271990726162,0.00364189619621246,"Upregulated"
"MEF2C-AS2",1.0493142512733,0.00364905803375888,"Upregulated"
"LGALS9B",1.00727576302936,0.00365787559729086,"Upregulated"
"AC133530.1",1.39778468525222,0.00365999190644113,"Upregulated"
"HNRNPA3P4",1.09007461086847,0.00366361149741227,"Upregulated"
"AL591441.1",-1.08634597763822,0.0036741390068007,"Downregulated"
"AC105150.1",2.93057060842189,0.00368469814321381,"Upregulated"
"HSPA8P3",1.29279326038108,0.00369718274942785,"Upregulated"
"AL158062.1",1.68676251533635,0.00371076233707395,"Upregulated"
"RN7SL344P",1.95376607652008,0.00371720485867294,"Upregulated"
"C14orf180",-1.09736954352303,0.00372162802768582,"Downregulated"
"AC244107.1",3.05346564271311,0.00372657474105785,"Upregulated"
"AL353747.1",1.98032636909986,0.00374553614123567,"Upregulated"
"LINC00102",1.22911616185533,0.00374817841068188,"Upregulated"
"AC245884.9",1.08476600507567,0.00375931237946102,"Upregulated"
"ABCC12",1.05666906527743,0.00376319733362691,"Upregulated"
"RPL7P46",1.1111682774599,0.0037761751852349,"Upregulated"
"HNRNPA1P46",1.41796986349977,0.00378385334042816,"Upregulated"
"AL360182.1",2.21532938526446,0.00379209863849766,"Upregulated"
"KLHL6-AS1",1.42924908975406,0.00379260090193103,"Upregulated"
"AC114550.2",1.6285069533753,0.00380335970302811,"Upregulated"
"AL391069.2",1.0323391682341,0.003811922530564,"Upregulated"
"AC073065.1",1.4057675655588,0.00381461736687506,"Upregulated"
"OLIG3",3.3031747101605,0.0038259791055296,"Upregulated"
"PRKAR2B-AS1",1.25509226636277,0.00382721982209414,"Upregulated"
"RPL8P2",1.02427369272662,0.00383309345152195,"Upregulated"
"NLRP9P1",-1.30678808861155,0.00383379744624531,"Downregulated"
"AC005786.4",1.06731208602278,0.00383959125245264,"Upregulated"
"AP002336.1",1.11297210820895,0.0038434148888896,"Upregulated"
"AL359208.1",2.78585426991507,0.0038460339141591,"Upregulated"
"RN7SKP130",2.33445949634825,0.0038536356519925,"Upregulated"
"OAZ1P1",1.37842600088405,0.00385939275780159,"Upregulated"
"SIGLEC20P",-1.26344756572849,0.00386017658667978,"Downregulated"
"CAMTA1-AS1",-1.13704585258493,0.00387446311887087,"Downregulated"
"LCN1",1.04918131103762,0.00388545092138939,"Upregulated"
"AC093642.1",1.20522766931658,0.00390014104550064,"Upregulated"
"RN7SL411P",1.61387281064095,0.00390545683809637,"Upregulated"
"AC062037.1",1.52827255899597,0.00390565093300922,"Upregulated"
"AC023824.1",3.28785878720739,0.00392476136592188,"Upregulated"
"TPT1P13",1.29982002694506,0.00392740354496198,"Upregulated"
"AC005220.1",1.09617517350534,0.00393165392169641,"Upregulated"
"AL442071.1",2.07424340713636,0.00393240515812402,"Upregulated"
"Y_RNA",3.4223139213508,0.00394819064584085,"Upregulated"
"AL391335.1",1.0748627646508,0.00394974742932145,"Upregulated"
"CLC",-1.17516458872447,0.00395551026943531,"Downregulated"
"AC120036.5",2.02950099932437,0.00395700654932255,"Upregulated"
"ARHGEF3-AS1",3.00637465794333,0.0039601988561006,"Upregulated"
"AC234771.4",1.24581052633078,0.00396350469223718,"Upregulated"
"BX322635.1",1.38128666295308,0.00396626611653905,"Upregulated"
"DOCK9-AS1",2.48258723110173,0.00396923075410272,"Upregulated"
"AC009271.1",1.06252781721476,0.00397315400031614,"Upregulated"
"AC073621.1",1.06440492262602,0.00398091816400833,"Upregulated"
"AC104692.1",1.50339671762354,0.00399231391219242,"Upregulated"
"AC020917.2",1.14572119822002,0.00399463064792247,"Upregulated"
"AC110792.2",1.72927688588535,0.00399522620091476,"Upregulated"
"SPATA21",1.03158271563544,0.00400500753526976,"Upregulated"
"MACROD2-AS1",2.07999814617368,0.00400500753526976,"Upregulated"
"CR545473.1",2.50715016238382,0.00400631520820255,"Upregulated"
"AC004692.2",1.73211096074796,0.00401035394880339,"Upregulated"
"LYST-AS1",1.33427702125786,0.00401045773298381,"Upregulated"
"RPL7AP7",1.29722546184619,0.00401439929850073,"Upregulated"
"AL512324.3",1.95845299236607,0.00401744760519637,"Upregulated"
"LINC01976",1.79564948444983,0.00402244785693356,"Upregulated"
"AL118558.2",2.15002841877364,0.00402342407166186,"Upregulated"
"AC004130.1",1.86523326405374,0.00402466715309998,"Upregulated"
"RNU6-720P",1.29130384391567,0.0040270250528278,"Upregulated"
"AL512430.2",1.98876611514696,0.00403234254404215,"Upregulated"
"AL021395.1",1.9945426601859,0.00404013155426985,"Upregulated"
"RNU6-789P",2.57163310876379,0.00404053350325711,"Upregulated"
"PPIAP71",1.21075932527448,0.00404323727235787,"Upregulated"
"BNIP3P4",2.07981257453628,0.00404477184810571,"Upregulated"
"RNU6-3P",2.09095384924093,0.00405032189840722,"Upregulated"
"AC084335.1",2.03759157308897,0.00405650609305341,"Upregulated"
"AKR7A2P1",1.00737361166472,0.00406692167173442,"Upregulated"
"AL157884.3",1.12553209457541,0.00407476271005149,"Upregulated"
"GAPDHP15",1.35989053741698,0.00408089867670726,"Upregulated"
"AC013452.1",1.51563717911101,0.00408127380413546,"Upregulated"
"AC079949.3",1.91849114731989,0.00408665311955567,"Upregulated"
"SNORA30",1.8315972234822,0.00409087617085817,"Upregulated"
"KRT18P6",1.25915129096403,0.00409319853990761,"Upregulated"
"GCNT1P3",1.26014149009217,0.0040964802036474,"Upregulated"
"Y_RNA",1.90431101466039,0.00410237249818826,"Upregulated"
"AC098859.2",-1.83052580399776,0.00410759952458877,"Downregulated"
"AC009237.9",-1.10093380778453,0.00411998856211081,"Downregulated"
"RN7SL617P",2.38850096858413,0.00412491546847215,"Upregulated"
"GAPDHP20",1.18920997142325,0.00413183739428305,"Upregulated"
"ARHGEF7-AS2",-1.03017989707785,0.00415124821280153,"Downregulated"
"RN7SL806P",1.16400898229022,0.00415556924527155,"Upregulated"
"TFDP1P3",1.04649005211883,0.00415592165183895,"Upregulated"
"AC114812.4",1.84526970649777,0.00416263418152968,"Upregulated"
"MIR2355",2.07780118166205,0.00416399104281205,"Upregulated"
"LINC02886",1.48086220421643,0.00419378977976117,"Upregulated"
"ZBTB45P2",1.34755919510516,0.00419812362893317,"Upregulated"
"RN7SKP257",2.32549918705914,0.00420125863063317,"Upregulated"
"IGBP1-AS2",1.10453760633727,0.00420125863063317,"Upregulated"
"RNA5SP221",1.1419896894974,0.00420899623986883,"Upregulated"
"AC110994.1",2.34379907916959,0.00421551205935604,"Upregulated"
"AP002812.4",1.39468180767266,0.00421632094269325,"Upregulated"
"LINC02707",1.31935182878913,0.00421638664733498,"Upregulated"
"MIR4682",-1.40385320148422,0.00421916727082949,"Downregulated"
"AL136097.2",-1.94922512475464,0.00422972992576922,"Downregulated"
"AL162386.2",1.05668974895854,0.004239600655053,"Upregulated"
"THRAP3P3",1.4933915394248,0.00424114195683169,"Upregulated"
"RPL7L1P3",1.00379241213366,0.00424900244701829,"Upregulated"
"AC003973.2",1.35313989443319,0.00424903749857614,"Upregulated"
"AP000756.1",2.41967933485533,0.00425663762750476,"Upregulated"
"AC092807.1",1.12033422205415,0.0042575398466731,"Upregulated"
"AC110491.2",2.0337616947271,0.00425908872848346,"Upregulated"
"AC096536.3",1.49545738436706,0.00427162989215108,"Upregulated"
"AL136116.2",1.76408988593516,0.00429384147029461,"Upregulated"
"RN7SL672P",1.93374919714222,0.00430389301646804,"Upregulated"
"AC079781.1",1.57891471388084,0.00430551984774355,"Upregulated"
"AC120042.2",1.47334678523554,0.00430631247794417,"Upregulated"
"PPIAP10",1.7482436231384,0.00432103840885666,"Upregulated"
"PDCL3P3",1.04396516208058,0.00432562778921678,"Upregulated"
"AC125616.1",1.75453140821463,0.00432603490688377,"Upregulated"
"AC008751.3",1.29704543475825,0.0043266736918937,"Upregulated"
"ARLNC1",1.48237216732524,0.00433175694899481,"Upregulated"
"COX7BP2",2.1328693200689,0.00433769868114515,"Upregulated"
"TRAJ5",1.32956702307683,0.00435644320923108,"Upregulated"
"Metazoa_SRP",2.13854739750835,0.00437370218282231,"Upregulated"
"POLR2CP1",1.07721823188469,0.00437547026111805,"Upregulated"
"PPIAP86",1.39517379099987,0.00438459850792819,"Upregulated"
"AC105036.1",1.3855179929213,0.00440390094311261,"Upregulated"
"LINC02031",-1.31164317940312,0.00440465893731874,"Downregulated"
"CDC27P3",1.58048418942718,0.00440482548287585,"Upregulated"
"LLPHP2",1.67116155648248,0.00440556281933437,"Upregulated"
"OR8D1",2.2032229273847,0.00440578449604877,"Upregulated"
"AC115485.1",-1.21853583453615,0.00441029328406404,"Downregulated"
"SLX1B",1.12793110402954,0.00443506074923326,"Upregulated"
"CDH10",-1.03066371316655,0.00443865670382163,"Downregulated"
"AC106742.1",1.54769720834439,0.00444136541016565,"Upregulated"
"SNORD38D",2.63220760098724,0.00444220560640827,"Upregulated"
"KRT31",1.59270715175823,0.0044656902855043,"Upregulated"
"AC006972.1",1.95110528269824,0.0044656902855043,"Upregulated"
"HDAC11-AS1",1.0266960731078,0.00446812103750896,"Upregulated"
"AC126120.1",1.03687826644703,0.00447099537718161,"Upregulated"
"AC010894.3",1.32210301096163,0.00447708894466338,"Upregulated"
"NT5CP2",1.27265993775111,0.00451151043390787,"Upregulated"
"AL365394.1",-1.50554418396759,0.00451154170036076,"Downregulated"
"AC116424.1",1.38521361970382,0.00452249573881001,"Upregulated"
"Y_RNA",-1.15284458686492,0.00452469605963427,"Downregulated"
"PPIAP44",1.3944075562822,0.0045248583834365,"Upregulated"
"AC055874.1",-1.62769433762205,0.00452553547307599,"Downregulated"
"AC009303.3",2.86747355736139,0.00452781538133115,"Upregulated"
"CD177P1",1.63699455929192,0.00452962346797222,"Upregulated"
"AL033528.1",1.14626400221967,0.00453078820960819,"Upregulated"
"LINC00635",1.43454682221675,0.00453636260418623,"Upregulated"
"AC068633.1",2.03935125235524,0.00453969481888282,"Upregulated"
"CLCA1",1.80296143466882,0.00454855869693558,"Upregulated"
"AC009505.1",2.12280343088951,0.00455466678032213,"Upregulated"
"AL358394.2",1.51155932795462,0.00456021561918122,"Upregulated"
"LINC02518",-1.10439276949711,0.00456480958558444,"Downregulated"
"UGT2B26P",1.23126518790395,0.00458856568250722,"Upregulated"
"AL132982.1",1.88966413663337,0.00460636454835825,"Upregulated"
"AP000462.2",3.48711944051341,0.00462240539920795,"Upregulated"
"AC007326.2",1.36444065205197,0.00463053494639851,"Upregulated"
"AC002044.3",1.45647381302919,0.00464600641319858,"Upregulated"
"AC009127.1",1.08795818353697,0.00464829906132525,"Upregulated"
"AL671710.1",1.026800320986,0.00465530136281652,"Upregulated"
"AC092353.1",1.28096341031076,0.00465607666644148,"Upregulated"
"AC078860.1",2.93488858932008,0.00467795447309091,"Upregulated"
"AC007298.1",1.58639775200506,0.00467964690994635,"Upregulated"
"RNU6-87P",1.38669958301648,0.00468713360268678,"Upregulated"
"MKRN8P",1.16033014526955,0.00471064617289571,"Upregulated"
"AL451074.3",1.27522126263507,0.0047286716356778,"Upregulated"
"AC093734.1",1.08766147031231,0.0047286716356778,"Upregulated"
"CYMP-AS1",1.71371904415533,0.00473418429064009,"Upregulated"
"MADD-AS1",1.03719581226097,0.00474305064320701,"Upregulated"
"MIR215",1.66170850398567,0.00475116180758112,"Upregulated"
"AC016542.3",2.18719869700671,0.00476189553160466,"Upregulated"
"AL034348.1",1.71207185271605,0.00476309279464994,"Upregulated"
"AC131902.1",1.46052027667516,0.0047908544994874,"Upregulated"
"CNTN4-AS1",-1.16822760928902,0.00480597350091955,"Downregulated"
"AL109767.1",1.93418689455554,0.00481364331001346,"Upregulated"
"AC020911.3",1.02566175817,0.0048323694208701,"Upregulated"
"DCX",1.36288416348067,0.00484795630783329,"Upregulated"
"AP001269.1",1.05435772842421,0.00484942557437327,"Upregulated"
"Z96811.1",1.14336902062653,0.00486548147810582,"Upregulated"
"RN7SL306P",1.6655065117578,0.00486754351924251,"Upregulated"
"AC068196.1",1.0340618725149,0.00486763253655023,"Upregulated"
"AC010941.1",3.79278138127004,0.00486915209079942,"Upregulated"
"AC022395.1",1.00033016451418,0.0048735560894389,"Upregulated"
"APOA2",1.05315987284354,0.00487653161900192,"Upregulated"
"TGFB2-AS1",1.00272493587779,0.00488064982235751,"Upregulated"
"AC040978.1",1.92560435116851,0.00488064982235751,"Upregulated"
"HIGD1AP18",1.10851325837054,0.00488209478513244,"Upregulated"
"MIR8083",-1.41873145902301,0.00488486724072114,"Downregulated"
"RPL34P21",1.65215944115079,0.00488944463425806,"Upregulated"
"AC107464.1",1.0754845948528,0.0049064551696939,"Upregulated"
"SGSM3-AS1",1.0672245903951,0.00490882793026531,"Upregulated"
"SORCS3",1.22488291224539,0.00491736246406578,"Upregulated"
"AC007435.1",1.09184397042576,0.0049197589816126,"Upregulated"
"MIR7156",-1.36046132445828,0.00492203655836163,"Downregulated"
"AL355102.1",1.27059735413951,0.00492212023873038,"Upregulated"
"AP000676.5",1.17286255758409,0.00492533164562682,"Upregulated"
"AL357552.2",1.65882374032779,0.0049301847486372,"Upregulated"
"AC074389.2",1.9484043321552,0.00493675409708987,"Upregulated"
"MIR217HG",1.62455820782265,0.00493774200896654,"Upregulated"
"ATP8A2P2",1.72136301984253,0.00494964497834965,"Upregulated"
"AL137001.2",3.53976947340218,0.00496532602332127,"Upregulated"
"AC010886.1",1.91980230485574,0.00498124852697529,"Upregulated"
"BTF3P6",1.00909342839136,0.00498638160034391,"Upregulated"
"HGC6.3",1.10974840789794,0.00499299296107673,"Upregulated"
"MTND2P2",3.07228787411736,0.00499377250303633,"Upregulated"
"Y_RNA",1.72544940950161,0.00499378657257933,"Upregulated"
"ZFYVE9P1",-1.23375304552339,0.00499725585447142,"Downregulated"
"LINC01623",1.15434335381229,0.00500383093212018,"Upregulated"
"LINC01584",-1.54666149291259,0.00500519661030614,"Downregulated"
"ELDR",1.10811046687244,0.00500687208980117,"Upregulated"
"AL139156.1",1.66229119754226,0.0050229558870232,"Upregulated"
"AC093433.1",1.22556407719199,0.00502469867229295,"Upregulated"
"FO538757.1",1.02773620000033,0.00505043690048943,"Upregulated"
"RN7SL493P",2.61932486620066,0.00505122381001973,"Upregulated"
"MIR6859-4",1.11815718678695,0.00505389416401731,"Upregulated"
"AP000679.1",1.30342505097285,0.00506294289603453,"Upregulated"
"AC108097.1",-1.12710374952739,0.00506371733049579,"Downregulated"
"AC129926.2",3.371506902008,0.00506582274101928,"Upregulated"
"SNX18P26",1.56155127041042,0.00506643579160228,"Upregulated"
"OR11N1P",1.64267229208534,0.00507324533003637,"Upregulated"
"RRM1-AS1",1.01413249869982,0.00507904400567187,"Upregulated"
"MIR5194",1.52534132984667,0.00508598022588254,"Upregulated"
"LINC01763",1.11582518734945,0.0050896056601972,"Upregulated"
"AC127540.1",1.22348044462509,0.00509212767762907,"Upregulated"
"SFTPA3P",-1.43326938737813,0.00509226870331391,"Downregulated"
"ADGRF5-AS1",1.46870604950709,0.00509536935634604,"Upregulated"
"AC026495.2",1.0136708295163,0.00509980983678002,"Upregulated"
"RN7SL297P",2.66135562662731,0.0051057137344047,"Upregulated"
"H3P33",2.25742088923152,0.00510759216901219,"Upregulated"
"AL353795.1",1.08999022519917,0.00511611068325867,"Upregulated"
"ANKRD49P2",2.1348305391068,0.00512352425949348,"Upregulated"
"HMGN2P20",1.42781146765303,0.0051446017644077,"Upregulated"
"AC005013.1",1.00705453506094,0.00516433716994566,"Upregulated"
"RNA5SP260",1.52324026493162,0.00519230817389929,"Upregulated"
"AC055733.3",2.58545831445166,0.00521582563496828,"Upregulated"
"KARS1P3",-1.08468597265819,0.0052254965606081,"Downregulated"
"AC005394.2",1.34238852342517,0.0052254965606081,"Upregulated"
"AC093775.1",-1.4992868723992,0.00524425008769786,"Downregulated"
"AC074091.1",1.14321749705153,0.00524945008712354,"Upregulated"
"AC091132.4",1.07035028732251,0.00525811811076229,"Upregulated"
"RN7SKP50",2.22852350238064,0.00526835067458067,"Upregulated"
"AL590704.1",2.43899933706765,0.00527848292150151,"Upregulated"
"AC136424.2",2.87616700974471,0.00527960635898945,"Upregulated"
"AL645568.1",1.41927630963935,0.00528289392227555,"Upregulated"
"PBX1-AS1",1.86909108721412,0.00529282842760428,"Upregulated"
"AC007993.2",1.65739065991248,0.00529314656288095,"Upregulated"
"EFL1P1",1.0055840706709,0.00530312674687506,"Upregulated"
"OR7E158P",1.52932474703012,0.00530341609541286,"Upregulated"
"TUNAR",2.06660184794003,0.00530403982362691,"Upregulated"
"RPL35AP9",1.18088477278103,0.00530468671512166,"Upregulated"
"RBMY1KP",-2.45058046111724,0.00531082816702253,"Downregulated"
"AC068014.1",1.36589225670208,0.00531214400647722,"Upregulated"
"AL449983.1",1.98362158737907,0.00531707963464643,"Upregulated"
"RNU1-100P",1.48168936266327,0.00531848206325776,"Upregulated"
"AC092375.1",1.29349018258128,0.00532561084685127,"Upregulated"
"CECR3",1.44439021634378,0.0053296099002993,"Upregulated"
"AL022397.1",1.89936844191454,0.00533465957607583,"Upregulated"
"RNVU1-2A",4.02106800212009,0.00533665822605624,"Upregulated"
"AC027807.1",-1.50962856662728,0.00534433220547416,"Downregulated"
"AC016493.1",2.99896457363674,0.00534616766964405,"Upregulated"
"Y_RNA",1.65683239164043,0.00538649146953942,"Upregulated"
"AC234782.1",1.10064189694923,0.00539342356284149,"Upregulated"
"RNU7-160P",-1.23416191622709,0.00539454370647165,"Downregulated"
"AC021231.1",1.27101611132845,0.00539516970886578,"Upregulated"
"RNU6-711P",2.38081286148705,0.00539565009487828,"Upregulated"
"RNU4ATAC11P",2.65771515995672,0.00540469362473236,"Upregulated"
"LINC00308",2.17260122109174,0.00540539195193444,"Upregulated"
"AC139783.1",1.30807319947672,0.00543298627041548,"Upregulated"
"MTCO2P29",1.47324331222842,0.00543620725847404,"Upregulated"
"AC007599.1",3.0593068366236,0.00543805968919932,"Upregulated"
"AC133555.4",1.01014381525271,0.0054404964245959,"Upregulated"
"MTATP6P19",2.24908873919442,0.00546110099753646,"Upregulated"
"RNU6-1327P",2.16937410239422,0.0054707220545487,"Upregulated"
"RN7SL124P",1.50494122771946,0.00547495028276415,"Upregulated"
"AC079316.1",2.51092157133812,0.00548514363146617,"Upregulated"
"MIR3197",1.28518997770375,0.00548944877820837,"Upregulated"
"AL158068.2",1.11305272794983,0.00549400236303183,"Upregulated"
"DSG1-AS1",1.98893855758639,0.00549430940208603,"Upregulated"
"AL589987.1",1.46688954013781,0.00549516841422492,"Upregulated"
"PGAM1P3",-1.0365268923276,0.00553066121634713,"Downregulated"
"HMGN2P27",1.23540743086576,0.00554009792661092,"Upregulated"
"FTHL17",3.10511535978908,0.00554100713074099,"Upregulated"
"NMUR2",-1.05572407287854,0.00554177520907677,"Downregulated"
"EIF1AXP2",3.07475469539575,0.00554177520907677,"Upregulated"
"KMT5AP3",1.18562602251975,0.00554266809298561,"Upregulated"
"ALG9-IT1",2.28504522586724,0.00555359468698582,"Upregulated"
"SNORA24B",1.3840836101629,0.00555695499813642,"Upregulated"
"GCNAP1",1.70773843247608,0.00555784919748691,"Upregulated"
"EIF1P4",1.33456135267668,0.00555805334726696,"Upregulated"
"HERC2P8",1.14187662735567,0.00556329207876581,"Upregulated"
"RPS26P45",1.00199990025661,0.00557102016412159,"Upregulated"
"MIR6081",1.985676724447,0.00557789868154642,"Upregulated"
"AC012150.2",1.45709592145606,0.00558384572032938,"Upregulated"
"AP003043.1",1.68146870294889,0.00558915543502063,"Upregulated"
"RPL35AP24",2.01142107409962,0.00559484854948629,"Upregulated"
"FOLH1B",1.19732014665134,0.00559712778832553,"Upregulated"
"LINC01918",1.03708482174365,0.00559884006613893,"Upregulated"
"PCSK6-AS1",1.68711791304142,0.00560421477547773,"Upregulated"
"CACNA1C-AS4",2.34155268669406,0.00560794336036153,"Upregulated"
"AC072039.2",1.04887754905627,0.00561703376693373,"Upregulated"
"AC084824.2",1.85843737218338,0.00562647303871377,"Upregulated"
"GLYAT",-1.18712216265918,0.00563864058997333,"Downregulated"
"AP000345.3",2.0568711211959,0.00564967097613154,"Upregulated"
"Y_RNA",1.70531476704736,0.00565033433651146,"Upregulated"
"AC024610.2",1.07785544173318,0.00569043265295955,"Upregulated"
"SLC30A6P1",3.14670256938829,0.00569446513804414,"Upregulated"
"ADAM7",2.0127820228027,0.00570384811867611,"Upregulated"
"AC104978.1",1.6124752764221,0.00571156888302067,"Upregulated"
"RPL23AP70",1.74787268502896,0.00571156888302067,"Upregulated"
"BACH1-IT3",2.59498258195267,0.00571690844084121,"Upregulated"
"FOXN3-AS2",2.4009386317477,0.00572646458454291,"Upregulated"
"AC244131.1",2.96029998540821,0.00573407439196021,"Upregulated"
"CU633906.2",1.28294968883591,0.0057390997734026,"Upregulated"
"KLK15",1.72456522771378,0.00576762632867847,"Upregulated"
"AC079070.1",1.51441162267502,0.00577941888118859,"Upregulated"
"POU3F3",1.46868167458922,0.00578963961238618,"Upregulated"
"AC106798.1",1.38020007587573,0.00579674692403025,"Upregulated"
"RNU4-80P",1.93768567724465,0.00580258984763476,"Upregulated"
"AC140658.3",1.50752194019257,0.00580332250170482,"Upregulated"
"AL157385.2",1.06785179342202,0.00580721494306695,"Upregulated"
"AC068985.1",2.0687080588732,0.00581980984013193,"Upregulated"
"FGF3",1.31528208471334,0.0058199713161592,"Upregulated"
"PRELID1P7",1.46168283728747,0.00584312462772113,"Upregulated"
"RN7SKP198",1.12165474763549,0.00586063266722736,"Upregulated"
"OR5AK2",-1.74168889987869,0.00586106352810282,"Downregulated"
"RPL30P14",1.16903103028303,0.00586404932097099,"Upregulated"
"VDAC1P13",1.51724409339073,0.00586420802070775,"Upregulated"
"AC113208.1",2.11907384171989,0.00587168605663642,"Upregulated"
"AC005293.1",2.94147685623405,0.00589644170267233,"Upregulated"
"AL512593.1",2.39912348433402,0.00590527226684238,"Upregulated"
"AC051619.7",-1.17218088519113,0.00592189508059051,"Downregulated"
"RN7SL408P",2.77781977958431,0.00593529332708719,"Upregulated"
"LINC01896",3.01545389836097,0.00593537064633361,"Upregulated"
"Y_RNA",2.12259874110873,0.00594062812145542,"Upregulated"
"AL121989.1",1.20515222147698,0.0059510152437665,"Upregulated"
"AL450226.1",1.98709660414675,0.00595714483960946,"Upregulated"
"ERC2-IT1",1.49662179563673,0.00595714483960946,"Upregulated"
"RNU1-38P",-1.08746947024289,0.0059665826315923,"Downregulated"
"LINC02448",2.75561757557965,0.00597299349580631,"Upregulated"
"AL158834.1",1.21732392779394,0.00598072290623872,"Upregulated"
"AC019270.1",2.58079717240915,0.00598342414897715,"Upregulated"
"ANKRD20A9P",1.79105619534534,0.00598411254808587,"Upregulated"
"AC124017.1",-1.13639824404789,0.00599607069973592,"Downregulated"
"TRHR",1.07372328351632,0.00599622532566836,"Upregulated"
"HMGB1P23",2.3525093822951,0.00600199280660319,"Upregulated"
"PANX3",1.6717226812264,0.00600978808536395,"Upregulated"
"AC129915.3",-1.56664726883003,0.00602690138829191,"Downregulated"
"AL606537.1",1.63893161550534,0.00602825421511307,"Upregulated"
"EIF5P1",1.41633815737788,0.00605299378270691,"Upregulated"
"CHGA",1.17013412515827,0.00605391985144426,"Upregulated"
"TCF7L1-IT1",1.34636624753834,0.00605963456136886,"Upregulated"
"TUBB8P11",1.23088471340531,0.00607431325611815,"Upregulated"
"AL606923.2",1.61652359643311,0.00611286378080828,"Upregulated"
"RN7SL480P",2.845676117599,0.00611451139888055,"Upregulated"
"AL161644.1",1.87003532178679,0.00612651772907813,"Upregulated"
"LINC02736",1.49774740268967,0.00612872131912248,"Upregulated"
"RNU6-4P",1.81209971970076,0.00613221571402902,"Upregulated"
"PTCHD3P3",1.21293388009724,0.00613436375193764,"Upregulated"
"MIR646",1.22567870999958,0.00614249832897606,"Upregulated"
"FKBP4P1",1.0671132799534,0.00614275133826015,"Upregulated"
"AP001977.1",1.09275738853588,0.00614289526281787,"Upregulated"
"AC087045.3",1.71823667659182,0.00614409866785036,"Upregulated"
"AC021744.1",1.73702424722641,0.00615369315586432,"Upregulated"
"RNA5SP507",1.3643600680747,0.00617389201484404,"Upregulated"
"PAEPP1",1.91712904650515,0.00618307719261305,"Upregulated"
"AC099789.1",1.0457011996185,0.00618957445298604,"Upregulated"
"MIR6859-2",1.08666392976676,0.00618957445298604,"Upregulated"
"CR392039.2",1.18604937090554,0.00619568531927697,"Upregulated"
"AL050343.3",1.47579680920394,0.00620802562782184,"Upregulated"
"JTBP1",1.49902988274591,0.0062521979516256,"Upregulated"
"RN7SL459P",1.69230923662469,0.00625655625459122,"Upregulated"
"UBE2CP3",2.44844736333666,0.00627741068568897,"Upregulated"
"AC002451.2",1.7427727973024,0.00628503450683393,"Upregulated"
"AC010420.1",1.5287097028591,0.00631086946563995,"Upregulated"
"AC009303.1",1.08666466420785,0.00632355486197761,"Upregulated"
"AL109924.3",1.26835939122774,0.00632725084629593,"Upregulated"
"TLX3",2.27281427618378,0.00633992949464562,"Upregulated"
"AL079341.1",1.61638965720472,0.0063489372545084,"Upregulated"
"AC092120.3",1.14633654387338,0.00636916343059066,"Upregulated"
"RNU5D-1",2.16279438005631,0.00640951380169403,"Upregulated"
"AC114878.1",3.16131837067697,0.00641074435405901,"Upregulated"
"VPS35P1",1.25420226409636,0.00641652311572498,"Upregulated"
"KRT18P41",1.00286021921527,0.00644029005168117,"Upregulated"
"AC008957.2",1.88220748401746,0.00645176293173671,"Upregulated"
"AP002989.1",1.06870660741261,0.0064520915326286,"Upregulated"
"MIR601",1.2186325206194,0.00645572804008119,"Upregulated"
"NANOGP5",1.88940299418047,0.00648302997162399,"Upregulated"
"ARL5AP4",-1.09166000228459,0.00648589839126535,"Downregulated"
"LINC01919",-1.19845785895792,0.00650023549523371,"Downregulated"
"GAPDHP42",1.06366661234714,0.00651071249862261,"Upregulated"
"AL031428.1",1.96432357632692,0.00653221235503063,"Upregulated"
"SNORA79",2.62603070803867,0.00653418698282337,"Upregulated"
"AP006261.1",1.01473798165104,0.00653732310416729,"Upregulated"
"EGLN3-AS1",1.79717543889348,0.00655095418491902,"Upregulated"
"AC139718.1",2.40566808674951,0.00657614059259219,"Upregulated"
"AC009955.1",1.20108937740905,0.00660039347167809,"Upregulated"
"PSMC1P7",1.21581361529491,0.00661745468396873,"Upregulated"
"LINC01567",1.56650493070938,0.00662822001524882,"Upregulated"
"GAPDHP66",1.35817451770775,0.00663504379158051,"Upregulated"
"RN7SKP25",2.38867306723844,0.00665209678844655,"Upregulated"
"AC011092.2",2.17103227107601,0.00665249007867467,"Upregulated"
"AC004083.1",1.05022488277406,0.00666008145496068,"Upregulated"
"AC044839.1",1.24844218108496,0.00666214417646331,"Upregulated"
"AC103758.1",1.37729736821959,0.00667190108608105,"Upregulated"
"AC064799.2",1.45808957273299,0.00667591607621153,"Upregulated"
"NUDT19P3",1.13239999390497,0.00668717345288277,"Upregulated"
"AC011473.3",1.65603956879493,0.00670057977922394,"Upregulated"
"AC009779.1",1.03533999145033,0.0067053647506775,"Upregulated"
"AP001993.1",1.69888478977126,0.00670783269410162,"Upregulated"
"MAGEA2",2.5034037176581,0.00670857250750749,"Upregulated"
"OR2AT1P",-1.41757594022247,0.00671355295066012,"Downregulated"
"AL162493.1",1.58105053474269,0.00673298707171105,"Upregulated"
"AL121950.1",-1.15303760287454,0.00675019257888202,"Downregulated"
"CLDN19",-1.0956338501862,0.00676741363464393,"Downregulated"
"GCSIR",1.17495075734172,0.00676741363464393,"Upregulated"
"MTND3P25",1.01256508190575,0.00678910854804945,"Upregulated"
"MS4A12",-1.99789328156587,0.00681251605522908,"Downregulated"
"TSEN15P2",1.13693685006231,0.00684174355704017,"Upregulated"
"SERPINA7",2.11687106533836,0.00684732790588886,"Upregulated"
"PCSK2",1.29662480550072,0.00684732972214528,"Upregulated"
"OR13J1",1.03677374380343,0.00685398136893015,"Upregulated"
"MTND5P31",1.82401797029351,0.00685510778447729,"Upregulated"
"AC026336.4",-1.61448469391829,0.00686093651314691,"Downregulated"
"NTSR2",1.63251294421762,0.00689547871288709,"Upregulated"
"DPPA2",3.72771315221573,0.0069056124232411,"Upregulated"
"LINC02780",3.12584084951524,0.00690867168017762,"Upregulated"
"RNU6-681P",3.51735553375812,0.00691133278034947,"Upregulated"
"AL034555.1",2.03053882702512,0.00692328436953357,"Upregulated"
"SRMP3",1.99039610747273,0.00693432115249937,"Upregulated"
"SNORA1B",2.18339059701771,0.00693693616848866,"Upregulated"
"AC093838.1",2.65428285822043,0.00693693616848866,"Upregulated"
"TRAJ34",1.76390102054207,0.00694203031827745,"Upregulated"
"SERPINB10",-1.0986021737126,0.00694929549963788,"Downregulated"
"AC096645.1",1.90945388912095,0.00695146311285341,"Upregulated"
"SLC25A15P5",1.5028511296862,0.00696267886985081,"Upregulated"
"AC009271.2",1.64221233488094,0.00697462927980368,"Upregulated"
"PPP1R14BP5",1.05858333389284,0.00698320193871958,"Upregulated"
"AC022601.1",2.27802734197401,0.00698378802104252,"Upregulated"
"AC012404.1",2.90623809526276,0.00698456929509184,"Upregulated"
"KIR2DS4",-1.05367392535221,0.00699447532705553,"Downregulated"
"AC090018.1",2.58498979736071,0.00700128045327329,"Upregulated"
"C10orf82",1.29800113220056,0.00700145824987565,"Upregulated"
"AC090409.2",-1.01136205858135,0.00700169919714718,"Downregulated"
"RNU5E-4P",2.12089737906586,0.00700285374144407,"Upregulated"
"SLC7A2-IT1",1.36896504711739,0.00700809547587366,"Upregulated"
"AL596442.1",2.18889202209071,0.00701152793822423,"Upregulated"
"AL159158.1",1.48534170019605,0.00701752954139045,"Upregulated"
"RN7SL173P",2.48880872365207,0.0070469493740387,"Upregulated"
"RFPL4A",-1.43571001348966,0.00704882088088895,"Downregulated"
"AC022517.1",-1.22904529232887,0.00704882088088895,"Downregulated"
"OSTCP6",1.39636138183055,0.00705483381184719,"Upregulated"
"MTND4P14",1.58344558439691,0.00707049214175685,"Upregulated"
"MIR378G",1.47539273318246,0.00710408770003021,"Upregulated"
"AL442071.2",1.22708244931697,0.00710849361053112,"Upregulated"
"MIR5698",1.49120606871605,0.00711636145231382,"Upregulated"
"RNU1-73P",1.18223402144612,0.00711929193362404,"Upregulated"
"AL928646.1",1.90647372819626,0.00712367693813063,"Upregulated"
"HNRNPABP1",1.00779791127886,0.0071267680870739,"Upregulated"
"HMGN1P12",1.82783897012467,0.00712969943778391,"Upregulated"
"LGALS7",1.31910119936335,0.00714540470455658,"Upregulated"
"ANAPC10P1",1.23647928065922,0.0071541499293145,"Upregulated"
"RPSAP22",1.11809450530187,0.00715823803481756,"Upregulated"
"AL356421.2",-1.60247802214132,0.00715941399046959,"Downregulated"
"LINC01198",1.45752891597599,0.00716096297748083,"Upregulated"
"AC073127.1",1.64912334835248,0.0071792784898682,"Upregulated"
"HMGB3P21",1.85382874866473,0.007186805615671,"Upregulated"
"TSBP1",1.11096965616671,0.007216444628129,"Upregulated"
"LINC02860",1.09380722184306,0.00721868779339057,"Upregulated"
"GJA10",2.02860535415365,0.00722422248766231,"Upregulated"
"RNA5SP364",1.11004980059527,0.00723870801694527,"Upregulated"
"UST-AS1",2.1753197589481,0.00724208547999778,"Upregulated"
"LYZL2",2.3475620016177,0.00724369775684594,"Upregulated"
"AC008438.2",-1.14694158242945,0.00724666391764991,"Downregulated"
"LINC01708",-1.20991232340966,0.00724688941488408,"Downregulated"
"AC021055.1",1.56965820522636,0.00726951253902236,"Upregulated"
"AC025576.2",1.85449534228566,0.00727312043109882,"Upregulated"
"EIF4A1P8",1.52646225556623,0.0072750304701306,"Upregulated"
"AP001783.1",1.16145256362859,0.0072957111572921,"Upregulated"
"ITPK1-AS1",1.24678436244615,0.00733562499983459,"Upregulated"
"APOL5",1.13500128398778,0.00735135002106552,"Upregulated"
"MRPS6P2",2.61818705624679,0.00735135002106552,"Upregulated"
"Y_RNA",1.12977827481083,0.00735202375914838,"Upregulated"
"AC118755.1",1.11739777922292,0.00737640117515354,"Upregulated"
"AL589644.1",1.14229766618743,0.00741479222662212,"Upregulated"
"WASF3-AS1",2.15270264393282,0.00742343015472828,"Upregulated"
"AL592043.1",2.20082907337025,0.00742686139703808,"Upregulated"
"AL359538.3",1.47476052450751,0.00743028475100707,"Upregulated"
"AC008761.3",2.02393567375166,0.00743244125620332,"Upregulated"
"AL163192.1",1.70080475403968,0.00744016145315385,"Upregulated"
"AC084819.1",1.81764697060327,0.00744016145315385,"Upregulated"
"Y_RNA",2.91342692418561,0.00746437167970242,"Upregulated"
"BMS1P17",1.3429134777314,0.00746928598393501,"Upregulated"
"AC004801.1",1.02337219364401,0.00747865935386612,"Upregulated"
"AC079416.4",2.91915494633949,0.00749235190289154,"Upregulated"
"MZT1P1",2.55295459697358,0.007506309659082,"Upregulated"
"AC002540.1",1.4587078856522,0.00750831513167993,"Upregulated"
"AL590302.2",1.97937570022266,0.00750901727135875,"Upregulated"
"AC016954.1",1.9335160131924,0.00751999834871576,"Upregulated"
"MTND5P26",3.11245143356485,0.00752217596502416,"Upregulated"
"AC005086.5",1.36090262507622,0.00752457716736259,"Upregulated"
"ASS1P11",1.15887052174383,0.00752654859396915,"Upregulated"
"MIR181B2",1.58232441422918,0.00753235059804206,"Upregulated"
"AC007220.2",1.236863609385,0.00754391347467593,"Upregulated"
"CFC1",-1.86139679351578,0.00756359228158034,"Downregulated"
"AL359893.1",1.41428289319447,0.00758121349386963,"Upregulated"
"PABPC1L2B",2.53125363201881,0.00758858794515722,"Upregulated"
"AC073508.1",-1.40614817774592,0.00758858794515722,"Downregulated"
"RNA5SP301",-1.07561911204559,0.00759391289027678,"Downregulated"
"ASZ1",1.07534502073188,0.00759444758840991,"Upregulated"
"FAM71C",1.74443495915205,0.00759444758840991,"Upregulated"
"LINC01823",1.13009947366316,0.00760186433403944,"Upregulated"
"AC009153.1",2.16621657441568,0.00761934897948553,"Upregulated"
"AP003733.1",1.07917381079632,0.00764082596773157,"Upregulated"
"AC060773.1",2.0315312801729,0.00764403582193508,"Upregulated"
"AP002075.1",1.6934150985454,0.0076521434042225,"Upregulated"
"TSNAX-DISC1",1.06665076228132,0.00767307479285692,"Upregulated"
"AC006116.8",1.27440601372881,0.00769582632637029,"Upregulated"
"MC2R",1.23906232533517,0.00769693854581817,"Upregulated"
"AL592078.2",1.62679307738745,0.0077113153553495,"Upregulated"
"Z82195.3",1.12551063120828,0.00771724165105927,"Upregulated"
"RNU6-593P",1.36840461858198,0.0077249746212874,"Upregulated"
"AC011504.1",-1.26881089617518,0.00772669050521471,"Downregulated"
"RPL21P32",1.29100202807024,0.0077721638155575,"Upregulated"
"AC007595.1",1.10795726526432,0.00778375587315505,"Upregulated"
"RNA5SP278",1.92206994663581,0.00779965180272882,"Upregulated"
"AL159159.1",2.44124129217294,0.00779965180272882,"Upregulated"
"AL035414.1",1.19788911817467,0.00781195787471051,"Upregulated"
"SMARCE1P2",1.24724288520237,0.00782499099693367,"Upregulated"
"SLC25A48-AS1",2.02084675099724,0.00783482133901594,"Upregulated"
"UCN3",1.05520801430315,0.00784856274552827,"Upregulated"
"AP000907.3",1.55165440063096,0.00785794585964545,"Upregulated"
"AC111000.4",1.7960910388349,0.00785896653996193,"Upregulated"
"SNORA70",1.16998068182076,0.00785980532154344,"Upregulated"
"AC008533.1",1.53887263347246,0.00785986221846553,"Upregulated"
"RNU6-414P",2.0842902331415,0.00787857962393497,"Upregulated"
"AL157886.1",1.73499151172914,0.00789735562871184,"Upregulated"
"SNORD18",1.37346088688438,0.00790434554519291,"Upregulated"
"AC055733.1",2.41070655874508,0.00790434554519291,"Upregulated"
"IGLVI-20",1.33052918015662,0.00790778228708113,"Upregulated"
"AC090109.1",-2.08315997426573,0.0079099852405091,"Downregulated"
"AC080132.1",1.23562999753607,0.00793123710695441,"Upregulated"
"KARS1P1",2.37648291560221,0.00794146693896101,"Upregulated"
"AC125612.1",2.29761224717607,0.00795617046779084,"Upregulated"
"LINC01531",1.09199049763085,0.00799717178663021,"Upregulated"
"LINC01574",1.86621324850479,0.00799871792938332,"Upregulated"
"TLE7",2.94916334814024,0.00800030011777252,"Upregulated"
"AL136310.1",1.04723584780922,0.00800083345022877,"Upregulated"
"AC023644.1",-1.05066639682256,0.00800637871420726,"Downregulated"
"PRB2",2.06584368487193,0.00801091265171187,"Upregulated"
"LINC01067",1.45292398685499,0.00803419105636554,"Upregulated"
"AC103987.1",1.68788385566332,0.00807790499235475,"Upregulated"
"TANK-AS1",2.26741593921881,0.00812387896908866,"Upregulated"
"RNU6-479P",1.46367665470411,0.00813054863677378,"Upregulated"
"CCDC39-AS1",-1.00943855907635,0.00814461706556528,"Downregulated"
"MORF4L1P3",1.04894374373321,0.00814713618599832,"Upregulated"
"AC007099.1",1.03753157646543,0.00815759717545671,"Upregulated"
"RNU6-2",1.38603747415878,0.0081600859747315,"Upregulated"
"RPSAP21",1.12823421894049,0.00816533948544295,"Upregulated"
"FLJ36000",2.66943869002867,0.00817758226524144,"Upregulated"
"AC007619.2",1.48302764540305,0.008221508709434,"Upregulated"
"TRAJ13",1.70653727586681,0.00825526569663604,"Upregulated"
"NLRP13",2.28664019651274,0.00825574607189299,"Upregulated"
"LINC01108",-1.07285800687824,0.00826166640426902,"Downregulated"
"AC008766.1",1.1968993062903,0.00828634985258506,"Upregulated"
"AC091046.1",1.30273190957093,0.00829875306853053,"Upregulated"
"CACNG3",1.35815693086835,0.00834472091441824,"Upregulated"
"RPL17P17",2.48081658836618,0.00835759768151997,"Upregulated"
"AL022151.1",1.39195322980843,0.00836243226855076,"Upregulated"
"SNRPFP4",1.12630453403276,0.00837338042416825,"Upregulated"
"CR391992.1",1.03394327367814,0.00837900788345008,"Upregulated"
"Y_RNA",1.10660417269216,0.00838134232260531,"Upregulated"
"GSX2",1.40528881468057,0.00839443117438157,"Upregulated"
"SDC4P",-1.1223048399988,0.00839583346043089,"Downregulated"
"AC119751.6",1.42632817383661,0.00841386060979767,"Upregulated"
"TRIM51EP",1.64114777230942,0.00842072779954404,"Upregulated"
"ATP5PBP7",1.63808887776233,0.00843078638588309,"Upregulated"
"MEIS1-AS3",1.01967446211162,0.00844143862059988,"Upregulated"
"AC102945.1",1.16301794187915,0.00845688555843435,"Upregulated"
"AC253536.4",1.3650521054042,0.00847901665065563,"Upregulated"
"TPM3P7",1.07664914447925,0.00848124232899995,"Upregulated"
"TCP10L2",1.21899723516402,0.00850079134993387,"Upregulated"
"AL390754.1",2.44674136278647,0.00850754065410947,"Upregulated"
"AC005695.2",2.33844140017639,0.00851177825517826,"Upregulated"
"VN1R54P",2.27890935374912,0.00852466948347485,"Upregulated"
"TPT1P14",1.27181635715512,0.0085278664328375,"Upregulated"
"AC008937.1",1.00120936679879,0.00853162887630605,"Upregulated"
"AC097639.2",2.73037945838483,0.00854931699876984,"Upregulated"
"RNU6-1062P",2.39356043741344,0.00854989471585373,"Upregulated"
"AL356320.1",1.45810097253452,0.00856126173464224,"Upregulated"
"DANT1",2.21096295631361,0.00858001216755562,"Upregulated"
"RPSAP51",1.47899252990375,0.00858772613876079,"Upregulated"
"MAST4-IT1",2.68754236796961,0.00859392129252672,"Upregulated"
"RNU6-82P",3.35043695736316,0.00861662799675299,"Upregulated"
"LINC01101",1.24969287741916,0.00861755136027415,"Upregulated"
"AL133259.1",1.27122624559656,0.00862933509485031,"Upregulated"
"DLGAP1-AS5",1.18415831209883,0.00863325238583751,"Upregulated"
"SCYGR10",1.71380140121043,0.00863689508364256,"Upregulated"
"OR2A4",1.29487624517197,0.008639407104396,"Upregulated"
"OR8G3P",2.45609496695215,0.00864872669335347,"Upregulated"
"RN7SL285P",1.63710370639514,0.00865582320387435,"Upregulated"
"AC010395.1",-1.21002075677518,0.0086571504834364,"Downregulated"
"AC104390.1",1.04021500544849,0.0086571504834364,"Upregulated"
"AC069439.2",-1.36356636820474,0.00865808567203043,"Downregulated"
"AC010332.2",1.40663810834691,0.00868278335169276,"Upregulated"
"AC084866.1",-1.30252346669389,0.00871859910586515,"Downregulated"
"AC005183.1",1.5164393486069,0.00873098568710535,"Upregulated"
"AL583722.3",1.25613329611287,0.00877585523728509,"Upregulated"
"AL008720.1",-1.29699395748248,0.00877585523728509,"Downregulated"
"FBXO36-IT1",1.74168845030063,0.00881779690911629,"Upregulated"
"MIR181A2",2.18902068298393,0.00885642784831222,"Upregulated"
"RPS27AP9",1.3372408780077,0.00886322350830803,"Upregulated"
"SHCBP1L",1.71246620401455,0.00886380604878677,"Upregulated"
"AC011242.1",1.74450399065569,0.00886601831473103,"Upregulated"
"AL391650.2",1.72712299256404,0.00886734033003686,"Upregulated"
"SNORD115",2.76629232273752,0.00890001292137279,"Upregulated"
"MIR125B1",1.61064293155113,0.00891031626833445,"Upregulated"
"SNORA72",2.31512472168655,0.00891097869341101,"Upregulated"
"LINC02881",-1.05170327669294,0.00891130094385529,"Downregulated"
"MIR4802",2.28074401180621,0.00891249414433909,"Upregulated"
"AC104407.1",-1.55916822628457,0.00892592003000248,"Downregulated"
"AC037479.1",1.27185641157444,0.00893912384592561,"Upregulated"
"AC093770.1",1.96291141579473,0.00894176631146913,"Upregulated"
"AC010359.1",3.4342112743773,0.00895752162479138,"Upregulated"
"ETDC",1.42204219201654,0.00897081037733633,"Upregulated"
"AL359538.1",1.12929900068819,0.00898291648885138,"Upregulated"
"PSMA2P1",1.67534688872373,0.00898826817811875,"Upregulated"
"ANKRD20A7P",-1.02855674077578,0.00900857575411262,"Downregulated"
"RNU7-170P",1.00754308992138,0.0090351331494575,"Upregulated"
"AC012100.3",1.57070585934355,0.00905822396599792,"Upregulated"
"RN7SL105P",1.4998410681591,0.00906075424544071,"Upregulated"
"GRM7-AS3",2.09645565069099,0.00908061714490297,"Upregulated"
"OR10A2",1.07772282926135,0.00912772658131342,"Upregulated"
"AP002371.1",1.15905179271434,0.00913414124790261,"Upregulated"
"AC008507.2",1.02350697802174,0.00914240887430805,"Upregulated"
"CERS3",1.03156197667415,0.00915573056532358,"Upregulated"
"HNRNPA3P15",1.2213534355575,0.00917992292890417,"Upregulated"
"AL162497.1",1.14257038642252,0.00919538523416253,"Upregulated"
"AC138761.1",1.74275817691006,0.00919695612308792,"Upregulated"
"CLSTN2-AS1",1.36878477643049,0.00920788630383411,"Upregulated"
"HCRT",1.26830627105118,0.00921654170294955,"Upregulated"
"AC112518.1",1.42759143573594,0.00923952168498848,"Upregulated"
"CYP4F60P",-1.12275501936138,0.00925513916680626,"Downregulated"
"RNA5SP247",1.31918183004677,0.00926001633474621,"Upregulated"
"AC020687.1",2.16849014220395,0.00926090558430766,"Upregulated"
"AC112236.3",1.02332429836244,0.00926121834272099,"Upregulated"
"RNU6-9",1.57853766911414,0.00929483955287868,"Upregulated"
"MTHFD2P7",1.01541361082543,0.0093262951784549,"Upregulated"
"DCDC2C",-1.10603947817552,0.00933739113911348,"Downregulated"
"AC002075.1",2.22310092134702,0.00934517957979028,"Upregulated"
"BUD31P2",1.08636459276438,0.0093464654363766,"Upregulated"
"AL031656.1",-2.07949271076741,0.00935998886236567,"Downregulated"
"RN7SL18P",2.90082552761778,0.00935998886236567,"Upregulated"
"AC097641.1",1.09904355028246,0.00936268971905847,"Upregulated"
"AL451123.2",1.31922408048048,0.00936332605801555,"Upregulated"
"MIR3140",3.52902247421092,0.00940615182472155,"Upregulated"
"RN7SL182P",1.54419145648771,0.00941113611649112,"Upregulated"
"Y_RNA",1.14648317375325,0.00941350980076732,"Upregulated"
"AL158216.1",1.0689326390144,0.00941908793862599,"Upregulated"
"KCTD9P1",1.70354593878831,0.00945811359795404,"Upregulated"
"AP003170.5",1.05435499510877,0.00945891667200223,"Upregulated"
"AC005104.2",1.95963738027466,0.00946574507835749,"Upregulated"
"RNU7-11P",2.03522503939221,0.00948764900196301,"Upregulated"
"RNU11-2P",2.97218383075967,0.00949510360023827,"Upregulated"
"MTCO2P20",-1.15764775807838,0.00950230866385127,"Downregulated"
"KRT9",1.4234332979004,0.00950790266104721,"Upregulated"
"AL451074.2",1.27327977904889,0.00951592747833796,"Upregulated"
"AC002351.1",1.38266962316109,0.00952949639071564,"Upregulated"
"AC093225.1",-1.60769561801964,0.00954885415718566,"Downregulated"
"AL138701.2",1.11965853227952,0.00954911808015596,"Upregulated"
"AC090802.1",2.99931381335732,0.0095695313085273,"Upregulated"
"AC023669.1",-1.00787676513381,0.00958788472637761,"Downregulated"
"Y_RNA",2.13472667190747,0.00959277580907879,"Upregulated"
"AL512326.5",1.7760394760997,0.00961097011725956,"Upregulated"
"AC122714.1",2.2273023160825,0.00963180604786743,"Upregulated"
"AC087318.1",1.20984415382738,0.00963828884335981,"Upregulated"
"AC126182.3",1.1936314757313,0.00967640392451231,"Upregulated"
"CR381670.2",1.29022689703246,0.00967838601289112,"Upregulated"
"AC096585.1",2.92468545758216,0.00969229062221156,"Upregulated"
"OR9A4",1.46173431657357,0.00970983758059207,"Upregulated"
"CIR1P2",1.38487296830772,0.00976198351273,"Upregulated"
"PAX1",1.28733850553292,0.00976446299082992,"Upregulated"
"SF3A3P2",1.01043453749427,0.00979765416126084,"Upregulated"
"FAM155A-IT1",1.85072054499203,0.00981377077161435,"Upregulated"
"KRT24",1.12393381557991,0.00981650607113463,"Upregulated"
"TRBV26OR9-2",-1.1377952640585,0.00982402953448871,"Downregulated"
"AC023050.5",1.09916512925864,0.00982402953448871,"Upregulated"
"RNU5A-8P",3.14816547098112,0.0098368541880148,"Upregulated"
"SAMD7",1.34234721028201,0.00989999578592902,"Upregulated"
"RNU6-1045P",2.44611436593172,0.00990503621944098,"Upregulated"
"RPL39P6",1.08379316750563,0.00992700882003386,"Upregulated"
"PMPCAP1",1.82740373193021,0.00993183066862767,"Upregulated"
"ANKRD62P1",1.62737622756519,0.00993204347413047,"Upregulated"
"AC093019.2",2.35226310171837,0.00993572442051088,"Upregulated"
"RABGAP1L-IT1",1.04378760216075,0.00996309620950463,"Upregulated"
"AC005304.3",1.32662545699498,0.00996948552364991,"Upregulated"
"SNORA70",2.85577850901525,0.00997437052309328,"Upregulated"
"Y_RNA",1.38308881074428,0.0100199763562652,"Upregulated"
"AC007598.1",1.86640714332749,0.0100406089310169,"Upregulated"
"AC106827.1",2.22210116926048,0.0100532596365691,"Upregulated"
"PGBD4P3",-1.19953158335004,0.0100749216244041,"Downregulated"
"AGXT2",1.40552330306833,0.0100819151784414,"Upregulated"
"AC097713.2",1.05438375360201,0.0100901226409017,"Upregulated"
"RN7SL715P",2.6753619296741,0.0100967729459055,"Upregulated"
"AP001893.2",1.40553747328403,0.0100971321732126,"Upregulated"
"LINC01142",1.05778361715895,0.0101155179189442,"Upregulated"
"AL805961.1",1.36843117271403,0.0101198936271417,"Upregulated"
"AC007683.3",1.89735886050832,0.0101356594646444,"Upregulated"
"MIR1972-1",1.16168660306043,0.0101391978142243,"Upregulated"
"TGM7",1.20077877207798,0.0101552575857855,"Upregulated"
"HNRNPA1P29",3.08180434306851,0.0101865289567062,"Upregulated"
"AC120036.2",1.24414914108587,0.0102020282721039,"Upregulated"
"SIRLNT",2.31602673889248,0.0102053342101256,"Upregulated"
"AC006065.1",1.61311149152933,0.0102399907973377,"Upregulated"
"AP000897.1",2.84802248346801,0.0102540028265103,"Upregulated"
"AC113146.1",2.15215746827982,0.0102732132536598,"Upregulated"
"AC244100.4",-1.47458898164233,0.0102914755614553,"Downregulated"
"SPATA16",1.87041142681451,0.0103379052707275,"Upregulated"
"RN7SL255P",1.92556840558888,0.0103427481360336,"Upregulated"
"STX8P1",1.33604686905767,0.010346835955407,"Upregulated"
"AL158151.1",1.17502835393289,0.0103509422304153,"Upregulated"
"BNIP3P9",1.1500081060227,0.0103825387155395,"Upregulated"
"NEUROG3",1.06033221210955,0.0103946221085103,"Upregulated"
"AC106707.2",2.34484629572467,0.0104326289046671,"Upregulated"
"AP002961.1",1.99101190906933,0.0104529800763318,"Upregulated"
"TATDN2P3",-1.05450457702195,0.0104545536202906,"Downregulated"
"AL033504.1",1.8001503261562,0.0104588591898183,"Upregulated"
"AC105398.1",-1.06555015965627,0.0104603073230315,"Downregulated"
"RN7SL541P",1.14989246385302,0.0104688931184614,"Upregulated"
"AC019257.9",1.19056668725364,0.0104806216133797,"Upregulated"
"AF107885.1",1.55932399059965,0.0104811524402194,"Upregulated"
"BNIP3P29",1.32545360180401,0.0105187366507981,"Upregulated"
"AC104809.1",-1.03746827205407,0.0105490162942302,"Downregulated"
"DUSP8P1",1.16546797793325,0.0105559390020091,"Upregulated"
"PIMREGP4",2.28428922550662,0.0105599494830956,"Upregulated"
"SLC9A9-AS1",2.9040299227495,0.0106051620803889,"Upregulated"
"AC016559.1",2.13157138545354,0.0106069328854504,"Upregulated"
"AC123595.1",1.17971723183779,0.0106081172879367,"Upregulated"
"RN7SL740P",1.45526431557312,0.0106130562901231,"Upregulated"
"RDH8",1.50404729690218,0.0106270478649802,"Upregulated"
"IGHJ1P",1.16875134006436,0.0106465664029896,"Upregulated"
"TRAJ16",1.47502892906972,0.0106583165034006,"Upregulated"
"DCAF8L1",2.15173894541586,0.0106682138501989,"Upregulated"
"RPS13P4",2.08701397052424,0.0106697022008891,"Upregulated"
"TRAJ21",2.14522765217365,0.0106702931455788,"Upregulated"
"RBPMSLP",1.63445699512798,0.0106912929894897,"Upregulated"
"AL031663.1",-1.56996319606746,0.0107713556167016,"Downregulated"
"MIR26B",1.03047470717941,0.0107948272781679,"Upregulated"
"AC016642.1",1.23447640385103,0.0108167925803917,"Upregulated"
"AC066615.1",1.37004185834702,0.0108931249303163,"Upregulated"
"AC011676.3",1.42198274834115,0.0108971538280579,"Upregulated"
"KCNH5",1.44528572408487,0.0109027971823663,"Upregulated"
"Y_RNA",1.13705530127297,0.0109118766783034,"Upregulated"
"AC116025.1",1.13483750024115,0.0109233209632213,"Upregulated"
"AC133550.1",1.23281994572334,0.010926855772746,"Upregulated"
"B4GALT4-AS1",1.34049969951658,0.0109387647411146,"Upregulated"
"KRTAP9-1",1.43979402665452,0.0109450558734262,"Upregulated"
"RN7SL68P",1.24580522224768,0.0109450558734262,"Upregulated"
"AC016644.1",1.16286838564387,0.0109459685856796,"Upregulated"
"LINC01483",1.07699875151351,0.0109466669584079,"Upregulated"
"AP000753.3",2.15614114256702,0.0109610564298894,"Upregulated"
"RN7SKP185",1.71550438620975,0.0109729286174495,"Upregulated"
"BTNL3",-1.25089501624396,0.0109985047557321,"Downregulated"
"AC063977.5",1.12148917952269,0.0110121210833252,"Upregulated"
"MAGEA8-AS1",1.26035316645782,0.0110288374544848,"Upregulated"
"AC009656.1",2.22635438168788,0.0110483058236386,"Upregulated"
"AC010468.1",2.16423182682348,0.0110507046137406,"Upregulated"
"IGHD1-1",1.12345212034977,0.0110733826171045,"Upregulated"
"OR5AU1",1.3359366157193,0.0110755321784865,"Upregulated"
"LINC00443",-1.01381773322963,0.0110813955989218,"Downregulated"
"AL358333.2",2.82534941300257,0.0110903209999844,"Upregulated"
"AC105460.1",1.83557424608676,0.011099504413278,"Upregulated"
"AL022334.1",1.15986700829817,0.0111111050873444,"Upregulated"
"RPL19P14",1.92145446379947,0.0111242019556731,"Upregulated"
"RPL23AP40",2.37349344911375,0.0111588670458819,"Upregulated"
"AC093334.1",-1.08913965733462,0.0111628110775978,"Downregulated"
"AC022201.1",2.01284613886704,0.0111629784598693,"Upregulated"
"AC104333.4",1.70128608735652,0.0111830534581044,"Upregulated"
"AC006254.3",1.54816335130427,0.0112093117549538,"Upregulated"
"FAM204CP",2.45763054944901,0.0112201999684616,"Upregulated"
"LINC02406",1.77328950856346,0.0112222372322398,"Upregulated"
"RCC2P4",1.93280016358308,0.0112476325824743,"Upregulated"
"AC069061.2",2.7982050838979,0.0112480970134188,"Upregulated"
"AL132775.2",1.6944641618651,0.0112502732987344,"Upregulated"
"AC025614.2",1.29698752474139,0.0113294688406634,"Upregulated"
"RNU2-52P",1.30502459997371,0.0113584348842743,"Upregulated"
"RN7SL482P",2.08382463206846,0.0113674874975993,"Upregulated"
"AP000962.1",2.10483548069655,0.0113915339003168,"Upregulated"
"AL358613.2",1.13499500588403,0.0114135237166573,"Upregulated"
"AL022334.2",-1.24125060060447,0.0114168894880245,"Downregulated"
"AL359551.1",1.58896212123028,0.0114534551380605,"Upregulated"
"RPS24P13",1.15533990676787,0.0114663503001302,"Upregulated"
"TRIM49",1.81288550825615,0.0114754316670474,"Upregulated"
"AC073347.1",2.34543711778339,0.011476539889848,"Upregulated"
"MIR571",1.22894660395013,0.0114846498326289,"Upregulated"
"AL138847.1",1.04894107160379,0.0114883775666267,"Upregulated"
"LINC00350",1.19951567974441,0.0115041703286921,"Upregulated"
"AC144521.1",3.05536767411394,0.0115838285431122,"Upregulated"
"PEBP1P3",1.09457125630353,0.0115891889423039,"Upregulated"
"RN7SL301P",1.7658528090189,0.0116085160318247,"Upregulated"
"AP003721.2",1.02284434968959,0.0116324032352636,"Upregulated"
"AL442128.1",1.70550544297562,0.0116368687132712,"Upregulated"
"EEF1DP5",1.49195592434329,0.011651127442406,"Upregulated"
"AL355297.1",2.23479903807437,0.0116951722359337,"Upregulated"
"FANCD2P2",1.3461817040989,0.0117621058805191,"Upregulated"
"AC012462.3",1.08326178057468,0.0117664172978164,"Upregulated"
"RNA5SP44",1.62570146201444,0.0117787726465011,"Upregulated"
"AC010424.3",1.45599544348384,0.0117904809426522,"Upregulated"
"ENPP7P5",1.13392456856064,0.0118022201088468,"Upregulated"
"KRTAP29-1",1.07062159059871,0.0118105297197105,"Upregulated"
"MIR202HG",-1.13057797384286,0.011830165129356,"Downregulated"
"AL445985.2",1.06206703089459,0.0118653953489623,"Upregulated"
"AC244131.2",2.36962110812458,0.0119507602021023,"Upregulated"
"TRAJ7",1.59558903751296,0.011970009615251,"Upregulated"
"AL133481.1",1.35129746555475,0.0119731807264196,"Upregulated"
"HIGD1AP16",1.25419069496925,0.0119804254119797,"Upregulated"
"RNU4-48P",1.27413113576973,0.0119851532916557,"Upregulated"
"AP003497.2",1.59996560394147,0.0120284071619925,"Upregulated"
"AC008764.10",1.42534027101522,0.0120311225549317,"Upregulated"
"RN7SKP235",1.90687888038437,0.0120378175615206,"Upregulated"
"AP001775.2",1.34146663592529,0.0120407424122056,"Upregulated"
"MARCKSL1P2",1.03823818887434,0.0120483847271606,"Upregulated"
"LINC02507",1.13699763985232,0.0120498290823619,"Upregulated"
"RNU6-1069P",1.11739479767037,0.0120599815959486,"Upregulated"
"RN7SKP79",3.44780237306036,0.012113243318273,"Upregulated"
"ODF3",1.30925177455857,0.0121211014943876,"Upregulated"
"AC016542.2",1.46750309996919,0.0121233044370881,"Upregulated"
"AC092821.2",1.07423524466736,0.0121471052805257,"Upregulated"
"TAS2R43",1.17785173864826,0.0121593913947965,"Upregulated"
"AL121888.1",1.19206259994708,0.0121645150292896,"Upregulated"
"OBP2B",1.36726902452046,0.0121693458391783,"Upregulated"
"KRT17P3",1.09517536355931,0.0121961845621325,"Upregulated"
"AP000962.2",1.68896019633513,0.0122234316515139,"Upregulated"
"AC090282.1",1.21243944863039,0.0122256883887744,"Upregulated"
"FRMD6-AS2",-1.30338683502049,0.0122314351076338,"Downregulated"
"AP001341.1",1.29437438110251,0.0122353240214272,"Upregulated"
"AC007731.3",1.27970267292284,0.0122355081514837,"Upregulated"
"ADAM6",3.13718801103971,0.0122444592708798,"Upregulated"
"SNORD62A",1.0950052100903,0.012245558024521,"Upregulated"
"AC012555.2",2.29255548466576,0.0122558234311655,"Upregulated"
"AC022440.1",1.06573080907226,0.012270785993084,"Upregulated"
"AC079790.1",-1.27954452564918,0.0122960601515164,"Downregulated"
"AC079780.1",1.04372104391577,0.0123085629479812,"Upregulated"
"MTCO1P29",1.16545705877363,0.0123099784450029,"Upregulated"
"AC022022.1",2.18871956010921,0.0123290997189616,"Upregulated"
"AC008551.1",1.11207419177696,0.0123366721579152,"Upregulated"
"AC005740.2",1.20084666684636,0.0123382077506663,"Upregulated"
"AC130650.1",1.30786681547997,0.0123411769325945,"Upregulated"
"CRISP2",-1.00782840016278,0.0123425223045704,"Downregulated"
"USP26",1.10496123882653,0.0123456089343285,"Upregulated"
"SUB1P4",1.04083403847795,0.0123456766452117,"Upregulated"
"RNU6-564P",1.14858591709888,0.0123505243026949,"Upregulated"
"RNA5SP156",1.8542395556193,0.0124104556035041,"Upregulated"
"AC114550.3",1.46832658462831,0.0124249849087093,"Upregulated"
"Y_RNA",1.30032122073569,0.0124286048639442,"Upregulated"
"RNU6-57P",1.75467413340378,0.0124307858102457,"Upregulated"
"AC108063.2",1.2181625946941,0.0124550517091556,"Upregulated"
"MYRF-AS1",1.09507979013897,0.0124644539620851,"Upregulated"
"AC110801.1",1.45251188601402,0.0124856875442935,"Upregulated"
"RN7SL346P",1.85967305427287,0.01253614497511,"Upregulated"
"AC109597.1",2.0458861563324,0.0125486671839161,"Upregulated"
"ARMC8P1",1.37540165458623,0.0125599371589306,"Upregulated"
"AC022616.1",1.73174867867434,0.012578808005714,"Upregulated"
"RNU6-484P",1.1225499465856,0.0126104479948093,"Upregulated"
"ABBA01000935.2",-1.16630449516527,0.0126265195292073,"Downregulated"
"AC058823.1",2.32283435018516,0.012634766956717,"Upregulated"
"AC078842.1",1.26002640908446,0.0126619598866068,"Upregulated"
"RNU6-376P",-1.06839689178757,0.012682489892621,"Downregulated"
"RNU6-36P",1.66875746388151,0.0126913176625398,"Upregulated"
"AL121935.3",1.20711467372832,0.0126931994181949,"Upregulated"
"Y_RNA",2.55812195486959,0.0126968057122549,"Upregulated"
"GLYATL1P4",1.39470191763552,0.0127059930188914,"Upregulated"
"AP001330.1",-1.12400145207481,0.0127315611683914,"Downregulated"
"RN7SL792P",2.02769861424003,0.01275685823502,"Upregulated"
"PLS1-AS1",2.20308920564506,0.0127854974275207,"Upregulated"
"AC109811.1",1.60395633277245,0.012797745679746,"Upregulated"
"AL355493.1",1.23272430243898,0.0128050043335421,"Upregulated"
"AC025647.1",1.13721525479895,0.0128146566374414,"Upregulated"
"AC009560.4",1.18334652574187,0.0128147203154968,"Upregulated"
"RN7SL660P",2.05120269526156,0.0128459138980881,"Upregulated"
"AC023385.1",3.14787321243766,0.0128514430186939,"Upregulated"
"AC013714.1",1.19872595169949,0.0128650935754763,"Upregulated"
"AC093423.1",2.18425785324627,0.0128836738320654,"Upregulated"
"PCAT5",1.34947494678371,0.012897172129215,"Upregulated"
"AL445209.1",1.68791587641675,0.0129105093120554,"Upregulated"
"AC024940.5",1.03031729599275,0.0129478723752914,"Upregulated"
"RN7SL454P",1.8539762341143,0.0129565054428409,"Upregulated"
"AC097375.5",1.04338335962034,0.0129676376070073,"Upregulated"
"AL133318.1",2.87578218854748,0.0129918352244067,"Upregulated"
"LINC02307",2.07840673887068,0.0129957284773954,"Upregulated"
"RN7SL756P",2.07762039491188,0.0130131203619582,"Upregulated"
"BUB1B-PAK6",1.11827580809852,0.0130465453225702,"Upregulated"
"AP002833.2",2.26559830965682,0.013054752135118,"Upregulated"
"OR51M1",1.65672050791218,0.0130859410222051,"Upregulated"
"RNU7-13P",1.62359845881708,0.013092998640163,"Upregulated"
"GABRB1",1.35468736851648,0.0131209556842729,"Upregulated"
"RPTN",1.61160167911392,0.0131245847911925,"Upregulated"
"AC005726.1",1.0346561723588,0.0131414515287321,"Upregulated"
"AC018712.1",1.41456160347949,0.0132275187226169,"Upregulated"
"AL589655.1",3.38306721157685,0.0132318577497288,"Upregulated"
"AL357972.1",1.199727995801,0.0133121479821504,"Upregulated"
"MT-TS2",1.17309388394441,0.0133140486442541,"Upregulated"
"KRTAP5-4",1.38492701206852,0.0133438869634145,"Upregulated"
"AL008638.6",1.05533324452045,0.0133455400380677,"Upregulated"
"OR7E155P",-1.33239227161309,0.0133463978556576,"Downregulated"
"IFNL4P1",1.95962703099383,0.0133605196907991,"Upregulated"
"AC122718.2",1.08927338971105,0.01337974374172,"Upregulated"
"CBLN2",1.05090369159623,0.0134254985540564,"Upregulated"
"RPL12P20",1.49463667947366,0.0135065540079909,"Upregulated"
"RNU7-79P",2.84539810484727,0.013507049805377,"Upregulated"
"MIR5690",1.41315741675337,0.0135347148508965,"Upregulated"
"RNU2-59P",3.23277860156232,0.0135744918851737,"Upregulated"
"LGALS9DP",1.00339623502334,0.0135759432108311,"Upregulated"
"MTCO2P11",1.4883775738609,0.0135990225018883,"Upregulated"
"AL137071.1",1.99743704373735,0.0136411312396215,"Upregulated"
"SRPK2P",1.41521699214261,0.0136451406609956,"Upregulated"
"AC040975.1",1.489403132706,0.0136586217668307,"Upregulated"
"MIR4296",1.94747078264326,0.0136621702850159,"Upregulated"
"NDUFAF2P2",1.12506306283844,0.0136804227754779,"Upregulated"
"THUMPD3P1",2.2011929754754,0.0136861418497438,"Upregulated"
"CCKBR",1.01074629246648,0.0137030349645535,"Upregulated"
"AC020891.1",-1.10849177443255,0.0137063505735269,"Downregulated"
"AC117383.1",1.22375807733922,0.0137297214207422,"Upregulated"
"CR589904.1",1.75686757430214,0.0137297214207422,"Upregulated"
"AC023347.1",2.13665693943815,0.013739076613984,"Upregulated"
"AC007728.1",1.25594114510091,0.0137730535521662,"Upregulated"
"TRAJ9",1.49346740356502,0.0138045174083717,"Upregulated"
"PKMP2",1.00116444542385,0.0138479309136251,"Upregulated"
"AC022872.1",1.21966525079954,0.0138535850671885,"Upregulated"
"AC136475.6",1.29789894355282,0.0138591368361537,"Upregulated"
"RGSL1",1.22533408237374,0.0138597394813592,"Upregulated"
"KRTAP5-6",1.04257699060932,0.0138648661825476,"Upregulated"
"RNU6-450P",1.18106230003974,0.0138930191402223,"Upregulated"
"AC092127.2",1.04920748648889,0.0138953119672526,"Upregulated"
"SNRPCP19",1.27443580262257,0.0138989835634434,"Upregulated"
"AL606534.2",2.90222518013998,0.0139062697360321,"Upregulated"
"SPRR2E",1.7890829020169,0.0139071744378198,"Upregulated"
"AC105101.1",-1.04379754425284,0.0139738569468229,"Downregulated"
"AL591926.7",1.32315138411038,0.0140253348689206,"Upregulated"
"LINC01120",1.26796508495505,0.0140299305674109,"Upregulated"
"AL031767.2",1.39905109023482,0.0140309090499603,"Upregulated"
"PRKG2-AS1",1.95414083468867,0.0140476154280565,"Upregulated"
"RPS15AP13",2.44208838106558,0.0141520298165907,"Upregulated"
"AC009682.1",2.08352123998723,0.0141668785749916,"Upregulated"
"AC119150.2",1.00731237398147,0.0141844630157429,"Upregulated"
"AC091047.1",2.06258257715335,0.0142232263567503,"Upregulated"
"AL353726.2",1.52195277479109,0.0142232263567503,"Upregulated"
"BTBD9-AS1",1.04566480715183,0.0142780417767654,"Upregulated"
"AL133163.3",1.27616124663808,0.0143056804918533,"Upregulated"
"AC010624.4",-1.15482855665453,0.0143059894390294,"Downregulated"
"PPP1R11P2",1.89309831727882,0.0143396241638846,"Upregulated"
"HS6ST2-AS1",2.20033321877462,0.0143813641279395,"Upregulated"
"RPS20P9",1.67718204684133,0.0143921893521504,"Upregulated"
"AC073592.9",1.17917177109279,0.0144269901858155,"Upregulated"
"AC020910.2",1.02466716266757,0.0144758337591933,"Upregulated"
"AC116609.1",1.48216695859692,0.0144806331860231,"Upregulated"
"AL513478.4",-1.11055209445389,0.0144898092763278,"Downregulated"
"RNU6-876P",1.81365041728778,0.0144902366215968,"Upregulated"
"RNU1-19P",2.40725969544566,0.0145133640259483,"Upregulated"
"RNU6-1170P",1.65886619456622,0.0145227153931548,"Upregulated"
"CLUHP10",1.25065012427425,0.0145279277025716,"Upregulated"
"AL353637.2",2.26185018145546,0.01456973432835,"Upregulated"
"MAPT-AS1",1.07040132621358,0.0145776943645018,"Upregulated"
"AC027313.1",1.50800525773439,0.0146196029643589,"Upregulated"
"AC008833.1",3.18824077139092,0.0146321739827655,"Upregulated"
"RN7SL308P",3.05697987110167,0.014698533164875,"Upregulated"
"RNA5SP33",2.53557564272882,0.0147178075555794,"Upregulated"
"VPS26AP1",1.15632218038542,0.0147679355533446,"Upregulated"
"MIR194-1",1.51927811622088,0.0147887461211103,"Upregulated"
"Y_RNA",2.14645079759484,0.0147938899936247,"Upregulated"
"AP003168.1",2.49946292132456,0.0147938899936247,"Upregulated"
"RNU6-1025P",1.76038596096013,0.0147973582360946,"Upregulated"
"SNORD116",1.65455444070054,0.0147984752016423,"Upregulated"
"AC008459.1",2.71208825562169,0.0148531291478743,"Upregulated"
"LINC02444",1.60949330649086,0.0148547540025736,"Upregulated"
"AL117341.1",3.12642802890436,0.0148664988068216,"Upregulated"
"AC117422.1",1.33467955369645,0.0148809878735402,"Upregulated"
"FDPSP3",1.23785003419018,0.014925076418626,"Upregulated"
"AC116348.2",1.3194550238938,0.0149350672219143,"Upregulated"
"AP001042.2",1.42026416280855,0.0149400646379409,"Upregulated"
"AL354811.1",1.02122237605162,0.014994354581629,"Upregulated"
"MIR604",1.69769802484963,0.0150324814940027,"Upregulated"
"AC132825.4",2.32236653676846,0.0150863764045525,"Upregulated"
"AC090617.2",1.54241780151644,0.0150865353706774,"Upregulated"
"RNU7-124P",2.58077338876017,0.0151065967046534,"Upregulated"
"AL355852.1",2.29847402910424,0.0151142724054523,"Upregulated"
"WWOX-AS1",1.16023590172896,0.0151471667111761,"Upregulated"
"AL512655.1",1.52649181503134,0.0151519101379885,"Upregulated"
"AL109933.5",-1.09619375838388,0.0151843768020927,"Downregulated"
"AP004372.1",-1.79035261149219,0.0151911857234886,"Downregulated"
"AC092910.2",3.28276951862729,0.015223783048996,"Upregulated"
"HMGB4",2.41315758560275,0.015239011046795,"Upregulated"
"ARL4AP3",1.60437428650891,0.015284124749033,"Upregulated"
"AC007387.1",1.08139929344032,0.0153114177163973,"Upregulated"
"AC092445.1",1.04374208523282,0.0153249985239991,"Upregulated"
"PRR9",-1.71470950829663,0.0153803767683635,"Downregulated"
"AC069079.1",3.43583627826631,0.0153831866751125,"Upregulated"
"IGHV1OR16-2",1.27540098933582,0.0154037395582711,"Upregulated"
"AQP12B",2.08429982802477,0.0154295600897425,"Upregulated"
"AC093416.2",1.00033932309193,0.0154662082871266,"Upregulated"
"LINC01553",1.15253737394841,0.0154847220526557,"Upregulated"
"Metazoa_SRP",1.03458336957782,0.0155083752080456,"Upregulated"
"IGHV3-29",1.29044611003034,0.0155676066328773,"Upregulated"
"LINC02008",1.94057472242887,0.0156558902922771,"Upregulated"
"AC005019.2",1.43361234334077,0.0156739458060516,"Upregulated"
"AC073114.1",1.15814660208013,0.0156771694129184,"Upregulated"
"AC120498.7",2.82825741181,0.0157102174924816,"Upregulated"
"AC011471.2",1.49865760944754,0.0157425504568503,"Upregulated"
"AL591767.1",1.08666469213789,0.0157438502309206,"Upregulated"
"AC094103.1",1.15829933410323,0.0157536978810499,"Upregulated"
"AC022919.1",1.53000627266397,0.0158062097756477,"Upregulated"
"AC026316.5",-1.10385377911014,0.0158062097756477,"Downregulated"
"AP001970.1",2.45659992601185,0.0158329073442418,"Upregulated"
"AL589863.1",2.80533250706421,0.0159076204301634,"Upregulated"
"CYP2A13",-1.09467432658954,0.0159502672803361,"Downregulated"
"AL136320.1",1.44545542088202,0.0159617241152616,"Upregulated"
"LINC01310",-1.07740710810925,0.016017238210821,"Downregulated"
"AC126175.2",1.43193163154604,0.0160173125305304,"Upregulated"
"AC018616.1",1.67925893314393,0.0160682562488415,"Upregulated"
"LINC00113",-1.01320684707971,0.0160845192372432,"Downregulated"
"Y_RNA",1.03799613840983,0.0160845560348469,"Upregulated"
"NR1H4",1.07571654823089,0.0160887060870501,"Upregulated"
"RNVU1-33",2.74265528237092,0.0160903589341027,"Upregulated"
"AC022509.5",1.81697955391973,0.016154359839869,"Upregulated"
"PPP1R2P10",2.81349497140238,0.0162320407904379,"Upregulated"
"RPS29P14",1.06964702485501,0.016254346490298,"Upregulated"
"TBCAP3",1.14911049028327,0.0162594047320118,"Upregulated"
"LIN28B-AS1",1.46527031619276,0.0162681070558999,"Upregulated"
"Y_RNA",2.1429126598445,0.0163027298829065,"Upregulated"
"AC010307.3",1.42730564504952,0.01631352753879,"Upregulated"
"AP002967.1",2.5942080246773,0.0163351342137123,"Upregulated"
"MRPL42P2",-1.11458149794837,0.0164148841669327,"Downregulated"
"AC008505.1",2.03625259418753,0.0164312494302754,"Upregulated"
"H2BW1",2.2680705780897,0.0165028683390411,"Upregulated"
"ZEB2P1",1.17736771830998,0.0165619663909067,"Upregulated"
"BANF1P4",1.28590218051499,0.0165700855685664,"Upregulated"
"TRAJ36",1.63565557718042,0.0165724971776093,"Upregulated"
"MAGEB16",2.84771256488034,0.0165858043368131,"Upregulated"
"AL445523.1",3.3645136510937,0.0165895749013259,"Upregulated"
"IGKV1-32",1.23153592939044,0.0166009256343512,"Upregulated"
"AP000997.2",1.46744272111596,0.0166116671743784,"Upregulated"
"AL133405.2",1.09168225066744,0.016660325748242,"Upregulated"
"RNA5SP168",2.5104296323123,0.0168251010894058,"Upregulated"
"RNU7-41P",1.52764161523288,0.0168581371376514,"Upregulated"
"AC078922.1",1.24040472120681,0.0168581371376514,"Upregulated"
"AL450344.1",1.96478188050973,0.0168622921646644,"Upregulated"
"RN7SL630P",2.62657791829163,0.0168635130241939,"Upregulated"
"SNRPFP2",1.06094615614102,0.0168664690649524,"Upregulated"
"NUDT19P5",1.62779832466251,0.0168669834358662,"Upregulated"
"AC106794.2",2.24395241134497,0.0168881651908307,"Upregulated"
"COX6B1P4",-1.11557091145271,0.0169033335987221,"Downregulated"
"LINC01555",1.2730854386242,0.0169194960616937,"Upregulated"
"AC017099.1",2.78568561591043,0.0169654019051616,"Upregulated"
"LINC02262",1.82859193743053,0.0169850705371751,"Upregulated"
"AC090023.1",2.4386836083997,0.0170717804755001,"Upregulated"
"AL357568.1",2.02115232509284,0.0170791376689293,"Upregulated"
"AC084277.1",-1.38463002944644,0.0170870936504436,"Downregulated"
"RN7SL683P",2.68554954316618,0.0171214748726944,"Upregulated"
"RNU6-920P",1.43493516975999,0.0171448997809036,"Upregulated"
"RPL7L1P11",1.06251050447233,0.0171501630119556,"Upregulated"
"RNU6-969P",1.06725278192263,0.017176318335525,"Upregulated"
"AC100781.1",-1.83688716276412,0.0171910634808817,"Downregulated"
"Y_RNA",2.04013139329132,0.0171933186164279,"Upregulated"
"AC116353.1",1.13080304902273,0.0172123536576591,"Upregulated"
"KRT8P25",1.07250222407176,0.0172691442525303,"Upregulated"
"RPS20P31",1.50959455851701,0.0172869981084746,"Upregulated"
"LATS2-AS1",2.26583920377549,0.0173155319867962,"Upregulated"
"AL121776.1",1.40151874146695,0.0173479839175699,"Upregulated"
"RPSAP41",1.01534934848518,0.0173693008580796,"Upregulated"
"LARGE-AS1",1.16471393890458,0.0173873071352907,"Upregulated"
"LINC01022",1.77541463046183,0.0174072366462001,"Upregulated"
"AC083836.1",1.79079602309287,0.0174684882465154,"Upregulated"
"AC007656.1",1.40803260765631,0.0174700977458725,"Upregulated"
"AC124312.4",1.3824349997871,0.0174746054661081,"Upregulated"
"AL133406.1",1.08131416016525,0.0174824155284137,"Upregulated"
"AC108472.1",1.10768797691082,0.0175437765925895,"Upregulated"
"AC244517.12",1.08060073440124,0.0175675914089787,"Upregulated"
"AC108690.1",1.13462269655922,0.0175759173024438,"Upregulated"
"AC092954.1",-1.13085975499452,0.0175968650559521,"Downregulated"
"AC013437.1",3.05962098113265,0.0176118317901853,"Upregulated"
"LINC02181",1.03665015781458,0.0176890158964912,"Upregulated"
"OR7E39P",1.57284642184373,0.0177723937537706,"Upregulated"
"ETS1-AS1",2.01443655459807,0.0178687641547998,"Upregulated"
"RPL39P14",1.21497756456305,0.017880663344159,"Upregulated"
"RBBP8P1",1.31218284509562,0.0178935121062821,"Upregulated"
"CYP4F32P",1.02216501438589,0.0179231944713636,"Upregulated"
"AC006450.3",1.75866476887629,0.0179505772051965,"Upregulated"
"MIR3619",1.85876272843941,0.0179718125791146,"Upregulated"
"U3",1.34019679528278,0.017985195303698,"Upregulated"
"LINC02522",1.94400194947275,0.0180016602626421,"Upregulated"
"AL591135.2",1.18503781914548,0.0180691799483766,"Upregulated"
"AC026336.2",2.07649520176351,0.0180763748107833,"Upregulated"
"PALLD-AS1",2.21403562959237,0.0180772099367474,"Upregulated"
"AL139039.1",1.07780055367936,0.0180796420205766,"Upregulated"
"Y_RNA",2.49842674629765,0.018136032272335,"Upregulated"
"AL390778.1",-1.15728749498926,0.018138313627412,"Downregulated"
"AL136981.4",1.22362312273823,0.0181456300327623,"Upregulated"
"RPL12P24",2.47025925866686,0.0181861992050989,"Upregulated"
"DMBT1L1",1.46790115008565,0.0182282884744845,"Upregulated"
"AC004828.1",1.19084152488679,0.0182425690636821,"Upregulated"
"MIR548K",2.41142809772244,0.0182970967804087,"Upregulated"
"ANKRD63",1.05972454972427,0.0183121071427539,"Upregulated"
"KRTAP1-1",1.79620169401006,0.0183760211885551,"Upregulated"
"Y_RNA",2.7144302801054,0.0183980879978495,"Upregulated"
"VENTXP6",1.32190630571582,0.0184002785578051,"Upregulated"
"LINC01995",1.29465077047248,0.018407728837398,"Upregulated"
"FAM242A",1.66817463564905,0.0184384513072776,"Upregulated"
"ARHGAP19-SLIT1",1.14786985825552,0.0185452693013618,"Upregulated"
"AC025164.2",2.06595251741552,0.0185452693013618,"Upregulated"
"YBX1P3",2.29740263568518,0.0185622697785261,"Upregulated"
"Y_RNA",2.09871931157756,0.0185948679705222,"Upregulated"
"AC004980.4",-1.34100581727269,0.0186064325148175,"Downregulated"
"AC004672.2",1.40738976004258,0.0186106251063361,"Upregulated"
"AC242426.1",1.23232629127458,0.0186463402530662,"Upregulated"
"RNU6-1297P",1.26167324490684,0.0187207648507489,"Upregulated"
"AL135929.2",1.64312839678821,0.0187241049332804,"Upregulated"
"RPL39P26",2.20626548860423,0.0187244380403425,"Upregulated"
"SULT6B2P",-1.07013543916626,0.0187320454185783,"Downregulated"
"Y_RNA",2.57774299195982,0.0188156284170313,"Upregulated"
"AC093599.1",1.1108467959311,0.0188245956686897,"Upregulated"
"RN7SL399P",1.1913921394182,0.0188989492784926,"Upregulated"
"RNU4-36P",1.28525041724482,0.0189255726151216,"Upregulated"
"AC096775.1",1.95249663546211,0.0189255726151216,"Upregulated"
"DSCR4",2.91841681330597,0.0189353110880224,"Upregulated"
"RUNX2-AS1",1.89041376862503,0.0189403087177267,"Upregulated"
"AC107385.2",1.04353303895135,0.0189498590180927,"Upregulated"
"RNU6-1285P",1.00608399577116,0.0189666868112894,"Upregulated"
"AC093019.1",1.25021820683971,0.0189887484327621,"Upregulated"
"MTND6P5",1.50733601865332,0.0189887484327621,"Upregulated"
"NBPF22P",1.54228986388615,0.0190070014191192,"Upregulated"
"AC025470.1",-1.10030325615815,0.019034331886848,"Downregulated"
"P4HA3-AS1",1.08089815073321,0.0191817546796198,"Upregulated"
"AC006927.5",1.36081761485203,0.0191842921074675,"Upregulated"
"CTXN3",1.28714240926424,0.019195561702139,"Upregulated"
"Z94277.1",1.02098869525992,0.0192255443199818,"Upregulated"
"AC091614.1",1.0228373711615,0.019237572601426,"Upregulated"
"TAAR1",1.45349228978706,0.0192437188038609,"Upregulated"
"TRIM49C",1.42254932029852,0.0193041060585171,"Upregulated"
"AC124290.2",2.34622148261637,0.0193918450080532,"Upregulated"
"AL161938.1",1.91127630032805,0.0193942849906319,"Upregulated"
"OR5P2",-1.46673856054948,0.0193964432496278,"Downregulated"
"AC078828.1",1.62816759901937,0.0194024585116273,"Upregulated"
"AC087490.1",1.83423780329499,0.0194120896639494,"Upregulated"
"AL158829.1",1.28291543930869,0.0194394649424693,"Upregulated"
"FAM224B",1.45546258883124,0.019480958101125,"Upregulated"
"C20orf141",1.65495124863883,0.0194859413056989,"Upregulated"
"ITCH-AS1",1.43338942235283,0.0194993486360695,"Upregulated"
"EPHA5-AS1",1.60615358661203,0.0195045209640449,"Upregulated"
"AC239860.3",1.28966270090845,0.0195447389923247,"Upregulated"
"AC137770.1",1.04717468817415,0.0196201258971227,"Upregulated"
"TRAJ22",1.92739387911683,0.0196417350100448,"Upregulated"
"AC023905.1",1.72667484650992,0.0196549064795085,"Upregulated"
"LINC01428",1.79584217140862,0.0196794218544025,"Upregulated"
"RPS12P5",1.71379491829059,0.0197405834370548,"Upregulated"
"AL365229.1",1.65283419060449,0.0197608508665544,"Upregulated"
"TRAJ19",1.50256664652517,0.0198103298798557,"Upregulated"
"AP002448.1",1.09058011066488,0.0198387205159667,"Upregulated"
"AC122688.4",1.14872224041815,0.0199093488749912,"Upregulated"
"AC093783.1",1.68606613854428,0.0199681295509679,"Upregulated"
"AC108359.1",1.51368554584108,0.0199877701809376,"Upregulated"
"TBX18-AS1",1.35999240417424,0.0199882113860292,"Upregulated"
"AC107027.2",1.13661107151118,0.0199907528716794,"Upregulated"
"KRT38",1.47588700996342,0.0199916909054996,"Upregulated"
"ZNF722P",2.66054817898718,0.0200274327062103,"Upregulated"
"RN7SL629P",2.05056982720748,0.0200460395066114,"Upregulated"
"AL160400.1",1.13884378580643,0.0200799474524119,"Upregulated"
"AC110015.1",1.93193447569582,0.0200945206255779,"Upregulated"
"NDUFB4P10",1.19078368944422,0.0200958631191761,"Upregulated"
"AC093627.3",1.05294027584565,0.0201019700011993,"Upregulated"
"AC093326.1",-1.11394945354676,0.0201351153694411,"Downregulated"
"LINC02663",2.33193536518384,0.0201567023191031,"Upregulated"
"AC089985.1",1.01186677745073,0.0201861154211164,"Upregulated"
"AC068308.1",1.83118648912955,0.0202210018403368,"Upregulated"
"Y_RNA",1.07278302353545,0.0202366735523865,"Upregulated"
"CLCP1",1.55273987264498,0.0202427694475215,"Upregulated"
"Y_RNA",2.03146023079164,0.0202664752240712,"Upregulated"
"AC093627.1",1.15350171895923,0.0203047743704963,"Upregulated"
"AC090617.1",1.68943332880326,0.0203247535373541,"Upregulated"
"SPANXD",2.6800656816847,0.0203852122786779,"Upregulated"
"IGHVIII-38-1",1.16042371839851,0.02039515183525,"Upregulated"
"OR5G3",1.02343762857575,0.020417274915251,"Upregulated"
"MIR4671",1.05111048101447,0.0204270509613989,"Upregulated"
"AC100839.1",1.76315969864731,0.0204597179816388,"Upregulated"
"Metazoa_SRP",1.32708446697264,0.0204767033867934,"Upregulated"
"AC090116.1",1.71389413296175,0.0204850114607775,"Upregulated"
"Y_RNA",1.16567650530017,0.0204954473042855,"Upregulated"
"AC005972.2",2.47052337926648,0.0205400862036263,"Upregulated"
"AC109925.1",1.45119243285382,0.0205906058886121,"Upregulated"
"VDAC1P7",1.17877782812891,0.020623575210611,"Upregulated"
"AC112497.1",1.21788081259184,0.0206531770814194,"Upregulated"
"MIR454",1.90250878502068,0.0207198499855043,"Upregulated"
"AL512310.7",1.02079718754454,0.0207198499855043,"Upregulated"
"LINC01685",1.21299279787589,0.0207783319285099,"Upregulated"
"RNU6-1121P",1.0257493547005,0.0207993837480084,"Upregulated"
"RN7SKP273",1.44771094565951,0.0208023324779412,"Upregulated"
"LINC01950",1.26936310985008,0.0208357083069139,"Upregulated"
"RNU6-123P",1.89346387289745,0.0208426161809834,"Upregulated"
"AC005808.1",1.28333362596948,0.0208870418583069,"Upregulated"
"LINC02136",1.62868826234476,0.0208872390305348,"Upregulated"
"RNU6-1191P",1.4230236042937,0.0209392946150012,"Upregulated"
"RNU7-18P",1.35665141439539,0.0209413580334154,"Upregulated"
"AC064852.1",2.3240554734082,0.0209926942256511,"Upregulated"
"AP001102.1",2.25297623613131,0.0210347135851151,"Upregulated"
"RN7SL503P",1.98882528636812,0.0210347135851151,"Upregulated"
"LINC00392",2.3569207982768,0.0211776408897462,"Upregulated"
"AC093833.1",1.23335286597994,0.021188820158152,"Upregulated"
"RBM22P4",2.65510959917774,0.0211935992026793,"Upregulated"
"PPIAP70",1.24099192912394,0.0212333831902005,"Upregulated"
"DEFB4A",1.1808904686612,0.0212490824372315,"Upregulated"
"CLEC18C",1.09302081493041,0.0212676076118929,"Upregulated"
"AC006566.2",2.81974919242441,0.0212994289674599,"Upregulated"
"FEZF2",1.90047765944328,0.0213422976723816,"Upregulated"
"BRK1P1",-1.35180534386798,0.0213422976723816,"Downregulated"
"RNVU1-28",3.40881574700528,0.0213480740286177,"Upregulated"
"AL450226.2",1.09322076828808,0.0213584453149326,"Upregulated"
"AL138807.1",1.2783588967875,0.0214097915114598,"Upregulated"
"CDCA4P3",1.98435758841596,0.0214668221245726,"Upregulated"
"HMBOX1-IT1",1.34933440341297,0.0214837964913906,"Upregulated"
"TRAJ14",1.83873015090646,0.0215090729342731,"Upregulated"
"AC120498.3",1.33758699075474,0.0215124136138181,"Upregulated"
"RN7SL28P",1.07666218327275,0.0215203858306204,"Upregulated"
"AC092757.1",1.59316624167785,0.0215587747943341,"Upregulated"
"RPL17P40",1.45540892374817,0.0215700796833041,"Upregulated"
"RN7SKP227",4.80357777447208,0.0216439376988273,"Upregulated"
"Metazoa_SRP",3.12546794069559,0.0217043078755979,"Upregulated"
"AC068756.1",1.53207186395989,0.0217233287684739,"Upregulated"
"RPLP1P13",1.01936367118476,0.021765977903483,"Upregulated"
"AL132657.2",1.11683066881446,0.0218310030344918,"Upregulated"
"AC068544.2",1.18906202707168,0.0218361571442077,"Upregulated"
"Y_RNA",2.51762208662492,0.0218364537310197,"Upregulated"
"RPS27P20",1.52747697662098,0.021869935427386,"Upregulated"
"AP001961.1",1.13570717208291,0.0219180431413751,"Upregulated"
"TAS2R60",1.171180161833,0.0219471111335621,"Upregulated"
"CEACAMP5",1.0972243263303,0.0219734417825677,"Upregulated"
"H2AC7",1.65216116613344,0.02201628904927,"Upregulated"
"Y_RNA",2.56827458386289,0.0220166302275496,"Upregulated"
"LINC00399",1.66951765296943,0.0220179879096752,"Upregulated"
"AL162573.1",2.10588157698405,0.0220764919921717,"Upregulated"
"C16orf92",1.16109830269059,0.0220787094848702,"Upregulated"
"LINC02344",1.94681445825184,0.022079589176856,"Upregulated"
"AC010768.1",1.25914884550867,0.0221356942835397,"Upregulated"
"AC108729.1",2.4790784208126,0.0222032248271655,"Upregulated"
"AC010857.1",2.28327779524446,0.0222032248271655,"Upregulated"
"DEFA5",3.50169133142085,0.0222212860360973,"Upregulated"
"RN7SKP95",2.1111971501706,0.0222382255641588,"Upregulated"
"RN7SL464P",2.91129596679389,0.0222517635981915,"Upregulated"
"KRT8P44",1.04536124551762,0.0222611381642512,"Upregulated"
"AC099489.3",1.09098509300488,0.0223327257852465,"Upregulated"
"HSPD1P21",-1.17060122794267,0.0224077637667583,"Downregulated"
"AC055840.1",2.48993901367023,0.0224260731948536,"Upregulated"
"AC104164.1",1.87942200549912,0.0224513983036655,"Upregulated"
"AL356423.1",1.13249868915113,0.0224648591334379,"Upregulated"
"DPRX",-1.43382411736584,0.0224923557665387,"Downregulated"
"RN7SL678P",1.99327540884697,0.0224929051684522,"Upregulated"
"AC008154.2",-1.29731328796224,0.0224934807448595,"Downregulated"
"RPL22P23",2.02207822057882,0.0224991670440229,"Upregulated"
"AC007736.1",2.18325795980956,0.0225111200011648,"Upregulated"
"AC068643.1",1.23929625905077,0.0225416236156454,"Upregulated"
"AL445489.1",-1.08242601097017,0.022642327559461,"Downregulated"
"AC114812.3",1.86583762551847,0.0226980092621217,"Upregulated"
"AC009977.1",1.29418892871093,0.022706956384491,"Upregulated"
"AC009435.1",1.40298184671663,0.0227107985179679,"Upregulated"
"AL356585.4",1.82549227996008,0.0227229034611875,"Upregulated"
"AC005772.2",-1.11083618441661,0.0227229034611875,"Downregulated"
"TBC1D3D",1.68383144232072,0.0227496287693682,"Upregulated"
"AC007731.2",1.38067542267275,0.0227537666564643,"Upregulated"
"RPL34P26",1.06647310462964,0.0227705373948723,"Upregulated"
"HECW1-IT1",2.5939425064167,0.0228154999023579,"Upregulated"
"RN7SL555P",1.96810903880175,0.022834535173578,"Upregulated"
"AC012146.1",1.11536391682555,0.0228625051641127,"Upregulated"
"LINGO1-AS1",1.13100844153081,0.0229152158719838,"Upregulated"
"AC131211.1",2.12804023899359,0.0229174443182935,"Upregulated"
"Y_RNA",3.10915101775168,0.0229197290382898,"Upregulated"
"UBE2L2",2.07389036667283,0.0229219311543869,"Upregulated"
"ANKRD30BP2",2.07270250511419,0.0229353270663575,"Upregulated"
"JRKL-AS1",1.30235104986397,0.0229392118600569,"Upregulated"
"MTATP6P11",1.52054340788527,0.022988959857784,"Upregulated"
"AC026117.1",3.02486553952538,0.0229928221808941,"Upregulated"
"AL160396.1",-1.15592404458655,0.0230021348182084,"Downregulated"
"RN7SKP219",2.08586211691563,0.0230414085241777,"Upregulated"
"AC068254.2",1.23910656732803,0.0230948149972934,"Upregulated"
"AC092608.1",2.39557164882196,0.0231142747502122,"Upregulated"
"AC024559.2",1.15108582948727,0.0231183491125226,"Upregulated"
"AKIRIN1P2",1.68411222948631,0.0232025506553323,"Upregulated"
"OR8A1",1.93926272941065,0.0232067190925387,"Upregulated"
"AC012123.1",1.21621192950912,0.0232155236930373,"Upregulated"
"AL807752.4",1.05159185626681,0.0232431620334794,"Upregulated"
"COL5A1-AS1",1.17146180817116,0.0232584349653723,"Upregulated"
"LINC02411",2.5248926419524,0.0232807541714819,"Upregulated"
"RNY1P12",1.12699324441017,0.0232940765592971,"Upregulated"
"APOA4",2.28493174734124,0.023378341938088,"Upregulated"
"AC011752.1",1.48468348958958,0.023385438993913,"Upregulated"
"AC123512.1",1.54261832202018,0.0234831873815584,"Upregulated"
"RNU6-606P",1.8391380452147,0.0235826986110363,"Upregulated"
"RNA5SP357",-1.19102639241286,0.0235861979960472,"Downregulated"
"RN7SKP158",2.23002574768452,0.0236801939899398,"Upregulated"
"AC091946.1",1.15241074776866,0.0236877903361248,"Upregulated"
"RPL27P8",1.99785335358099,0.0237023015796439,"Upregulated"
"MIR670HG",2.09008056559903,0.0237110104699878,"Upregulated"
"Z97192.1",1.05888086312187,0.0237155628635912,"Upregulated"
"RN7SL606P",1.34446603222194,0.0237155628635912,"Upregulated"
"AC004022.2",1.13588449560346,0.0237175294569111,"Upregulated"
"AC013652.2",1.48606934545842,0.0237633321504735,"Upregulated"
"AP005057.1",1.60586802080616,0.0237890817954344,"Upregulated"
"MIR205",1.54668349209774,0.0238204314814467,"Upregulated"
"AC116609.3",1.53195677887572,0.0238884863871811,"Upregulated"
"ZBTB20-AS3",3.01577619569683,0.023907562181034,"Upregulated"
"IRX4-AS1",2.45577304127074,0.0239526353920772,"Upregulated"
"AC090371.1",-1.19633859494815,0.02400222670658,"Downregulated"
"OR8B9P",1.0658331048665,0.024082401257912,"Upregulated"
"RNU6-268P",2.00649671916514,0.0241485106501979,"Upregulated"
"RN7SL517P",2.38491755598351,0.0243029543641061,"Upregulated"
"AKAIN1",1.16914681547539,0.0243327112513319,"Upregulated"
"CSMD2-AS1",2.32406712922111,0.0243519634274284,"Upregulated"
"AC009163.2",1.52826732468279,0.0243748672021355,"Upregulated"
"RPL39P29",1.16696018079935,0.0243872329853009,"Upregulated"
"OR51B4",1.29537054916049,0.0244886029215751,"Upregulated"
"CCDC197",1.01267954811626,0.0245064796562591,"Upregulated"
"ZNF209P",1.78959432249206,0.0245135899560687,"Upregulated"
"AC060765.2",1.73036290196248,0.0245369206330403,"Upregulated"
"AC090644.1",1.27663476309795,0.0245369206330403,"Upregulated"
"MIR563",1.36987138117797,0.0245541486536504,"Upregulated"
"MIR569",1.99815736214494,0.0245867780417597,"Upregulated"
"AC007919.2",1.55791207399428,0.0245922701921016,"Upregulated"
"MTND2P26",2.1886875225927,0.0246192039946562,"Upregulated"
"AF213884.1",1.17953681388055,0.024650528312566,"Upregulated"
"ZNF806",1.01420647888755,0.0247032224713303,"Upregulated"
"LINC01549",1.15905896400187,0.0247112626470663,"Upregulated"
"GPR151",1.43207100218152,0.0247145891908085,"Upregulated"
"Metazoa_SRP",1.11739524595934,0.0247668434939272,"Upregulated"
"AC107886.1",1.70576331741385,0.0248527768974186,"Upregulated"
"AC012494.2",1.71082631620586,0.0248538701013098,"Upregulated"
"OR52A1",1.42439435639931,0.0249165296506076,"Upregulated"
"AC112482.1",1.34431664474196,0.0249165296506076,"Upregulated"
"ANKRD30A",1.19462259375335,0.024920969261111,"Upregulated"
"TTLL7-IT1",1.24672276472301,0.0249512069795018,"Upregulated"
"WASF1P1",1.89825343940624,0.0249527642202258,"Upregulated"
"RPS15P9",1.49423544906792,0.0249981336940869,"Upregulated"
"LINC01712",1.5711935391576,0.0250178512019169,"Upregulated"
"AOX3P",1.05674595196332,0.0250522441426672,"Upregulated"
"AL606517.2",3.61628182883947,0.0252412662740235,"Upregulated"
"GPC6-AS1",2.21723093677021,0.0252638669599066,"Upregulated"
"AC068491.1",1.03942095035562,0.0253279388776419,"Upregulated"
"AC078883.2",1.48088195423815,0.0253656019022452,"Upregulated"
"AL512326.1",2.72894528974973,0.0253722469275035,"Upregulated"
"RPL5P14",-1.01231891750626,0.0254390424299073,"Downregulated"
"AC211469.1",2.20756546600958,0.0254432467274501,"Upregulated"
"LIPM",1.14678241826708,0.0254597904692885,"Upregulated"
"Y_RNA",1.95160854243423,0.0255248427752397,"Upregulated"
"CYP4F2",1.26910080282742,0.0255578896733484,"Upregulated"
"RNU6-151P",1.69412758353898,0.025567488863916,"Upregulated"
"AC022960.3",2.07613603393573,0.0256496647073212,"Upregulated"
"AL513323.1",1.1509534267377,0.025682841696722,"Upregulated"
"GAGE2A",3.42356588945329,0.0257450403188449,"Upregulated"
"LINC01364",1.35344942604376,0.0257641922222346,"Upregulated"
"PLET1",1.01792050372898,0.0257650121823289,"Upregulated"
"RN7SL7P",2.88108536313357,0.0258158666741852,"Upregulated"
"AL023284.3",1.12749813820973,0.0259209527590288,"Upregulated"
"AC007496.2",1.04297450811908,0.0259299530004796,"Upregulated"
"TLK1P1",1.05337409487232,0.0260266832144286,"Upregulated"
"AC099565.1",1.45000416437832,0.0260315215502999,"Upregulated"
"AC105114.1",2.2211684150624,0.0260983764087273,"Upregulated"
"LINC02733",1.14798424133209,0.0261093892862923,"Upregulated"
"AL160159.1",3.66536848449193,0.026142870086831,"Upregulated"
"TMEM256P2",1.42092707199977,0.0261755528848254,"Upregulated"
"RN7SL615P",2.5956065287791,0.0262012518938015,"Upregulated"
"AC008591.1",1.13669667385928,0.0263545304744165,"Upregulated"
"IGKV3D-25",1.23775946299395,0.0263924487017863,"Upregulated"
"FAR2P3",1.16862188526518,0.0264724522336275,"Upregulated"
"RN7SL328P",1.03513427625433,0.0265174968587123,"Upregulated"
"RN7SL44P",1.8720070554858,0.0265221233953991,"Upregulated"
"RPS7P7",1.01300893158735,0.0265652892574603,"Upregulated"
"AC012325.1",1.71771383139859,0.0266178356367361,"Upregulated"
"AC111194.1",1.3579793802533,0.0266512519638551,"Upregulated"
"RSU1P3",2.79084399756377,0.0267212579436631,"Upregulated"
"HIGD2AP2",1.06752780797142,0.0267220755503464,"Upregulated"
"AL158011.1",1.01796406567798,0.0267273100732881,"Upregulated"
"AC093849.3",1.83339134731514,0.0267937915070853,"Upregulated"
"GOLGA6L2",1.61980468130405,0.0268664498761889,"Upregulated"
"AC068408.1",-1.36635372350202,0.0269400888092848,"Downregulated"
"TMEM238L",1.79631396037445,0.027006320295896,"Upregulated"
"TBPL2",1.1064959556794,0.0270107920104836,"Upregulated"
"AC099313.1",2.66920336942199,0.0270239139913234,"Upregulated"
"AC002072.1",1.03216942003245,0.0270531093541299,"Upregulated"
"Y_RNA",2.21964013257565,0.0271347693474119,"Upregulated"
"AL645949.2",1.57621236166162,0.027141783543951,"Upregulated"
"RNY4P34",1.96223021472242,0.0271537969744671,"Upregulated"
"AC107029.2",1.48518637672456,0.0271537969744671,"Upregulated"
"AC087639.2",1.10508423885791,0.0271635738138164,"Upregulated"
"TAS2R42",1.0489760959459,0.0271953663565616,"Upregulated"
"AF235103.1",1.05449342436293,0.0273549964346539,"Upregulated"
"PRELID3BP11",1.13287063666585,0.0273620458490785,"Upregulated"
"EVX1-AS",1.70736797854456,0.0274191473065654,"Upregulated"
"AC093890.2",-1.34950320122146,0.0275151904242049,"Downregulated"
"PPP1R2P2",1.19942871077984,0.0276163851546971,"Upregulated"
"AC142384.1",1.26673169264492,0.027630603426829,"Upregulated"
"RNU2-28P",1.17859352858774,0.0276410062321108,"Upregulated"
"AC006364.1",1.28796574220413,0.0278263695793705,"Upregulated"
"AC024022.1",1.26294230262428,0.0278548747439003,"Upregulated"
"IGHD4-17",1.15184874030001,0.0278686159834344,"Upregulated"
"AL390318.1",3.39078301124834,0.0278933833765515,"Upregulated"
"AL121970.1",1.27512672935373,0.027903769865802,"Upregulated"
"GRID2",-1.01892508070223,0.0279132551026698,"Downregulated"
"AC109462.1",1.18684276371223,0.0279744583968965,"Upregulated"
"RPL17P11",1.65424026140931,0.027986529363899,"Upregulated"
"RNU6-619P",2.70090497049386,0.0279997779400144,"Upregulated"
"VN1R85P",1.03535970693194,0.0280039705201549,"Upregulated"
"AC018946.1",1.17792545238505,0.0280868870006762,"Upregulated"
"HNRNPA1P17",1.28950434867395,0.0283105830176795,"Upregulated"
"H3P42",1.70802514818547,0.0284049784018724,"Upregulated"
"OR2D2",1.73422761698293,0.0284699707299244,"Upregulated"
"COX6A2",1.44973520348828,0.0285213812430883,"Upregulated"
"LINC01858",1.35963952437963,0.0285856742016582,"Upregulated"
"RN7SL279P",1.00047171357699,0.0285885220581234,"Upregulated"
"MIR4480",1.7736513945023,0.0286594483834755,"Upregulated"
"AC012404.2",1.33481520558864,0.0286741151202596,"Upregulated"
"OR2AT4",1.00197701683375,0.0286791603897559,"Upregulated"
"AP000561.1",1.44991924279418,0.0287035280483791,"Upregulated"
"AC093151.7",1.01393042853154,0.0287160367581994,"Upregulated"
"RPL23AP35",1.27011142490942,0.0287210375749199,"Upregulated"
"GJA6P",2.01969529983163,0.0287791358429263,"Upregulated"
"RN7SL36P",1.50690746746986,0.0287983535721247,"Upregulated"
"Z83313.1",1.51773816133102,0.0288953232886986,"Upregulated"
"AC090503.2",1.67574731604213,0.0290156771661267,"Upregulated"
"ANKRD30B",1.157352381548,0.0290307428565997,"Upregulated"
"AC036222.1",1.33852987132844,0.0291021648813178,"Upregulated"
"SIX3-AS1",1.26182760038815,0.0291049437048218,"Upregulated"
"RNU6-724P",1.23349761588415,0.0291076130686227,"Upregulated"
"NDUFAF4P1",1.20525963030802,0.0291421567715743,"Upregulated"
"AL591926.5",1.43653391154224,0.0291421567715743,"Upregulated"
"RNA5SP491",1.37429484303756,0.029165952336779,"Upregulated"
"CASC17",1.22365294910687,0.0292122823626581,"Upregulated"
"TRAJ27",1.6993272436768,0.0292601526890123,"Upregulated"
"AP001189.5",-1.04157906451726,0.029350026250367,"Downregulated"
"AC027329.1",-1.07741051893543,0.0293510842123173,"Downregulated"
"RN7SL724P",1.13663419832165,0.029441334357599,"Upregulated"
"GNAT1",1.12040789317645,0.0294657232353607,"Upregulated"
"MRGPRG-AS1",1.9014293369961,0.0294815390172584,"Upregulated"
"LINC01258",1.03634820101538,0.0295824439406945,"Upregulated"
"OR1J2",1.2558428942025,0.0295918321858536,"Upregulated"
"TEX13B",1.40137073279705,0.0296569926218725,"Upregulated"
"SPRR2C",1.49306938999943,0.0297046100337153,"Upregulated"
"TPT1P7",1.05260352970685,0.029739948475515,"Upregulated"
"AL122014.1",-1.43444635168619,0.0297400479614232,"Downregulated"
"RNU6-946P",2.69113316628593,0.029817572616445,"Upregulated"
"RN7SL178P",2.45455255517871,0.0298487817679382,"Upregulated"
"CACNA1C-IT3",3.39521224767744,0.0299104740255216,"Upregulated"
"AL035090.1",1.96331261504863,0.0299598891768421,"Upregulated"
"DNM1P17",1.08459440816253,0.0299614904890252,"Upregulated"
"AC008649.2",1.08929633027198,0.0299773158867738,"Upregulated"
"MTCYBP32",3.19499820992283,0.0299910353382609,"Upregulated"
"AC013644.1",-1.39229345782631,0.030057189201566,"Downregulated"
"AC097515.1",1.10739358160008,0.0300584697737021,"Upregulated"
"AC022121.1",1.09393021777734,0.0301580101962924,"Upregulated"
"ADARB2-AS1",1.39713838565138,0.0301728439903221,"Upregulated"
"RN7SL334P",1.61520782962369,0.0302387590814958,"Upregulated"
"AC084116.1",-1.3508730863742,0.0303267484379324,"Downregulated"
"AC020658.2",1.05752548075948,0.0303857109302413,"Upregulated"
"RN7SL681P",1.68179200968059,0.030413958518792,"Upregulated"
"RNY1P15",1.95434382180027,0.030425556475721,"Upregulated"
"LINC02326",2.05422172042157,0.0304383879364264,"Upregulated"
"RN7SL846P",1.75891456164593,0.0305103829901287,"Upregulated"
"APCS",2.50236684994171,0.0305876585781142,"Upregulated"
"AC092608.3",3.11416457593626,0.0306006239635066,"Upregulated"
"RNU6-786P",1.87244721783478,0.0306069028255625,"Upregulated"
"AL353706.1",1.91069603580321,0.0306080895816875,"Upregulated"
"OR2A3P",1.5298678245677,0.0306082286137318,"Upregulated"
"RN7SL552P",1.24329786903379,0.0307380844511862,"Upregulated"
"LINC01209",1.72605154579343,0.03082492635628,"Upregulated"
"RNU6-1263P",1.02204061301945,0.0308264764168435,"Upregulated"
"MIR4762",2.09983669467432,0.0308678826032835,"Upregulated"
"MTCO2P33",1.77409977951034,0.0309493474780587,"Upregulated"
"RNU6-1152P",1.47833103385105,0.0309526097054436,"Upregulated"
"AL358334.4",1.46269461378159,0.0309694630367562,"Upregulated"
"AC008121.3",1.03064571599273,0.0310300736822656,"Upregulated"
"GPR101",1.38918589381002,0.0311410294059168,"Upregulated"
"AL158832.1",1.968432916447,0.0312839977236571,"Upregulated"
"CYP2G2P",-1.19294861259962,0.0313147470500924,"Downregulated"
"AMELX",2.09340445956245,0.0314147130514454,"Upregulated"
"MTCYBP23",-1.56097789078471,0.0314780539780231,"Downregulated"
"AC074237.1",2.42177891708466,0.0315488762604064,"Upregulated"
"BNIP3P6",2.62707055470835,0.031683835936605,"Upregulated"
"THSD4-AS1",1.22320026580486,0.0317232344372502,"Upregulated"
"AC007450.1",1.46412746855853,0.0318271846486832,"Upregulated"
"MIPEPP1",1.22949174669776,0.0318644725580937,"Upregulated"
"RN7SL636P",1.55871842925678,0.0319284495065999,"Upregulated"
"AL079301.1",1.724438433043,0.0319675654643694,"Upregulated"
"MIR2909",1.7609293771884,0.0320113910388995,"Upregulated"
"ESX1",2.27029255390065,0.0320206570587657,"Upregulated"
"RN7SL253P",1.55308882760664,0.0321130823214724,"Upregulated"
"AC100791.3",1.04819166129304,0.0323341535993301,"Upregulated"
"Y_RNA",1.46733273366041,0.032390958926806,"Upregulated"
"AC074124.1",2.47148506070796,0.0324391787936334,"Upregulated"
"SNORD13E",1.039439147871,0.0324790392973754,"Upregulated"
"AL353689.1",1.03869458288978,0.0325019298456964,"Upregulated"
"AL158042.1",-1.05601826335571,0.0325081823760363,"Downregulated"
"SPATA17-AS1",1.10082573325021,0.0325175397383005,"Upregulated"
"AC108066.1",1.55540048932754,0.0325473259622028,"Upregulated"
"RNY4P17",1.25493471131868,0.0326375857175257,"Upregulated"
"AL356515.1",1.00647448473786,0.0327278424129418,"Upregulated"
"UQCRBP2",1.10775890655276,0.0328445712477266,"Upregulated"
"CNOT10-AS1",1.44669223511433,0.0329219371661989,"Upregulated"
"AC007014.1",1.11690171878133,0.0330330897878851,"Upregulated"
"AC004923.2",1.24875451726149,0.0330512490615828,"Upregulated"
"AL158013.1",2.41808748004568,0.0330778427932015,"Upregulated"
"AL356583.3",1.22331580035484,0.0331067996324558,"Upregulated"
"SDHCP2",1.0388573966004,0.0332262349848088,"Upregulated"
"OR2T8",-1.26744968049902,0.0332883839833554,"Downregulated"
"AL392003.2",-1.18742744171077,0.0333048200913672,"Downregulated"
"AC010261.1",1.04877649977119,0.0334151633173108,"Upregulated"
"NAV2-AS4",1.34206183852787,0.0334151633173108,"Upregulated"
"AJ011931.1",1.07270599828291,0.0335201139433172,"Upregulated"
"AC009237.5",1.21272974177104,0.033542291548444,"Upregulated"
"MYB-AS1",1.14596676674276,0.0335664625811709,"Upregulated"
"DLX2-DT",1.36768784246293,0.0336926681677789,"Upregulated"
"AC244034.3",1.09938669325955,0.0338099582293064,"Upregulated"
"AL023693.1",1.04791028633959,0.0338935539206281,"Upregulated"
"AL355994.4",1.27862668279755,0.0339597923674412,"Upregulated"
"VDAC2P4",1.25945749973638,0.0340175456758137,"Upregulated"
"RPS26P42",2.29146456882023,0.0340732437465737,"Upregulated"
"AC107067.1",1.01434148674827,0.0340732437465737,"Upregulated"
"TRAJ11",1.70167506611644,0.0340771794537948,"Upregulated"
"AC091133.3",2.50492712906382,0.0341124463563864,"Upregulated"
"PABPC1L2A",2.04988976868258,0.0341694847711647,"Upregulated"
"LINC02251",1.05678150233742,0.0341709418747214,"Upregulated"
"LINC00588",-1.36802300968581,0.0342055450497265,"Downregulated"
"AC100778.4",2.15599942990911,0.034248416477004,"Upregulated"
"MTCYBP43",2.22519673953288,0.0342671321724572,"Upregulated"
"PES1P1",2.49567923103101,0.0342969554364059,"Upregulated"
"OR7L1P",1.24179475943862,0.0343563529441135,"Upregulated"
"MTND4P11",1.1783538544777,0.0344461917811116,"Upregulated"
"IQCJ",1.4437438934457,0.0346413156573088,"Upregulated"
"AL160270.1",-1.19054796986766,0.0347512057673915,"Downregulated"
"RN7SL33P",2.11615294519247,0.0348634097236282,"Upregulated"
"AC010280.1",1.44222265189349,0.0350606532379985,"Upregulated"
"AC068473.2",1.52506103640255,0.0350689897748421,"Upregulated"
"AC104454.2",1.71980458410446,0.0350689897748421,"Upregulated"
"RPS4XP12",1.74006457780888,0.0350993028587721,"Upregulated"
"U7",2.6588659870689,0.0351538932640262,"Upregulated"
"AC010368.1",1.24481866557412,0.0352196950203063,"Upregulated"
"GTF2IP6",2.31741158402259,0.035251548845483,"Upregulated"
"LINC02789",2.2929356930789,0.0353907344096443,"Upregulated"
"AC007608.2",1.96972405680257,0.0354646490358316,"Upregulated"
"RNA5SP202",2.27360627763381,0.035508862163898,"Upregulated"
"ZNF385D-AS1",1.86214549039686,0.035523618467297,"Upregulated"
"LINC01487",1.14757764869284,0.0355360153314574,"Upregulated"
"AL159987.1",2.15579366892304,0.0355360999975633,"Upregulated"
"AL122126.1",2.40578423787284,0.0355739886412278,"Upregulated"
"RNU6-251P",2.5110213963465,0.0356456655010513,"Upregulated"
"MAGEA2B",1.79751839744601,0.0356613821327392,"Upregulated"
"Y_RNA",1.22817913574967,0.0357324615325717,"Upregulated"
"TRAJ44",1.07100341366832,0.0357936029069581,"Upregulated"
"RNA5SP195",1.12224600690078,0.0358010631082933,"Upregulated"
"MIR623",1.07859663290672,0.0358391647241951,"Upregulated"
"KCND3-AS1",1.81269429085832,0.0358709523112981,"Upregulated"
"RNU6-469P",1.52401426170488,0.0358932542226945,"Upregulated"
"HSPA8P13",1.96391638886064,0.035955726430346,"Upregulated"
"AC008497.1",1.13393739256799,0.0361390567020268,"Upregulated"
"IMPDH1P11",1.04031942652107,0.0361617937773619,"Upregulated"
"RARRES2P11",1.43043346110971,0.0362825573306557,"Upregulated"
"AF117829.2",1.54741317618042,0.0362924420392702,"Upregulated"
"WASIR1",1.06625808592061,0.0363700972533951,"Upregulated"
"AF186996.2",-1.42731100820215,0.03640516094632,"Downregulated"
"RN7SL330P",2.136301998558,0.03640516094632,"Upregulated"
"RIPPLY2",1.55999050071218,0.0364807252579513,"Upregulated"
"SNORA74C-1",1.5498686524515,0.0365011933343226,"Upregulated"
"MIR4755",1.0941782454822,0.036523349441068,"Upregulated"
"NPY2R",-1.18042777375939,0.0365329431658623,"Downregulated"
"AL139330.1",1.41622387297255,0.0365627711170441,"Upregulated"
"RNU6-808P",1.12717624483209,0.0366167157921018,"Upregulated"
"SLC17A1",1.13780023115541,0.0367349629492835,"Upregulated"
"AC104070.1",1.12367116725629,0.0368165155893976,"Upregulated"
"RNU6-335P",1.10900669434453,0.0368426901905709,"Upregulated"
"RN7SKP56",2.36518685769854,0.0368852522333287,"Upregulated"
"AC009533.4",1.06020724022325,0.0369108192132913,"Upregulated"
"AL133368.2",1.51676382598088,0.0369117625017078,"Upregulated"
"AC105105.2",1.1588624265233,0.0369173908471621,"Upregulated"
"RN7SL530P",1.65401339863353,0.0369285843271419,"Upregulated"
"AL160254.1",1.93747874198751,0.0369379158363632,"Upregulated"
"ATG10-AS1",2.98688084063924,0.0369803390905584,"Upregulated"
"RN7SL288P",1.86418369747469,0.0370021857385143,"Upregulated"
"AC093414.1",2.39235666124215,0.037004515702906,"Upregulated"
"AVP",1.29249003422634,0.0370262586939489,"Upregulated"
"RNU6-731P",1.06170601097602,0.0370520642352302,"Upregulated"
"AFM",1.11851125900597,0.0370790139789593,"Upregulated"
"AP002453.1",2.99130547844701,0.0371878408289907,"Upregulated"
"U3",1.90640290880199,0.0372185644659273,"Upregulated"
"LINC02310",1.47280586193138,0.0372522023649679,"Upregulated"
"AL162457.2",1.12380734458415,0.0372919617013349,"Upregulated"
"RNU1-27P",1.97243847043253,0.0373364530783234,"Upregulated"
"RNU6-539P",1.12721161527257,0.0374200168580818,"Upregulated"
"RN7SL269P",1.29251953105504,0.0374208325157343,"Upregulated"
"RNU6-501P",1.15177135591001,0.0374292192316986,"Upregulated"
"AL356753.1",1.09468028583792,0.0374979305742845,"Upregulated"
"AC061975.3",1.12072815392889,0.0375825498297661,"Upregulated"
"AC253576.1",1.04255919081239,0.0375881879961754,"Upregulated"
"AL355613.1",1.09122066286318,0.0376731381623262,"Upregulated"
"DSCR10",1.86418191083244,0.037711129398454,"Upregulated"
"AC074375.1",1.82506172220206,0.0377581339725317,"Upregulated"
"DDI1",1.97872274813338,0.0377833625251381,"Upregulated"
"AL589642.1",1.61198229561687,0.0379584430740545,"Upregulated"
"AC016999.2",1.11656887709935,0.0379650370824897,"Upregulated"
"FRG2B",1.41374980692852,0.0380444643674368,"Upregulated"
"AC021220.2",1.53526473239636,0.038068617800199,"Upregulated"
"OR2J3",1.38297779076032,0.0380853121529225,"Upregulated"
"TRAJ37",1.3696737365512,0.0381654073538482,"Upregulated"
"RN7SL549P",1.28283372647648,0.0382282065266283,"Upregulated"
"AC079905.2",1.63998777876461,0.0382325686441855,"Upregulated"
"Y_RNA",1.21111367919728,0.0382471081548474,"Upregulated"
"FNDC3CP",1.14221424285095,0.0383309258995588,"Upregulated"
"AL355516.1",2.00933282060766,0.0383425898364261,"Upregulated"
"RNU6-77P",2.74760665726084,0.0385007008446996,"Upregulated"
"PRICKLE2-AS3",1.02385831218836,0.0385773217612176,"Upregulated"
"MIR5739",2.63954443362488,0.0385860537534989,"Upregulated"
"AC006449.1",1.13223022314254,0.038789368022332,"Upregulated"
"TMEM196",1.44770782807729,0.0388246400478341,"Upregulated"
"RN7SL210P",2.36737062570703,0.0388682865386105,"Upregulated"
"EIF4E2P2",1.37003937494769,0.0388979649415195,"Upregulated"
"AC091151.2",1.6973918860737,0.0392462801611685,"Upregulated"
"RN7SL597P",1.66296038643431,0.0392749318287267,"Upregulated"
"RPL34P20",1.3788161056526,0.0392954543101467,"Upregulated"
"AC025881.1",2.15875766434473,0.0393482533392348,"Upregulated"
"RNU6-313P",1.36691760706829,0.039355838002543,"Upregulated"
"LINC02296",-1.22042257412481,0.0394262743434818,"Downregulated"
"SLC22A6",-1.60838340874472,0.0394309224245109,"Downregulated"
"HIGD1C",1.05505186284932,0.0395068299475595,"Upregulated"
"RNA5SP434",1.07035835200384,0.0395652300907145,"Upregulated"
"CBLIF",1.29623609098255,0.0395727483527379,"Upregulated"
"AC004805.2",1.48460040993401,0.0396127473773598,"Upregulated"
"RNU6-1176P",1.71618801024614,0.0396591626699159,"Upregulated"
"RN7SL370P",1.65075366807951,0.0396919515973339,"Upregulated"
"SEPHS2P1",1.32400246508857,0.0399067416968297,"Upregulated"
"IMMP1LP3",1.441482485492,0.039927191762669,"Upregulated"
"C1orf94",1.22251636450829,0.0399350775380237,"Upregulated"
"AL731684.1",1.70687120246888,0.0400071517518836,"Upregulated"
"AC022001.1",1.33187792596662,0.0400848258189093,"Upregulated"
"AC006435.5",1.90039149817955,0.0400961336267269,"Upregulated"
"AC092720.2",1.50979170568994,0.0402047002972785,"Upregulated"
"AC096921.1",1.3193994497911,0.0402238255248247,"Upregulated"
"HRAT17",1.30628704743968,0.0402392257114858,"Upregulated"
"IGHD6-6",1.06827114892067,0.0402408163081768,"Upregulated"
"AC136603.1",2.87413599119288,0.040296036669054,"Upregulated"
"XIST",1.00863413973307,0.0403093095912342,"Upregulated"
"AC005550.1",-1.07220917997746,0.0403712633756509,"Downregulated"
"AC092608.2",3.21723018859122,0.0403776087452873,"Upregulated"
"AL159174.1",1.41438147050232,0.0403905074119688,"Upregulated"
"AP006219.3",-1.33097225106624,0.0404908487509166,"Downregulated"
"NCOA7-AS1",1.49904532352531,0.040575722572927,"Upregulated"
"AC069540.2",1.53549016181322,0.0406446407239237,"Upregulated"
"AADACL2",-1.15205255537323,0.0406452836669548,"Downregulated"
"AL133335.1",1.02994785325965,0.0406948900936825,"Upregulated"
"RNU6-1003P",2.27127364755905,0.0408333751566232,"Upregulated"
"NRON",1.5911484530049,0.0409678584727754,"Upregulated"
"AL161658.1",1.80872734775238,0.0409822038947022,"Upregulated"
"AC138466.4",1.00136700815993,0.0409927953247158,"Upregulated"
"RN7SL448P",1.54203813661676,0.0411544463129562,"Upregulated"
"LINC02612",1.48284659308524,0.0412493828949814,"Upregulated"
"DPRXP5",1.8224427690892,0.0412980183591332,"Upregulated"
"Y_RNA",1.02589571214131,0.0413100313047363,"Upregulated"
"SNORA70",1.54886117886333,0.0413100313047363,"Upregulated"
"Y_RNA",1.41774807912906,0.0413609116399418,"Upregulated"
"AC079031.2",1.22073569507292,0.0413903218583582,"Upregulated"
"Metazoa_SRP",1.50878815878516,0.0414181882064523,"Upregulated"
"AL451062.1",1.54549729255601,0.0414988817163462,"Upregulated"
"PSG8",1.86417576249775,0.0415165295082409,"Upregulated"
"AC020612.4",-1.01063461830566,0.0415794377871906,"Downregulated"
"AL450267.2",1.25454327946604,0.0415877682297797,"Upregulated"
"U91324.1",1.4871539042236,0.0415973088376438,"Upregulated"
"RN7SL416P",2.050938575527,0.0416199844815144,"Upregulated"
"AC112187.2",1.18722799136863,0.0417321960036705,"Upregulated"
"AC005787.1",1.24268685360502,0.041779604345408,"Upregulated"
"AL513324.1",1.27715525573072,0.0418417015209584,"Upregulated"
"PTH",1.65487725883935,0.0419577699767971,"Upregulated"
"ZNF679",2.2954772623473,0.0420492463046086,"Upregulated"
"Y_RNA",1.01147895473003,0.042246823260598,"Upregulated"
"AC020915.4",1.59647273277189,0.042360163495153,"Upregulated"
"LINC00928",1.23997073555596,0.0424295982323686,"Upregulated"
"SCHLAP1",2.16671653809403,0.0424483806723798,"Upregulated"
"AP001267.5",1.03524357468199,0.0426225286373358,"Upregulated"
"AL049836.2",1.37905345032758,0.0426860063394488,"Upregulated"
"RNY3P12",1.95207014739652,0.042770581128228,"Upregulated"
"AC108449.1",1.23644463800141,0.0428107807990103,"Upregulated"
"HHLA1",1.09246727396898,0.042823538716755,"Upregulated"
"AC096861.1",1.83008137435495,0.0429111009707208,"Upregulated"
"AC130404.1",1.61575035942096,0.042917874154766,"Upregulated"
"AC080078.1",1.02044542340513,0.0429357082374621,"Upregulated"
"AC004054.1",2.54371618558225,0.0429422428064482,"Upregulated"
"AC092802.3",1.03557724065052,0.0429837015356011,"Upregulated"
"AL662889.1",2.23807483940998,0.0430028344021853,"Upregulated"
"AC005972.1",3.41327824438911,0.043015534392543,"Upregulated"
"AC074024.1",1.5320499236063,0.0430807101122596,"Upregulated"
"IGLVI-56",1.09626150716302,0.0431850697848126,"Upregulated"
"AC012005.1",1.1961228210058,0.043290636852085,"Upregulated"
"AC099517.1",2.13116967858029,0.0433413762403072,"Upregulated"
"RNU6-1237P",1.68111933448742,0.043428703053091,"Upregulated"
"MIR5009",1.53590264131481,0.0434924614623206,"Upregulated"
"AC016734.1",1.72589442658462,0.0435634469106831,"Upregulated"
"GPR79",1.07028828881602,0.0437401723390666,"Upregulated"
"RN7SL577P",1.42643861917872,0.0437705501802327,"Upregulated"
"AL137024.1",1.16684623625202,0.0439652860785857,"Upregulated"
"AC015726.3",1.34754649848802,0.0440004486427105,"Upregulated"
"OR51I2",1.76715229897963,0.0440223289989558,"Upregulated"
"LINC02197",-1.05892208648,0.0440252886957232,"Downregulated"
"Y_RNA",1.81531737276304,0.0440899727358736,"Upregulated"
"H3P45",1.48385884183991,0.044151189262819,"Upregulated"
"Metazoa_SRP",1.3462946060458,0.0442090778234514,"Upregulated"
"TFDP3",1.28455374127716,0.0442854887121279,"Upregulated"
"AC004522.4",1.04907583863258,0.04431471463528,"Upregulated"
"AC090707.1",1.78332323305059,0.0443375052685669,"Upregulated"
"AC091393.1",1.19997544028295,0.044350087530976,"Upregulated"
"LINC-ROR",1.11468684577325,0.044380126442497,"Upregulated"
"RBMS3-AS1",1.67869659618742,0.0444445659245242,"Upregulated"
"RNU1-2",2.31608547993052,0.0445098781819938,"Upregulated"
"AC002064.3",1.15940845437991,0.0446145788648071,"Upregulated"
"AL590138.1",1.78269971318934,0.0446712696961089,"Upregulated"
"AC093083.1",1.21294946943074,0.0447601252921914,"Upregulated"
"MACROD2-IT1",1.18209157170317,0.0447816700240188,"Upregulated"
"OR5BH1P",1.58273328507054,0.0449202485439024,"Upregulated"
"GKN1",1.65470027085201,0.0450983995836254,"Upregulated"
"LINC01838",1.28274887744574,0.0451599697810358,"Upregulated"
"AC139783.2",1.30986551598683,0.0452268847624645,"Upregulated"
"HTR1A",1.47160716122376,0.0452438861745287,"Upregulated"
"USP17L7",1.20922689259083,0.0453164341385579,"Upregulated"
"ST3GAL3-AS1",1.13296797626253,0.0453664317076985,"Upregulated"
"AC012506.3",1.68794323851487,0.0454448129991321,"Upregulated"
"RN7SL342P",3.35334307052829,0.0454953576018836,"Upregulated"
"RPS18P6",1.09368973102675,0.045528174514231,"Upregulated"
"CYP3A7-CYP3A51P",-1.39952182573689,0.0456231780301431,"Downregulated"
"AL136090.1",1.0373307026019,0.0457466493762213,"Upregulated"
"AC076966.1",2.0420749789248,0.0457906559989512,"Upregulated"
"AC097528.1",1.72482344539774,0.0458367725153042,"Upregulated"
"AC019183.1",-1.34315180795503,0.0458428811919206,"Downregulated"
"AC122136.1",-1.06022091499878,0.0459581546847275,"Downregulated"
"Y_RNA",1.66787841218293,0.0460010669466489,"Upregulated"
"FAM230G",1.41343464808687,0.0460191476245834,"Upregulated"
"RNU6-60P",2.21378438748868,0.0460342045900096,"Upregulated"
"AC087286.1",1.38619095767604,0.0462195123156624,"Upregulated"
"RN7SKP197",1.12224506762371,0.0462245678744989,"Upregulated"
"RNU6-880P",1.00455152982909,0.0462541327828948,"Upregulated"
"AL137818.1",2.03311042492137,0.0462706342194805,"Upregulated"
"RNA5SP139",1.00388308022222,0.0463946643819688,"Upregulated"
"AC026474.1",1.40679913221283,0.0465675752556367,"Upregulated"
"DDX3P2",1.61053463523996,0.0467094534899375,"Upregulated"
"AC019080.2",1.28064096108225,0.0467256783148611,"Upregulated"
"Y_RNA",1.1453577467535,0.0467703900749516,"Upregulated"
"CU639417.4",1.15521814990516,0.0468819397885991,"Upregulated"
"AC015871.1",1.25362073399699,0.0468869841912369,"Upregulated"
"AC121334.3",1.12545571776261,0.0469262943458858,"Upregulated"
"MIR1262",1.84652085205566,0.0469569594842243,"Upregulated"
"RN7SL174P",2.69422319603051,0.0470363408833166,"Upregulated"
"SRGAP2-AS1",1.47738842092423,0.0470762484188792,"Upregulated"
"TATDN2P1",1.41108288368915,0.0471373721913899,"Upregulated"
"LINC01805",-1.25884206579729,0.0472867351343803,"Downregulated"
"AC091044.1",1.27908906806793,0.0473458726855077,"Upregulated"
"TMEM230P1",1.60407496764757,0.0473497842830714,"Upregulated"
"AL050350.1",2.10635284941306,0.0473860350359642,"Upregulated"
"AC112200.2",-1.35448371776081,0.0474199783698559,"Downregulated"
"CER1",1.21067576013486,0.0474363327518825,"Upregulated"
"PSPHP1",1.2730307855155,0.0474736231819869,"Upregulated"
"AL138976.1",1.31159913126865,0.0474795457263306,"Upregulated"
"TRAJ20",1.68717016329266,0.0474818433784812,"Upregulated"
"AC012291.2",1.71587755667494,0.0475593723673479,"Upregulated"
"AC004920.1",1.26078965942532,0.0475830278641155,"Upregulated"
"TRIML2",1.05448482151935,0.0476410970127209,"Upregulated"
"MIR4766",1.06815609967446,0.0476723250462981,"Upregulated"
"AC002407.1",1.11862418478841,0.047727904149396,"Upregulated"
"AL358176.1",1.41979361765043,0.0477383994010114,"Upregulated"
"OR5P3",-1.35365956634754,0.0477774925715232,"Downregulated"
"AC011447.5",1.58849945364076,0.0478109375117528,"Upregulated"
"AC010641.1",1.45190390118085,0.0481040652621248,"Upregulated"
"RNU6-1",1.06159094682986,0.0481252376038305,"Upregulated"
"AC068580.5",1.06609700670015,0.0481861858970487,"Upregulated"
"AC013286.1",2.90407174909402,0.0481921237906746,"Upregulated"
"AC093915.1",1.03058649341162,0.0482140809879819,"Upregulated"
"UGT1A3",1.73577137989456,0.0483121702005222,"Upregulated"
"AP000484.1",1.18190310592671,0.0483668418411412,"Upregulated"
"AL031663.2",1.1806188590639,0.0485898726909205,"Upregulated"
"RHOXF1P2",-1.05357776323377,0.048668719282828,"Downregulated"
"AL391361.2",-1.34185597235631,0.048678851438806,"Downregulated"
"AC009518.1",1.04891111194063,0.0487015024479054,"Upregulated"
"OR52K2",-1.15753705028396,0.0487184874376164,"Downregulated"
"RN7SL302P",2.76878268563067,0.0487262197035483,"Upregulated"
"Z99289.3",1.54457768970136,0.048764261504918,"Upregulated"
"AL035694.1",1.70231641979413,0.048875256033887,"Upregulated"
"AL122008.1",1.75633662022374,0.0489085294193259,"Upregulated"
"AC104982.1",2.80217391879459,0.0489151335529615,"Upregulated"
"SLC6A21P",1.01113140140613,0.0489879722585138,"Upregulated"
"AL033381.1",1.23001388210842,0.0492805783601181,"Upregulated"
"AC147055.1",1.75312892319652,0.0493109937321467,"Upregulated"
"RN7SL786P",3.30689399524332,0.0494901316089498,"Upregulated"
"AC069549.2",1.11608375336069,0.0495454302763521,"Upregulated"
"AC007953.2",1.77273623829934,0.049548822977762,"Upregulated"
"KLF4P1",1.93799480566209,0.0496348594945449,"Upregulated"
"COX6B1P3",1.47004129946208,0.0496351320843657,"Upregulated"
"AC073626.2",1.67323663077254,0.0496956295416416,"Upregulated"
"AL079304.1",1.96469195248618,0.0497054124114316,"Upregulated"
"RNU6-1188P",2.61124710603086,0.0497281806480247,"Upregulated"
"AC026624.1",1.12413511802465,0.0497888510644541,"Upregulated"
"AL357793.2",2.63097072280346,0.0498966958188512,"Upregulated"
"AP000897.2",1.40358570724764,0.0499521488947328,"Upregulated"
"RN7SL260P",2.56346531256786,0.0499925895654587,"Upregulated"
