#node1	node2	node1_string_id	node2_string_id	neighborhood_on_chromosome	gene_fusion	phylogenetic_cooccurrence	homology	coexpression	experimentally_determined_interaction	database_annotated	automated_textmining	combined_score
ACVRL1	SMAD6	9606.ENSP00000373574	9606.ENSP00000288840	0	0	0	0	0.121	0.190	0	0.520	0.628
ACVRL1	SOX17	9606.ENSP00000373574	9606.ENSP00000297316	0	0	0	0	0.168	0.054	0	0.387	0.476
ACVRL1	CAV1	9606.ENSP00000373574	9606.ENSP00000339191	0	0	0	0	0.056	0.046	0	0.507	0.517
ACVRL1	CLEC14A	9606.ENSP00000373574	9606.ENSP00000353013	0	0	0	0	0.344	0.098	0	0.289	0.542
ACVRL1	TEK	9606.ENSP00000373574	9606.ENSP00000369375	0	0	0	0.571	0.195	0.074	0	0.268	0.407
ACVRL1	PECAM1	9606.ENSP00000373574	9606.ENSP00000457421	0	0	0	0	0.178	0.081	0	0.328	0.448
ACVRL1	TMEM100	9606.ENSP00000373574	9606.ENSP00000465638	0	0	0	0	0.114	0	0	0.432	0.475
ACVRL1	CDH5	9606.ENSP00000373574	9606.ENSP00000497290	0	0	0	0	0.227	0.095	0	0.628	0.717
ADM2	RAMP3	9606.ENSP00000379087	9606.ENSP00000242249	0	0	0	0	0	0.900	0.400	0.922	0.994
ADM2	RAMP2	9606.ENSP00000379087	9606.ENSP00000253796	0	0	0	0	0	0	0.400	0.880	0.924
ADM2	CALCRL	9606.ENSP00000379087	9606.ENSP00000376177	0	0	0	0	0	0.900	0.400	0.985	0.999
ADRB2	SLC6A4	9606.ENSP00000305372	9606.ENSP00000261707	0	0	0	0	0.054	0	0	0.461	0.469
ADRB2	SLC2A1	9606.ENSP00000305372	9606.ENSP00000416293	0	0	0	0	0	0	0	0.411	0.410
ADRB2	GRK5	9606.ENSP00000305372	9606.ENSP00000376609	0	0	0	0	0.054	0.333	0.500	0.750	0.910
AGER	FABP4	9606.ENSP00000364210	9606.ENSP00000256104	0	0	0	0	0.058	0	0	0.457	0.466
AGER	CAV1	9606.ENSP00000364210	9606.ENSP00000339191	0	0	0	0	0.052	0	0	0.479	0.484
AGER	HMGB3	9606.ENSP00000364210	9606.ENSP00000359393	0	0	0	0	0	0.045	0	0.573	0.574
AGER	EDNRB	9606.ENSP00000364210	9606.ENSP00000366416	0	0	0	0	0.106	0	0	0.410	0.449
ALDH18A1	CAT	9606.ENSP00000360268	9606.ENSP00000241052	0	0	0	0	0.058	0	0	0.446	0.456
ALDH18A1	PPAT	9606.ENSP00000360268	9606.ENSP00000264220	0.088	0	0	0	0.156	0	0	0.398	0.496
ALDH18A1	PLK1	9606.ENSP00000360268	9606.ENSP00000300093	0	0	0	0	0.108	0	0	0.384	0.427
ALDH18A1	S1PR1	9606.ENSP00000360268	9606.ENSP00000305416	0	0	0	0	0	0	0	0.462	0.462
ALDH18A1	AURKB	9606.ENSP00000360268	9606.ENSP00000313950	0	0	0	0	0.137	0	0	0.343	0.409
ALDH18A1	PLPP2	9606.ENSP00000360268	9606.ENSP00000329697	0.121	0	0	0	0.069	0	0	0.359	0.431
ALDH18A1	GPT2	9606.ENSP00000360268	9606.ENSP00000345282	0.247	0	0	0	0.088	0	0	0.530	0.649
ALDH18A1	TOP2A	9606.ENSP00000360268	9606.ENSP00000411532	0.098	0	0	0	0.139	0	0	0.353	0.453
ALDH18A1	PNPLA6	9606.ENSP00000360268	9606.ENSP00000407509	0.053	0	0	0	0.063	0	0.401	0.233	0.538
ALDH18A1	RECQL4	9606.ENSP00000360268	9606.ENSP00000482313	0.086	0	0	0	0.218	0.292	0	0.244	0.566
ALDH18A1	PAICS	9606.ENSP00000360268	9606.ENSP00000382595	0.257	0	0	0	0.181	0	0	0.398	0.601
ALDH18A1	PSAT1	9606.ENSP00000360268	9606.ENSP00000365773	0.356	0	0	0	0.321	0	0	0.668	0.842
ALDH18A1	PYCR1	9606.ENSP00000360268	9606.ENSP00000384949	0.272	0	0	0	0.454	0.095	0	0.956	0.982
ANGPT4	EDNRB	9606.ENSP00000371347	9606.ENSP00000366416	0	0	0	0	0	0	0	0.463	0.463
ANGPT4	TEK	9606.ENSP00000371347	9606.ENSP00000369375	0	0	0	0	0.126	0.582	0.900	0.995	0.999
ANLN	CDC6	9606.ENSP00000265748	9606.ENSP00000209728	0	0	0	0	0.423	0	0	0.301	0.579
ANLN	MYBL2	9606.ENSP00000265748	9606.ENSP00000217026	0	0	0	0	0.262	0	0	0.222	0.402
ANLN	NCAPH	9606.ENSP00000265748	9606.ENSP00000240423	0	0	0	0	0.433	0	0	0.505	0.707
ANLN	DLGAP5	9606.ENSP00000265748	9606.ENSP00000247191	0	0	0	0	0.828	0	0	0.523	0.914
ANLN	E2F8	9606.ENSP00000265748	9606.ENSP00000250024	0	0	0	0	0.354	0	0	0.291	0.522
ANLN	NCAPG	9606.ENSP00000265748	9606.ENSP00000251496	0	0	0	0	0.539	0	0	0.336	0.681
ANLN	GINS2	9606.ENSP00000265748	9606.ENSP00000253462	0	0	0	0	0.257	0	0	0.237	0.409
ANLN	CCNB1	9606.ENSP00000265748	9606.ENSP00000256442	0	0	0	0	0.607	0	0	0.657	0.860
ANLN	ESPL1	9606.ENSP00000265748	9606.ENSP00000257934	0	0	0	0	0.231	0	0	0.457	0.564
ANLN	KIF11	9606.ENSP00000265748	9606.ENSP00000260731	0	0	0	0	0.879	0	0	0.582	0.947
ANLN	NDC80	9606.ENSP00000265748	9606.ENSP00000261597	0	0	0	0	0.524	0	0	0.220	0.612
ANLN	GINS1	9606.ENSP00000265748	9606.ENSP00000262460	0	0	0	0	0.244	0	0	0.245	0.405
ANLN	DEPDC1B	9606.ENSP00000265748	9606.ENSP00000265036	0	0	0	0	0.502	0	0.400	0.200	0.740
ANLN	TICRR	9606.ENSP00000265748	9606.ENSP00000268138	0	0	0	0	0.318	0	0	0.167	0.408
ANLN	KIF18B	9606.ENSP00000265748	9606.ENSP00000465992	0	0	0	0	0.263	0	0	0.277	0.445
ANLN	ERCC6L	9606.ENSP00000265748	9606.ENSP00000334675	0	0	0	0	0.289	0	0	0.263	0.454
ANLN	STARD13	9606.ENSP00000265748	9606.ENSP00000338785	0	0	0	0	0	0	0	0.458	0.457
ANLN	GTSE1	9606.ENSP00000265748	9606.ENSP00000415430	0	0	0	0	0.271	0.163	0	0.218	0.481
ANLN	MCM10	9606.ENSP00000265748	9606.ENSP00000418268	0	0	0	0	0.395	0	0	0.179	0.482
ANLN	ZWINT	9606.ENSP00000265748	9606.ENSP00000363055	0	0	0	0	0.340	0	0	0.260	0.490
ANLN	SPTBN1	9606.ENSP00000265748	9606.ENSP00000349259	0	0	0	0	0.044	0.416	0	0.161	0.490
ANLN	CDC45	9606.ENSP00000265748	9606.ENSP00000405726	0	0	0	0	0.403	0	0	0.230	0.521
ANLN	CDC25C	9606.ENSP00000265748	9606.ENSP00000321656	0	0	0	0	0.439	0	0	0.196	0.530
ANLN	FOXM1	9606.ENSP00000265748	9606.ENSP00000342307	0	0	0	0	0.369	0	0	0.295	0.536
ANLN	RAD54L	9606.ENSP00000265748	9606.ENSP00000361043	0	0	0	0	0.353	0	0	0.319	0.541
ANLN	UHRF1	9606.ENSP00000265748	9606.ENSP00000479617	0	0	0	0	0.429	0	0	0.229	0.541
ANLN	SKA3	9606.ENSP00000265748	9606.ENSP00000319417	0	0	0	0	0.450	0	0	0.311	0.604
ANLN	CAV1	9606.ENSP00000265748	9606.ENSP00000339191	0	0	0	0	0.085	0.292	0.400	0.138	0.620
ANLN	CCNB2	9606.ENSP00000265748	9606.ENSP00000288207	0	0	0	0	0.415	0	0	0.398	0.633
ANLN	CHEK1	9606.ENSP00000265748	9606.ENSP00000391090	0	0	0	0	0.322	0	0	0.481	0.633
ANLN	KIF15	9606.ENSP00000265748	9606.ENSP00000324020	0	0	0	0	0.458	0	0	0.371	0.645
ANLN	CENPA	9606.ENSP00000265748	9606.ENSP00000336868	0	0	0	0	0.493	0	0	0.333	0.647
ANLN	CDCA3	9606.ENSP00000265748	9606.ENSP00000442068	0	0	0	0	0.490	0	0	0.341	0.649
ANLN	UBE2T	9606.ENSP00000265748	9606.ENSP00000494957	0	0	0	0	0.430	0	0	0.416	0.653
ANLN	CDCA5	9606.ENSP00000265748	9606.ENSP00000275517	0	0	0	0	0.518	0	0	0.348	0.672
ANLN	CDCA2	9606.ENSP00000265748	9606.ENSP00000328228	0	0	0	0	0.465	0	0	0.418	0.675
ANLN	HJURP	9606.ENSP00000265748	9606.ENSP00000414109	0	0	0	0	0.543	0	0	0.322	0.677
ANLN	SPAG5	9606.ENSP00000265748	9606.ENSP00000323300	0	0	0	0	0.437	0.292	0	0.302	0.697
ANLN	CDC20	9606.ENSP00000265748	9606.ENSP00000361540	0	0	0	0	0.472	0	0	0.456	0.701
ANLN	PLK1	9606.ENSP00000265748	9606.ENSP00000300093	0	0	0	0	0.392	0	0	0.531	0.703
ANLN	TTK	9606.ENSP00000265748	9606.ENSP00000358813	0	0	0	0	0.546	0	0	0.374	0.704
ANLN	MKI67	9606.ENSP00000265748	9606.ENSP00000357643	0	0	0	0	0.456	0.292	0	0.392	0.745
ANLN	CCNA2	9606.ENSP00000265748	9606.ENSP00000481380	0	0	0	0	0.614	0	0	0.370	0.747
ANLN	EXO1	9606.ENSP00000265748	9606.ENSP00000355506	0	0	0	0	0.487	0	0	0.541	0.754
ANLN	UBE2C	9606.ENSP00000265748	9606.ENSP00000348838	0	0	0	0	0.476	0	0	0.584	0.773
ANLN	BIRC5	9606.ENSP00000265748	9606.ENSP00000301633	0	0	0	0	0.399	0.292	0	0.527	0.781
ANLN	KIF4A	9606.ENSP00000265748	9606.ENSP00000363524	0	0	0	0	0.565	0	0	0.520	0.782
ANLN	RRM2	9606.ENSP00000265748	9606.ENSP00000353770	0	0	0	0	0.420	0	0	0.645	0.785
ANLN	NEK2	9606.ENSP00000265748	9606.ENSP00000355966	0	0	0	0	0.484	0.292	0	0.463	0.787
ANLN	CDCA8	9606.ENSP00000265748	9606.ENSP00000362146	0	0	0	0	0.479	0.292	0	0.475	0.789
ANLN	IQGAP3	9606.ENSP00000265748	9606.ENSP00000354451	0	0	0	0	0.244	0.486	0.400	0.225	0.795
ANLN	BUB1B	9606.ENSP00000265748	9606.ENSP00000287598	0	0	0	0	0.693	0	0	0.376	0.800
ANLN	PBK	9606.ENSP00000265748	9606.ENSP00000428489	0	0	0	0	0.696	0.052	0	0.397	0.811
ANLN	KIF2C	9606.ENSP00000265748	9606.ENSP00000361298	0	0	0	0	0.532	0	0	0.633	0.821
ANLN	KIF14	9606.ENSP00000265748	9606.ENSP00000356319	0	0	0	0	0.550	0.292	0	0.503	0.828
ANLN	MELK	9606.ENSP00000265748	9606.ENSP00000298048	0	0	0	0	0.587	0	0	0.608	0.831
ANLN	CKAP2L	9606.ENSP00000265748	9606.ENSP00000305204	0	0	0	0	0.759	0	0	0.355	0.837
ANLN	CENPF	9606.ENSP00000265748	9606.ENSP00000355922	0	0	0	0	0.578	0.292	0	0.515	0.842
ANLN	AURKB	9606.ENSP00000265748	9606.ENSP00000313950	0	0	0	0	0.450	0.292	0	0.636	0.846
ANLN	DEPDC1	9606.ENSP00000265748	9606.ENSP00000412292	0	0	0	0	0.774	0	0	0.353	0.847
ANLN	TOP2A	9606.ENSP00000265748	9606.ENSP00000411532	0	0	0	0	0.613	0.292	0	0.533	0.861
ANLN	HMMR	9606.ENSP00000265748	9606.ENSP00000377492	0	0	0	0	0.764	0	0	0.513	0.880
ANLN	NUF2	9606.ENSP00000265748	9606.ENSP00000271452	0	0	0	0	0.809	0	0	0.482	0.897
ANLN	ASPM	9606.ENSP00000265748	9606.ENSP00000356379	0	0	0	0	0.750	0.292	0	0.480	0.900
ANLN	TPX2	9606.ENSP00000265748	9606.ENSP00000300403	0	0	0	0	0.774	0	0	0.673	0.923
ANLN	CEP55	9606.ENSP00000265748	9606.ENSP00000360540	0	0	0	0	0.778	0.292	0	0.592	0.930
ANLN	KIF20A	9606.ENSP00000265748	9606.ENSP00000378356	0	0	0	0	0.823	0.328	0	0.607	0.949
AOC3	PECAM1	9606.ENSP00000312326	9606.ENSP00000457421	0	0	0	0	0.166	0	0	0.506	0.570
ARHGAP6	ESPL1	9606.ENSP00000338967	9606.ENSP00000257934	0	0	0	0	0.399	0	0	0.102	0.437
ARHGAP6	KIF11	9606.ENSP00000338967	9606.ENSP00000260731	0	0	0	0	0.395	0	0	0.085	0.423
ARHGAP6	NDC80	9606.ENSP00000338967	9606.ENSP00000261597	0	0	0	0	0.400	0	0	0	0.400
ARHGAP6	TTK	9606.ENSP00000338967	9606.ENSP00000358813	0	0	0	0	0.438	0	0	0	0.438
ARHGAP6	ASPM	9606.ENSP00000338967	9606.ENSP00000356379	0	0	0	0	0.537	0.094	0	0	0.562
ARHGEF15	SEMA3G	9606.ENSP00000355026	9606.ENSP00000231721	0	0	0	0	0.256	0	0	0.489	0.603
ARHGEF15	FGD5	9606.ENSP00000355026	9606.ENSP00000285046	0	0	0	0	0.283	0	0	0.504	0.629
ARHGEF15	CEP55	9606.ENSP00000355026	9606.ENSP00000360540	0	0	0	0	0	0.470	0	0	0.470
ARHGEF39	SGO1	9606.ENSP00000367638	9606.ENSP00000263753	0	0	0	0	0.403	0	0	0	0.403
ARHGEF39	MELK	9606.ENSP00000367638	9606.ENSP00000298048	0	0	0	0	0.311	0	0	0.275	0.480
ARHGEF39	KIF18B	9606.ENSP00000367638	9606.ENSP00000465992	0	0	0	0	0.400	0	0	0	0.400
ASPM	CDC6	9606.ENSP00000356379	9606.ENSP00000209728	0	0	0	0	0.520	0	0	0.247	0.623
ASPM	MYBL2	9606.ENSP00000356379	9606.ENSP00000217026	0	0	0	0	0.437	0	0	0.222	0.543
ASPM	ORC6	9606.ENSP00000356379	9606.ENSP00000219097	0	0	0	0	0.260	0	0	0.370	0.514
ASPM	NCAPH	9606.ENSP00000356379	9606.ENSP00000240423	0	0	0	0	0.667	0.099	0	0.579	0.862
ASPM	DLGAP5	9606.ENSP00000356379	9606.ENSP00000247191	0	0	0	0	0.974	0	0	0.799	0.994
ASPM	E2F8	9606.ENSP00000356379	9606.ENSP00000250024	0	0	0	0	0.601	0	0	0.193	0.664
ASPM	NCAPG	9606.ENSP00000356379	9606.ENSP00000251496	0	0	0	0	0.910	0	0	0.702	0.972
ASPM	GINS2	9606.ENSP00000356379	9606.ENSP00000253462	0	0	0	0	0.401	0	0	0.425	0.641
ASPM	CCNB1	9606.ENSP00000356379	9606.ENSP00000256442	0	0	0	0	0.838	0	0	0.714	0.952
ASPM	TROAP	9606.ENSP00000356379	9606.ENSP00000257909	0	0	0	0	0.648	0	0	0.358	0.764
ASPM	ESPL1	9606.ENSP00000356379	9606.ENSP00000257934	0	0	0	0	0.759	0.087	0	0.401	0.857
ASPM	KIF11	9606.ENSP00000356379	9606.ENSP00000260731	0	0	0	0	0.962	0.079	0	0.714	0.989
ASPM	NDC80	9606.ENSP00000356379	9606.ENSP00000261597	0	0	0	0	0.959	0.160	0	0.170	0.969
ASPM	GINS1	9606.ENSP00000356379	9606.ENSP00000262460	0	0	0	0	0.288	0	0	0.523	0.646
ASPM	SGO1	9606.ENSP00000356379	9606.ENSP00000263753	0	0	0	0	0.634	0	0	0.305	0.734
ASPM	POLQ	9606.ENSP00000356379	9606.ENSP00000264233	0	0	0	0	0.533	0	0	0	0.533
ASPM	NEIL3	9606.ENSP00000356379	9606.ENSP00000264596	0	0	0	0	0.475	0	0	0.103	0.509
ASPM	DEPDC1B	9606.ENSP00000356379	9606.ENSP00000265036	0	0	0	0	0.527	0	0	0.292	0.651
ASPM	ANLN	9606.ENSP00000356379	9606.ENSP00000265748	0	0	0	0	0.750	0.292	0	0.480	0.900
ASPM	TICRR	9606.ENSP00000356379	9606.ENSP00000268138	0	0	0	0	0.551	0	0	0	0.551
ASPM	NUF2	9606.ENSP00000356379	9606.ENSP00000271452	0	0	0	0	0.944	0	0	0.665	0.980
ASPM	CDCA5	9606.ENSP00000356379	9606.ENSP00000275517	0	0	0	0	0.583	0	0	0.418	0.746
ASPM	BUB1B	9606.ENSP00000356379	9606.ENSP00000287598	0	0	0	0	0.928	0.111	0	0.628	0.974
ASPM	CCNB2	9606.ENSP00000356379	9606.ENSP00000288207	0	0	0	0	0.840	0	0	0.709	0.951
ASPM	MELK	9606.ENSP00000356379	9606.ENSP00000298048	0	0	0	0	0.818	0	0	0.715	0.946
ASPM	PLK1	9606.ENSP00000356379	9606.ENSP00000300093	0	0	0	0	0.455	0.091	0	0.451	0.704
ASPM	TPX2	9606.ENSP00000356379	9606.ENSP00000300403	0	0	0	0	0.827	0	0	0.717	0.949
ASPM	BIRC5	9606.ENSP00000356379	9606.ENSP00000301633	0	0	0	0	0.748	0	0	0.540	0.879
ASPM	CKAP2L	9606.ENSP00000356379	9606.ENSP00000305204	0	0	0	0	0.724	0	0	0.595	0.883
ASPM	AURKB	9606.ENSP00000356379	9606.ENSP00000313950	0	0	0	0	0.608	0	0	0.732	0.890
ASPM	SKA3	9606.ENSP00000356379	9606.ENSP00000319417	0	0	0	0	0.546	0	0	0.310	0.673
ASPM	EZH2	9606.ENSP00000356379	9606.ENSP00000320147	0	0	0	0	0.353	0	0	0.167	0.438
ASPM	CDC25C	9606.ENSP00000356379	9606.ENSP00000321656	0	0	0	0	0.524	0	0	0.225	0.615
ASPM	SPAG5	9606.ENSP00000356379	9606.ENSP00000323300	0	0	0	0	0.855	0.043	0	0.640	0.945
ASPM	KIF15	9606.ENSP00000356379	9606.ENSP00000324020	0	0	0	0	0.895	0	0	0.743	0.971
ASPM	CDCA2	9606.ENSP00000356379	9606.ENSP00000328228	0	0	0	0	0.777	0	0	0.295	0.836
ASPM	ERCC6L	9606.ENSP00000356379	9606.ENSP00000334675	0	0	0	0	0.442	0	0	0.342	0.617
ASPM	CENPA	9606.ENSP00000356379	9606.ENSP00000336868	0	0	0	0	0.800	0	0	0.352	0.865
ASPM	ARHGAP6	9606.ENSP00000356379	9606.ENSP00000338967	0	0	0	0	0.537	0.094	0	0	0.562
ASPM	FOXM1	9606.ENSP00000356379	9606.ENSP00000342307	0	0	0	0	0.668	0	0	0.561	0.848
ASPM	UBE2C	9606.ENSP00000356379	9606.ENSP00000348838	0	0	0	0	0.835	0	0	0.673	0.943
ASPM	RRM2	9606.ENSP00000356379	9606.ENSP00000353770	0	0	0	0	0.626	0	0	0.627	0.854
ASPM	IQGAP3	9606.ENSP00000356379	9606.ENSP00000354451	0	0	0	0.547	0.577	0	0	0.128	0.615
ASPM	EXO1	9606.ENSP00000356379	9606.ENSP00000355506	0	0	0	0	0.792	0	0	0.295	0.848
ASPM	CENPF	9606.ENSP00000356379	9606.ENSP00000355922	0	0	0	0	0.938	0	0	0.802	0.987
ASPM	NEK2	9606.ENSP00000356379	9606.ENSP00000355966	0	0	0	0	0.837	0	0	0.507	0.916
ASPM	KIF14	9606.ENSP00000356379	9606.ENSP00000356319	0	0	0	0	0.876	0.292	0	0.617	0.963
ASPM	RCC1	9606.ENSP00000356379	9606.ENSP00000497402	0	0	0	0	0.173	0	0	0.374	0.461
ASPM	UHRF1	9606.ENSP00000356379	9606.ENSP00000479617	0	0	0	0	0.474	0	0	0.213	0.569
ASPM	CHEK1	9606.ENSP00000356379	9606.ENSP00000391090	0	0	0	0	0.500	0	0	0.320	0.645
ASPM	RAD54L	9606.ENSP00000356379	9606.ENSP00000361043	0	0	0	0	0.436	0	0	0.434	0.667
ASPM	GTSE1	9606.ENSP00000356379	9606.ENSP00000415430	0	0	0	0	0.537	0	0	0.356	0.689
ASPM	CDC45	9606.ENSP00000356379	9606.ENSP00000405726	0	0	0	0	0.599	0	0	0.290	0.703
ASPM	MCM10	9606.ENSP00000356379	9606.ENSP00000418268	0	0	0	0	0.533	0	0	0.431	0.723
ASPM	KIF18B	9606.ENSP00000356379	9606.ENSP00000465992	0	0	0	0	0.641	0.061	0	0.271	0.733
ASPM	ZWINT	9606.ENSP00000356379	9606.ENSP00000363055	0	0	0	0	0.527	0	0	0.632	0.818
ASPM	UBE2T	9606.ENSP00000356379	9606.ENSP00000494957	0	0	0	0	0.780	0	0	0.246	0.827
ASPM	DEPDC1	9606.ENSP00000356379	9606.ENSP00000412292	0	0	0	0	0.805	0	0	0.318	0.861
ASPM	CDCA3	9606.ENSP00000356379	9606.ENSP00000442068	0	0	0	0	0.773	0	0	0.425	0.864
ASPM	HMMR	9606.ENSP00000356379	9606.ENSP00000377492	0	0	0	0	0.809	0.043	0	0.640	0.928
ASPM	HJURP	9606.ENSP00000356379	9606.ENSP00000414109	0	0	0	0	0.855	0	0	0.545	0.931
ASPM	KIF2C	9606.ENSP00000356379	9606.ENSP00000361298	0	0	0	0	0.851	0	0	0.589	0.936
ASPM	CCNA2	9606.ENSP00000356379	9606.ENSP00000481380	0	0	0	0	0.865	0	0	0.603	0.944
ASPM	CEP55	9606.ENSP00000356379	9606.ENSP00000360540	0	0	0	0	0.842	0	0	0.700	0.950
ASPM	CDCA8	9606.ENSP00000356379	9606.ENSP00000362146	0	0	0	0	0.908	0	0	0.480	0.950
ASPM	PBK	9606.ENSP00000356379	9606.ENSP00000428489	0	0	0	0	0.841	0.046	0	0.703	0.951
ASPM	KIF4A	9606.ENSP00000356379	9606.ENSP00000363524	0	0	0	0	0.900	0	0	0.536	0.952
ASPM	TTK	9606.ENSP00000356379	9606.ENSP00000358813	0	0	0	0	0.912	0	0	0.530	0.957
ASPM	MKI67	9606.ENSP00000356379	9606.ENSP00000357643	0	0	0	0	0.895	0.099	0	0.635	0.962
ASPM	CDC20	9606.ENSP00000356379	9606.ENSP00000361540	0	0	0	0	0.900	0.111	0	0.715	0.972
ASPM	STIL	9606.ENSP00000356379	9606.ENSP00000360944	0	0	0	0	0.477	0.164	0	0.942	0.972
ASPM	KIF20A	9606.ENSP00000356379	9606.ENSP00000378356	0	0	0	0	0.900	0.048	0	0.765	0.975
ASPM	TOP2A	9606.ENSP00000356379	9606.ENSP00000411532	0	0	0	0	0.983	0	0	0.804	0.996
AURKB	CDC6	9606.ENSP00000313950	9606.ENSP00000209728	0	0	0	0	0.477	0.075	0	0.724	0.855
AURKB	MYBL2	9606.ENSP00000313950	9606.ENSP00000217026	0	0	0	0	0.523	0.051	0	0.400	0.704
AURKB	NCAPH	9606.ENSP00000313950	9606.ENSP00000240423	0	0	0	0	0.573	0.443	0	0.650	0.909
AURKB	DLGAP5	9606.ENSP00000313950	9606.ENSP00000247191	0	0	0	0	0.737	0	0	0.818	0.950
AURKB	E2F8	9606.ENSP00000313950	9606.ENSP00000250024	0	0	0	0	0.506	0	0	0.312	0.646
AURKB	NCAPG	9606.ENSP00000313950	9606.ENSP00000251496	0	0	0	0	0.711	0.075	0	0.700	0.913
AURKB	GINS2	9606.ENSP00000313950	9606.ENSP00000253462	0	0	0	0	0.515	0	0	0.246	0.619
AURKB	CCNB1	9606.ENSP00000313950	9606.ENSP00000256442	0	0	0	0	0.587	0.094	0.400	0.851	0.962
AURKB	TROAP	9606.ENSP00000313950	9606.ENSP00000257909	0	0	0	0	0.801	0	0	0.212	0.836
AURKB	ESPL1	9606.ENSP00000313950	9606.ENSP00000257934	0	0	0	0	0.608	0	0.500	0.932	0.985
AURKB	KIF11	9606.ENSP00000313950	9606.ENSP00000260731	0	0	0	0	0.768	0.272	0	0.804	0.964
AURKB	NDC80	9606.ENSP00000313950	9606.ENSP00000261597	0	0	0	0	0.746	0.474	0	0.856	0.979
AURKB	PKMYT1	9606.ENSP00000313950	9606.ENSP00000262300	0	0	0.129	0.595	0.369	0.071	0	0.216	0.547
AURKB	FOXF1	9606.ENSP00000313950	9606.ENSP00000262426	0	0	0	0	0.055	0.051	0	0.386	0.401
AURKB	GINS1	9606.ENSP00000313950	9606.ENSP00000262460	0	0	0	0	0.331	0	0	0.386	0.571
AURKB	SGO1	9606.ENSP00000313950	9606.ENSP00000263753	0	0	0	0	0.542	0.292	0	0.912	0.969
AURKB	NEIL3	9606.ENSP00000313950	9606.ENSP00000264596	0	0	0	0	0.357	0	0	0.124	0.413
AURKB	DEPDC1B	9606.ENSP00000313950	9606.ENSP00000265036	0	0	0	0	0.462	0	0	0.434	0.682
AURKB	ANLN	9606.ENSP00000313950	9606.ENSP00000265748	0	0	0	0	0.450	0.292	0	0.636	0.846
AURKB	TICRR	9606.ENSP00000313950	9606.ENSP00000268138	0	0	0	0	0.439	0	0	0.128	0.490
AURKB	NUF2	9606.ENSP00000313950	9606.ENSP00000271452	0	0	0	0	0.606	0.292	0	0.835	0.950
AURKB	CDCA5	9606.ENSP00000313950	9606.ENSP00000275517	0	0	0	0	0.672	0	0	0.907	0.968
AURKB	BUB1B	9606.ENSP00000313950	9606.ENSP00000287598	0	0	0	0	0.637	0.327	0.500	0.992	0.999
AURKB	CCNB2	9606.ENSP00000313950	9606.ENSP00000288207	0	0	0	0	0.844	0.094	0.400	0.901	0.990
AURKB	MELK	9606.ENSP00000313950	9606.ENSP00000298048	0	0	0.095	0.735	0.805	0.045	0	0.489	0.902
AURKB	PLK1	9606.ENSP00000313950	9606.ENSP00000300093	0	0	0	0.744	0.789	0.212	0.500	0.351	0.939
AURKB	TPX2	9606.ENSP00000313950	9606.ENSP00000300403	0	0	0	0	0.687	0.297	0	0.750	0.940
AURKB	BIRC5	9606.ENSP00000313950	9606.ENSP00000301633	0	0	0	0	0.764	0.944	0.800	0.996	0.999
AURKB	CKAP2L	9606.ENSP00000313950	9606.ENSP00000305204	0	0	0	0	0.499	0	0	0.498	0.737
AURKB	ALDH18A1	9606.ENSP00000313950	9606.ENSP00000360268	0	0	0	0	0.137	0	0	0.343	0.409
AURKB	IQGAP3	9606.ENSP00000313950	9606.ENSP00000354451	0	0	0	0	0.378	0	0	0.117	0.427
AURKB	RECQL4	9606.ENSP00000313950	9606.ENSP00000482313	0	0	0	0	0.270	0.096	0	0.203	0.429
AURKB	UBE2T	9606.ENSP00000313950	9606.ENSP00000494957	0	0	0	0	0.309	0.067	0	0.193	0.435
AURKB	STIL	9606.ENSP00000313950	9606.ENSP00000360944	0	0	0	0	0.297	0	0	0.255	0.454
AURKB	RCC1	9606.ENSP00000313950	9606.ENSP00000497402	0	0	0	0	0.239	0	0	0.428	0.546
AURKB	RAD54L	9606.ENSP00000313950	9606.ENSP00000361043	0	0	0	0	0.462	0.051	0	0.216	0.564
AURKB	DEPDC1	9606.ENSP00000313950	9606.ENSP00000412292	0	0	0	0	0.435	0	0	0.269	0.569
AURKB	ERCC6L	9606.ENSP00000313950	9606.ENSP00000334675	0	0	0	0	0.437	0.051	0	0.335	0.614
AURKB	UHRF1	9606.ENSP00000313950	9606.ENSP00000479617	0	0	0	0	0.458	0	0	0.321	0.616
AURKB	EZH2	9606.ENSP00000313950	9606.ENSP00000320147	0	0	0	0	0.262	0.102	0	0.568	0.689
AURKB	MCM10	9606.ENSP00000313950	9606.ENSP00000418268	0	0	0	0	0.585	0	0	0.376	0.730
AURKB	KIF18B	9606.ENSP00000313950	9606.ENSP00000465992	0	0	0	0	0.554	0.094	0	0.435	0.752
AURKB	CHEK1	9606.ENSP00000313950	9606.ENSP00000391090	0	0	0	0.624	0.475	0.075	0	0.534	0.754
AURKB	CDCA2	9606.ENSP00000313950	9606.ENSP00000328228	0	0	0	0	0.456	0	0	0.571	0.756
AURKB	HMMR	9606.ENSP00000313950	9606.ENSP00000377492	0	0	0	0	0.510	0	0	0.529	0.760
AURKB	NEK2	9606.ENSP00000313950	9606.ENSP00000355966	0	0	0.120	0.688	0.585	0	0	0.455	0.783
AURKB	TTK	9606.ENSP00000313950	9606.ENSP00000358813	0	0	0	0.641	0.614	0.261	0	0.303	0.784
AURKB	SKA3	9606.ENSP00000313950	9606.ENSP00000319417	0	0	0	0	0.469	0.292	0	0.475	0.785
AURKB	PBK	9606.ENSP00000313950	9606.ENSP00000428489	0	0	0	0	0.660	0.067	0	0.394	0.791
AURKB	EXO1	9606.ENSP00000313950	9606.ENSP00000355506	0	0	0	0	0.554	0	0	0.564	0.797
AURKB	KIF14	9606.ENSP00000313950	9606.ENSP00000356319	0	0	0	0	0.461	0.292	0	0.596	0.832
AURKB	RRM2	9606.ENSP00000313950	9606.ENSP00000353770	0	0	0	0	0.621	0	0	0.596	0.840
AURKB	GTSE1	9606.ENSP00000313950	9606.ENSP00000415430	0	0	0	0	0.776	0	0	0.318	0.841
AURKB	CDC25C	9606.ENSP00000313950	9606.ENSP00000321656	0	0	0	0	0.664	0	0	0.551	0.843
AURKB	KIF15	9606.ENSP00000313950	9606.ENSP00000324020	0	0	0	0	0.625	0	0	0.636	0.858
AURKB	CEP55	9606.ENSP00000313950	9606.ENSP00000360540	0	0	0	0	0.604	0	0	0.672	0.864
AURKB	MKI67	9606.ENSP00000313950	9606.ENSP00000357643	0	0	0	0	0.699	0.292	0	0.416	0.865
AURKB	SPAG5	9606.ENSP00000313950	9606.ENSP00000323300	0	0	0	0	0.731	0.294	0	0.407	0.878
AURKB	FOXM1	9606.ENSP00000313950	9606.ENSP00000342307	0	0	0	0	0.694	0.051	0	0.648	0.889
AURKB	ASPM	9606.ENSP00000313950	9606.ENSP00000356379	0	0	0	0	0.608	0	0	0.732	0.890
AURKB	CENPF	9606.ENSP00000313950	9606.ENSP00000355922	0	0	0	0	0.559	0	0	0.838	0.925
AURKB	CDC45	9606.ENSP00000313950	9606.ENSP00000405726	0	0	0	0	0.805	0	0	0.637	0.926
AURKB	HJURP	9606.ENSP00000313950	9606.ENSP00000414109	0	0	0	0	0.809	0	0	0.632	0.927
AURKB	ZWINT	9606.ENSP00000313950	9606.ENSP00000363055	0	0	0	0	0.435	0	0	0.877	0.927
AURKB	CDCA3	9606.ENSP00000313950	9606.ENSP00000442068	0	0	0	0	0.835	0	0	0.612	0.933
AURKB	KIF4A	9606.ENSP00000313950	9606.ENSP00000363524	0	0	0	0	0.773	0	0	0.756	0.942
AURKB	UBE2C	9606.ENSP00000313950	9606.ENSP00000348838	0	0	0	0	0.766	0.053	0.400	0.704	0.955
AURKB	TOP2A	9606.ENSP00000313950	9606.ENSP00000411532	0	0	0	0	0.831	0.314	0	0.761	0.970
AURKB	KIF20A	9606.ENSP00000313950	9606.ENSP00000378356	0	0	0	0	0.835	0.637	0	0.846	0.990
AURKB	CCNA2	9606.ENSP00000313950	9606.ENSP00000481380	0	0	0	0	0.960	0	0	0.807	0.991
AURKB	KIF2C	9606.ENSP00000313950	9606.ENSP00000361298	0	0	0	0	0.830	0.323	0	0.975	0.996
AURKB	CENPA	9606.ENSP00000313950	9606.ENSP00000336868	0	0	0	0	0.928	0.667	0	0.917	0.997
AURKB	CDC20	9606.ENSP00000313950	9606.ENSP00000361540	0	0	0	0	0.889	0.297	0.500	0.965	0.998
AURKB	CDCA8	9606.ENSP00000313950	9606.ENSP00000362146	0	0	0	0	0.779	0.897	0.800	0.998	0.999
B3GNT3	CBLC	9606.ENSP00000321874	9606.ENSP00000494162	0	0	0	0	0.249	0	0	0.242	0.406
B3GNT3	GCNT3	9606.ENSP00000321874	9606.ENSP00000379377	0	0	0	0	0.105	0	0	0.555	0.585
B3GNT3	FUT2	9606.ENSP00000321874	9606.ENSP00000387498	0	0	0	0	0.096	0	0.900	0.491	0.950
BIRC5	CDC6	9606.ENSP00000301633	9606.ENSP00000209728	0	0	0	0	0.521	0.071	0	0.447	0.732
BIRC5	MYBL2	9606.ENSP00000301633	9606.ENSP00000217026	0	0	0	0	0.505	0.061	0	0.693	0.844
BIRC5	ORC6	9606.ENSP00000301633	9606.ENSP00000219097	0	0	0	0	0.241	0	0	0.322	0.463
BIRC5	NCAPH	9606.ENSP00000301633	9606.ENSP00000240423	0	0	0	0	0.620	0.100	0	0.590	0.847
BIRC5	DLGAP5	9606.ENSP00000301633	9606.ENSP00000247191	0	0	0	0	0.907	0	0	0.661	0.967
BIRC5	E2F8	9606.ENSP00000301633	9606.ENSP00000250024	0	0	0	0	0.507	0	0	0.313	0.647
BIRC5	NCAPG	9606.ENSP00000301633	9606.ENSP00000251496	0	0	0	0	0.685	0.100	0	0.597	0.876
BIRC5	GINS2	9606.ENSP00000301633	9606.ENSP00000253462	0	0	0	0	0.513	0.071	0	0.271	0.641
BIRC5	CCNB1	9606.ENSP00000301633	9606.ENSP00000256442	0	0	0	0	0.906	0.098	0.400	0.884	0.993
BIRC5	TROAP	9606.ENSP00000301633	9606.ENSP00000257909	0	0	0	0	0.706	0	0	0.197	0.754
BIRC5	ESPL1	9606.ENSP00000301633	9606.ENSP00000257934	0	0	0	0	0.745	0	0.500	0.404	0.917
BIRC5	KIF11	9606.ENSP00000301633	9606.ENSP00000260731	0	0	0	0	0.885	0.067	0	0.637	0.957
BIRC5	NDC80	9606.ENSP00000301633	9606.ENSP00000261597	0	0	0	0	0.831	0	0	0.344	0.885
BIRC5	PKMYT1	9606.ENSP00000301633	9606.ENSP00000262300	0	0	0	0	0.365	0.069	0	0.271	0.532
BIRC5	GINS1	9606.ENSP00000301633	9606.ENSP00000262460	0	0	0	0	0.394	0	0	0.251	0.526
BIRC5	SGO1	9606.ENSP00000301633	9606.ENSP00000263753	0	0	0	0	0.693	0.045	0	0.295	0.775
BIRC5	NEIL3	9606.ENSP00000301633	9606.ENSP00000264596	0	0	0	0	0.478	0	0	0.494	0.724
BIRC5	DEPDC1B	9606.ENSP00000301633	9606.ENSP00000265036	0	0	0	0	0.528	0.292	0	0.200	0.709
BIRC5	ANLN	9606.ENSP00000301633	9606.ENSP00000265748	0	0	0	0	0.399	0.292	0	0.527	0.781
BIRC5	TICRR	9606.ENSP00000301633	9606.ENSP00000268138	0	0	0	0	0.423	0.062	0	0.060	0.448
BIRC5	NUF2	9606.ENSP00000301633	9606.ENSP00000271452	0	0	0	0	0.852	0	0	0.668	0.949
BIRC5	CDCA5	9606.ENSP00000301633	9606.ENSP00000275517	0	0	0	0	0.779	0	0	0.750	0.942
BIRC5	BUB1B	9606.ENSP00000301633	9606.ENSP00000287598	0	0	0	0	0.847	0.095	0.500	0.834	0.987
BIRC5	CCNB2	9606.ENSP00000301633	9606.ENSP00000288207	0	0	0	0	0.905	0.098	0.400	0.892	0.993
BIRC5	MELK	9606.ENSP00000301633	9606.ENSP00000298048	0	0	0	0	0.885	0.091	0	0.697	0.965
BIRC5	PLK1	9606.ENSP00000301633	9606.ENSP00000300093	0	0	0	0	0.852	0	0.500	0.756	0.980
BIRC5	TPX2	9606.ENSP00000301633	9606.ENSP00000300403	0	0	0	0	0.852	0.102	0	0.672	0.952
BIRC5	RECQL4	9606.ENSP00000301633	9606.ENSP00000482313	0	0	0	0	0.363	0	0	0.152	0.437
BIRC5	ERCC6L	9606.ENSP00000301633	9606.ENSP00000334675	0	0	0	0	0.324	0.057	0	0.307	0.519
BIRC5	IQGAP3	9606.ENSP00000301633	9606.ENSP00000354451	0	0	0	0	0.467	0	0	0.167	0.537
BIRC5	EZH2	9606.ENSP00000301633	9606.ENSP00000320147	0	0	0	0	0.356	0.051	0	0.349	0.567
BIRC5	CKAP2L	9606.ENSP00000301633	9606.ENSP00000305204	0	0	0	0	0.509	0	0	0.183	0.581
BIRC5	SKA3	9606.ENSP00000301633	9606.ENSP00000319417	0	0	0	0	0.464	0	0	0.273	0.594
BIRC5	RAD54L	9606.ENSP00000301633	9606.ENSP00000361043	0	0	0	0	0.407	0.066	0	0.427	0.655
BIRC5	CDCA2	9606.ENSP00000301633	9606.ENSP00000328228	0	0	0	0	0.518	0	0	0.321	0.658
BIRC5	MCM10	9606.ENSP00000301633	9606.ENSP00000418268	0	0	0	0	0.520	0	0	0.370	0.685
BIRC5	UHRF1	9606.ENSP00000301633	9606.ENSP00000479617	0	0	0	0	0.604	0	0	0.290	0.707
BIRC5	UBE2T	9606.ENSP00000301633	9606.ENSP00000494957	0	0	0	0	0.576	0.091	0	0.333	0.720
BIRC5	KIF14	9606.ENSP00000301633	9606.ENSP00000356319	0	0	0	0	0.513	0.292	0	0.311	0.741
BIRC5	CDC25C	9606.ENSP00000301633	9606.ENSP00000321656	0	0	0	0	0.511	0	0	0.582	0.787
BIRC5	CHEK1	9606.ENSP00000301633	9606.ENSP00000391090	0	0	0	0	0.488	0.066	0	0.645	0.815
BIRC5	KIF18B	9606.ENSP00000301633	9606.ENSP00000465992	0	0	0	0	0.631	0.060	0	0.523	0.820
BIRC5	DEPDC1	9606.ENSP00000301633	9606.ENSP00000412292	0	0	0	0	0.657	0	0	0.501	0.821
BIRC5	EXO1	9606.ENSP00000301633	9606.ENSP00000355506	0	0	0	0	0.604	0.070	0	0.560	0.823
BIRC5	KIF15	9606.ENSP00000301633	9606.ENSP00000324020	0	0	0	0	0.751	0	0	0.363	0.835
BIRC5	GTSE1	9606.ENSP00000301633	9606.ENSP00000415430	0	0	0	0	0.708	0	0	0.514	0.852
BIRC5	CDC45	9606.ENSP00000301633	9606.ENSP00000405726	0	0	0	0	0.811	0	0	0.357	0.873
BIRC5	ASPM	9606.ENSP00000301633	9606.ENSP00000356379	0	0	0	0	0.748	0	0	0.540	0.879
BIRC5	HMMR	9606.ENSP00000301633	9606.ENSP00000377492	0	0	0	0	0.793	0.071	0	0.434	0.882
BIRC5	RRM2	9606.ENSP00000301633	9606.ENSP00000353770	0	0	0	0	0.758	0	0	0.584	0.895
BIRC5	HJURP	9606.ENSP00000301633	9606.ENSP00000414109	0	0	0	0	0.819	0	0	0.535	0.912
BIRC5	CEP55	9606.ENSP00000301633	9606.ENSP00000360540	0	0	0	0	0.806	0	0	0.570	0.913
BIRC5	SPAG5	9606.ENSP00000301633	9606.ENSP00000323300	0	0	0	0	0.863	0.071	0	0.400	0.917
BIRC5	ZWINT	9606.ENSP00000301633	9606.ENSP00000363055	0	0	0	0	0.770	0	0	0.657	0.917
BIRC5	KIF4A	9606.ENSP00000301633	9606.ENSP00000363524	0	0	0	0	0.853	0	0	0.516	0.925
BIRC5	TTK	9606.ENSP00000301633	9606.ENSP00000358813	0	0	0	0	0.826	0	0	0.647	0.936
BIRC5	MKI67	9606.ENSP00000301633	9606.ENSP00000357643	0	0	0	0	0.817	0	0	0.684	0.939
BIRC5	NEK2	9606.ENSP00000301633	9606.ENSP00000355966	0	0	0	0	0.817	0.098	0	0.665	0.940
BIRC5	CENPA	9606.ENSP00000301633	9606.ENSP00000336868	0	0	0	0	0.839	0.131	0	0.702	0.955
BIRC5	CCNA2	9606.ENSP00000301633	9606.ENSP00000481380	0	0	0	0	0.857	0	0	0.707	0.956
BIRC5	FOXM1	9606.ENSP00000301633	9606.ENSP00000342307	0	0	0	0	0.808	0.048	0	0.792	0.958
BIRC5	CENPF	9606.ENSP00000301633	9606.ENSP00000355922	0	0	0	0	0.779	0	0	0.826	0.960
BIRC5	CDCA3	9606.ENSP00000301633	9606.ENSP00000442068	0	0	0	0	0.929	0	0	0.465	0.960
BIRC5	KIF2C	9606.ENSP00000301633	9606.ENSP00000361298	0	0	0	0	0.862	0	0	0.809	0.972
BIRC5	KIF20A	9606.ENSP00000301633	9606.ENSP00000378356	0	0	0	0	0.903	0.053	0	0.732	0.973
BIRC5	TOP2A	9606.ENSP00000301633	9606.ENSP00000411532	0	0	0	0	0.868	0	0	0.828	0.976
BIRC5	PBK	9606.ENSP00000301633	9606.ENSP00000428489	0	0	0	0	0.932	0.092	0	0.683	0.978
BIRC5	UBE2C	9606.ENSP00000301633	9606.ENSP00000348838	0	0	0	0	0.956	0.091	0	0.819	0.992
BIRC5	CDC20	9606.ENSP00000301633	9606.ENSP00000361540	0	0	0	0	0.954	0.045	0.500	0.811	0.995
BIRC5	AURKB	9606.ENSP00000301633	9606.ENSP00000313950	0	0	0	0	0.764	0.944	0.800	0.996	0.999
BIRC5	CDCA8	9606.ENSP00000301633	9606.ENSP00000362146	0	0	0	0	0.961	0.943	0.800	0.996	0.999
BRIP1	CDC6	9606.ENSP00000259008	9606.ENSP00000209728	0	0	0	0	0.332	0.095	0	0.180	0.462
BRIP1	PPAT	9606.ENSP00000259008	9606.ENSP00000264220	0.105	0	0	0	0.151	0	0	0.277	0.403
BRIP1	KIF14	9606.ENSP00000259008	9606.ENSP00000356319	0	0	0	0	0.398	0	0	0.050	0.404
BRIP1	BUB1B	9606.ENSP00000259008	9606.ENSP00000287598	0	0	0	0	0.302	0.127	0	0.165	0.447
BRIP1	TTK	9606.ENSP00000259008	9606.ENSP00000358813	0	0	0	0	0.267	0	0	0.290	0.457
BRIP1	RAD54L	9606.ENSP00000259008	9606.ENSP00000361043	0	0	0	0	0.218	0.071	0	0.343	0.482
BRIP1	MCM10	9606.ENSP00000259008	9606.ENSP00000418268	0	0	0	0	0.421	0	0	0.231	0.535
BRIP1	CDC45	9606.ENSP00000259008	9606.ENSP00000405726	0	0	0	0	0.260	0	0	0.424	0.556
BRIP1	TICRR	9606.ENSP00000259008	9606.ENSP00000268138	0	0	0	0	0.242	0	0	0.448	0.564
BRIP1	PLK1	9606.ENSP00000259008	9606.ENSP00000300093	0	0	0	0	0.192	0	0	0.538	0.611
BRIP1	KIF11	9606.ENSP00000259008	9606.ENSP00000260731	0	0	0	0	0.427	0.126	0	0.291	0.614
BRIP1	NEIL3	9606.ENSP00000259008	9606.ENSP00000264596	0	0	0	0	0.421	0	0	0.379	0.625
BRIP1	RECQL4	9606.ENSP00000259008	9606.ENSP00000482313	0.047	0	0	0	0.117	0	0	0.622	0.654
BRIP1	POLQ	9606.ENSP00000259008	9606.ENSP00000264233	0	0	0	0	0.449	0	0	0.399	0.655
BRIP1	UBE2T	9606.ENSP00000259008	9606.ENSP00000494957	0	0	0	0	0.200	0.051	0	0.687	0.742
BRIP1	RMI2	9606.ENSP00000259008	9606.ENSP00000310356	0	0	0	0	0.161	0	0.500	0.457	0.752
BRIP1	XRCC2	9606.ENSP00000259008	9606.ENSP00000352271	0	0	0	0	0.179	0	0.500	0.561	0.804
BRIP1	EXO1	9606.ENSP00000259008	9606.ENSP00000355506	0	0	0	0	0.400	0.101	0.500	0.664	0.897
BRIP1	CHEK1	9606.ENSP00000259008	9606.ENSP00000391090	0	0	0	0	0.279	0.068	0.800	0.566	0.933
BUB1B	CDC6	9606.ENSP00000287598	9606.ENSP00000209728	0	0	0	0	0.565	0	0	0.566	0.803
BUB1B	MYBL2	9606.ENSP00000287598	9606.ENSP00000217026	0	0	0	0	0.483	0.091	0	0.325	0.655
BUB1B	ORC6	9606.ENSP00000287598	9606.ENSP00000219097	0	0	0	0	0.338	0	0	0.436	0.611
BUB1B	NCAPH	9606.ENSP00000287598	9606.ENSP00000240423	0	0	0	0	0.851	0	0	0.455	0.915
BUB1B	DLGAP5	9606.ENSP00000287598	9606.ENSP00000247191	0	0	0	0	0.928	0	0	0.746	0.981
BUB1B	E2F8	9606.ENSP00000287598	9606.ENSP00000250024	0	0	0	0	0.777	0	0	0.294	0.836
BUB1B	NCAPG	9606.ENSP00000287598	9606.ENSP00000251496	0	0	0	0	0.837	0	0	0.719	0.952
BUB1B	GINS2	9606.ENSP00000287598	9606.ENSP00000253462	0	0	0	0	0.377	0	0	0.201	0.481
BUB1B	CCNB1	9606.ENSP00000287598	9606.ENSP00000256442	0	0	0	0	0.847	0.279	0.720	0.966	0.998
BUB1B	TROAP	9606.ENSP00000287598	9606.ENSP00000257909	0	0	0	0	0.687	0	0	0.242	0.753
BUB1B	ESPL1	9606.ENSP00000287598	9606.ENSP00000257934	0	0	0	0	0.869	0	0.500	0.847	0.989
BUB1B	BRIP1	9606.ENSP00000287598	9606.ENSP00000259008	0	0	0	0	0.302	0.127	0	0.165	0.447
BUB1B	KIF11	9606.ENSP00000287598	9606.ENSP00000260731	0	0	0	0	0.937	0.310	0	0.875	0.994
BUB1B	NDC80	9606.ENSP00000287598	9606.ENSP00000261597	0	0	0	0	0.856	0.238	0.720	0.793	0.992
BUB1B	PKMYT1	9606.ENSP00000287598	9606.ENSP00000262300	0	0	0	0	0.317	0.104	0	0.463	0.642
BUB1B	GINS1	9606.ENSP00000287598	9606.ENSP00000262460	0	0	0	0	0.532	0.065	0	0.315	0.674
BUB1B	SGO1	9606.ENSP00000287598	9606.ENSP00000263753	0	0	0	0	0.735	0.294	0.500	0.759	0.974
BUB1B	POLQ	9606.ENSP00000287598	9606.ENSP00000264233	0	0	0	0	0.502	0	0	0.053	0.508
BUB1B	NEIL3	9606.ENSP00000287598	9606.ENSP00000264596	0	0	0	0	0.579	0	0	0.173	0.637
BUB1B	DEPDC1B	9606.ENSP00000287598	9606.ENSP00000265036	0	0	0	0	0.797	0	0	0	0.797
BUB1B	ANLN	9606.ENSP00000287598	9606.ENSP00000265748	0	0	0	0	0.693	0	0	0.376	0.800
BUB1B	TICRR	9606.ENSP00000287598	9606.ENSP00000268138	0	0	0	0	0.525	0.046	0	0.118	0.566
BUB1B	NUF2	9606.ENSP00000287598	9606.ENSP00000271452	0	0	0	0	0.853	0.189	0.500	0.717	0.980
BUB1B	CDCA5	9606.ENSP00000287598	9606.ENSP00000275517	0	0	0	0	0.585	0	0	0.657	0.851
BUB1B	RCC1	9606.ENSP00000287598	9606.ENSP00000497402	0	0	0	0	0.194	0	0	0.307	0.418
BUB1B	CKAP2L	9606.ENSP00000287598	9606.ENSP00000305204	0	0	0	0	0.437	0	0	0.213	0.537
BUB1B	EZH2	9606.ENSP00000287598	9606.ENSP00000320147	0	0	0	0	0.395	0.053	0	0.281	0.552
BUB1B	UBE2T	9606.ENSP00000287598	9606.ENSP00000494957	0	0	0	0	0.460	0	0	0.271	0.590
BUB1B	GTSE1	9606.ENSP00000287598	9606.ENSP00000415430	0	0	0	0	0.448	0	0	0.335	0.617
BUB1B	IQGAP3	9606.ENSP00000287598	9606.ENSP00000354451	0	0	0	0	0.552	0	0	0.203	0.628
BUB1B	STIL	9606.ENSP00000287598	9606.ENSP00000360944	0	0	0	0	0.496	0	0	0.305	0.635
BUB1B	UHRF1	9606.ENSP00000287598	9606.ENSP00000479617	0	0	0	0	0.557	0.091	0	0.262	0.677
BUB1B	RAD54L	9606.ENSP00000287598	9606.ENSP00000361043	0	0	0	0	0.526	0.092	0	0.454	0.745
BUB1B	MCM10	9606.ENSP00000287598	9606.ENSP00000418268	0	0	0	0	0.653	0	0	0.353	0.766
BUB1B	EXO1	9606.ENSP00000287598	9606.ENSP00000355506	0	0	0	0	0.561	0.073	0	0.564	0.807
BUB1B	CDC25C	9606.ENSP00000287598	9606.ENSP00000321656	0	0	0	0	0.538	0	0	0.604	0.809
BUB1B	CDC45	9606.ENSP00000287598	9606.ENSP00000405726	0	0	0	0	0.592	0.065	0	0.558	0.817
BUB1B	ERCC6L	9606.ENSP00000287598	9606.ENSP00000334675	0	0	0	0	0.521	0.092	0.500	0.288	0.824
BUB1B	KIF18B	9606.ENSP00000287598	9606.ENSP00000465992	0	0	0	0	0.693	0.071	0	0.477	0.838
BUB1B	DEPDC1	9606.ENSP00000287598	9606.ENSP00000412292	0	0	0	0	0.797	0	0	0.290	0.850
BUB1B	CHEK1	9606.ENSP00000287598	9606.ENSP00000391090	0	0	0	0	0.513	0.053	0	0.753	0.876
BUB1B	KIF14	9606.ENSP00000287598	9606.ENSP00000356319	0	0	0	0	0.792	0.067	0	0.422	0.878
BUB1B	HMMR	9606.ENSP00000287598	9606.ENSP00000377492	0	0	0	0	0.792	0.115	0	0.412	0.882
BUB1B	CDCA3	9606.ENSP00000287598	9606.ENSP00000442068	0	0	0	0	0.805	0	0	0.437	0.886
BUB1B	HJURP	9606.ENSP00000287598	9606.ENSP00000414109	0	0	0	0	0.847	0	0	0.355	0.897
BUB1B	CDCA2	9606.ENSP00000287598	9606.ENSP00000328228	0	0	0.271	0	0.681	0	0	0.671	0.916
BUB1B	RRM2	9606.ENSP00000287598	9606.ENSP00000353770	0	0	0	0	0.823	0	0	0.576	0.922
BUB1B	KIF15	9606.ENSP00000287598	9606.ENSP00000324020	0	0	0	0	0.863	0	0	0.465	0.923
BUB1B	MKI67	9606.ENSP00000287598	9606.ENSP00000357643	0	0	0	0	0.863	0.292	0	0.359	0.932
BUB1B	TPX2	9606.ENSP00000287598	9606.ENSP00000300403	0	0	0	0	0.849	0	0	0.595	0.936
BUB1B	PBK	9606.ENSP00000287598	9606.ENSP00000428489	0	0	0	0	0.853	0.062	0	0.579	0.937
BUB1B	CEP55	9606.ENSP00000287598	9606.ENSP00000360540	0	0	0	0	0.841	0	0	0.632	0.939
BUB1B	FOXM1	9606.ENSP00000287598	9606.ENSP00000342307	0	0	0	0	0.812	0.116	0	0.695	0.944
BUB1B	SPAG5	9606.ENSP00000287598	9606.ENSP00000323300	0	0	0	0	0.912	0.115	0	0.419	0.951
BUB1B	MELK	9606.ENSP00000287598	9606.ENSP00000298048	0	0	0	0	0.856	0.046	0	0.683	0.953
BUB1B	KIF4A	9606.ENSP00000287598	9606.ENSP00000363524	0	0	0	0	0.896	0.081	0	0.696	0.968
BUB1B	ASPM	9606.ENSP00000287598	9606.ENSP00000356379	0	0	0	0	0.928	0.111	0	0.628	0.974
BUB1B	SKA3	9606.ENSP00000287598	9606.ENSP00000319417	0	0	0	0	0.558	0.171	0.900	0.443	0.976
BUB1B	KIF20A	9606.ENSP00000287598	9606.ENSP00000378356	0	0	0	0	0.911	0.071	0	0.752	0.977
BUB1B	TOP2A	9606.ENSP00000287598	9606.ENSP00000411532	0	0	0	0	0.925	0	0	0.747	0.980
BUB1B	CENPA	9606.ENSP00000287598	9606.ENSP00000336868	0	0	0	0	0.810	0.111	0.500	0.850	0.985
BUB1B	BIRC5	9606.ENSP00000287598	9606.ENSP00000301633	0	0	0	0	0.847	0.095	0.500	0.834	0.987
BUB1B	KIF2C	9606.ENSP00000287598	9606.ENSP00000361298	0	0	0	0	0.877	0.071	0.500	0.863	0.991
BUB1B	TTK	9606.ENSP00000287598	9606.ENSP00000358813	0	0	0	0	0.865	0.292	0	0.918	0.991
BUB1B	UBE2C	9606.ENSP00000287598	9606.ENSP00000348838	0	0	0	0	0.832	0.287	0.720	0.768	0.991
BUB1B	CCNB2	9606.ENSP00000287598	9606.ENSP00000288207	0	0	0	0	0.835	0.279	0.400	0.914	0.993
BUB1B	CCNA2	9606.ENSP00000287598	9606.ENSP00000481380	0	0	0	0	0.865	0.292	0.500	0.904	0.994
BUB1B	CDCA8	9606.ENSP00000287598	9606.ENSP00000362146	0	0	0	0	0.921	0	0.500	0.862	0.994
BUB1B	ZWINT	9606.ENSP00000287598	9606.ENSP00000363055	0	0	0	0	0.787	0.823	0.500	0.814	0.996
BUB1B	NEK2	9606.ENSP00000287598	9606.ENSP00000355966	0	0	0	0	0.839	0.994	0.500	0.640	0.999
BUB1B	PLK1	9606.ENSP00000287598	9606.ENSP00000300093	0	0	0	0	0.838	0.845	0.720	0.932	0.999
BUB1B	AURKB	9606.ENSP00000287598	9606.ENSP00000313950	0	0	0	0	0.637	0.327	0.500	0.992	0.999
BUB1B	CDC20	9606.ENSP00000287598	9606.ENSP00000361540	0	0	0	0	0.901	0.999	0.800	0.999	0.999
BUB1B	CENPF	9606.ENSP00000287598	9606.ENSP00000355922	0	0	0	0	0.903	0	0.900	0.918	0.999
CALCRL	RAMP3	9606.ENSP00000376177	9606.ENSP00000242249	0	0	0	0	0.083	0.926	0.900	0.999	0.999
CALCRL	RAMP2	9606.ENSP00000376177	9606.ENSP00000253796	0	0	0	0	0.128	0.946	0.900	0.999	0.999
CALCRL	EMCN	9606.ENSP00000376177	9606.ENSP00000296420	0	0	0	0	0.492	0	0	0.235	0.594
CALCRL	RXFP1	9606.ENSP00000376177	9606.ENSP00000405841	0	0	0	0	0.060	0	0	0.453	0.464
CALCRL	ADM2	9606.ENSP00000376177	9606.ENSP00000379087	0	0	0	0	0	0.900	0.400	0.985	0.999
CAT	ALDH18A1	9606.ENSP00000241052	9606.ENSP00000360268	0	0	0	0	0.058	0	0	0.446	0.456
CAV1	EPAS1	9606.ENSP00000339191	9606.ENSP00000263734	0	0	0	0	0.143	0	0	0.328	0.400
CAV1	DEPDC1B	9606.ENSP00000339191	9606.ENSP00000265036	0	0	0	0	0.060	0.120	0.400	0.068	0.475
CAV1	ANLN	9606.ENSP00000339191	9606.ENSP00000265748	0	0	0	0	0.085	0.292	0.400	0.138	0.620
CAV1	S1PR1	9606.ENSP00000339191	9606.ENSP00000305416	0	0	0	0	0.053	0.294	0	0.204	0.422
CAV1	CAVIN2	9606.ENSP00000339191	9606.ENSP00000305675	0	0	0	0	0.141	0.423	0	0.901	0.946
CAV1	SH2D3C	9606.ENSP00000339191	9606.ENSP00000317817	0	0	0	0	0	0.188	0	0.414	0.503
CAV1	IQGAP3	9606.ENSP00000339191	9606.ENSP00000354451	0	0	0	0	0.059	0	0.400	0.064	0.425
CAV1	AGER	9606.ENSP00000339191	9606.ENSP00000364210	0	0	0	0	0.052	0	0	0.479	0.484
CAV1	ACVRL1	9606.ENSP00000339191	9606.ENSP00000373574	0	0	0	0	0.056	0.046	0	0.507	0.517
CAV1	TEK	9606.ENSP00000339191	9606.ENSP00000369375	0	0	0	0	0.088	0.306	0	0.367	0.564
CAV1	GJB2	9606.ENSP00000339191	9606.ENSP00000372295	0	0	0	0	0.047	0.292	0	0.530	0.655
CAV1	EDNRB	9606.ENSP00000339191	9606.ENSP00000366416	0	0	0	0	0.068	0.294	0	0.525	0.660
CAV1	PECAM1	9606.ENSP00000339191	9606.ENSP00000457421	0	0	0	0	0.049	0	0	0.686	0.689
CAV1	CDH5	9606.ENSP00000339191	9606.ENSP00000497290	0	0	0	0	0.096	0	0	0.695	0.712
CAVIN2	CAV1	9606.ENSP00000305675	9606.ENSP00000339191	0	0	0	0	0.141	0.423	0	0.901	0.946
CBLC	B3GNT3	9606.ENSP00000494162	9606.ENSP00000321874	0	0	0	0	0.249	0	0	0.242	0.406
CCM2L	RASIP1	9606.ENSP00000262659	9606.ENSP00000222145	0	0	0	0	0.227	0.114	0	0.506	0.633
CCM2L	PTPRB	9606.ENSP00000262659	9606.ENSP00000334928	0	0	0	0	0.276	0.106	0	0.174	0.418
CCM2L	MMRN2	9606.ENSP00000262659	9606.ENSP00000361097	0	0	0	0	0.240	0.098	0	0.244	0.437
CCM2L	CDH5	9606.ENSP00000262659	9606.ENSP00000497290	0	0	0	0	0.357	0.066	0	0.198	0.476
CCM2L	ROBO4	9606.ENSP00000262659	9606.ENSP00000304945	0	0	0	0	0.423	0	0	0.156	0.492
CCNA2	CDC6	9606.ENSP00000481380	9606.ENSP00000209728	0	0	0	0	0.672	0.960	0.900	0.941	0.999
CCNA2	MYBL2	9606.ENSP00000481380	9606.ENSP00000217026	0	0	0	0	0.456	0.095	0.900	0.855	0.991
CCNA2	EEF1A2	9606.ENSP00000481380	9606.ENSP00000217182	0	0	0	0	0.073	0	0	0.430	0.449
CCNA2	ORC6	9606.ENSP00000481380	9606.ENSP00000219097	0	0	0	0	0.251	0	0.400	0.429	0.721
CCNA2	NCAPH	9606.ENSP00000481380	9606.ENSP00000240423	0	0	0	0	0.727	0	0	0.349	0.815
CCNA2	DLGAP5	9606.ENSP00000481380	9606.ENSP00000247191	0	0	0	0	0.917	0	0	0.655	0.970
CCNA2	E2F8	9606.ENSP00000481380	9606.ENSP00000250024	0	0	0	0	0.660	0.057	0	0.473	0.816
CCNA2	NCAPG	9606.ENSP00000481380	9606.ENSP00000251496	0	0	0	0	0.854	0	0	0.668	0.949
CCNA2	GINS2	9606.ENSP00000481380	9606.ENSP00000253462	0	0	0	0	0.488	0	0	0.255	0.602
CCNA2	CCNB1	9606.ENSP00000481380	9606.ENSP00000256442	0	0	0	0.731	0.855	0.588	0.400	0.889	0.995
CCNA2	TROAP	9606.ENSP00000481380	9606.ENSP00000257909	0	0	0	0	0.601	0	0	0.185	0.661
CCNA2	ESPL1	9606.ENSP00000481380	9606.ENSP00000257934	0	0	0	0	0.643	0	0	0.610	0.855
CCNA2	KIF11	9606.ENSP00000481380	9606.ENSP00000260731	0	0	0	0	0.913	0	0	0.762	0.978
CCNA2	NDC80	9606.ENSP00000481380	9606.ENSP00000261597	0	0	0	0	0.841	0	0	0.355	0.893
CCNA2	PKMYT1	9606.ENSP00000481380	9606.ENSP00000262300	0	0	0	0	0.398	0.790	0.400	0.462	0.953
CCNA2	GINS1	9606.ENSP00000481380	9606.ENSP00000262460	0	0	0	0	0.350	0	0	0.331	0.547
CCNA2	SGO1	9606.ENSP00000481380	9606.ENSP00000263753	0	0	0	0	0.698	0	0	0.317	0.785
CCNA2	POLQ	9606.ENSP00000481380	9606.ENSP00000264233	0	0	0	0	0.387	0	0	0.086	0.416
CCNA2	NEIL3	9606.ENSP00000481380	9606.ENSP00000264596	0	0	0	0	0.586	0	0	0.120	0.620
CCNA2	DEPDC1B	9606.ENSP00000481380	9606.ENSP00000265036	0	0	0	0	0.670	0	0	0.085	0.685
CCNA2	ANLN	9606.ENSP00000481380	9606.ENSP00000265748	0	0	0	0	0.614	0	0	0.370	0.747
CCNA2	TICRR	9606.ENSP00000481380	9606.ENSP00000268138	0	0	0	0	0.510	0.465	0	0.375	0.822
CCNA2	NUF2	9606.ENSP00000481380	9606.ENSP00000271452	0	0	0	0	0.910	0	0	0.370	0.940
CCNA2	CDCA5	9606.ENSP00000481380	9606.ENSP00000275517	0	0	0	0	0.782	0	0	0.398	0.863
CCNA2	BUB1B	9606.ENSP00000481380	9606.ENSP00000287598	0	0	0	0	0.865	0.292	0.500	0.904	0.994
CCNA2	CCNB2	9606.ENSP00000481380	9606.ENSP00000288207	0	0	0.108	0.735	0.856	0.215	0	0.696	0.965
CCNA2	MELK	9606.ENSP00000481380	9606.ENSP00000298048	0	0	0	0	0.846	0.052	0	0.618	0.939
CCNA2	PLK1	9606.ENSP00000481380	9606.ENSP00000300093	0	0	0	0	0.757	0	0	0.836	0.958
CCNA2	TPX2	9606.ENSP00000481380	9606.ENSP00000300403	0	0	0	0	0.860	0	0	0.691	0.954
CCNA2	BIRC5	9606.ENSP00000481380	9606.ENSP00000301633	0	0	0	0	0.857	0	0	0.707	0.956
CCNA2	CKAP2L	9606.ENSP00000481380	9606.ENSP00000305204	0	0	0	0	0.689	0	0	0.159	0.727
CCNA2	RMI2	9606.ENSP00000481380	9606.ENSP00000310356	0	0	0	0	0.326	0	0	0.170	0.417
CCNA2	AURKB	9606.ENSP00000481380	9606.ENSP00000313950	0	0	0	0	0.960	0	0	0.807	0.991
CCNA2	SKA3	9606.ENSP00000481380	9606.ENSP00000319417	0	0	0	0	0.528	0	0	0.559	0.783
CCNA2	EZH2	9606.ENSP00000481380	9606.ENSP00000320147	0	0	0	0	0.408	0	0	0.431	0.649
CCNA2	CDC25C	9606.ENSP00000481380	9606.ENSP00000321656	0	0	0	0	0.688	0	0.500	0.741	0.956
CCNA2	SPAG5	9606.ENSP00000481380	9606.ENSP00000323300	0	0	0	0	0.828	0	0	0.451	0.901
CCNA2	KIF15	9606.ENSP00000481380	9606.ENSP00000324020	0	0	0	0	0.825	0	0	0.304	0.873
CCNA2	CDCA2	9606.ENSP00000481380	9606.ENSP00000328228	0	0	0	0	0.676	0	0	0.343	0.778
CCNA2	ERCC6L	9606.ENSP00000481380	9606.ENSP00000334675	0	0	0	0	0.436	0	0	0.184	0.520
CCNA2	CENPA	9606.ENSP00000481380	9606.ENSP00000336868	0	0	0	0	0.982	0	0	0.482	0.990
CCNA2	FOXM1	9606.ENSP00000481380	9606.ENSP00000342307	0	0	0	0	0.725	0	0.500	0.901	0.985
CCNA2	UBE2C	9606.ENSP00000481380	9606.ENSP00000348838	0	0	0	0	0.926	0.081	0.500	0.858	0.994
CCNA2	RRM2	9606.ENSP00000481380	9606.ENSP00000353770	0	0	0	0	0.842	0	0	0.628	0.939
CCNA2	IQGAP3	9606.ENSP00000481380	9606.ENSP00000354451	0	0	0	0	0.441	0	0	0.080	0.464
CCNA2	EXO1	9606.ENSP00000481380	9606.ENSP00000355506	0	0	0	0	0.733	0.324	0	0.382	0.879
CCNA2	CENPF	9606.ENSP00000481380	9606.ENSP00000355922	0	0	0	0	0.832	0	0	0.680	0.944
CCNA2	NEK2	9606.ENSP00000481380	9606.ENSP00000355966	0	0	0	0	0.829	0	0	0.681	0.943
CCNA2	KIF14	9606.ENSP00000481380	9606.ENSP00000356319	0	0	0	0	0.793	0	0	0.305	0.850
CCNA2	ASPM	9606.ENSP00000481380	9606.ENSP00000356379	0	0	0	0	0.865	0	0	0.603	0.944
CCNA2	MKI67	9606.ENSP00000481380	9606.ENSP00000357643	0	0	0	0	0.829	0	0	0.606	0.930
CCNA2	TTK	9606.ENSP00000481380	9606.ENSP00000358813	0	0	0	0	0.886	0	0	0.492	0.939
CCNA2	CEP55	9606.ENSP00000481380	9606.ENSP00000360540	0	0	0	0	0.822	0	0	0.586	0.923
CCNA2	STIL	9606.ENSP00000481380	9606.ENSP00000360944	0	0	0	0	0.449	0.065	0	0.210	0.558
CCNA2	RAD54L	9606.ENSP00000481380	9606.ENSP00000361043	0	0	0	0	0.461	0	0	0.269	0.589
CCNA2	KIF2C	9606.ENSP00000481380	9606.ENSP00000361298	0	0	0	0	0.857	0	0	0.661	0.949
CCNA2	CDC20	9606.ENSP00000481380	9606.ENSP00000361540	0	0	0	0	0.897	0.999	0.500	0.970	0.999
CCNA2	CDCA8	9606.ENSP00000481380	9606.ENSP00000362146	0	0	0	0	0.909	0	0	0.493	0.952
CCNA2	ZWINT	9606.ENSP00000481380	9606.ENSP00000363055	0	0	0	0	0.774	0	0	0.580	0.901
CCNA2	KIF4A	9606.ENSP00000481380	9606.ENSP00000363524	0	0	0	0	0.828	0	0	0.417	0.895
CCNA2	HMMR	9606.ENSP00000481380	9606.ENSP00000377492	0	0	0	0	0.802	0	0	0.619	0.921
CCNA2	KIF20A	9606.ENSP00000481380	9606.ENSP00000378356	0	0	0	0	0.920	0	0	0.689	0.974
CCNA2	CHEK1	9606.ENSP00000481380	9606.ENSP00000391090	0	0	0	0	0.790	0	0	0.721	0.939
CCNA2	CDC45	9606.ENSP00000481380	9606.ENSP00000405726	0	0	0	0	0.766	0	0	0.615	0.906
CCNA2	TOP2A	9606.ENSP00000481380	9606.ENSP00000411532	0	0	0	0	0.869	0	0	0.868	0.982
CCNA2	DEPDC1	9606.ENSP00000481380	9606.ENSP00000412292	0	0	0	0	0.797	0	0	0.502	0.894
CCNA2	HJURP	9606.ENSP00000481380	9606.ENSP00000414109	0	0	0	0	0.821	0	0	0.341	0.877
CCNA2	GTSE1	9606.ENSP00000481380	9606.ENSP00000415430	0	0	0	0	0.755	0	0	0.321	0.826
CCNA2	MCM10	9606.ENSP00000481380	9606.ENSP00000418268	0	0	0	0	0.850	0	0	0.679	0.949
CCNA2	PBK	9606.ENSP00000481380	9606.ENSP00000428489	0	0	0	0	0.868	0.046	0	0.585	0.943
CCNA2	CDCA3	9606.ENSP00000481380	9606.ENSP00000442068	0	0	0	0	0.898	0	0	0.435	0.940
CCNA2	PECAM1	9606.ENSP00000481380	9606.ENSP00000457421	0	0	0.206	0	0.056	0.045	0	0.270	0.407
CCNA2	KIF18B	9606.ENSP00000481380	9606.ENSP00000465992	0	0	0	0	0.461	0.091	0	0.273	0.613
CCNA2	UHRF1	9606.ENSP00000481380	9606.ENSP00000479617	0	0	0	0	0.626	0	0	0.338	0.742
CCNA2	RCC1	9606.ENSP00000481380	9606.ENSP00000497402	0	0	0	0	0.261	0	0	0.450	0.576
CCNA2	UBE2T	9606.ENSP00000481380	9606.ENSP00000494957	0	0	0	0	0.474	0.101	0	0.294	0.637
CCNB1	CDC6	9606.ENSP00000256442	9606.ENSP00000209728	0	0	0	0	0.527	0.574	0	0.686	0.931
CCNB1	MYBL2	9606.ENSP00000256442	9606.ENSP00000217026	0	0	0	0	0.412	0.091	0.500	0.773	0.931
CCNB1	ORC6	9606.ENSP00000256442	9606.ENSP00000219097	0	0	0	0	0.265	0	0.500	0.440	0.776
CCNB1	NCAPH	9606.ENSP00000256442	9606.ENSP00000240423	0	0	0	0	0.584	0	0.400	0.592	0.889
CCNB1	DLGAP5	9606.ENSP00000256442	9606.ENSP00000247191	0	0	0	0	0.880	0	0	0.723	0.965
CCNB1	E2F8	9606.ENSP00000256442	9606.ENSP00000250024	0	0	0	0	0.444	0	0	0.402	0.653
CCNB1	NCAPG	9606.ENSP00000256442	9606.ENSP00000251496	0	0	0	0	0.824	0	0.400	0.672	0.962
CCNB1	GINS2	9606.ENSP00000256442	9606.ENSP00000253462	0	0	0	0	0.379	0.058	0	0.438	0.643
CCNB1	RMI2	9606.ENSP00000256442	9606.ENSP00000310356	0	0	0	0	0.365	0	0	0.119	0.416
CCNB1	HMGB3	9606.ENSP00000256442	9606.ENSP00000359393	0	0	0	0	0.324	0.051	0	0.179	0.428
CCNB1	NEIL3	9606.ENSP00000256442	9606.ENSP00000264596	0	0	0	0	0.404	0	0	0.146	0.470
CCNB1	TICRR	9606.ENSP00000256442	9606.ENSP00000268138	0	0	0	0	0.383	0.066	0	0.162	0.475
CCNB1	CKAP2L	9606.ENSP00000256442	9606.ENSP00000305204	0	0	0	0	0.477	0	0	0.119	0.519
CCNB1	STIL	9606.ENSP00000256442	9606.ENSP00000360944	0	0	0	0	0.397	0	0	0.247	0.527
CCNB1	RCC1	9606.ENSP00000256442	9606.ENSP00000497402	0	0	0	0	0.214	0	0	0.446	0.546
CCNB1	RAD54L	9606.ENSP00000256442	9606.ENSP00000361043	0	0	0	0	0.382	0.094	0	0.271	0.556
CCNB1	UHRF1	9606.ENSP00000256442	9606.ENSP00000479617	0	0	0	0	0.415	0	0	0.289	0.567
CCNB1	EZH2	9606.ENSP00000256442	9606.ENSP00000320147	0	0	0	0	0.336	0.045	0	0.413	0.595
CCNB1	KIF18B	9606.ENSP00000256442	9606.ENSP00000465992	0	0	0	0	0.433	0.051	0	0.326	0.606
CCNB1	TROAP	9606.ENSP00000256442	9606.ENSP00000257909	0	0	0	0	0.545	0	0	0.211	0.626
CCNB1	RECQL4	9606.ENSP00000256442	9606.ENSP00000482313	0	0	0	0	0.184	0.333	0	0.463	0.682
CCNB1	MCM10	9606.ENSP00000256442	9606.ENSP00000418268	0	0	0	0	0.505	0	0	0.424	0.703
CCNB1	GINS1	9606.ENSP00000256442	9606.ENSP00000262460	0	0	0	0	0.456	0.091	0	0.462	0.711
CCNB1	ERCC6L	9606.ENSP00000256442	9606.ENSP00000334675	0	0	0	0	0.385	0.110	0.400	0.250	0.720
CCNB1	GTSE1	9606.ENSP00000256442	9606.ENSP00000415430	0	0	0	0	0.402	0	0.400	0.350	0.746
CCNB1	CDCA2	9606.ENSP00000256442	9606.ENSP00000328228	0	0	0	0	0.584	0	0	0.453	0.763
CCNB1	EXO1	9606.ENSP00000256442	9606.ENSP00000355506	0	0	0	0	0.521	0.328	0	0.350	0.773
CCNB1	CDC45	9606.ENSP00000256442	9606.ENSP00000405726	0	0	0	0	0.556	0.095	0	0.542	0.800
CCNB1	SGO1	9606.ENSP00000256442	9606.ENSP00000263753	0	0	0	0	0.492	0.045	0.400	0.397	0.801
CCNB1	RGCC	9606.ENSP00000256442	9606.ENSP00000368664	0	0	0	0	0	0	0	0.810	0.810
CCNB1	DEPDC1B	9606.ENSP00000256442	9606.ENSP00000265036	0	0	0	0	0.822	0	0	0.164	0.845
CCNB1	UBE2T	9606.ENSP00000256442	9606.ENSP00000494957	0	0	0	0	0.790	0.072	0	0.296	0.851
CCNB1	ANLN	9606.ENSP00000256442	9606.ENSP00000265748	0	0	0	0	0.607	0	0	0.657	0.860
CCNB1	KIF14	9606.ENSP00000256442	9606.ENSP00000356319	0	0	0	0	0.773	0	0	0.416	0.861
CCNB1	SPAG5	9606.ENSP00000256442	9606.ENSP00000323300	0	0	0	0	0.787	0.146	0	0.318	0.865
CCNB1	MKI67	9606.ENSP00000256442	9606.ENSP00000357643	0	0	0	0	0.699	0	0	0.581	0.868
CCNB1	CDCA5	9606.ENSP00000256442	9606.ENSP00000275517	0	0	0	0	0.639	0	0.400	0.445	0.869
CCNB1	DEPDC1	9606.ENSP00000256442	9606.ENSP00000412292	0	0	0	0	0.822	0	0	0.308	0.871
CCNB1	HJURP	9606.ENSP00000256442	9606.ENSP00000414109	0	0	0	0	0.744	0	0	0.516	0.871
CCNB1	RRM2	9606.ENSP00000256442	9606.ENSP00000353770	0	0	0	0	0.653	0	0	0.739	0.905
CCNB1	NEK2	9606.ENSP00000256442	9606.ENSP00000355966	0	0	0	0	0.782	0	0	0.606	0.910
CCNB1	SKA3	9606.ENSP00000256442	9606.ENSP00000319417	0	0	0	0	0.566	0	0.720	0.327	0.911
CCNB1	KIF15	9606.ENSP00000256442	9606.ENSP00000324020	0	0	0	0	0.812	0.062	0	0.565	0.916
CCNB1	KIF4A	9606.ENSP00000256442	9606.ENSP00000363524	0	0	0	0	0.820	0	0	0.636	0.931
CCNB1	CHEK1	9606.ENSP00000256442	9606.ENSP00000391090	0	0	0	0	0.449	0.069	0	0.885	0.935
CCNB1	TTK	9606.ENSP00000256442	9606.ENSP00000358813	0	0	0	0	0.783	0.071	0	0.706	0.936
CCNB1	CDCA3	9606.ENSP00000256442	9606.ENSP00000442068	0	0	0	0	0.890	0	0	0.446	0.936
CCNB1	CEP55	9606.ENSP00000256442	9606.ENSP00000360540	0	0	0	0	0.814	0	0	0.693	0.940
CCNB1	HMMR	9606.ENSP00000256442	9606.ENSP00000377492	0	0	0	0	0.799	0.091	0	0.709	0.942
CCNB1	TPX2	9606.ENSP00000256442	9606.ENSP00000300403	0	0	0	0	0.836	0.045	0	0.703	0.949
CCNB1	ZWINT	9606.ENSP00000256442	9606.ENSP00000363055	0	0	0	0	0.775	0	0.400	0.660	0.950
CCNB1	ASPM	9606.ENSP00000256442	9606.ENSP00000356379	0	0	0	0	0.838	0	0	0.714	0.952
CCNB1	CENPA	9606.ENSP00000256442	9606.ENSP00000336868	0	0	0	0	0.826	0.047	0.400	0.584	0.953
CCNB1	KIF20A	9606.ENSP00000256442	9606.ENSP00000378356	0	0	0	0	0.843	0	0	0.722	0.954
CCNB1	AURKB	9606.ENSP00000256442	9606.ENSP00000313950	0	0	0	0	0.587	0.094	0.400	0.851	0.962
CCNB1	PBK	9606.ENSP00000256442	9606.ENSP00000428489	0	0	0	0	0.858	0.098	0	0.729	0.962
CCNB1	KIF2C	9606.ENSP00000256442	9606.ENSP00000361298	0	0	0	0	0.813	0	0.400	0.724	0.966
CCNB1	KIF11	9606.ENSP00000256442	9606.ENSP00000260731	0	0	0	0	0.849	0.136	0	0.762	0.966
CCNB1	NUF2	9606.ENSP00000256442	9606.ENSP00000271452	0	0	0	0	0.848	0	0.400	0.668	0.967
CCNB1	PKMYT1	9606.ENSP00000256442	9606.ENSP00000262300	0	0	0	0	0.312	0.867	0.400	0.517	0.970
CCNB1	MELK	9606.ENSP00000256442	9606.ENSP00000298048	0	0	0	0	0.849	0.126	0	0.808	0.972
CCNB1	NDC80	9606.ENSP00000256442	9606.ENSP00000261597	0	0	0	0	0.851	0.226	0.720	0.492	0.981
CCNB1	CDCA8	9606.ENSP00000256442	9606.ENSP00000362146	0	0	0	0	0.843	0	0.400	0.878	0.987
CCNB1	CENPF	9606.ENSP00000256442	9606.ENSP00000355922	0	0	0	0	0.832	0	0.720	0.773	0.988
CCNB1	FOXM1	9606.ENSP00000256442	9606.ENSP00000342307	0	0	0	0	0.683	0.535	0.500	0.863	0.988
CCNB1	TOP2A	9606.ENSP00000256442	9606.ENSP00000411532	0	0	0	0	0.859	0.052	0	0.925	0.989
CCNB1	UBE2C	9606.ENSP00000256442	9606.ENSP00000348838	0	0	0	0	0.859	0.072	0.500	0.877	0.990
CCNB1	CDC25C	9606.ENSP00000256442	9606.ENSP00000321656	0	0	0	0	0.508	0.345	0.500	0.951	0.991
CCNB1	BIRC5	9606.ENSP00000256442	9606.ENSP00000301633	0	0	0	0	0.906	0.098	0.400	0.884	0.993
CCNB1	CCNA2	9606.ENSP00000256442	9606.ENSP00000481380	0	0	0	0.731	0.855	0.588	0.400	0.889	0.995
CCNB1	CCNB2	9606.ENSP00000256442	9606.ENSP00000288207	0	0	0.067	0.942	0.785	0.803	0.900	0.741	0.998
CCNB1	BUB1B	9606.ENSP00000256442	9606.ENSP00000287598	0	0	0	0	0.847	0.279	0.720	0.966	0.998
CCNB1	ESPL1	9606.ENSP00000256442	9606.ENSP00000257934	0	0	0	0	0.513	0.999	0	0.876	0.999
CCNB1	CDC20	9606.ENSP00000256442	9606.ENSP00000361540	0	0	0	0	0.910	0.989	0.900	0.970	0.999
CCNB1	PLK1	9606.ENSP00000256442	9606.ENSP00000300093	0	0	0	0	0.781	0.588	0.900	0.982	0.999
CCNB2	CDC6	9606.ENSP00000288207	9606.ENSP00000209728	0	0	0	0	0.465	0.423	0	0.885	0.961
CCNB2	MYBL2	9606.ENSP00000288207	9606.ENSP00000217026	0	0	0	0	0.493	0.091	0.500	0.496	0.868
CCNB2	ORC6	9606.ENSP00000288207	9606.ENSP00000219097	0	0	0	0	0.254	0	0	0.397	0.531
CCNB2	NCAPH	9606.ENSP00000288207	9606.ENSP00000240423	0	0	0	0	0.589	0	0.400	0.603	0.893
CCNB2	DLGAP5	9606.ENSP00000288207	9606.ENSP00000247191	0	0	0	0	0.881	0	0	0.790	0.974
CCNB2	E2F8	9606.ENSP00000288207	9606.ENSP00000250024	0	0	0	0	0.346	0	0	0.401	0.591
CCNB2	NCAPG	9606.ENSP00000288207	9606.ENSP00000251496	0	0	0	0	0.823	0	0.400	0.742	0.970
CCNB2	GINS2	9606.ENSP00000288207	9606.ENSP00000253462	0	0	0	0	0.778	0.058	0	0.313	0.844
CCNB2	CCNB1	9606.ENSP00000288207	9606.ENSP00000256442	0	0	0.067	0.942	0.785	0.803	0.900	0.741	0.998
CCNB2	TROAP	9606.ENSP00000288207	9606.ENSP00000257909	0	0	0	0	0.564	0	0	0.282	0.674
CCNB2	ESPL1	9606.ENSP00000288207	9606.ENSP00000257934	0	0	0	0	0.509	0.114	0	0.565	0.794
CCNB2	KIF11	9606.ENSP00000288207	9606.ENSP00000260731	0	0	0	0	0.841	0.136	0	0.629	0.944
CCNB2	NDC80	9606.ENSP00000288207	9606.ENSP00000261597	0	0	0	0	0.675	0.160	0.400	0.329	0.875
CCNB2	PKMYT1	9606.ENSP00000288207	9606.ENSP00000262300	0	0	0	0	0.322	0.788	0.500	0.504	0.959
CCNB2	GINS1	9606.ENSP00000288207	9606.ENSP00000262460	0	0	0	0	0.239	0.091	0	0.311	0.482
CCNB2	SGO1	9606.ENSP00000288207	9606.ENSP00000263753	0	0	0	0	0.526	0.045	0.400	0.464	0.835
CCNB2	DEPDC1B	9606.ENSP00000288207	9606.ENSP00000265036	0	0	0	0	0.550	0	0	0.168	0.610
CCNB2	ANLN	9606.ENSP00000288207	9606.ENSP00000265748	0	0	0	0	0.415	0	0	0.398	0.633
CCNB2	TICRR	9606.ENSP00000288207	9606.ENSP00000268138	0	0	0	0	0.405	0.066	0	0.129	0.474
CCNB2	NUF2	9606.ENSP00000288207	9606.ENSP00000271452	0	0	0	0	0.744	0	0.400	0.594	0.932
CCNB2	CDCA5	9606.ENSP00000288207	9606.ENSP00000275517	0	0	0	0	0.786	0	0.400	0.782	0.969
CCNB2	BUB1B	9606.ENSP00000288207	9606.ENSP00000287598	0	0	0	0	0.835	0.279	0.400	0.914	0.993
CCNB2	HMGB3	9606.ENSP00000288207	9606.ENSP00000359393	0	0	0	0	0.284	0.051	0	0.199	0.408
CCNB2	IQGAP3	9606.ENSP00000288207	9606.ENSP00000354451	0	0	0	0	0.314	0.089	0	0.147	0.420
CCNB2	STIL	9606.ENSP00000288207	9606.ENSP00000360944	0	0	0	0	0.383	0	0	0.167	0.464
CCNB2	KIF18B	9606.ENSP00000288207	9606.ENSP00000465992	0	0	0	0	0.309	0.051	0	0.313	0.510
CCNB2	UHRF1	9606.ENSP00000288207	9606.ENSP00000479617	0	0	0	0	0.331	0	0	0.314	0.522
CCNB2	EZH2	9606.ENSP00000288207	9606.ENSP00000320147	0	0	0	0	0.347	0.045	0	0.305	0.529
CCNB2	RAD54L	9606.ENSP00000288207	9606.ENSP00000361043	0	0	0	0	0.400	0.094	0	0.345	0.613
CCNB2	MCM10	9606.ENSP00000288207	9606.ENSP00000418268	0	0	0	0	0.402	0	0	0.411	0.632
CCNB2	KIF14	9606.ENSP00000288207	9606.ENSP00000356319	0	0	0	0	0.464	0	0	0.368	0.647
CCNB2	SKA3	9606.ENSP00000288207	9606.ENSP00000319417	0	0	0	0	0.568	0	0	0.225	0.651
CCNB2	UBE2T	9606.ENSP00000288207	9606.ENSP00000494957	0	0	0	0	0.487	0.072	0	0.346	0.662
CCNB2	ERCC6L	9606.ENSP00000288207	9606.ENSP00000334675	0	0	0	0	0.278	0.110	0.400	0.249	0.672
CCNB2	DEPDC1	9606.ENSP00000288207	9606.ENSP00000412292	0	0	0	0	0.615	0	0	0.314	0.724
CCNB2	CKAP2L	9606.ENSP00000288207	9606.ENSP00000305204	0	0	0	0	0.460	0	0	0.519	0.729
CCNB2	EXO1	9606.ENSP00000288207	9606.ENSP00000355506	0	0	0	0	0.523	0.091	0	0.456	0.744
CCNB2	SPAG5	9606.ENSP00000288207	9606.ENSP00000323300	0	0	0	0	0.586	0.146	0	0.376	0.760
CCNB2	CDCA2	9606.ENSP00000288207	9606.ENSP00000328228	0	0	0	0	0.602	0	0	0.500	0.793
CCNB2	GTSE1	9606.ENSP00000288207	9606.ENSP00000415430	0	0	0	0	0.519	0	0.400	0.447	0.826
CCNB2	KIF15	9606.ENSP00000288207	9606.ENSP00000324020	0	0	0	0	0.589	0.062	0	0.591	0.828
CCNB2	CHEK1	9606.ENSP00000288207	9606.ENSP00000391090	0	0	0	0	0.534	0.069	0	0.647	0.833
CCNB2	KIF4A	9606.ENSP00000288207	9606.ENSP00000363524	0	0	0	0	0.724	0	0	0.529	0.864
CCNB2	MKI67	9606.ENSP00000288207	9606.ENSP00000357643	0	0	0	0	0.612	0	0	0.679	0.870
CCNB2	PBK	9606.ENSP00000288207	9606.ENSP00000428489	0	0	0	0	0.763	0.098	0	0.486	0.880
CCNB2	HMMR	9606.ENSP00000288207	9606.ENSP00000377492	0	0	0	0	0.796	0.091	0	0.446	0.888
CCNB2	FOXM1	9606.ENSP00000288207	9606.ENSP00000342307	0	0	0	0	0.504	0.091	0.500	0.590	0.895
CCNB2	NEK2	9606.ENSP00000288207	9606.ENSP00000355966	0	0	0	0	0.670	0	0	0.717	0.902
CCNB2	HJURP	9606.ENSP00000288207	9606.ENSP00000414109	0	0	0	0	0.792	0	0	0.564	0.905
CCNB2	CEP55	9606.ENSP00000288207	9606.ENSP00000360540	0	0	0	0	0.811	0	0	0.529	0.907
CCNB2	CDCA3	9606.ENSP00000288207	9606.ENSP00000442068	0	0	0	0	0.827	0	0	0.518	0.913
CCNB2	RRM2	9606.ENSP00000288207	9606.ENSP00000353770	0	0	0	0	0.566	0	0	0.808	0.913
CCNB2	ZWINT	9606.ENSP00000288207	9606.ENSP00000363055	0	0	0	0	0.539	0	0.400	0.735	0.920
CCNB2	KIF20A	9606.ENSP00000288207	9606.ENSP00000378356	0	0	0	0	0.842	0	0	0.624	0.938
CCNB2	CDC45	9606.ENSP00000288207	9606.ENSP00000405726	0	0	0	0	0.784	0.095	0	0.764	0.950
CCNB2	ASPM	9606.ENSP00000288207	9606.ENSP00000356379	0	0	0	0	0.840	0	0	0.709	0.951
CCNB2	TPX2	9606.ENSP00000288207	9606.ENSP00000300403	0	0	0	0	0.835	0.045	0	0.725	0.953
CCNB2	TTK	9606.ENSP00000288207	9606.ENSP00000358813	0	0	0	0	0.852	0.071	0	0.736	0.960
CCNB2	CCNA2	9606.ENSP00000288207	9606.ENSP00000481380	0	0	0.108	0.735	0.856	0.215	0	0.696	0.965
CCNB2	UBE2C	9606.ENSP00000288207	9606.ENSP00000348838	0	0	0	0	0.861	0.072	0	0.774	0.968
CCNB2	KIF2C	9606.ENSP00000288207	9606.ENSP00000361298	0	0	0	0	0.823	0	0.400	0.753	0.971
CCNB2	CDCA8	9606.ENSP00000288207	9606.ENSP00000362146	0	0	0	0	0.754	0	0.400	0.838	0.974
CCNB2	CENPF	9606.ENSP00000288207	9606.ENSP00000355922	0	0	0	0	0.828	0	0.400	0.767	0.974
CCNB2	MELK	9606.ENSP00000288207	9606.ENSP00000298048	0	0	0	0	0.852	0.126	0	0.822	0.975
CCNB2	CENPA	9606.ENSP00000288207	9606.ENSP00000336868	0	0	0	0	0.832	0.047	0.400	0.772	0.975
CCNB2	TOP2A	9606.ENSP00000288207	9606.ENSP00000411532	0	0	0	0	0.875	0.052	0	0.809	0.975
CCNB2	AURKB	9606.ENSP00000288207	9606.ENSP00000313950	0	0	0	0	0.844	0.094	0.400	0.901	0.990
CCNB2	CDC25C	9606.ENSP00000288207	9606.ENSP00000321656	0	0	0	0	0.786	0.245	0.900	0.659	0.993
CCNB2	BIRC5	9606.ENSP00000288207	9606.ENSP00000301633	0	0	0	0	0.905	0.098	0.400	0.892	0.993
CCNB2	PLK1	9606.ENSP00000288207	9606.ENSP00000300093	0	0	0	0	0.680	0.278	0.900	0.844	0.995
CCNB2	CDC20	9606.ENSP00000288207	9606.ENSP00000361540	0	0	0	0	0.947	0.312	0.900	0.870	0.999
CD93	CYYR1	9606.ENSP00000246006	9606.ENSP00000299340	0	0	0	0	0.415	0	0	0	0.415
CD93	GIMAP8	9606.ENSP00000246006	9606.ENSP00000305107	0	0	0	0	0.401	0.100	0	0	0.438
CD93	LYVE1	9606.ENSP00000246006	9606.ENSP00000256178	0	0	0	0	0.242	0.095	0	0.254	0.444
CD93	FCN3	9606.ENSP00000246006	9606.ENSP00000270879	0	0	0	0	0.080	0.069	0	0.473	0.509
CD93	PTPRB	9606.ENSP00000246006	9606.ENSP00000334928	0	0	0	0	0.189	0.106	0	0.429	0.549
CD93	ROBO4	9606.ENSP00000246006	9606.ENSP00000304945	0	0	0	0	0.213	0	0	0.488	0.580
CD93	CDH5	9606.ENSP00000246006	9606.ENSP00000497290	0	0	0	0	0.361	0.066	0	0.500	0.675
CD93	MMRN2	9606.ENSP00000246006	9606.ENSP00000361097	0	0	0	0	0.208	0.334	0	0.460	0.690
CD93	PECAM1	9606.ENSP00000246006	9606.ENSP00000457421	0	0	0	0	0.512	0.107	0	0.562	0.792
CDC20	CDC6	9606.ENSP00000361540	9606.ENSP00000209728	0	0	0	0	0.542	0.402	0	0.735	0.921
CDC20	MYBL2	9606.ENSP00000361540	9606.ENSP00000217026	0	0	0	0	0.647	0.294	0	0.502	0.865
CDC20	ORC6	9606.ENSP00000361540	9606.ENSP00000219097	0	0	0	0	0.226	0	0	0.435	0.544
CDC20	NCAPH	9606.ENSP00000361540	9606.ENSP00000240423	0	0	0	0	0.751	0	0	0.375	0.838
CDC20	DLGAP5	9606.ENSP00000361540	9606.ENSP00000247191	0	0	0	0	0.931	0	0	0.735	0.981
CDC20	E2F8	9606.ENSP00000361540	9606.ENSP00000250024	0	0	0	0	0.533	0	0	0.341	0.679
CDC20	NCAPG	9606.ENSP00000361540	9606.ENSP00000251496	0	0	0	0	0.816	0	0	0.737	0.949
CDC20	GINS2	9606.ENSP00000361540	9606.ENSP00000253462	0	0	0	0	0.495	0	0	0.295	0.628
CDC20	CCNB1	9606.ENSP00000361540	9606.ENSP00000256442	0	0	0	0	0.910	0.989	0.900	0.970	0.999
CDC20	TROAP	9606.ENSP00000361540	9606.ENSP00000257909	0	0	0	0	0.768	0	0	0.288	0.827
CDC20	ESPL1	9606.ENSP00000361540	9606.ENSP00000257934	0	0	0	0	0.733	0.095	0.500	0.918	0.988
CDC20	KIF11	9606.ENSP00000361540	9606.ENSP00000260731	0	0	0	0	0.920	0.143	0	0.825	0.987
CDC20	NDC80	9606.ENSP00000361540	9606.ENSP00000261597	0	0	0	0	0.825	0	0.500	0.609	0.962
CDC20	PKMYT1	9606.ENSP00000361540	9606.ENSP00000262300	0	0	0	0	0.385	0.182	0	0.689	0.830
CDC20	SGO1	9606.ENSP00000361540	9606.ENSP00000263753	0	0	0	0	0.578	0.066	0.800	0.852	0.986
CDC20	NEIL3	9606.ENSP00000361540	9606.ENSP00000264596	0	0	0	0	0.394	0	0	0.170	0.476
CDC20	DEPDC1B	9606.ENSP00000361540	9606.ENSP00000265036	0.044	0	0	0	0.487	0	0	0.127	0.534
CDC20	ANLN	9606.ENSP00000361540	9606.ENSP00000265748	0	0	0	0	0.472	0	0	0.456	0.701
CDC20	TICRR	9606.ENSP00000361540	9606.ENSP00000268138	0	0	0	0	0.474	0.094	0	0.150	0.559
CDC20	NUF2	9606.ENSP00000361540	9606.ENSP00000271452	0	0	0	0	0.718	0	0.500	0.751	0.962
CDC20	CDCA5	9606.ENSP00000361540	9606.ENSP00000275517	0	0	0	0	0.789	0	0	0.722	0.938
CDC20	BUB1B	9606.ENSP00000361540	9606.ENSP00000287598	0	0	0	0	0.901	0.999	0.800	0.999	0.999
CDC20	CCNB2	9606.ENSP00000361540	9606.ENSP00000288207	0	0	0	0	0.947	0.312	0.900	0.870	0.999
CDC20	MELK	9606.ENSP00000361540	9606.ENSP00000298048	0	0	0	0	0.897	0.046	0	0.665	0.964
CDC20	PLK1	9606.ENSP00000361540	9606.ENSP00000300093	0	0	0	0	0.951	0.994	0.800	0.910	0.999
CDC20	TPX2	9606.ENSP00000361540	9606.ENSP00000300403	0	0	0	0	0.858	0	0	0.736	0.961
CDC20	BIRC5	9606.ENSP00000361540	9606.ENSP00000301633	0	0	0	0	0.954	0.045	0.500	0.811	0.995
CDC20	CKAP2L	9606.ENSP00000361540	9606.ENSP00000305204	0	0	0	0	0.478	0	0	0.300	0.618
CDC20	AURKB	9606.ENSP00000361540	9606.ENSP00000313950	0	0	0	0	0.889	0.297	0.500	0.965	0.998
CDC20	SKA3	9606.ENSP00000361540	9606.ENSP00000319417	0	0	0	0	0.531	0	0	0.318	0.666
CDC20	EZH2	9606.ENSP00000361540	9606.ENSP00000320147	0	0	0	0	0.300	0.092	0	0.286	0.507
CDC20	CDC25C	9606.ENSP00000361540	9606.ENSP00000321656	0	0	0	0	0.569	0.119	0	0.757	0.900
CDC20	SPAG5	9606.ENSP00000361540	9606.ENSP00000323300	0	0	0	0	0.823	0.099	0	0.557	0.923
CDC20	KIF15	9606.ENSP00000361540	9606.ENSP00000324020	0	0	0	0	0.740	0.126	0	0.336	0.836
CDC20	CDCA2	9606.ENSP00000361540	9606.ENSP00000328228	0	0	0	0	0.617	0	0	0.556	0.822
CDC20	ERCC6L	9606.ENSP00000361540	9606.ENSP00000334675	0	0	0	0	0.298	0.181	0.800	0.237	0.900
CDC20	CENPA	9606.ENSP00000361540	9606.ENSP00000336868	0	0	0	0	0.835	0.091	0.800	0.603	0.986
CDC20	FOXM1	9606.ENSP00000361540	9606.ENSP00000342307	0	0	0	0	0.783	0.071	0	0.714	0.937
CDC20	UBE2C	9606.ENSP00000361540	9606.ENSP00000348838	0	0	0	0	0.951	0.957	0.540	0.891	0.999
CDC20	RRM2	9606.ENSP00000361540	9606.ENSP00000353770	0	0	0	0	0.770	0.049	0	0.609	0.907
CDC20	IQGAP3	9606.ENSP00000361540	9606.ENSP00000354451	0	0	0	0	0.490	0.124	0	0.212	0.617
CDC20	EXO1	9606.ENSP00000361540	9606.ENSP00000355506	0.042	0	0	0	0.559	0.045	0	0.555	0.796
CDC20	CENPF	9606.ENSP00000361540	9606.ENSP00000355922	0	0	0	0	0.777	0	0.800	0.801	0.990
CDC20	NEK2	9606.ENSP00000361540	9606.ENSP00000355966	0	0	0	0	0.833	0.994	0.500	0.667	0.999
CDC20	KIF14	9606.ENSP00000361540	9606.ENSP00000356319	0	0	0	0	0.513	0	0	0.358	0.674
CDC20	ASPM	9606.ENSP00000361540	9606.ENSP00000356379	0	0	0	0	0.900	0.111	0	0.715	0.972
CDC20	MKI67	9606.ENSP00000361540	9606.ENSP00000357643	0	0	0	0	0.815	0.292	0	0.540	0.934
CDC20	TTK	9606.ENSP00000361540	9606.ENSP00000358813	0	0	0	0	0.905	0.327	0	0.869	0.990
CDC20	CEP55	9606.ENSP00000361540	9606.ENSP00000360540	0	0	0	0	0.825	0	0	0.728	0.950
CDC20	STIL	9606.ENSP00000361540	9606.ENSP00000360944	0	0	0	0	0.436	0.045	0	0.274	0.574
CDC20	RAD54L	9606.ENSP00000361540	9606.ENSP00000361043	0	0	0	0	0.482	0.100	0	0.377	0.685
CDC20	KIF2C	9606.ENSP00000361540	9606.ENSP00000361298	0	0	0	0	0.908	0	0.800	0.787	0.995
CDC20	RECQL4	9606.ENSP00000361540	9606.ENSP00000482313	0	0	0	0	0.262	0	0	0.229	0.407
CDC20	RCC1	9606.ENSP00000361540	9606.ENSP00000497402	0	0	0	0	0.322	0	0	0.271	0.485
CDC20	PAICS	9606.ENSP00000361540	9606.ENSP00000382595	0	0	0	0	0.187	0.046	0.246	0.339	0.562
CDC20	UBE2T	9606.ENSP00000361540	9606.ENSP00000494957	0	0	0	0	0.468	0.108	0	0.377	0.679
CDC20	UHRF1	9606.ENSP00000361540	9606.ENSP00000479617	0	0	0	0	0.553	0.049	0	0.319	0.685
CDC20	MCM10	9606.ENSP00000361540	9606.ENSP00000418268	0	0	0	0	0.455	0.058	0	0.446	0.691
CDC20	GTSE1	9606.ENSP00000361540	9606.ENSP00000415430	0.042	0	0	0	0.537	0	0	0.400	0.711
CDC20	DEPDC1	9606.ENSP00000361540	9606.ENSP00000412292	0.044	0	0	0	0.551	0	0	0.488	0.761
CDC20	CHEK1	9606.ENSP00000361540	9606.ENSP00000391090	0	0	0	0	0.473	0.098	0	0.557	0.771
CDC20	KIF18B	9606.ENSP00000361540	9606.ENSP00000465992	0	0	0	0	0.679	0.049	0	0.374	0.792
CDC20	HMMR	9606.ENSP00000361540	9606.ENSP00000377492	0	0	0	0	0.794	0.099	0	0.416	0.882
CDC20	HJURP	9606.ENSP00000361540	9606.ENSP00000414109	0	0	0	0	0.881	0	0	0.396	0.925
CDC20	KIF4A	9606.ENSP00000361540	9606.ENSP00000363524	0	0	0	0	0.843	0	0	0.639	0.941
CDC20	CDC45	9606.ENSP00000361540	9606.ENSP00000405726	0	0	0	0	0.806	0	0	0.735	0.946
CDC20	PBK	9606.ENSP00000361540	9606.ENSP00000428489	0	0	0	0	0.882	0.067	0	0.661	0.959
CDC20	ZWINT	9606.ENSP00000361540	9606.ENSP00000363055	0	0	0	0	0.574	0.292	0.800	0.543	0.968
CDC20	TOP2A	9606.ENSP00000361540	9606.ENSP00000411532	0	0	0	0	0.908	0	0	0.797	0.980
CDC20	CDCA3	9606.ENSP00000361540	9606.ENSP00000442068	0	0	0	0	0.950	0	0	0.643	0.981
CDC20	KIF20A	9606.ENSP00000361540	9606.ENSP00000378356	0	0	0	0	0.920	0	0	0.781	0.981
CDC20	CDCA8	9606.ENSP00000361540	9606.ENSP00000362146	0	0	0	0	0.923	0.053	0.500	0.813	0.992
CDC20	CCNA2	9606.ENSP00000361540	9606.ENSP00000481380	0	0	0	0	0.897	0.999	0.500	0.970	0.999
CDC25C	CDC6	9606.ENSP00000321656	9606.ENSP00000209728	0	0	0	0	0.386	0.099	0	0.698	0.818
CDC25C	MYBL2	9606.ENSP00000321656	9606.ENSP00000217026	0	0	0	0	0.351	0.098	0	0.357	0.591
CDC25C	NCAPH	9606.ENSP00000321656	9606.ENSP00000240423	0	0	0	0	0.460	0	0	0.189	0.543
CDC25C	DLGAP5	9606.ENSP00000321656	9606.ENSP00000247191	0	0	0	0	0.793	0	0	0.491	0.890
CDC25C	E2F8	9606.ENSP00000321656	9606.ENSP00000250024	0	0	0	0	0.317	0	0	0.244	0.462
CDC25C	NCAPG	9606.ENSP00000321656	9606.ENSP00000251496	0	0	0	0	0.480	0	0	0.194	0.563
CDC25C	GINS2	9606.ENSP00000321656	9606.ENSP00000253462	0	0	0	0	0.350	0	0	0.209	0.464
CDC25C	CCNB1	9606.ENSP00000321656	9606.ENSP00000256442	0	0	0	0	0.508	0.345	0.500	0.951	0.991
CDC25C	TROAP	9606.ENSP00000321656	9606.ENSP00000257909	0	0	0	0	0.553	0	0	0.265	0.657
CDC25C	ESPL1	9606.ENSP00000321656	9606.ENSP00000257934	0	0	0	0	0.381	0.075	0	0.386	0.618
CDC25C	KIF11	9606.ENSP00000321656	9606.ENSP00000260731	0	0	0	0	0.510	0	0	0.335	0.660
CDC25C	NDC80	9606.ENSP00000321656	9606.ENSP00000261597	0	0	0	0	0.456	0	0	0.107	0.493
CDC25C	PKMYT1	9606.ENSP00000321656	9606.ENSP00000262300	0	0	0	0	0.283	0.474	0	0.567	0.822
CDC25C	GINS1	9606.ENSP00000321656	9606.ENSP00000262460	0	0	0	0	0.224	0	0	0.502	0.597
CDC25C	SGO1	9606.ENSP00000321656	9606.ENSP00000263753	0	0	0	0	0.462	0	0	0.191	0.546
CDC25C	NEIL3	9606.ENSP00000321656	9606.ENSP00000264596	0	0	0	0	0.440	0	0	0.186	0.525
CDC25C	DEPDC1B	9606.ENSP00000321656	9606.ENSP00000265036	0	0	0	0	0.450	0	0	0.097	0.482
CDC25C	ANLN	9606.ENSP00000321656	9606.ENSP00000265748	0	0	0	0	0.439	0	0	0.196	0.530
CDC25C	TICRR	9606.ENSP00000321656	9606.ENSP00000268138	0	0	0	0	0.428	0	0	0.176	0.509
CDC25C	NUF2	9606.ENSP00000321656	9606.ENSP00000271452	0	0	0	0	0.556	0	0	0.266	0.660
CDC25C	CDCA5	9606.ENSP00000321656	9606.ENSP00000275517	0	0	0	0	0.442	0	0	0.553	0.739
CDC25C	BUB1B	9606.ENSP00000321656	9606.ENSP00000287598	0	0	0	0	0.538	0	0	0.604	0.809
CDC25C	CCNB2	9606.ENSP00000321656	9606.ENSP00000288207	0	0	0	0	0.786	0.245	0.900	0.659	0.993
CDC25C	MELK	9606.ENSP00000321656	9606.ENSP00000298048	0	0	0	0	0.650	0.103	0	0.477	0.821
CDC25C	PLK1	9606.ENSP00000321656	9606.ENSP00000300093	0	0	0	0	0.646	0.850	0.900	0.951	0.999
CDC25C	TPX2	9606.ENSP00000321656	9606.ENSP00000300403	0	0	0	0	0.541	0	0	0.256	0.644
CDC25C	BIRC5	9606.ENSP00000321656	9606.ENSP00000301633	0	0	0	0	0.511	0	0	0.582	0.787
CDC25C	CKAP2L	9606.ENSP00000321656	9606.ENSP00000305204	0	0	0	0	0.654	0	0	0.130	0.686
CDC25C	AURKB	9606.ENSP00000321656	9606.ENSP00000313950	0	0	0	0	0.664	0	0	0.551	0.843
CDC25C	SKA3	9606.ENSP00000321656	9606.ENSP00000319417	0	0	0	0	0.513	0	0	0.189	0.588
CDC25C	UBE2T	9606.ENSP00000321656	9606.ENSP00000494957	0	0	0	0	0.343	0.048	0	0.164	0.432
CDC25C	ZWINT	9606.ENSP00000321656	9606.ENSP00000363055	0	0	0	0	0.382	0	0	0.248	0.515
CDC25C	MCM10	9606.ENSP00000321656	9606.ENSP00000418268	0	0	0	0	0.387	0	0	0.273	0.535
CDC25C	ERCC6L	9606.ENSP00000321656	9606.ENSP00000334675	0	0	0	0	0.421	0.067	0	0.221	0.543
CDC25C	KIF18B	9606.ENSP00000321656	9606.ENSP00000465992	0	0	0	0	0.238	0.085	0	0.398	0.544
CDC25C	MKI67	9606.ENSP00000321656	9606.ENSP00000357643	0	0	0	0	0.456	0	0	0.235	0.567
CDC25C	KIF15	9606.ENSP00000321656	9606.ENSP00000324020	0	0	0	0	0.497	0	0	0.180	0.570
CDC25C	RAD54L	9606.ENSP00000321656	9606.ENSP00000361043	0	0	0	0	0.425	0.067	0	0.270	0.574
CDC25C	CEP55	9606.ENSP00000321656	9606.ENSP00000360540	0	0	0	0	0.471	0	0	0.248	0.585
CDC25C	SPAG5	9606.ENSP00000321656	9606.ENSP00000323300	0	0	0	0	0.464	0	0	0.287	0.602
CDC25C	ASPM	9606.ENSP00000321656	9606.ENSP00000356379	0	0	0	0	0.524	0	0	0.225	0.615
CDC25C	CENPF	9606.ENSP00000321656	9606.ENSP00000355922	0	0	0	0	0.460	0	0	0.323	0.618
CDC25C	EXO1	9606.ENSP00000321656	9606.ENSP00000355506	0	0	0	0	0.480	0	0	0.304	0.622
CDC25C	CDCA3	9606.ENSP00000321656	9606.ENSP00000442068	0	0	0	0	0.520	0	0	0.324	0.662
CDC25C	RRM2	9606.ENSP00000321656	9606.ENSP00000353770	0	0	0	0	0.409	0	0	0.453	0.663
CDC25C	PBK	9606.ENSP00000321656	9606.ENSP00000428489	0	0	0	0	0.557	0.088	0	0.233	0.663
CDC25C	CDCA2	9606.ENSP00000321656	9606.ENSP00000328228	0	0	0	0	0.554	0	0	0.382	0.713
CDC25C	HMMR	9606.ENSP00000321656	9606.ENSP00000377492	0	0	0	0	0.654	0	0	0.223	0.720
CDC25C	GTSE1	9606.ENSP00000321656	9606.ENSP00000415430	0	0	0	0	0.544	0	0	0.414	0.721
CDC25C	KIF14	9606.ENSP00000321656	9606.ENSP00000356319	0	0	0	0	0.468	0	0	0.535	0.742
CDC25C	TTK	9606.ENSP00000321656	9606.ENSP00000358813	0	0	0	0	0.665	0	0	0.391	0.787
CDC25C	TOP2A	9606.ENSP00000321656	9606.ENSP00000411532	0	0	0	0	0.495	0.071	0	0.603	0.797
CDC25C	KIF4A	9606.ENSP00000321656	9606.ENSP00000363524	0	0	0	0	0.648	0	0	0.450	0.798
CDC25C	DEPDC1	9606.ENSP00000321656	9606.ENSP00000412292	0	0	0	0	0.770	0	0	0.201	0.808
CDC25C	NEK2	9606.ENSP00000321656	9606.ENSP00000355966	0	0	0	0	0.652	0	0	0.486	0.814
CDC25C	UBE2C	9606.ENSP00000321656	9606.ENSP00000348838	0	0	0	0	0.635	0.048	0	0.514	0.816
CDC25C	CDCA8	9606.ENSP00000321656	9606.ENSP00000362146	0	0	0	0	0.585	0	0	0.586	0.821
CDC25C	FOXM1	9606.ENSP00000321656	9606.ENSP00000342307	0	0	0	0	0.378	0.071	0.500	0.460	0.823
CDC25C	CENPA	9606.ENSP00000321656	9606.ENSP00000336868	0	0	0	0	0.771	0	0	0.352	0.845
CDC25C	KIF20A	9606.ENSP00000321656	9606.ENSP00000378356	0	0	0	0	0.786	0	0	0.324	0.849
CDC25C	CDC45	9606.ENSP00000321656	9606.ENSP00000405726	0	0	0	0	0.435	0	0	0.756	0.856
CDC25C	HJURP	9606.ENSP00000321656	9606.ENSP00000414109	0	0	0	0	0.774	0	0	0.430	0.865
CDC25C	CDC20	9606.ENSP00000321656	9606.ENSP00000361540	0	0	0	0	0.569	0.119	0	0.757	0.900
CDC25C	KIF2C	9606.ENSP00000321656	9606.ENSP00000361298	0	0	0	0	0.790	0	0	0.576	0.907
CDC25C	CCNA2	9606.ENSP00000321656	9606.ENSP00000481380	0	0	0	0	0.688	0	0.500	0.741	0.956
CDC25C	CHEK1	9606.ENSP00000321656	9606.ENSP00000391090	0	0	0	0	0.347	0.944	0.900	0.938	0.999
CDC45	CDC6	9606.ENSP00000405726	9606.ENSP00000209728	0	0	0	0	0.661	0	0.500	0.970	0.994
CDC45	MYBL2	9606.ENSP00000405726	9606.ENSP00000217026	0	0	0	0	0.596	0	0	0.272	0.693
CDC45	EEF1A2	9606.ENSP00000405726	9606.ENSP00000217182	0	0	0	0	0.108	0	0	0.421	0.462
CDC45	ORC6	9606.ENSP00000405726	9606.ENSP00000219097	0	0	0	0	0.273	0.616	0.500	0.887	0.982
CDC45	NCAPH	9606.ENSP00000405726	9606.ENSP00000240423	0	0	0	0	0.617	0	0	0.241	0.697
CDC45	DLGAP5	9606.ENSP00000405726	9606.ENSP00000247191	0	0	0	0	0.827	0	0	0.564	0.921
CDC45	E2F8	9606.ENSP00000405726	9606.ENSP00000250024	0	0	0	0	0.462	0	0	0.348	0.634
CDC45	NCAPG	9606.ENSP00000405726	9606.ENSP00000251496	0	0	0	0	0.815	0	0	0.576	0.918
CDC45	GINS2	9606.ENSP00000405726	9606.ENSP00000253462	0	0	0	0	0.795	0.996	0.540	0.841	0.999
CDC45	CCNB1	9606.ENSP00000405726	9606.ENSP00000256442	0	0	0	0	0.556	0.095	0	0.542	0.800
CDC45	TROAP	9606.ENSP00000405726	9606.ENSP00000257909	0	0	0	0	0.478	0	0	0.180	0.554
CDC45	ESPL1	9606.ENSP00000405726	9606.ENSP00000257934	0	0	0	0	0.416	0	0	0.377	0.621
CDC45	BRIP1	9606.ENSP00000405726	9606.ENSP00000259008	0	0	0	0	0.260	0	0	0.424	0.556
CDC45	KIF11	9606.ENSP00000405726	9606.ENSP00000260731	0	0	0	0	0.642	0	0	0.410	0.780
CDC45	NDC80	9606.ENSP00000405726	9606.ENSP00000261597	0	0	0	0	0.672	0	0	0.077	0.685
CDC45	PKMYT1	9606.ENSP00000405726	9606.ENSP00000262300	0	0	0	0	0.528	0	0	0.464	0.736
CDC45	GINS1	9606.ENSP00000405726	9606.ENSP00000262460	0	0	0	0	0.392	0.996	0.540	0.931	0.999
CDC45	SGO1	9606.ENSP00000405726	9606.ENSP00000263753	0	0	0	0	0.309	0	0	0.230	0.445
CDC45	POLQ	9606.ENSP00000405726	9606.ENSP00000264233	0	0	0	0	0.483	0.065	0	0.263	0.613
CDC45	NEIL3	9606.ENSP00000405726	9606.ENSP00000264596	0	0	0	0	0.313	0	0	0.460	0.614
CDC45	DEPDC1B	9606.ENSP00000405726	9606.ENSP00000265036	0	0	0	0	0.383	0	0	0.108	0.426
CDC45	ANLN	9606.ENSP00000405726	9606.ENSP00000265748	0	0	0	0	0.403	0	0	0.230	0.521
CDC45	TICRR	9606.ENSP00000405726	9606.ENSP00000268138	0	0	0	0	0.513	0	0	0.977	0.988
CDC45	NUF2	9606.ENSP00000405726	9606.ENSP00000271452	0	0	0	0	0.723	0	0	0.363	0.816
CDC45	CDCA5	9606.ENSP00000405726	9606.ENSP00000275517	0	0	0	0	0.813	0	0	0.678	0.937
CDC45	BUB1B	9606.ENSP00000405726	9606.ENSP00000287598	0	0	0	0	0.592	0.065	0	0.558	0.817
CDC45	CCNB2	9606.ENSP00000405726	9606.ENSP00000288207	0	0	0	0	0.784	0.095	0	0.764	0.950
CDC45	MELK	9606.ENSP00000405726	9606.ENSP00000298048	0	0	0	0	0.813	0	0	0.366	0.876
CDC45	PLK1	9606.ENSP00000405726	9606.ENSP00000300093	0	0	0	0	0.450	0	0	0.611	0.777
CDC45	TPX2	9606.ENSP00000405726	9606.ENSP00000300403	0	0	0	0	0.635	0	0	0.387	0.766
CDC45	BIRC5	9606.ENSP00000405726	9606.ENSP00000301633	0	0	0	0	0.811	0	0	0.357	0.873
CDC45	CKAP2L	9606.ENSP00000405726	9606.ENSP00000305204	0	0	0	0	0.511	0	0	0.514	0.752
CDC45	RMI2	9606.ENSP00000405726	9606.ENSP00000310356	0	0	0	0	0.454	0	0	0.329	0.618
CDC45	AURKB	9606.ENSP00000405726	9606.ENSP00000313950	0	0	0	0	0.805	0	0	0.637	0.926
CDC45	SKA3	9606.ENSP00000405726	9606.ENSP00000319417	0	0	0	0	0.533	0	0	0.183	0.602
CDC45	EZH2	9606.ENSP00000405726	9606.ENSP00000320147	0	0	0	0	0.380	0.060	0	0.198	0.492
CDC45	CDC25C	9606.ENSP00000405726	9606.ENSP00000321656	0	0	0	0	0.435	0	0	0.756	0.856
CDC45	SPAG5	9606.ENSP00000405726	9606.ENSP00000323300	0	0	0	0	0.651	0.070	0	0.214	0.723
CDC45	KIF15	9606.ENSP00000405726	9606.ENSP00000324020	0	0	0	0	0.730	0	0	0.248	0.788
CDC45	CDCA2	9606.ENSP00000405726	9606.ENSP00000328228	0	0	0	0	0.447	0	0	0.395	0.652
CDC45	ERCC6L	9606.ENSP00000405726	9606.ENSP00000334675	0	0	0	0	0.426	0.067	0	0.194	0.531
CDC45	CENPA	9606.ENSP00000405726	9606.ENSP00000336868	0	0	0	0	0.526	0	0	0.406	0.707
CDC45	FOXM1	9606.ENSP00000405726	9606.ENSP00000342307	0	0	0	0	0.535	0	0	0.317	0.669
CDC45	UBE2C	9606.ENSP00000405726	9606.ENSP00000348838	0	0	0	0	0.738	0	0	0.402	0.836
CDC45	RRM2	9606.ENSP00000405726	9606.ENSP00000353770	0	0	0	0	0.708	0	0	0.573	0.870
CDC45	TEDC2	9606.ENSP00000405726	9606.ENSP00000355022	0	0	0	0	0.534	0	0	0.183	0.603
CDC45	EXO1	9606.ENSP00000405726	9606.ENSP00000355506	0	0	0	0	0.900	0	0	0.645	0.963
CDC45	CENPF	9606.ENSP00000405726	9606.ENSP00000355922	0	0	0	0	0.658	0	0	0.371	0.776
CDC45	NEK2	9606.ENSP00000405726	9606.ENSP00000355966	0	0	0	0	0.478	0	0	0.370	0.657
CDC45	KIF14	9606.ENSP00000405726	9606.ENSP00000356319	0	0	0	0	0.356	0	0	0.277	0.515
CDC45	ASPM	9606.ENSP00000405726	9606.ENSP00000356379	0	0	0	0	0.599	0	0	0.290	0.703
CDC45	MKI67	9606.ENSP00000405726	9606.ENSP00000357643	0	0	0	0	0.521	0	0	0.417	0.708
CDC45	TTK	9606.ENSP00000405726	9606.ENSP00000358813	0	0	0	0	0.631	0	0	0.448	0.787
CDC45	CEP55	9606.ENSP00000405726	9606.ENSP00000360540	0	0	0	0	0.664	0.421	0	0.508	0.896
CDC45	RAD54L	9606.ENSP00000405726	9606.ENSP00000361043	0	0	0	0	0.782	0.067	0	0.346	0.856
CDC45	KIF2C	9606.ENSP00000405726	9606.ENSP00000361298	0	0	0	0	0.813	0	0	0.447	0.892
CDC45	CDC20	9606.ENSP00000405726	9606.ENSP00000361540	0	0	0	0	0.806	0	0	0.735	0.946
CDC45	CDCA8	9606.ENSP00000405726	9606.ENSP00000362146	0	0	0	0	0.801	0	0	0.689	0.935
CDC45	ZWINT	9606.ENSP00000405726	9606.ENSP00000363055	0	0	0	0	0.789	0	0	0.284	0.842
CDC45	KIF4A	9606.ENSP00000405726	9606.ENSP00000363524	0	0	0	0	0.598	0	0	0.357	0.730
CDC45	HMMR	9606.ENSP00000405726	9606.ENSP00000377492	0	0	0	0	0.652	0.070	0	0.282	0.748
CDC45	KIF20A	9606.ENSP00000405726	9606.ENSP00000378356	0	0	0	0	0.585	0	0	0.532	0.797
CDC45	PAICS	9606.ENSP00000405726	9606.ENSP00000382595	0	0	0	0	0.270	0	0	0.341	0.499
CDC45	CHEK1	9606.ENSP00000405726	9606.ENSP00000391090	0	0	0	0	0.782	0.478	0.500	0.913	0.994
CDC45	DEPDC1	9606.ENSP00000405726	9606.ENSP00000412292	0	0	0	0	0.390	0	0	0.091	0.422
CDC45	KIF18B	9606.ENSP00000405726	9606.ENSP00000465992	0	0	0	0	0.277	0	0	0.279	0.457
CDC45	UHRF1	9606.ENSP00000405726	9606.ENSP00000479617	0	0	0	0	0.469	0	0	0.305	0.615
CDC45	GTSE1	9606.ENSP00000405726	9606.ENSP00000415430	0	0	0	0	0.498	0	0	0.300	0.633
CDC45	UBE2T	9606.ENSP00000405726	9606.ENSP00000494957	0	0	0	0	0.651	0	0	0.315	0.751
CDC45	CDCA3	9606.ENSP00000405726	9606.ENSP00000442068	0	0	0	0	0.624	0	0	0.400	0.765
CDC45	PBK	9606.ENSP00000405726	9606.ENSP00000428489	0	0	0	0	0.838	0.045	0	0.250	0.874
CDC45	HJURP	9606.ENSP00000405726	9606.ENSP00000414109	0	0	0	0	0.766	0	0	0.516	0.882
CDC45	CCNA2	9606.ENSP00000405726	9606.ENSP00000481380	0	0	0	0	0.766	0	0	0.615	0.906
CDC45	TOP2A	9606.ENSP00000405726	9606.ENSP00000411532	0	0	0	0	0.685	0	0	0.746	0.917
CDC45	RECQL4	9606.ENSP00000405726	9606.ENSP00000482313	0	0	0	0	0.520	0.510	0	0.930	0.982
CDC45	MCM10	9606.ENSP00000405726	9606.ENSP00000418268	0	0	0	0	0.812	0.969	0.500	0.999	0.999
CDC6	RCC1	9606.ENSP00000209728	9606.ENSP00000497402	0	0	0	0	0.322	0	0	0.183	0.422
CDC6	KIF18B	9606.ENSP00000209728	9606.ENSP00000465992	0	0	0	0	0.292	0	0	0.228	0.430
CDC6	STIL	9606.ENSP00000209728	9606.ENSP00000360944	0	0	0	0	0.367	0	0	0.158	0.445
CDC6	DEPDC1B	9606.ENSP00000209728	9606.ENSP00000265036	0	0	0	0	0.369	0	0	0.159	0.447
CDC6	NEIL3	9606.ENSP00000209728	9606.ENSP00000264596	0	0	0	0	0.404	0	0	0.119	0.453
CDC6	BRIP1	9606.ENSP00000209728	9606.ENSP00000259008	0	0	0	0	0.332	0.095	0	0.180	0.462
CDC6	PAICS	9606.ENSP00000209728	9606.ENSP00000382595	0	0	0	0	0.235	0	0	0.332	0.467
CDC6	EZH2	9606.ENSP00000209728	9606.ENSP00000320147	0	0	0	0	0.277	0.063	0	0.312	0.494
CDC6	KIF14	9606.ENSP00000209728	9606.ENSP00000356319	0	0	0	0	0.389	0	0	0.224	0.506
CDC6	SGO1	9606.ENSP00000209728	9606.ENSP00000263753	0	0	0	0	0.380	0	0	0.252	0.516
CDC6	ERCC6L	9606.ENSP00000209728	9606.ENSP00000334675	0	0	0	0	0.374	0.091	0	0.232	0.525
CDC6	DEPDC1	9606.ENSP00000209728	9606.ENSP00000412292	0	0	0	0	0.452	0	0	0.189	0.537
CDC6	SKA3	9606.ENSP00000209728	9606.ENSP00000319417	0	0	0	0	0.465	0	0	0.174	0.539
CDC6	HJURP	9606.ENSP00000209728	9606.ENSP00000414109	0	0	0	0	0.422	0	0	0.256	0.552
CDC6	UBE2T	9606.ENSP00000209728	9606.ENSP00000494957	0	0	0	0	0.346	0.077	0	0.327	0.558
CDC6	SPAG5	9606.ENSP00000209728	9606.ENSP00000323300	0	0	0	0	0.480	0	0	0.193	0.562
CDC6	KIF4A	9606.ENSP00000209728	9606.ENSP00000363524	0	0	0	0	0.427	0	0	0.268	0.563
CDC6	ANLN	9606.ENSP00000209728	9606.ENSP00000265748	0	0	0	0	0.423	0	0	0.301	0.579
CDC6	HMMR	9606.ENSP00000209728	9606.ENSP00000377492	0	0	0	0	0.430	0	0	0.299	0.584
CDC6	CDCA3	9606.ENSP00000209728	9606.ENSP00000442068	0	0	0	0	0.369	0	0	0.374	0.588
CDC6	KIF20A	9606.ENSP00000209728	9606.ENSP00000378356	0	0	0	0	0.464	0	0	0.269	0.591
CDC6	RAD54L	9606.ENSP00000209728	9606.ENSP00000361043	0	0	0	0	0.430	0.091	0	0.292	0.601
CDC6	NDC80	9606.ENSP00000209728	9606.ENSP00000261597	0	0	0	0	0.517	0	0	0.238	0.616
CDC6	ASPM	9606.ENSP00000209728	9606.ENSP00000356379	0	0	0	0	0.520	0	0	0.247	0.623
CDC6	CDCA2	9606.ENSP00000209728	9606.ENSP00000328228	0	0	0	0	0.379	0	0	0.425	0.628
CDC6	KIF15	9606.ENSP00000209728	9606.ENSP00000324020	0	0	0	0	0.498	0	0	0.290	0.628
CDC6	CEP55	9606.ENSP00000209728	9606.ENSP00000360540	0	0	0	0	0.476	0	0	0.323	0.630
CDC6	CENPA	9606.ENSP00000209728	9606.ENSP00000336868	0	0	0	0	0.346	0.131	0	0.418	0.640
CDC6	CENPF	9606.ENSP00000209728	9606.ENSP00000355922	0	0	0	0	0.377	0	0	0.447	0.640
CDC6	UHRF1	9606.ENSP00000209728	9606.ENSP00000479617	0	0	0	0	0.547	0	0	0.244	0.643
CDC6	NEK2	9606.ENSP00000209728	9606.ENSP00000355966	0	0	0	0	0.446	0	0	0.392	0.648
CDC6	NCAPH	9606.ENSP00000209728	9606.ENSP00000240423	0	0	0	0	0.569	0	0	0.221	0.650
CDC6	FOXM1	9606.ENSP00000209728	9606.ENSP00000342307	0	0	0	0	0.452	0	0	0.400	0.657
CDC6	NCAPG	9606.ENSP00000209728	9606.ENSP00000251496	0	0	0	0	0.477	0	0	0.390	0.667
CDC6	MKI67	9606.ENSP00000209728	9606.ENSP00000357643	0	0	0	0	0.472	0	0	0.398	0.669
CDC6	RECQL4	9606.ENSP00000209728	9606.ENSP00000482313	0	0	0	0	0.381	0	0	0.501	0.678
CDC6	TPX2	9606.ENSP00000209728	9606.ENSP00000300403	0	0	0	0	0.539	0	0	0.338	0.681
CDC6	PKMYT1	9606.ENSP00000209728	9606.ENSP00000262300	0	0	0	0	0.397	0	0	0.500	0.686
CDC6	MYBL2	9606.ENSP00000209728	9606.ENSP00000217026	0	0	0	0	0.472	0	0	0.440	0.691
CDC6	GINS2	9606.ENSP00000209728	9606.ENSP00000253462	0	0	0	0	0.417	0	0	0.515	0.705
CDC6	CDCA5	9606.ENSP00000209728	9606.ENSP00000275517	0	0	0	0	0.541	0	0	0.390	0.708
CDC6	ZWINT	9606.ENSP00000209728	9606.ENSP00000363055	0	0	0	0	0.630	0	0	0.248	0.710
CDC6	KIF2C	9606.ENSP00000209728	9606.ENSP00000361298	0	0	0	0	0.510	0	0	0.440	0.713
CDC6	NUF2	9606.ENSP00000209728	9606.ENSP00000271452	0	0	0	0	0.566	0	0	0.374	0.717
CDC6	MELK	9606.ENSP00000209728	9606.ENSP00000298048	0	0	0	0	0.626	0	0	0.280	0.719
CDC6	PBK	9606.ENSP00000209728	9606.ENSP00000428489	0	0	0	0	0.601	0.092	0	0.299	0.724
CDC6	BIRC5	9606.ENSP00000209728	9606.ENSP00000301633	0	0	0	0	0.521	0.071	0	0.447	0.732
CDC6	GINS1	9606.ENSP00000209728	9606.ENSP00000262460	0	0	0	0	0.483	0.071	0	0.509	0.744
CDC6	TOP2A	9606.ENSP00000209728	9606.ENSP00000411532	0	0	0	0	0.484	0.162	0	0.568	0.797
CDC6	TTK	9606.ENSP00000209728	9606.ENSP00000358813	0	0	0	0	0.643	0	0	0.462	0.799
CDC6	BUB1B	9606.ENSP00000209728	9606.ENSP00000287598	0	0	0	0	0.565	0	0	0.566	0.803
CDC6	PLK1	9606.ENSP00000209728	9606.ENSP00000300093	0	0	0	0	0.328	0.292	0	0.631	0.809
CDC6	TICRR	9606.ENSP00000209728	9606.ENSP00000268138	0	0	0	0	0.377	0	0	0.711	0.812
CDC6	CDC25C	9606.ENSP00000209728	9606.ENSP00000321656	0	0	0	0	0.386	0.099	0	0.698	0.818
CDC6	CDCA8	9606.ENSP00000209728	9606.ENSP00000362146	0	0	0	0	0.560	0	0	0.607	0.819
CDC6	UBE2C	9606.ENSP00000209728	9606.ENSP00000348838	0	0	0	0	0.486	0.077	0.400	0.488	0.835
CDC6	ESPL1	9606.ENSP00000209728	9606.ENSP00000257934	0	0	0	0	0.417	0.087	0	0.750	0.855
CDC6	DLGAP5	9606.ENSP00000209728	9606.ENSP00000247191	0	0	0	0	0.765	0	0	0.408	0.855
CDC6	AURKB	9606.ENSP00000209728	9606.ENSP00000313950	0	0	0	0	0.477	0.075	0	0.724	0.855
CDC6	KIF11	9606.ENSP00000209728	9606.ENSP00000260731	0	0	0	0	0.780	0	0	0.434	0.870
CDC6	CDC20	9606.ENSP00000209728	9606.ENSP00000361540	0	0	0	0	0.542	0.402	0	0.735	0.921
CDC6	RRM2	9606.ENSP00000209728	9606.ENSP00000353770	0	0	0	0	0.745	0	0	0.734	0.929
CDC6	CCNB1	9606.ENSP00000209728	9606.ENSP00000256442	0	0	0	0	0.527	0.574	0	0.686	0.931
CDC6	E2F8	9606.ENSP00000209728	9606.ENSP00000250024	0	0	0	0	0.493	0	0	0.876	0.934
CDC6	CHEK1	9606.ENSP00000209728	9606.ENSP00000391090	0	0	0	0	0.524	0.186	0.500	0.734	0.941
CDC6	CCNB2	9606.ENSP00000209728	9606.ENSP00000288207	0	0	0	0	0.465	0.423	0	0.885	0.961
CDC6	EXO1	9606.ENSP00000209728	9606.ENSP00000355506	0	0	0	0	0.929	0	0	0.538	0.966
CDC6	CDC45	9606.ENSP00000209728	9606.ENSP00000405726	0	0	0	0	0.661	0	0.500	0.970	0.994
CDC6	MCM10	9606.ENSP00000209728	9606.ENSP00000418268	0	0	0	0	0.911	0.689	0.500	0.921	0.998
CDC6	CCNA2	9606.ENSP00000209728	9606.ENSP00000481380	0	0	0	0	0.672	0.960	0.900	0.941	0.999
CDC6	ORC6	9606.ENSP00000209728	9606.ENSP00000219097	0	0	0	0	0.261	0.927	0.900	0.989	0.999
CDCA2	CDC6	9606.ENSP00000328228	9606.ENSP00000209728	0	0	0	0	0.379	0	0	0.425	0.628
CDCA2	MYBL2	9606.ENSP00000328228	9606.ENSP00000217026	0	0	0	0	0.367	0	0	0.259	0.511
CDCA2	NCAPH	9606.ENSP00000328228	9606.ENSP00000240423	0	0	0	0	0.666	0	0	0.339	0.770
CDCA2	DLGAP5	9606.ENSP00000328228	9606.ENSP00000247191	0	0	0	0	0.817	0	0	0.465	0.898
CDCA2	E2F8	9606.ENSP00000328228	9606.ENSP00000250024	0	0	0	0	0.388	0	0	0.284	0.543
CDCA2	NCAPG	9606.ENSP00000328228	9606.ENSP00000251496	0	0	0	0	0.794	0	0	0.350	0.860
CDCA2	GINS2	9606.ENSP00000328228	9606.ENSP00000253462	0	0	0	0	0.318	0	0	0.325	0.520
CDCA2	CCNB1	9606.ENSP00000328228	9606.ENSP00000256442	0	0	0	0	0.584	0	0	0.453	0.763
CDCA2	TROAP	9606.ENSP00000328228	9606.ENSP00000257909	0	0	0.285	0	0.511	0	0	0.223	0.705
CDCA2	ESPL1	9606.ENSP00000328228	9606.ENSP00000257934	0	0	0	0	0.509	0	0	0.247	0.615
CDCA2	KIF11	9606.ENSP00000328228	9606.ENSP00000260731	0	0	0	0	0.853	0	0	0.372	0.904
CDCA2	NDC80	9606.ENSP00000328228	9606.ENSP00000261597	0	0	0	0	0.534	0	0	0.314	0.667
CDCA2	SGO1	9606.ENSP00000328228	9606.ENSP00000263753	0	0	0.265	0	0.534	0	0	0.329	0.750
CDCA2	DEPDC1B	9606.ENSP00000328228	9606.ENSP00000265036	0	0	0	0	0.674	0	0	0.186	0.723
CDCA2	ANLN	9606.ENSP00000328228	9606.ENSP00000265748	0	0	0	0	0.465	0	0	0.418	0.675
CDCA2	TICRR	9606.ENSP00000328228	9606.ENSP00000268138	0	0	0	0	0.537	0	0	0.148	0.589
CDCA2	NUF2	9606.ENSP00000328228	9606.ENSP00000271452	0	0	0	0	0.743	0	0	0.576	0.886
CDCA2	CDCA5	9606.ENSP00000328228	9606.ENSP00000275517	0	0	0	0	0.689	0	0	0.591	0.867
CDCA2	BUB1B	9606.ENSP00000328228	9606.ENSP00000287598	0	0	0.271	0	0.681	0	0	0.671	0.916
CDCA2	CCNB2	9606.ENSP00000328228	9606.ENSP00000288207	0	0	0	0	0.602	0	0	0.500	0.793
CDCA2	MELK	9606.ENSP00000328228	9606.ENSP00000298048	0	0	0	0	0.566	0	0	0.251	0.662
CDCA2	PLK1	9606.ENSP00000328228	9606.ENSP00000300093	0	0	0	0	0.558	0	0	0.399	0.723
CDCA2	TPX2	9606.ENSP00000328228	9606.ENSP00000300403	0	0	0	0	0.738	0	0	0.305	0.810
CDCA2	BIRC5	9606.ENSP00000328228	9606.ENSP00000301633	0	0	0	0	0.518	0	0	0.321	0.658
CDCA2	CKAP2L	9606.ENSP00000328228	9606.ENSP00000305204	0	0	0.295	0	0.779	0	0	0.244	0.871
CDCA2	AURKB	9606.ENSP00000328228	9606.ENSP00000313950	0	0	0	0	0.456	0	0	0.571	0.756
CDCA2	SKA3	9606.ENSP00000328228	9606.ENSP00000319417	0	0	0	0	0.821	0	0	0.329	0.874
CDCA2	CDC25C	9606.ENSP00000328228	9606.ENSP00000321656	0	0	0	0	0.554	0	0	0.382	0.713
CDCA2	SPAG5	9606.ENSP00000328228	9606.ENSP00000323300	0	0	0	0	0.481	0	0	0.322	0.633
CDCA2	KIF15	9606.ENSP00000328228	9606.ENSP00000324020	0	0	0	0	0.659	0	0	0.250	0.733
CDCA2	UBE2T	9606.ENSP00000328228	9606.ENSP00000494957	0	0	0	0	0.462	0	0	0.056	0.470
CDCA2	UHRF1	9606.ENSP00000328228	9606.ENSP00000479617	0	0	0	0	0.384	0	0	0.233	0.508
CDCA2	RRM2	9606.ENSP00000328228	9606.ENSP00000353770	0	0	0	0	0.420	0	0	0.194	0.513
CDCA2	ERCC6L	9606.ENSP00000328228	9606.ENSP00000334675	0	0	0	0	0.462	0	0	0.134	0.515
CDCA2	FOXM1	9606.ENSP00000328228	9606.ENSP00000342307	0	0	0	0	0.490	0	0	0.220	0.585
CDCA2	RAD54L	9606.ENSP00000328228	9606.ENSP00000361043	0	0	0	0	0.512	0	0	0.185	0.586
CDCA2	EXO1	9606.ENSP00000328228	9606.ENSP00000355506	0	0	0	0	0.503	0	0	0.224	0.598
CDCA2	MKI67	9606.ENSP00000328228	9606.ENSP00000357643	0	0	0	0.548	0.570	0	0	0.103	0.598
CDCA2	KIF18B	9606.ENSP00000328228	9606.ENSP00000465992	0	0	0	0	0.428	0	0	0.327	0.599
CDCA2	MCM10	9606.ENSP00000328228	9606.ENSP00000418268	0	0	0	0	0.451	0	0	0.317	0.610
CDCA2	CHEK1	9606.ENSP00000328228	9606.ENSP00000391090	0	0	0	0	0.548	0	0	0.182	0.615
CDCA2	ZWINT	9606.ENSP00000328228	9606.ENSP00000363055	0	0	0	0	0.449	0	0	0.330	0.615
CDCA2	CDC45	9606.ENSP00000328228	9606.ENSP00000405726	0	0	0	0	0.447	0	0	0.395	0.652
CDCA2	NEK2	9606.ENSP00000328228	9606.ENSP00000355966	0	0	0	0	0.485	0	0	0.399	0.678
CDCA2	UBE2C	9606.ENSP00000328228	9606.ENSP00000348838	0	0	0	0	0.519	0	0	0.364	0.681
CDCA2	CEP55	9606.ENSP00000328228	9606.ENSP00000360540	0	0	0	0	0.604	0	0	0.298	0.710
CDCA2	HJURP	9606.ENSP00000328228	9606.ENSP00000414109	0	0	0	0	0.655	0	0	0.305	0.750
CDCA2	KIF14	9606.ENSP00000328228	9606.ENSP00000356319	0	0	0	0	0.663	0	0	0.300	0.754
CDCA2	CCNA2	9606.ENSP00000328228	9606.ENSP00000481380	0	0	0	0	0.676	0	0	0.343	0.778
CDCA2	TOP2A	9606.ENSP00000328228	9606.ENSP00000411532	0	0	0	0	0.707	0	0	0.310	0.789
CDCA2	CENPF	9606.ENSP00000328228	9606.ENSP00000355922	0	0	0	0	0.653	0	0	0.434	0.795
CDCA2	GTSE1	9606.ENSP00000328228	9606.ENSP00000415430	0	0	0	0	0.628	0	0	0.496	0.804
CDCA2	DEPDC1	9606.ENSP00000328228	9606.ENSP00000412292	0	0	0	0	0.759	0	0	0.272	0.817
CDCA2	CENPA	9606.ENSP00000328228	9606.ENSP00000336868	0	0	0	0	0.695	0.096	0	0.400	0.820
CDCA2	CDC20	9606.ENSP00000328228	9606.ENSP00000361540	0	0	0	0	0.617	0	0	0.556	0.822
CDCA2	ASPM	9606.ENSP00000328228	9606.ENSP00000356379	0	0	0	0	0.777	0	0	0.295	0.836
CDCA2	HMMR	9606.ENSP00000328228	9606.ENSP00000377492	0	0	0	0	0.783	0	0	0.281	0.837
CDCA2	PBK	9606.ENSP00000328228	9606.ENSP00000428489	0	0	0	0	0.804	0	0	0.317	0.860
CDCA2	TTK	9606.ENSP00000328228	9606.ENSP00000358813	0	0	0	0	0.834	0	0	0.260	0.872
CDCA2	KIF2C	9606.ENSP00000328228	9606.ENSP00000361298	0	0	0	0	0.779	0	0	0.501	0.885
CDCA2	CDCA8	9606.ENSP00000328228	9606.ENSP00000362146	0	0	0	0	0.710	0	0	0.633	0.889
CDCA2	KIF20A	9606.ENSP00000328228	9606.ENSP00000378356	0	0	0	0	0.801	0	0	0.512	0.899
CDCA2	CDCA3	9606.ENSP00000328228	9606.ENSP00000442068	0	0	0	0	0.693	0	0	0.721	0.910
CDCA2	KIF4A	9606.ENSP00000328228	9606.ENSP00000363524	0	0	0	0	0.809	0	0	0.664	0.933
CDCA3	CDC6	9606.ENSP00000442068	9606.ENSP00000209728	0	0	0	0	0.369	0	0	0.374	0.588
CDCA3	MYBL2	9606.ENSP00000442068	9606.ENSP00000217026	0	0	0	0	0.448	0	0	0.280	0.586
CDCA3	ORC6	9606.ENSP00000442068	9606.ENSP00000219097	0	0	0	0	0.176	0	0	0.377	0.465
CDCA3	NCAPH	9606.ENSP00000442068	9606.ENSP00000240423	0	0	0	0	0.637	0	0	0.318	0.742
CDCA3	DLGAP5	9606.ENSP00000442068	9606.ENSP00000247191	0	0	0	0	0.902	0	0	0.521	0.951
CDCA3	E2F8	9606.ENSP00000442068	9606.ENSP00000250024	0	0	0	0	0.505	0	0	0.324	0.651
CDCA3	NCAPG	9606.ENSP00000442068	9606.ENSP00000251496	0	0	0	0	0.738	0	0	0.305	0.810
CDCA3	GINS2	9606.ENSP00000442068	9606.ENSP00000253462	0	0	0	0	0.398	0	0	0.308	0.566
CDCA3	CCNB1	9606.ENSP00000442068	9606.ENSP00000256442	0	0	0	0	0.890	0	0	0.446	0.936
CDCA3	TROAP	9606.ENSP00000442068	9606.ENSP00000257909	0	0	0	0	0.806	0	0	0.293	0.857
CDCA3	ESPL1	9606.ENSP00000442068	9606.ENSP00000257934	0	0	0	0	0.667	0	0	0.189	0.719
CDCA3	KIF11	9606.ENSP00000442068	9606.ENSP00000260731	0	0	0	0	0.853	0	0	0.490	0.922
CDCA3	NDC80	9606.ENSP00000442068	9606.ENSP00000261597	0	0	0	0	0.809	0	0	0.107	0.822
CDCA3	PKMYT1	9606.ENSP00000442068	9606.ENSP00000262300	0	0	0	0	0.356	0	0	0.233	0.485
CDCA3	SGO1	9606.ENSP00000442068	9606.ENSP00000263753	0	0	0	0	0.636	0	0	0.254	0.717
CDCA3	NEIL3	9606.ENSP00000442068	9606.ENSP00000264596	0	0	0	0	0.380	0	0	0.331	0.568
CDCA3	DEPDC1B	9606.ENSP00000442068	9606.ENSP00000265036	0	0	0	0	0.523	0	0	0.127	0.566
CDCA3	ANLN	9606.ENSP00000442068	9606.ENSP00000265748	0	0	0	0	0.490	0	0	0.341	0.649
CDCA3	TICRR	9606.ENSP00000442068	9606.ENSP00000268138	0	0	0	0	0.430	0	0	0.108	0.469
CDCA3	NUF2	9606.ENSP00000442068	9606.ENSP00000271452	0	0	0	0	0.652	0	0	0.570	0.844
CDCA3	CDCA5	9606.ENSP00000442068	9606.ENSP00000275517	0	0	0	0	0.759	0	0	0.580	0.894
CDCA3	BUB1B	9606.ENSP00000442068	9606.ENSP00000287598	0	0	0	0	0.805	0	0	0.437	0.886
CDCA3	CCNB2	9606.ENSP00000442068	9606.ENSP00000288207	0	0	0	0	0.827	0	0	0.518	0.913
CDCA3	MELK	9606.ENSP00000442068	9606.ENSP00000298048	0	0	0	0	0.764	0	0	0.483	0.872
CDCA3	PLK1	9606.ENSP00000442068	9606.ENSP00000300093	0	0	0	0	0.847	0	0	0.398	0.904
CDCA3	TPX2	9606.ENSP00000442068	9606.ENSP00000300403	0	0	0	0	0.835	0	0	0.308	0.881
CDCA3	BIRC5	9606.ENSP00000442068	9606.ENSP00000301633	0	0	0	0	0.929	0	0	0.465	0.960
CDCA3	CKAP2L	9606.ENSP00000442068	9606.ENSP00000305204	0	0	0	0	0.762	0	0	0.196	0.800
CDCA3	AURKB	9606.ENSP00000442068	9606.ENSP00000313950	0	0	0	0	0.835	0	0	0.612	0.933
CDCA3	SKA3	9606.ENSP00000442068	9606.ENSP00000319417	0	0	0	0	0.499	0	0	0.208	0.586
CDCA3	CDC25C	9606.ENSP00000442068	9606.ENSP00000321656	0	0	0	0	0.520	0	0	0.324	0.662
CDCA3	SPAG5	9606.ENSP00000442068	9606.ENSP00000323300	0	0	0	0	0.840	0	0	0.264	0.877
CDCA3	KIF15	9606.ENSP00000442068	9606.ENSP00000324020	0	0	0	0	0.718	0	0	0.278	0.788
CDCA3	CDCA2	9606.ENSP00000442068	9606.ENSP00000328228	0	0	0	0	0.693	0	0	0.721	0.910
CDCA3	ERCC6L	9606.ENSP00000442068	9606.ENSP00000334675	0	0	0	0	0.480	0	0	0.145	0.537
CDCA3	CENPA	9606.ENSP00000442068	9606.ENSP00000336868	0	0	0	0	0.834	0	0	0.365	0.890
CDCA3	FOXM1	9606.ENSP00000442068	9606.ENSP00000342307	0	0	0	0	0.829	0	0	0.357	0.885
CDCA3	UBE2C	9606.ENSP00000442068	9606.ENSP00000348838	0	0	0	0	0.937	0	0	0.433	0.962
CDCA3	RRM2	9606.ENSP00000442068	9606.ENSP00000353770	0	0	0	0	0.605	0	0	0.414	0.759
CDCA3	EXO1	9606.ENSP00000442068	9606.ENSP00000355506	0	0	0	0	0.580	0	0	0.247	0.671
CDCA3	CENPF	9606.ENSP00000442068	9606.ENSP00000355922	0	0	0	0	0.575	0	0	0.506	0.781
CDCA3	NEK2	9606.ENSP00000442068	9606.ENSP00000355966	0	0	0	0	0.810	0	0	0.554	0.911
CDCA3	KIF14	9606.ENSP00000442068	9606.ENSP00000356319	0	0	0	0	0.509	0	0	0.305	0.644
CDCA3	ASPM	9606.ENSP00000442068	9606.ENSP00000356379	0	0	0	0	0.773	0	0	0.425	0.864
CDCA3	MKI67	9606.ENSP00000442068	9606.ENSP00000357643	0	0	0	0	0.652	0	0	0.325	0.755
CDCA3	TTK	9606.ENSP00000442068	9606.ENSP00000358813	0	0	0	0	0.813	0	0	0.271	0.858
CDCA3	CEP55	9606.ENSP00000442068	9606.ENSP00000360540	0	0	0	0	0.711	0	0	0.588	0.876
CDCA3	STIL	9606.ENSP00000442068	9606.ENSP00000360944	0	0	0	0	0.352	0	0	0.298	0.526
CDCA3	RAD54L	9606.ENSP00000442068	9606.ENSP00000361043	0	0	0	0	0.515	0	0	0.403	0.698
CDCA3	KIF2C	9606.ENSP00000442068	9606.ENSP00000361298	0	0	0	0	0.852	0	0	0.546	0.930
CDCA3	CDC20	9606.ENSP00000442068	9606.ENSP00000361540	0	0	0	0	0.950	0	0	0.643	0.981
CDCA3	CDCA8	9606.ENSP00000442068	9606.ENSP00000362146	0	0	0	0	0.930	0	0	0.665	0.975
CDCA3	ZWINT	9606.ENSP00000442068	9606.ENSP00000363055	0	0	0	0	0.405	0	0	0.272	0.548
CDCA3	KIF4A	9606.ENSP00000442068	9606.ENSP00000363524	0	0	0	0	0.818	0	0	0.617	0.927
CDCA3	HMMR	9606.ENSP00000442068	9606.ENSP00000377492	0	0	0	0	0.789	0	0	0.371	0.861
CDCA3	KIF20A	9606.ENSP00000442068	9606.ENSP00000378356	0	0	0	0	0.860	0	0	0.522	0.930
CDCA3	CHEK1	9606.ENSP00000442068	9606.ENSP00000391090	0	0	0	0	0.431	0	0	0.446	0.671
CDCA3	CDC45	9606.ENSP00000442068	9606.ENSP00000405726	0	0	0	0	0.624	0	0	0.400	0.765
CDCA3	TOP2A	9606.ENSP00000442068	9606.ENSP00000411532	0	0	0	0	0.728	0	0	0.564	0.876
CDCA3	DEPDC1	9606.ENSP00000442068	9606.ENSP00000412292	0	0	0	0	0.548	0	0	0.326	0.683
CDCA3	HJURP	9606.ENSP00000442068	9606.ENSP00000414109	0	0	0	0	0.807	0	0	0.191	0.837
CDCA3	GTSE1	9606.ENSP00000442068	9606.ENSP00000415430	0	0	0	0	0.773	0	0	0.224	0.816
CDCA3	MCM10	9606.ENSP00000442068	9606.ENSP00000418268	0	0	0	0	0.518	0	0	0.376	0.686
CDCA3	PBK	9606.ENSP00000442068	9606.ENSP00000428489	0	0	0	0	0.911	0	0	0.419	0.946
CDCA3	UHRF1	9606.ENSP00000442068	9606.ENSP00000479617	0	0	0	0	0.448	0	0	0.261	0.575
CDCA3	UBE2T	9606.ENSP00000442068	9606.ENSP00000494957	0	0	0	0	0.549	0	0	0.110	0.581
CDCA3	KIF18B	9606.ENSP00000442068	9606.ENSP00000465992	0	0	0	0	0.602	0	0	0.432	0.764
CDCA3	CCNA2	9606.ENSP00000442068	9606.ENSP00000481380	0	0	0	0	0.898	0	0	0.435	0.940
CDCA5	CDC6	9606.ENSP00000275517	9606.ENSP00000209728	0	0	0	0	0.541	0	0	0.390	0.708
CDCA5	MYBL2	9606.ENSP00000275517	9606.ENSP00000217026	0	0	0	0	0.528	0	0	0.245	0.629
CDCA5	ORC6	9606.ENSP00000275517	9606.ENSP00000219097	0	0	0	0	0.262	0	0	0.220	0.400
CDCA5	NCAPH	9606.ENSP00000275517	9606.ENSP00000240423	0	0	0	0	0.724	0	0	0.349	0.812
CDCA5	DLGAP5	9606.ENSP00000275517	9606.ENSP00000247191	0	0	0	0	0.782	0	0	0.652	0.921
CDCA5	E2F8	9606.ENSP00000275517	9606.ENSP00000250024	0	0	0	0	0.367	0	0	0.200	0.472
CDCA5	NCAPG	9606.ENSP00000275517	9606.ENSP00000251496	0	0	0	0	0.792	0	0	0.478	0.886
CDCA5	GINS2	9606.ENSP00000275517	9606.ENSP00000253462	0	0	0	0	0.532	0	0	0.351	0.683
CDCA5	CCNB1	9606.ENSP00000275517	9606.ENSP00000256442	0	0	0	0	0.639	0	0.400	0.445	0.869
CDCA5	TROAP	9606.ENSP00000275517	9606.ENSP00000257909	0	0	0	0	0.521	0	0	0.265	0.633
CDCA5	ESPL1	9606.ENSP00000275517	9606.ENSP00000257934	0	0	0	0	0.552	0	0.500	0.714	0.930
CDCA5	KIF11	9606.ENSP00000275517	9606.ENSP00000260731	0	0	0	0	0.764	0	0	0.366	0.844
CDCA5	NDC80	9606.ENSP00000275517	9606.ENSP00000261597	0	0	0	0	0.563	0	0	0.306	0.684
CDCA5	PKMYT1	9606.ENSP00000275517	9606.ENSP00000262300	0	0	0	0	0.481	0	0	0.264	0.601
CDCA5	GINS1	9606.ENSP00000275517	9606.ENSP00000262460	0	0	0	0	0.353	0	0	0.186	0.451
CDCA5	SGO1	9606.ENSP00000275517	9606.ENSP00000263753	0	0	0	0	0.558	0.292	0	0.800	0.932
CDCA5	POLQ	9606.ENSP00000275517	9606.ENSP00000264233	0	0	0	0	0.413	0	0	0	0.412
CDCA5	DEPDC1B	9606.ENSP00000275517	9606.ENSP00000265036	0	0	0	0	0.534	0	0	0.092	0.559
CDCA5	ANLN	9606.ENSP00000275517	9606.ENSP00000265748	0	0	0	0	0.518	0	0	0.348	0.672
CDCA5	TICRR	9606.ENSP00000275517	9606.ENSP00000268138	0	0	0	0	0.452	0	0	0.129	0.503
CDCA5	NUF2	9606.ENSP00000275517	9606.ENSP00000271452	0	0	0	0	0.786	0	0	0.693	0.931
CDCA5	STIL	9606.ENSP00000275517	9606.ENSP00000360944	0	0	0	0	0.339	0	0	0.136	0.404
CDCA5	SAPCD2	9606.ENSP00000275517	9606.ENSP00000386348	0	0	0	0	0.462	0	0	0	0.462
CDCA5	RMI2	9606.ENSP00000275517	9606.ENSP00000310356	0	0	0	0	0.439	0	0	0.106	0.477
CDCA5	TEDC2	9606.ENSP00000275517	9606.ENSP00000355022	0	0	0	0	0.370	0	0	0.230	0.494
CDCA5	DEPDC1	9606.ENSP00000275517	9606.ENSP00000412292	0	0	0	0	0.411	0	0	0.185	0.500
CDCA5	GTSE1	9606.ENSP00000275517	9606.ENSP00000415430	0	0	0	0	0.402	0	0	0.205	0.504
CDCA5	RECQL4	9606.ENSP00000275517	9606.ENSP00000482313	0	0	0	0	0.432	0	0	0.199	0.526
CDCA5	KIF18B	9606.ENSP00000275517	9606.ENSP00000465992	0	0	0	0	0.291	0	0	0.447	0.591
CDCA5	RAD54L	9606.ENSP00000275517	9606.ENSP00000361043	0	0	0	0	0.508	0	0	0.264	0.622
CDCA5	MKI67	9606.ENSP00000275517	9606.ENSP00000357643	0	0	0	0	0.497	0	0	0.303	0.635
CDCA5	FOXM1	9606.ENSP00000275517	9606.ENSP00000342307	0	0	0	0	0.539	0	0	0.271	0.650
CDCA5	ERCC6L	9606.ENSP00000275517	9606.ENSP00000334675	0	0	0	0	0.351	0	0	0.486	0.652
CDCA5	SKA3	9606.ENSP00000275517	9606.ENSP00000319417	0	0	0	0	0.545	0	0	0.270	0.653
CDCA5	KIF15	9606.ENSP00000275517	9606.ENSP00000324020	0	0	0	0	0.510	0	0	0.323	0.654
CDCA5	EXO1	9606.ENSP00000275517	9606.ENSP00000355506	0	0	0	0	0.564	0	0	0.258	0.663
CDCA5	RRM2	9606.ENSP00000275517	9606.ENSP00000353770	0	0	0	0	0.516	0	0	0.375	0.684
CDCA5	NEK2	9606.ENSP00000275517	9606.ENSP00000355966	0	0	0	0	0.518	0	0	0.447	0.722
CDCA5	KIF14	9606.ENSP00000275517	9606.ENSP00000356319	0	0	0	0	0.451	0.292	0	0.357	0.728
CDCA5	TTK	9606.ENSP00000275517	9606.ENSP00000358813	0	0	0	0	0.622	0	0	0.325	0.734
CDCA5	PBK	9606.ENSP00000275517	9606.ENSP00000428489	0	0	0	0	0.644	0	0	0.289	0.736
CDCA5	CDC25C	9606.ENSP00000275517	9606.ENSP00000321656	0	0	0	0	0.442	0	0	0.553	0.739
CDCA5	ASPM	9606.ENSP00000275517	9606.ENSP00000356379	0	0	0	0	0.583	0	0	0.418	0.746
CDCA5	UHRF1	9606.ENSP00000275517	9606.ENSP00000479617	0	0	0	0	0.646	0	0	0.356	0.762
CDCA5	CHEK1	9606.ENSP00000275517	9606.ENSP00000391090	0	0	0	0	0.565	0	0	0.486	0.767
CDCA5	MCM10	9606.ENSP00000275517	9606.ENSP00000418268	0	0	0	0	0.514	0	0	0.575	0.785
CDCA5	SPAG5	9606.ENSP00000275517	9606.ENSP00000323300	0	0	0	0	0.633	0	0	0.447	0.788
CDCA5	UBE2T	9606.ENSP00000275517	9606.ENSP00000494957	0	0	0	0	0.773	0	0	0.256	0.823
CDCA5	HMMR	9606.ENSP00000275517	9606.ENSP00000377492	0	0	0	0	0.779	0	0	0.269	0.831
CDCA5	UBE2C	9606.ENSP00000275517	9606.ENSP00000348838	0	0	0	0	0.696	0	0	0.480	0.835
CDCA5	CKAP2L	9606.ENSP00000275517	9606.ENSP00000305204	0	0	0	0	0.777	0	0	0.348	0.848
CDCA5	BUB1B	9606.ENSP00000275517	9606.ENSP00000287598	0	0	0	0	0.585	0	0	0.657	0.851
CDCA5	CENPA	9606.ENSP00000275517	9606.ENSP00000336868	0	0	0	0	0.760	0	0	0.424	0.856
CDCA5	CENPF	9606.ENSP00000275517	9606.ENSP00000355922	0	0	0	0	0.540	0.162	0	0.660	0.857
CDCA5	HJURP	9606.ENSP00000275517	9606.ENSP00000414109	0	0	0	0	0.783	0	0	0.388	0.861
CDCA5	CCNA2	9606.ENSP00000275517	9606.ENSP00000481380	0	0	0	0	0.782	0	0	0.398	0.863
CDCA5	CDCA2	9606.ENSP00000275517	9606.ENSP00000328228	0	0	0	0	0.689	0	0	0.591	0.867
CDCA5	CEP55	9606.ENSP00000275517	9606.ENSP00000360540	0	0	0	0	0.785	0	0	0.433	0.873
CDCA5	MELK	9606.ENSP00000275517	9606.ENSP00000298048	0	0	0	0	0.787	0	0	0.437	0.875
CDCA5	KIF20A	9606.ENSP00000275517	9606.ENSP00000378356	0	0	0	0	0.782	0	0	0.474	0.880
CDCA5	TPX2	9606.ENSP00000275517	9606.ENSP00000300403	0	0	0	0	0.785	0	0	0.478	0.883
CDCA5	KIF4A	9606.ENSP00000275517	9606.ENSP00000363524	0	0	0	0	0.781	0	0	0.506	0.887
CDCA5	KIF2C	9606.ENSP00000275517	9606.ENSP00000361298	0	0	0	0	0.792	0	0	0.507	0.893
CDCA5	PLK1	9606.ENSP00000275517	9606.ENSP00000300093	0	0	0	0	0.454	0.292	0.500	0.511	0.893
CDCA5	CDCA3	9606.ENSP00000275517	9606.ENSP00000442068	0	0	0	0	0.759	0	0	0.580	0.894
CDCA5	ZWINT	9606.ENSP00000275517	9606.ENSP00000363055	0	0	0	0	0.775	0	0	0.612	0.908
CDCA5	TOP2A	9606.ENSP00000275517	9606.ENSP00000411532	0	0	0	0	0.781	0	0	0.638	0.917
CDCA5	CDC45	9606.ENSP00000275517	9606.ENSP00000405726	0	0	0	0	0.813	0	0	0.678	0.937
CDCA5	CDC20	9606.ENSP00000275517	9606.ENSP00000361540	0	0	0	0	0.789	0	0	0.722	0.938
CDCA5	BIRC5	9606.ENSP00000275517	9606.ENSP00000301633	0	0	0	0	0.779	0	0	0.750	0.942
CDCA5	CDCA8	9606.ENSP00000275517	9606.ENSP00000362146	0	0	0	0	0.805	0	0	0.810	0.961
CDCA5	AURKB	9606.ENSP00000275517	9606.ENSP00000313950	0	0	0	0	0.672	0	0	0.907	0.968
CDCA5	CCNB2	9606.ENSP00000275517	9606.ENSP00000288207	0	0	0	0	0.786	0	0.400	0.782	0.969
CDCA8	CDC6	9606.ENSP00000362146	9606.ENSP00000209728	0	0	0	0	0.560	0	0	0.607	0.819
CDCA8	FMO2	9606.ENSP00000362146	9606.ENSP00000209929	0	0	0	0	0.074	0.312	0	0.150	0.411
CDCA8	MYBL2	9606.ENSP00000362146	9606.ENSP00000217026	0	0	0	0	0.534	0	0	0.348	0.683
CDCA8	EEF1A2	9606.ENSP00000362146	9606.ENSP00000217182	0	0	0	0	0.265	0	0	0.279	0.447
CDCA8	ORC6	9606.ENSP00000362146	9606.ENSP00000219097	0	0	0	0	0.249	0	0	0.380	0.514
CDCA8	NCAPH	9606.ENSP00000362146	9606.ENSP00000240423	0	0	0	0	0.842	0	0	0.446	0.908
CDCA8	DLGAP5	9606.ENSP00000362146	9606.ENSP00000247191	0	0	0	0	0.906	0	0	0.604	0.961
CDCA8	E2F8	9606.ENSP00000362146	9606.ENSP00000250024	0	0	0	0	0.706	0	0	0.247	0.769
CDCA8	NCAPG	9606.ENSP00000362146	9606.ENSP00000251496	0	0	0	0	0.669	0	0	0.510	0.830
CDCA8	GINS2	9606.ENSP00000362146	9606.ENSP00000253462	0	0	0	0	0.510	0	0	0.368	0.677
CDCA8	CCNB1	9606.ENSP00000362146	9606.ENSP00000256442	0	0	0	0	0.843	0	0.400	0.878	0.987
CDCA8	TROAP	9606.ENSP00000362146	9606.ENSP00000257909	0	0	0	0	0.755	0	0	0.194	0.794
CDCA8	ESPL1	9606.ENSP00000362146	9606.ENSP00000257934	0	0	0	0	0.838	0	0.500	0.687	0.972
CDCA8	KIF11	9606.ENSP00000362146	9606.ENSP00000260731	0	0	0	0	0.872	0	0	0.734	0.964
CDCA8	NDC80	9606.ENSP00000362146	9606.ENSP00000261597	0	0	0	0	0.800	0	0	0.554	0.907
CDCA8	PKMYT1	9606.ENSP00000362146	9606.ENSP00000262300	0	0	0	0	0.348	0	0	0.240	0.484
CDCA8	GINS1	9606.ENSP00000362146	9606.ENSP00000262460	0	0	0	0	0.313	0	0	0.219	0.441
CDCA8	SGO1	9606.ENSP00000362146	9606.ENSP00000263753	0	0	0	0	0.859	0.294	0	0.966	0.996
CDCA8	NEIL3	9606.ENSP00000362146	9606.ENSP00000264596	0	0	0	0	0.522	0	0	0.314	0.658
CDCA8	DEPDC1B	9606.ENSP00000362146	9606.ENSP00000265036	0	0	0	0	0.529	0	0	0.137	0.576
CDCA8	ANLN	9606.ENSP00000362146	9606.ENSP00000265748	0	0	0	0	0.479	0.292	0	0.475	0.789
CDCA8	TICRR	9606.ENSP00000362146	9606.ENSP00000268138	0	0	0	0	0.454	0.045	0	0.190	0.541
CDCA8	NUF2	9606.ENSP00000362146	9606.ENSP00000271452	0	0	0	0	0.795	0	0	0.655	0.926
CDCA8	CDCA5	9606.ENSP00000362146	9606.ENSP00000275517	0	0	0	0	0.805	0	0	0.810	0.961
CDCA8	BUB1B	9606.ENSP00000362146	9606.ENSP00000287598	0	0	0	0	0.921	0	0.500	0.862	0.994
CDCA8	CCNB2	9606.ENSP00000362146	9606.ENSP00000288207	0	0	0	0	0.754	0	0.400	0.838	0.974
CDCA8	MELK	9606.ENSP00000362146	9606.ENSP00000298048	0	0	0	0	0.731	0.064	0	0.643	0.902
CDCA8	PLK1	9606.ENSP00000362146	9606.ENSP00000300093	0	0	0	0	0.645	0	0.500	0.866	0.974
CDCA8	TPX2	9606.ENSP00000362146	9606.ENSP00000300403	0	0	0	0	0.814	0	0	0.584	0.919
CDCA8	BIRC5	9606.ENSP00000362146	9606.ENSP00000301633	0	0	0	0	0.961	0.943	0.800	0.996	0.999
CDCA8	CKAP2L	9606.ENSP00000362146	9606.ENSP00000305204	0	0	0	0	0.490	0	0	0.379	0.669
CDCA8	RMI2	9606.ENSP00000362146	9606.ENSP00000310356	0	0	0	0	0.411	0	0	0.082	0.436
CDCA8	AURKB	9606.ENSP00000362146	9606.ENSP00000313950	0	0	0	0	0.779	0.897	0.800	0.998	0.999
CDCA8	SKA3	9606.ENSP00000362146	9606.ENSP00000319417	0	0	0	0	0.514	0	0	0.309	0.650
CDCA8	EZH2	9606.ENSP00000362146	9606.ENSP00000320147	0	0	0	0	0.361	0.154	0	0.212	0.537
CDCA8	CDC25C	9606.ENSP00000362146	9606.ENSP00000321656	0	0	0	0	0.585	0	0	0.586	0.821
CDCA8	SPAG5	9606.ENSP00000362146	9606.ENSP00000323300	0	0	0	0	0.887	0	0	0.399	0.929
CDCA8	KIF15	9606.ENSP00000362146	9606.ENSP00000324020	0	0	0	0	0.811	0	0	0.505	0.902
CDCA8	CDCA2	9606.ENSP00000362146	9606.ENSP00000328228	0	0	0	0	0.710	0	0	0.633	0.889
CDCA8	ERCC6L	9606.ENSP00000362146	9606.ENSP00000334675	0	0	0	0	0.433	0.095	0	0.558	0.753
CDCA8	CENPA	9606.ENSP00000362146	9606.ENSP00000336868	0	0	0	0	0.837	0.268	0	0.778	0.971
CDCA8	FOXM1	9606.ENSP00000362146	9606.ENSP00000342307	0	0	0	0	0.819	0.045	0	0.628	0.930
CDCA8	UBE2C	9606.ENSP00000362146	9606.ENSP00000348838	0	0	0	0	0.902	0.068	0	0.660	0.966
CDCA8	RRM2	9606.ENSP00000362146	9606.ENSP00000353770	0	0	0	0	0.611	0	0	0.659	0.861
CDCA8	IQGAP3	9606.ENSP00000362146	9606.ENSP00000354451	0	0	0	0	0.561	0	0	0.199	0.633
CDCA8	EXO1	9606.ENSP00000362146	9606.ENSP00000355506	0.055	0	0	0	0.514	0	0	0.315	0.658
CDCA8	CENPF	9606.ENSP00000362146	9606.ENSP00000355922	0	0	0	0	0.854	0	0	0.750	0.962
CDCA8	NEK2	9606.ENSP00000362146	9606.ENSP00000355966	0	0	0	0	0.812	0.091	0	0.460	0.900
CDCA8	KIF14	9606.ENSP00000362146	9606.ENSP00000356319	0	0	0	0	0.549	0.292	0	0.511	0.830
CDCA8	ASPM	9606.ENSP00000362146	9606.ENSP00000356379	0	0	0	0	0.908	0	0	0.480	0.950
CDCA8	MKI67	9606.ENSP00000362146	9606.ENSP00000357643	0	0	0	0	0.825	0	0	0.578	0.923
CDCA8	TTK	9606.ENSP00000362146	9606.ENSP00000358813	0	0	0	0	0.853	0.292	0	0.522	0.946
CDCA8	CEP55	9606.ENSP00000362146	9606.ENSP00000360540	0	0	0	0	0.819	0	0	0.596	0.923
CDCA8	STIL	9606.ENSP00000362146	9606.ENSP00000360944	0	0	0	0	0.373	0	0	0.179	0.463
CDCA8	RAD54L	9606.ENSP00000362146	9606.ENSP00000361043	0	0	0	0	0.550	0.095	0	0.459	0.761
CDCA8	KIF2C	9606.ENSP00000362146	9606.ENSP00000361298	0	0	0	0	0.871	0.164	0	0.810	0.977
CDCA8	CDC20	9606.ENSP00000362146	9606.ENSP00000361540	0	0	0	0	0.923	0.053	0.500	0.813	0.992
CDCA8	RECQL4	9606.ENSP00000362146	9606.ENSP00000482313	0	0	0	0	0.358	0	0	0.202	0.466
CDCA8	RCC1	9606.ENSP00000362146	9606.ENSP00000497402	0	0	0	0	0.227	0	0	0.526	0.618
CDCA8	CHEK1	9606.ENSP00000362146	9606.ENSP00000391090	0	0	0	0	0.439	0.098	0	0.320	0.626
CDCA8	GTSE1	9606.ENSP00000362146	9606.ENSP00000415430	0.057	0	0	0	0.502	0	0	0.301	0.643
CDCA8	MCM10	9606.ENSP00000362146	9606.ENSP00000418268	0	0	0	0	0.483	0	0	0.408	0.681
CDCA8	UBE2T	9606.ENSP00000362146	9606.ENSP00000494957	0	0	0	0	0.572	0.068	0	0.280	0.687
CDCA8	UHRF1	9606.ENSP00000362146	9606.ENSP00000479617	0	0	0	0	0.684	0	0	0.221	0.743
CDCA8	DEPDC1	9606.ENSP00000362146	9606.ENSP00000412292	0	0	0	0	0.666	0	0	0.344	0.772
CDCA8	ZWINT	9606.ENSP00000362146	9606.ENSP00000363055	0	0	0	0	0.652	0	0	0.394	0.780
CDCA8	KIF18B	9606.ENSP00000362146	9606.ENSP00000465992	0	0	0	0	0.682	0	0	0.512	0.838
CDCA8	HMMR	9606.ENSP00000362146	9606.ENSP00000377492	0	0	0	0	0.780	0	0	0.410	0.864
CDCA8	PBK	9606.ENSP00000362146	9606.ENSP00000428489	0	0	0	0	0.850	0.045	0	0.435	0.912
CDCA8	TOP2A	9606.ENSP00000362146	9606.ENSP00000411532	0	0	0	0	0.796	0	0	0.624	0.920
CDCA8	HJURP	9606.ENSP00000362146	9606.ENSP00000414109	0	0	0	0	0.860	0	0	0.475	0.923
CDCA8	KIF4A	9606.ENSP00000362146	9606.ENSP00000363524	0	0	0	0	0.840	0	0	0.591	0.932
CDCA8	CDC45	9606.ENSP00000362146	9606.ENSP00000405726	0	0	0	0	0.801	0	0	0.689	0.935
CDCA8	CCNA2	9606.ENSP00000362146	9606.ENSP00000481380	0	0	0	0	0.909	0	0	0.493	0.952
CDCA8	CDCA3	9606.ENSP00000362146	9606.ENSP00000442068	0	0	0	0	0.930	0	0	0.665	0.975
CDCA8	KIF20A	9606.ENSP00000362146	9606.ENSP00000378356	0	0	0	0	0.907	0.434	0	0.656	0.980
CDH5	RASIP1	9606.ENSP00000497290	9606.ENSP00000222145	0	0	0	0	0.225	0.051	0	0.339	0.472
CDH5	SEMA3G	9606.ENSP00000497290	9606.ENSP00000231721	0	0	0	0	0.296	0	0	0.201	0.414
CDH5	CD93	9606.ENSP00000497290	9606.ENSP00000246006	0	0	0	0	0.361	0.066	0	0.500	0.675
CDH5	RAMP2	9606.ENSP00000497290	9606.ENSP00000253796	0	0	0	0	0.239	0	0	0.270	0.421
CDH5	LYVE1	9606.ENSP00000497290	9606.ENSP00000256178	0	0	0	0	0.253	0	0	0.624	0.707
CDH5	LMO2	9606.ENSP00000497290	9606.ENSP00000257818	0	0	0	0	0.067	0	0	0.494	0.508
CDH5	NDC80	9606.ENSP00000497290	9606.ENSP00000261597	0	0	0	0	0	0	0	0.472	0.472
CDH5	CCM2L	9606.ENSP00000497290	9606.ENSP00000262659	0	0	0	0	0.357	0.066	0	0.198	0.476
CDH5	EPAS1	9606.ENSP00000497290	9606.ENSP00000263734	0	0	0	0	0.265	0	0	0.425	0.560
CDH5	FCN3	9606.ENSP00000497290	9606.ENSP00000270879	0	0	0	0	0.246	0.044	0	0.312	0.461
CDH5	TAL1	9606.ENSP00000497290	9606.ENSP00000294339	0	0	0	0	0.062	0	0	0.476	0.487
CDH5	EMCN	9606.ENSP00000497290	9606.ENSP00000296420	0	0	0	0	0.480	0	0	0.605	0.786
CDH5	SOX17	9606.ENSP00000497290	9606.ENSP00000297316	0	0	0	0	0.395	0	0	0.470	0.665
CDH5	SOX7	9606.ENSP00000497290	9606.ENSP00000301921	0	0	0	0	0.285	0	0	0.472	0.607
CDH5	ROBO4	9606.ENSP00000497290	9606.ENSP00000304945	0	0	0	0	0.424	0	0	0.512	0.707
CDH5	S1PR1	9606.ENSP00000497290	9606.ENSP00000305416	0	0	0	0	0.181	0	0	0.419	0.504
CDH5	PTPRB	9606.ENSP00000497290	9606.ENSP00000334928	0	0	0	0	0.509	0.345	0	0.949	0.982
CDH5	CAV1	9606.ENSP00000497290	9606.ENSP00000339191	0	0	0	0	0.096	0	0	0.695	0.712
CDH5	GYPE	9606.ENSP00000497290	9606.ENSP00000351430	0	0	0	0	0	0	0	0.433	0.433
CDH5	CLEC14A	9606.ENSP00000497290	9606.ENSP00000353013	0	0	0	0	0.391	0.066	0	0.268	0.547
CDH5	MMRN2	9606.ENSP00000497290	9606.ENSP00000361097	0	0	0	0	0.511	0.046	0	0.245	0.617
CDH5	TEK	9606.ENSP00000497290	9606.ENSP00000369375	0	0	0	0	0.272	0.045	0	0.869	0.901
CDH5	ACVRL1	9606.ENSP00000497290	9606.ENSP00000373574	0	0	0	0	0.227	0.095	0	0.628	0.717
CDH5	SPP1	9606.ENSP00000497290	9606.ENSP00000378517	0	0	0	0	0.062	0	0	0.392	0.405
CDH5	JAM2	9606.ENSP00000497290	9606.ENSP00000383376	0	0	0	0	0.084	0	0	0.406	0.432
CDH5	ERG	9606.ENSP00000497290	9606.ENSP00000414150	0	0	0	0	0.230	0	0	0.383	0.505
CDH5	PECAM1	9606.ENSP00000497290	9606.ENSP00000457421	0	0	0	0	0.501	0.045	0.800	0.999	0.999
CDH5	ECSCR	9606.ENSP00000497290	9606.ENSP00000479243	0	0	0	0	0.351	0	0	0.360	0.567
CENPA	CDC6	9606.ENSP00000336868	9606.ENSP00000209728	0	0	0	0	0.346	0.131	0	0.418	0.640
CENPA	MYBL2	9606.ENSP00000336868	9606.ENSP00000217026	0	0	0	0	0.375	0.052	0	0.425	0.630
CENPA	ORC6	9606.ENSP00000336868	9606.ENSP00000219097	0	0	0	0	0.185	0	0	0.345	0.444
CENPA	NCAPH	9606.ENSP00000336868	9606.ENSP00000240423	0	0	0	0	0.458	0.072	0	0.439	0.693
CENPA	DLGAP5	9606.ENSP00000336868	9606.ENSP00000247191	0	0	0	0	0.837	0	0	0.680	0.945
CENPA	E2F8	9606.ENSP00000336868	9606.ENSP00000250024	0	0	0	0	0.490	0	0	0.265	0.609
CENPA	NCAPG	9606.ENSP00000336868	9606.ENSP00000251496	0	0	0	0	0.743	0.092	0	0.487	0.870
CENPA	GINS2	9606.ENSP00000336868	9606.ENSP00000253462	0	0	0	0	0.345	0	0	0.308	0.528
CENPA	CCNB1	9606.ENSP00000336868	9606.ENSP00000256442	0	0	0	0	0.826	0.047	0.400	0.584	0.953
CENPA	TROAP	9606.ENSP00000336868	9606.ENSP00000257909	0	0	0	0	0.586	0	0	0.203	0.656
CENPA	ESPL1	9606.ENSP00000336868	9606.ENSP00000257934	0	0	0	0	0.572	0.069	0.500	0.513	0.890
CENPA	KIF11	9606.ENSP00000336868	9606.ENSP00000260731	0	0	0	0	0.832	0.078	0	0.658	0.942
CENPA	NDC80	9606.ENSP00000336868	9606.ENSP00000261597	0	0	0	0	0.680	0.095	0	0.737	0.917
CENPA	SGO1	9606.ENSP00000336868	9606.ENSP00000263753	0	0	0	0	0.574	0.042	0	0.730	0.880
CENPA	NEIL3	9606.ENSP00000336868	9606.ENSP00000264596	0	0	0	0	0.476	0	0	0.152	0.537
CENPA	DEPDC1B	9606.ENSP00000336868	9606.ENSP00000265036	0	0	0	0	0.563	0	0	0.116	0.597
CENPA	ANLN	9606.ENSP00000336868	9606.ENSP00000265748	0	0	0	0	0.493	0	0	0.333	0.647
CENPA	TICRR	9606.ENSP00000336868	9606.ENSP00000268138	0	0	0	0	0.331	0.045	0	0.153	0.412
CENPA	NUF2	9606.ENSP00000336868	9606.ENSP00000271452	0	0	0	0	0.618	0.058	0	0.836	0.936
CENPA	CDCA5	9606.ENSP00000336868	9606.ENSP00000275517	0	0	0	0	0.760	0	0	0.424	0.856
CENPA	BUB1B	9606.ENSP00000336868	9606.ENSP00000287598	0	0	0	0	0.810	0.111	0.500	0.850	0.985
CENPA	CCNB2	9606.ENSP00000336868	9606.ENSP00000288207	0	0	0	0	0.832	0.047	0.400	0.772	0.975
CENPA	MELK	9606.ENSP00000336868	9606.ENSP00000298048	0	0	0	0	0.790	0.078	0	0.441	0.882
CENPA	PLK1	9606.ENSP00000336868	9606.ENSP00000300093	0	0	0	0	0.648	0.107	0.800	0.837	0.988
CENPA	TPX2	9606.ENSP00000336868	9606.ENSP00000300403	0	0	0	0	0.791	0	0	0.460	0.882
CENPA	BIRC5	9606.ENSP00000336868	9606.ENSP00000301633	0	0	0	0	0.839	0.131	0	0.702	0.955
CENPA	CKAP2L	9606.ENSP00000336868	9606.ENSP00000305204	0	0	0	0	0.769	0	0	0.291	0.829
CENPA	AURKB	9606.ENSP00000336868	9606.ENSP00000313950	0	0	0	0	0.928	0.667	0	0.917	0.997
CENPA	SKA3	9606.ENSP00000336868	9606.ENSP00000319417	0	0	0	0	0.470	0	0	0.380	0.657
CENPA	EZH2	9606.ENSP00000336868	9606.ENSP00000320147	0	0	0	0	0.218	0.267	0	0.339	0.588
CENPA	TUBB3	9606.ENSP00000336868	9606.ENSP00000320295	0	0	0	0	0.098	0.125	0	0.346	0.439
CENPA	CDC25C	9606.ENSP00000336868	9606.ENSP00000321656	0	0	0	0	0.771	0	0	0.352	0.845
CENPA	SPAG5	9606.ENSP00000336868	9606.ENSP00000323300	0	0	0	0	0.746	0.094	0	0.300	0.825
CENPA	KIF15	9606.ENSP00000336868	9606.ENSP00000324020	0	0	0	0	0.719	0	0	0.539	0.865
CENPA	CDCA2	9606.ENSP00000336868	9606.ENSP00000328228	0	0	0	0	0.695	0.096	0	0.400	0.820
CENPA	ERCC6L	9606.ENSP00000336868	9606.ENSP00000334675	0	0	0	0	0.353	0.150	0	0.619	0.772
CENPA	STIL	9606.ENSP00000336868	9606.ENSP00000360944	0	0	0	0	0.354	0	0	0.138	0.419
CENPA	UBE2T	9606.ENSP00000336868	9606.ENSP00000494957	0	0	0	0	0.362	0.116	0	0.159	0.484
CENPA	UHRF1	9606.ENSP00000336868	9606.ENSP00000479617	0	0	0	0	0.303	0.170	0	0.223	0.511
CENPA	RAD54L	9606.ENSP00000336868	9606.ENSP00000361043	0	0	0	0	0.361	0.150	0	0.239	0.551
CENPA	RCC1	9606.ENSP00000336868	9606.ENSP00000497402	0	0	0	0	0.153	0.286	0	0.405	0.609
CENPA	KIF18B	9606.ENSP00000336868	9606.ENSP00000465992	0	0	0	0	0.331	0.135	0	0.400	0.622
CENPA	MCM10	9606.ENSP00000336868	9606.ENSP00000418268	0	0	0	0	0.495	0.123	0	0.330	0.678
CENPA	CDC45	9606.ENSP00000336868	9606.ENSP00000405726	0	0	0	0	0.526	0	0	0.406	0.707
CENPA	EXO1	9606.ENSP00000336868	9606.ENSP00000355506	0	0	0	0	0.464	0.065	0	0.541	0.750
CENPA	MKI67	9606.ENSP00000336868	9606.ENSP00000357643	0	0	0	0	0.693	0	0	0.331	0.785
CENPA	FOXM1	9606.ENSP00000336868	9606.ENSP00000342307	0	0	0	0	0.533	0.135	0	0.533	0.794
CENPA	CHEK1	9606.ENSP00000336868	9606.ENSP00000391090	0	0	0	0	0.512	0.071	0	0.587	0.797
CENPA	GTSE1	9606.ENSP00000336868	9606.ENSP00000415430	0	0	0	0	0.763	0	0	0.220	0.807
CENPA	KIF14	9606.ENSP00000336868	9606.ENSP00000356319	0	0	0	0	0.639	0	0	0.501	0.812
CENPA	RRM2	9606.ENSP00000336868	9606.ENSP00000353770	0	0	0	0	0.554	0	0	0.608	0.818
CENPA	NEK2	9606.ENSP00000336868	9606.ENSP00000355966	0	0	0	0	0.691	0	0	0.535	0.850
CENPA	DEPDC1	9606.ENSP00000336868	9606.ENSP00000412292	0	0	0	0	0.785	0	0	0.370	0.858
CENPA	ASPM	9606.ENSP00000336868	9606.ENSP00000356379	0	0	0	0	0.800	0	0	0.352	0.865
CENPA	HMMR	9606.ENSP00000336868	9606.ENSP00000377492	0	0	0	0	0.799	0.078	0	0.359	0.870
CENPA	CDCA3	9606.ENSP00000336868	9606.ENSP00000442068	0	0	0	0	0.834	0	0	0.365	0.890
CENPA	TTK	9606.ENSP00000336868	9606.ENSP00000358813	0	0	0	0	0.733	0	0	0.661	0.905
CENPA	KIF4A	9606.ENSP00000336868	9606.ENSP00000363524	0	0	0	0	0.799	0.125	0	0.510	0.906
CENPA	ZWINT	9606.ENSP00000336868	9606.ENSP00000363055	0	0	0	0	0.500	0	0	0.825	0.908
CENPA	KIF20A	9606.ENSP00000336868	9606.ENSP00000378356	0	0	0	0	0.828	0	0	0.514	0.913
CENPA	TOP2A	9606.ENSP00000336868	9606.ENSP00000411532	0	0	0	0	0.810	0.145	0	0.545	0.919
CENPA	CEP55	9606.ENSP00000336868	9606.ENSP00000360540	0	0	0	0	0.803	0	0	0.613	0.920
CENPA	PBK	9606.ENSP00000336868	9606.ENSP00000428489	0	0	0	0	0.821	0.095	0	0.577	0.925
CENPA	UBE2C	9606.ENSP00000336868	9606.ENSP00000348838	0	0	0	0	0.845	0.095	0	0.594	0.938
CENPA	CENPF	9606.ENSP00000336868	9606.ENSP00000355922	0	0	0	0	0.656	0	0	0.903	0.965
CENPA	CDCA8	9606.ENSP00000336868	9606.ENSP00000362146	0	0	0	0	0.837	0.268	0	0.778	0.971
CENPA	KIF2C	9606.ENSP00000336868	9606.ENSP00000361298	0	0	0	0	0.835	0	0	0.923	0.986
CENPA	CDC20	9606.ENSP00000336868	9606.ENSP00000361540	0	0	0	0	0.835	0.091	0.800	0.603	0.986
CENPA	CCNA2	9606.ENSP00000336868	9606.ENSP00000481380	0	0	0	0	0.982	0	0	0.482	0.990
CENPA	HJURP	9606.ENSP00000336868	9606.ENSP00000414109	0	0	0	0	0.799	0.990	0.500	0.970	0.999
CENPF	CDC6	9606.ENSP00000355922	9606.ENSP00000209728	0	0	0	0	0.377	0	0	0.447	0.640
CENPF	MYBL2	9606.ENSP00000355922	9606.ENSP00000217026	0	0	0	0	0.382	0.067	0	0.443	0.651
CENPF	ORC6	9606.ENSP00000355922	9606.ENSP00000219097	0	0	0	0	0.234	0	0	0.413	0.531
CENPF	NCAPH	9606.ENSP00000355922	9606.ENSP00000240423	0	0	0	0	0.420	0	0	0.370	0.619
CENPF	DLGAP5	9606.ENSP00000355922	9606.ENSP00000247191	0	0	0	0	0.913	0	0	0.743	0.976
CENPF	E2F8	9606.ENSP00000355922	9606.ENSP00000250024	0	0	0	0	0.587	0	0	0.542	0.803
CENPF	NCAPG	9606.ENSP00000355922	9606.ENSP00000251496	0	0	0	0	0.827	0	0	0.582	0.924
CENPF	GINS2	9606.ENSP00000355922	9606.ENSP00000253462	0	0	0	0	0.345	0	0	0.298	0.521
CENPF	CCNB1	9606.ENSP00000355922	9606.ENSP00000256442	0	0	0	0	0.832	0	0.720	0.773	0.988
CENPF	TROAP	9606.ENSP00000355922	9606.ENSP00000257909	0	0	0	0	0.669	0	0	0.315	0.764
CENPF	ESPL1	9606.ENSP00000355922	9606.ENSP00000257934	0	0	0	0	0.755	0	0.500	0.443	0.926
CENPF	KIF11	9606.ENSP00000355922	9606.ENSP00000260731	0	0	0	0	0.903	0	0	0.728	0.972
CENPF	NDC80	9606.ENSP00000355922	9606.ENSP00000261597	0	0	0	0	0.853	0	0.720	0.727	0.987
CENPF	PKMYT1	9606.ENSP00000355922	9606.ENSP00000262300	0	0	0	0	0.231	0	0	0.294	0.434
CENPF	GINS1	9606.ENSP00000355922	9606.ENSP00000262460	0	0	0	0	0.243	0	0	0.277	0.429
CENPF	SGO1	9606.ENSP00000355922	9606.ENSP00000263753	0	0	0	0	0.580	0	0	0.419	0.746
CENPF	POLQ	9606.ENSP00000355922	9606.ENSP00000264233	0	0	0	0	0.546	0	0	0	0.546
CENPF	NEIL3	9606.ENSP00000355922	9606.ENSP00000264596	0	0	0	0	0.430	0	0	0.219	0.536
CENPF	DEPDC1B	9606.ENSP00000355922	9606.ENSP00000265036	0	0	0	0	0.519	0	0	0.069	0.533
CENPF	ANLN	9606.ENSP00000355922	9606.ENSP00000265748	0	0	0	0	0.578	0.292	0	0.515	0.842
CENPF	TICRR	9606.ENSP00000355922	9606.ENSP00000268138	0	0	0	0	0.488	0	0	0.134	0.537
CENPF	NUF2	9606.ENSP00000355922	9606.ENSP00000271452	0	0	0	0	0.875	0	0	0.632	0.952
CENPF	CDCA5	9606.ENSP00000355922	9606.ENSP00000275517	0	0	0	0	0.540	0.162	0	0.660	0.857
CENPF	BUB1B	9606.ENSP00000355922	9606.ENSP00000287598	0	0	0	0	0.903	0	0.900	0.918	0.999
CENPF	CCNB2	9606.ENSP00000355922	9606.ENSP00000288207	0	0	0	0	0.828	0	0.400	0.767	0.974
CENPF	MELK	9606.ENSP00000355922	9606.ENSP00000298048	0	0	0	0	0.809	0	0	0.595	0.919
CENPF	PLK1	9606.ENSP00000355922	9606.ENSP00000300093	0	0	0	0	0.508	0	0.800	0.748	0.973
CENPF	TPX2	9606.ENSP00000355922	9606.ENSP00000300403	0	0	0	0	0.829	0	0	0.746	0.954
CENPF	BIRC5	9606.ENSP00000355922	9606.ENSP00000301633	0	0	0	0	0.779	0	0	0.826	0.960
CENPF	CKAP2L	9606.ENSP00000355922	9606.ENSP00000305204	0	0	0	0	0.634	0	0	0.311	0.737
CENPF	AURKB	9606.ENSP00000355922	9606.ENSP00000313950	0	0	0	0	0.559	0	0	0.838	0.925
CENPF	SKA3	9606.ENSP00000355922	9606.ENSP00000319417	0	0	0	0	0.461	0	0.900	0.458	0.968
CENPF	EZH2	9606.ENSP00000355922	9606.ENSP00000320147	0	0	0	0	0.345	0.051	0	0.278	0.512
CENPF	CDC25C	9606.ENSP00000355922	9606.ENSP00000321656	0	0	0	0	0.460	0	0	0.323	0.618
CENPF	SPAG5	9606.ENSP00000355922	9606.ENSP00000323300	0	0	0	0	0.838	0.045	0	0.436	0.905
CENPF	KIF15	9606.ENSP00000355922	9606.ENSP00000324020	0	0	0	0	0.898	0	0	0.615	0.959
CENPF	CDCA2	9606.ENSP00000355922	9606.ENSP00000328228	0	0	0	0	0.653	0	0	0.434	0.795
CENPF	ERCC6L	9606.ENSP00000355922	9606.ENSP00000334675	0	0	0	0	0.405	0	0	0.203	0.506
CENPF	CENPA	9606.ENSP00000355922	9606.ENSP00000336868	0	0	0	0	0.656	0	0	0.903	0.965
CENPF	FOXM1	9606.ENSP00000355922	9606.ENSP00000342307	0	0	0	0	0.747	0	0.750	0.845	0.989
CENPF	UBE2C	9606.ENSP00000355922	9606.ENSP00000348838	0	0	0	0	0.769	0	0	0.753	0.940
CENPF	RRM2	9606.ENSP00000355922	9606.ENSP00000353770	0	0	0	0	0.530	0	0	0.638	0.822
CENPF	IQGAP3	9606.ENSP00000355922	9606.ENSP00000354451	0	0	0	0	0.571	0	0	0.213	0.648
CENPF	TEDC2	9606.ENSP00000355922	9606.ENSP00000355022	0	0	0.351	0	0.164	0	0	0	0.434
CENPF	EXO1	9606.ENSP00000355922	9606.ENSP00000355506	0	0	0	0	0.788	0	0	0.549	0.900
CENPF	UHRF1	9606.ENSP00000355922	9606.ENSP00000479617	0	0	0	0	0.438	0	0	0.280	0.578
CENPF	RAD54L	9606.ENSP00000355922	9606.ENSP00000361043	0	0	0	0	0.382	0	0	0.382	0.602
CENPF	MCM10	9606.ENSP00000355922	9606.ENSP00000418268	0	0	0	0	0.439	0	0	0.423	0.663
CENPF	KIF18B	9606.ENSP00000355922	9606.ENSP00000465992	0	0	0	0	0.524	0	0	0.392	0.698
CENPF	STIL	9606.ENSP00000355922	9606.ENSP00000360944	0	0	0	0	0.425	0	0	0.512	0.708
CENPF	GTSE1	9606.ENSP00000355922	9606.ENSP00000415430	0	0	0	0	0.613	0	0	0.369	0.745
CENPF	CHEK1	9606.ENSP00000355922	9606.ENSP00000391090	0	0	0	0	0.492	0	0	0.549	0.761
CENPF	CDC45	9606.ENSP00000355922	9606.ENSP00000405726	0	0	0	0	0.658	0	0	0.371	0.776
CENPF	CDCA3	9606.ENSP00000355922	9606.ENSP00000442068	0	0	0	0	0.575	0	0	0.506	0.781
CENPF	DEPDC1	9606.ENSP00000355922	9606.ENSP00000412292	0	0	0	0	0.754	0	0	0.392	0.844
CENPF	UBE2T	9606.ENSP00000355922	9606.ENSP00000494957	0	0	0	0	0.788	0	0	0.333	0.853
CENPF	KIF4A	9606.ENSP00000355922	9606.ENSP00000363524	0	0	0	0	0.730	0	0	0.571	0.879
CENPF	HMMR	9606.ENSP00000355922	9606.ENSP00000377492	0	0	0	0	0.787	0.045	0	0.669	0.927
CENPF	CCNA2	9606.ENSP00000355922	9606.ENSP00000481380	0	0	0	0	0.832	0	0	0.680	0.944
CENPF	HJURP	9606.ENSP00000355922	9606.ENSP00000414109	0	0	0	0	0.856	0	0	0.640	0.946
CENPF	PBK	9606.ENSP00000355922	9606.ENSP00000428489	0	0	0	0	0.836	0	0	0.704	0.949
CENPF	ZWINT	9606.ENSP00000355922	9606.ENSP00000363055	0	0	0	0	0.638	0	0	0.877	0.953
CENPF	CEP55	9606.ENSP00000355922	9606.ENSP00000360540	0	0	0	0	0.847	0	0	0.745	0.959
CENPF	KIF14	9606.ENSP00000355922	9606.ENSP00000356319	0	0	0	0	0.829	0.292	0	0.692	0.959
CENPF	KIF20A	9606.ENSP00000355922	9606.ENSP00000378356	0	0	0	0	0.899	0	0	0.627	0.960
CENPF	CDCA8	9606.ENSP00000355922	9606.ENSP00000362146	0	0	0	0	0.854	0	0	0.750	0.962
CENPF	TTK	9606.ENSP00000355922	9606.ENSP00000358813	0	0	0	0	0.886	0	0	0.723	0.967
CENPF	NEK2	9606.ENSP00000355922	9606.ENSP00000355966	0	0	0	0	0.882	0	0	0.759	0.970
CENPF	TOP2A	9606.ENSP00000355922	9606.ENSP00000411532	0	0	0	0	0.876	0	0	0.804	0.974
CENPF	MKI67	9606.ENSP00000355922	9606.ENSP00000357643	0	0	0	0	0.902	0.292	0	0.727	0.979
CENPF	KIF2C	9606.ENSP00000355922	9606.ENSP00000361298	0	0	0	0	0.847	0	0	0.907	0.985
CENPF	ASPM	9606.ENSP00000355922	9606.ENSP00000356379	0	0	0	0	0.938	0	0	0.802	0.987
CENPF	CDC20	9606.ENSP00000355922	9606.ENSP00000361540	0	0	0	0	0.777	0	0.800	0.801	0.990
CEP55	CDC6	9606.ENSP00000360540	9606.ENSP00000209728	0	0	0	0	0.476	0	0	0.323	0.630
CEP55	MYBL2	9606.ENSP00000360540	9606.ENSP00000217026	0	0	0	0	0.360	0	0	0.391	0.594
CEP55	ORC6	9606.ENSP00000360540	9606.ENSP00000219097	0	0	0	0	0.203	0	0	0.394	0.496
CEP55	NCAPH	9606.ENSP00000360540	9606.ENSP00000240423	0	0	0	0	0.464	0	0	0.369	0.647
CEP55	DLGAP5	9606.ENSP00000360540	9606.ENSP00000247191	0	0	0	0	0.999	0	0	0.755	0.999
CEP55	E2F8	9606.ENSP00000360540	9606.ENSP00000250024	0	0	0	0	0.599	0	0	0.245	0.684
CEP55	NCAPG	9606.ENSP00000360540	9606.ENSP00000251496	0	0	0	0	0.825	0	0	0.447	0.899
CEP55	GINS2	9606.ENSP00000360540	9606.ENSP00000253462	0	0	0	0	0.460	0	0	0.167	0.531
CEP55	CCNB1	9606.ENSP00000360540	9606.ENSP00000256442	0	0	0	0	0.814	0	0	0.693	0.940
CEP55	TROAP	9606.ENSP00000360540	9606.ENSP00000257909	0	0	0	0	0.487	0	0	0.274	0.612
CEP55	ESPL1	9606.ENSP00000360540	9606.ENSP00000257934	0	0	0	0	0.578	0	0	0.417	0.743
CEP55	KIF11	9606.ENSP00000360540	9606.ENSP00000260731	0	0	0	0	0.994	0	0	0.519	0.997
CEP55	NDC80	9606.ENSP00000360540	9606.ENSP00000261597	0	0	0	0	0.840	0.126	0	0.432	0.914
CEP55	GINS1	9606.ENSP00000360540	9606.ENSP00000262460	0	0	0	0	0.352	0	0	0.522	0.677
CEP55	SGO1	9606.ENSP00000360540	9606.ENSP00000263753	0	0	0	0	0.623	0	0	0.355	0.746
CEP55	POLQ	9606.ENSP00000360540	9606.ENSP00000264233	0	0	0	0	0.413	0	0	0.091	0.443
CEP55	NEIL3	9606.ENSP00000360540	9606.ENSP00000264596	0	0	0	0	0.504	0	0	0.125	0.548
CEP55	DEPDC1B	9606.ENSP00000360540	9606.ENSP00000265036	0	0	0	0	0.789	0	0	0.249	0.834
CEP55	ANLN	9606.ENSP00000360540	9606.ENSP00000265748	0	0	0	0	0.778	0.292	0	0.592	0.930
CEP55	NUF2	9606.ENSP00000360540	9606.ENSP00000271452	0	0	0	0	0.835	0	0	0.693	0.947
CEP55	CDCA5	9606.ENSP00000360540	9606.ENSP00000275517	0	0	0	0	0.785	0	0	0.433	0.873
CEP55	BUB1B	9606.ENSP00000360540	9606.ENSP00000287598	0	0	0	0	0.841	0	0	0.632	0.939
CEP55	CCNB2	9606.ENSP00000360540	9606.ENSP00000288207	0	0	0	0	0.811	0	0	0.529	0.907
CEP55	MELK	9606.ENSP00000360540	9606.ENSP00000298048	0	0	0	0	0.830	0	0	0.751	0.956
CEP55	PLK1	9606.ENSP00000360540	9606.ENSP00000300093	0	0	0	0	0.407	0	0	0.737	0.837
CEP55	TPX2	9606.ENSP00000360540	9606.ENSP00000300403	0	0	0	0	0.804	0	0	0.727	0.944
CEP55	BIRC5	9606.ENSP00000360540	9606.ENSP00000301633	0	0	0	0	0.806	0	0	0.570	0.913
CEP55	CKAP2L	9606.ENSP00000360540	9606.ENSP00000305204	0	0	0	0	0.766	0	0	0.535	0.886
CEP55	AURKB	9606.ENSP00000360540	9606.ENSP00000313950	0	0	0	0	0.604	0	0	0.672	0.864
CEP55	SKA3	9606.ENSP00000360540	9606.ENSP00000319417	0	0	0	0	0.543	0	0	0.220	0.628
CEP55	EZH2	9606.ENSP00000360540	9606.ENSP00000320147	0	0	0	0	0.354	0	0	0.203	0.463
CEP55	CDC25C	9606.ENSP00000360540	9606.ENSP00000321656	0	0	0	0	0.471	0	0	0.248	0.585
CEP55	SPAG5	9606.ENSP00000360540	9606.ENSP00000323300	0	0	0	0	0.743	0	0	0.537	0.876
CEP55	KIF15	9606.ENSP00000360540	9606.ENSP00000324020	0	0	0	0	0.824	0	0	0.418	0.893
CEP55	CDCA2	9606.ENSP00000360540	9606.ENSP00000328228	0	0	0	0	0.604	0	0	0.298	0.710
CEP55	ERCC6L	9606.ENSP00000360540	9606.ENSP00000334675	0	0	0	0	0.406	0	0	0.358	0.603
CEP55	CENPA	9606.ENSP00000360540	9606.ENSP00000336868	0	0	0	0	0.803	0	0	0.613	0.920
CEP55	FOXM1	9606.ENSP00000360540	9606.ENSP00000342307	0	0	0	0	0.704	0	0	0.546	0.860
CEP55	UBE2C	9606.ENSP00000360540	9606.ENSP00000348838	0	0	0	0	0.810	0	0	0.691	0.938
CEP55	RRM2	9606.ENSP00000360540	9606.ENSP00000353770	0	0	0	0	0.801	0	0	0.739	0.945
CEP55	IQGAP3	9606.ENSP00000360540	9606.ENSP00000354451	0	0	0	0	0.334	0	0	0.167	0.422
CEP55	ARHGEF15	9606.ENSP00000360540	9606.ENSP00000355026	0	0	0	0	0	0.470	0	0	0.470
CEP55	EXO1	9606.ENSP00000360540	9606.ENSP00000355506	0	0	0	0	0.499	0	0	0.310	0.639
CEP55	CENPF	9606.ENSP00000360540	9606.ENSP00000355922	0	0	0	0	0.847	0	0	0.745	0.959
CEP55	NEK2	9606.ENSP00000360540	9606.ENSP00000355966	0	0	0	0	0.816	0	0	0.541	0.912
CEP55	KIF14	9606.ENSP00000360540	9606.ENSP00000356319	0	0	0	0	0.800	0.292	0	0.630	0.943
CEP55	ASPM	9606.ENSP00000360540	9606.ENSP00000356379	0	0	0	0	0.842	0	0	0.700	0.950
CEP55	MKI67	9606.ENSP00000360540	9606.ENSP00000357643	0	0	0	0	0.825	0	0	0.473	0.904
CEP55	TTK	9606.ENSP00000360540	9606.ENSP00000358813	0	0	0	0	0.846	0	0	0.660	0.945
CEP55	STIL	9606.ENSP00000360540	9606.ENSP00000360944	0	0	0	0	0.468	0	0	0.205	0.559
CEP55	RAD54L	9606.ENSP00000360540	9606.ENSP00000361043	0	0	0	0	0.400	0	0	0.391	0.619
CEP55	GTSE1	9606.ENSP00000360540	9606.ENSP00000415430	0	0	0	0	0.509	0	0	0.325	0.655
CEP55	UHRF1	9606.ENSP00000360540	9606.ENSP00000479617	0	0	0	0	0.557	0	0	0.480	0.760
CEP55	UBE2T	9606.ENSP00000360540	9606.ENSP00000494957	0	0	0	0	0.465	0	0	0.585	0.768
CEP55	KIF18B	9606.ENSP00000360540	9606.ENSP00000465992	0	0	0	0	0.463	0	0	0.586	0.768
CEP55	MCM10	9606.ENSP00000360540	9606.ENSP00000418268	0	0	0	0	0.689	0	0	0.368	0.795
CEP55	ZWINT	9606.ENSP00000360540	9606.ENSP00000363055	0	0	0	0	0.781	0	0	0.418	0.867
CEP55	CHEK1	9606.ENSP00000360540	9606.ENSP00000391090	0	0	0	0	0.752	0	0	0.501	0.871
CEP55	CDCA3	9606.ENSP00000360540	9606.ENSP00000442068	0	0	0	0	0.711	0	0	0.588	0.876
CEP55	DEPDC1	9606.ENSP00000360540	9606.ENSP00000412292	0	0	0	0	0.799	0	0	0.417	0.877
CEP55	CDC45	9606.ENSP00000360540	9606.ENSP00000405726	0	0	0	0	0.664	0.421	0	0.508	0.896
CEP55	HJURP	9606.ENSP00000360540	9606.ENSP00000414109	0	0	0	0	0.798	0	0	0.623	0.921
CEP55	CDCA8	9606.ENSP00000360540	9606.ENSP00000362146	0	0	0	0	0.819	0	0	0.596	0.923
CEP55	CCNA2	9606.ENSP00000360540	9606.ENSP00000481380	0	0	0	0	0.822	0	0	0.586	0.923
CEP55	HMMR	9606.ENSP00000360540	9606.ENSP00000377492	0	0	0	0	0.873	0	0	0.443	0.926
CEP55	TOP2A	9606.ENSP00000360540	9606.ENSP00000411532	0	0	0	0	0.829	0	0	0.596	0.928
CEP55	KIF2C	9606.ENSP00000360540	9606.ENSP00000361298	0	0	0	0	0.834	0	0	0.703	0.948
CEP55	CDC20	9606.ENSP00000360540	9606.ENSP00000361540	0	0	0	0	0.825	0	0	0.728	0.950
CEP55	KIF4A	9606.ENSP00000360540	9606.ENSP00000363524	0	0	0	0	0.814	0	0	0.748	0.951
CEP55	PBK	9606.ENSP00000360540	9606.ENSP00000428489	0	0	0	0	0.842	0	0	0.740	0.957
CEP55	KIF20A	9606.ENSP00000360540	9606.ENSP00000378356	0	0	0	0	0.833	0.053	0	0.782	0.962
CHEK1	CDC6	9606.ENSP00000391090	9606.ENSP00000209728	0	0	0	0	0.524	0.186	0.500	0.734	0.941
CHEK1	MYBL2	9606.ENSP00000391090	9606.ENSP00000217026	0	0	0	0	0.274	0	0	0.317	0.483
CHEK1	ORC6	9606.ENSP00000391090	9606.ENSP00000219097	0	0	0	0	0.294	0	0.500	0.303	0.732
CHEK1	NCAPH	9606.ENSP00000391090	9606.ENSP00000240423	0	0	0	0	0.267	0	0	0.500	0.618
CHEK1	DLGAP5	9606.ENSP00000391090	9606.ENSP00000247191	0	0	0	0	0.571	0	0	0.227	0.654
CHEK1	E2F8	9606.ENSP00000391090	9606.ENSP00000250024	0	0	0	0	0.353	0	0	0.326	0.545
CHEK1	NCAPG	9606.ENSP00000391090	9606.ENSP00000251496	0	0	0	0	0.698	0	0	0.286	0.775
CHEK1	GINS2	9606.ENSP00000391090	9606.ENSP00000253462	0	0	0	0	0.526	0.088	0	0.222	0.634
CHEK1	CCNB1	9606.ENSP00000391090	9606.ENSP00000256442	0	0	0	0	0.449	0.069	0	0.885	0.935
CHEK1	TROAP	9606.ENSP00000391090	9606.ENSP00000257909	0	0	0	0	0.246	0	0	0.368	0.503
CHEK1	ESPL1	9606.ENSP00000391090	9606.ENSP00000257934	0	0	0	0	0.247	0	0	0.714	0.776
CHEK1	BRIP1	9606.ENSP00000391090	9606.ENSP00000259008	0	0	0	0	0.279	0.068	0.800	0.566	0.933
CHEK1	KIF11	9606.ENSP00000391090	9606.ENSP00000260731	0	0	0	0	0.694	0	0	0.377	0.801
CHEK1	NDC80	9606.ENSP00000391090	9606.ENSP00000261597	0	0	0	0	0.486	0	0	0.242	0.594
CHEK1	PKMYT1	9606.ENSP00000391090	9606.ENSP00000262300	0	0	0	0	0.267	0.300	0	0.489	0.715
CHEK1	GINS1	9606.ENSP00000391090	9606.ENSP00000262460	0	0	0	0	0.335	0.312	0	0.194	0.599
CHEK1	SGO1	9606.ENSP00000391090	9606.ENSP00000263753	0	0	0	0	0.319	0	0	0.193	0.427
CHEK1	POLQ	9606.ENSP00000391090	9606.ENSP00000264233	0	0	0	0	0.337	0	0	0.310	0.523
CHEK1	NEIL3	9606.ENSP00000391090	9606.ENSP00000264596	0	0	0	0	0.366	0	0	0.474	0.652
CHEK1	DEPDC1B	9606.ENSP00000391090	9606.ENSP00000265036	0	0	0	0	0.446	0	0	0.085	0.471
CHEK1	ANLN	9606.ENSP00000391090	9606.ENSP00000265748	0	0	0	0	0.322	0	0	0.481	0.633
CHEK1	TICRR	9606.ENSP00000391090	9606.ENSP00000268138	0	0	0	0	0.340	0	0	0.820	0.876
CHEK1	NUF2	9606.ENSP00000391090	9606.ENSP00000271452	0	0	0	0	0.652	0	0	0.179	0.702
CHEK1	CDCA5	9606.ENSP00000391090	9606.ENSP00000275517	0	0	0	0	0.565	0	0	0.486	0.767
CHEK1	BUB1B	9606.ENSP00000391090	9606.ENSP00000287598	0	0	0	0	0.513	0.053	0	0.753	0.876
CHEK1	CCNB2	9606.ENSP00000391090	9606.ENSP00000288207	0	0	0	0	0.534	0.069	0	0.647	0.833
CHEK1	MELK	9606.ENSP00000391090	9606.ENSP00000298048	0	0	0	0.611	0.791	0.078	0	0.392	0.873
CHEK1	PLK1	9606.ENSP00000391090	9606.ENSP00000300093	0	0	0	0.613	0.298	0	0	0.365	0.535
CHEK1	TPX2	9606.ENSP00000391090	9606.ENSP00000300403	0	0	0	0	0.584	0	0	0.223	0.663
CHEK1	BIRC5	9606.ENSP00000391090	9606.ENSP00000301633	0	0	0	0	0.488	0.066	0	0.645	0.815
CHEK1	CKAP2L	9606.ENSP00000391090	9606.ENSP00000305204	0	0	0	0	0.435	0	0	0	0.435
CHEK1	RMI2	9606.ENSP00000391090	9606.ENSP00000310356	0	0	0	0	0.255	0	0.500	0.370	0.744
CHEK1	AURKB	9606.ENSP00000391090	9606.ENSP00000313950	0	0	0	0.624	0.475	0.075	0	0.534	0.754
CHEK1	SKA3	9606.ENSP00000391090	9606.ENSP00000319417	0	0	0	0	0.402	0	0	0.103	0.441
CHEK1	EZH2	9606.ENSP00000391090	9606.ENSP00000320147	0	0	0	0	0.346	0	0	0.396	0.588
CHEK1	CDC25C	9606.ENSP00000391090	9606.ENSP00000321656	0	0	0	0	0.347	0.944	0.900	0.938	0.999
CHEK1	SPAG5	9606.ENSP00000391090	9606.ENSP00000323300	0	0	0	0	0.361	0.066	0	0.251	0.514
CHEK1	KIF15	9606.ENSP00000391090	9606.ENSP00000324020	0	0	0	0	0.529	0	0	0.126	0.571
CHEK1	CDCA2	9606.ENSP00000391090	9606.ENSP00000328228	0	0	0	0	0.548	0	0	0.182	0.615
CHEK1	ERCC6L	9606.ENSP00000391090	9606.ENSP00000334675	0	0	0	0	0.369	0.241	0	0.234	0.601
CHEK1	CENPA	9606.ENSP00000391090	9606.ENSP00000336868	0	0	0	0	0.512	0.071	0	0.587	0.797
CHEK1	FOXM1	9606.ENSP00000391090	9606.ENSP00000342307	0	0	0	0	0.415	0.045	0	0.479	0.683
CHEK1	UBE2C	9606.ENSP00000391090	9606.ENSP00000348838	0	0	0	0	0.349	0.071	0	0.530	0.691
CHEK1	XRCC2	9606.ENSP00000391090	9606.ENSP00000352271	0	0	0	0	0.143	0	0	0.627	0.667
CHEK1	RRM2	9606.ENSP00000391090	9606.ENSP00000353770	0	0	0	0	0.463	0.079	0	0.725	0.852
CHEK1	EXO1	9606.ENSP00000391090	9606.ENSP00000355506	0	0	0	0	0.645	0.157	0.500	0.845	0.973
CHEK1	CENPF	9606.ENSP00000391090	9606.ENSP00000355922	0	0	0	0	0.492	0	0	0.549	0.761
CHEK1	NEK2	9606.ENSP00000391090	9606.ENSP00000355966	0	0	0	0.568	0.512	0.307	0	0.196	0.704
CHEK1	KIF14	9606.ENSP00000391090	9606.ENSP00000356319	0	0	0	0	0.464	0	0	0.175	0.539
CHEK1	ASPM	9606.ENSP00000391090	9606.ENSP00000356379	0	0	0	0	0.500	0	0	0.320	0.645
CHEK1	MKI67	9606.ENSP00000391090	9606.ENSP00000357643	0	0	0	0	0.403	0	0	0.296	0.562
CHEK1	TTK	9606.ENSP00000391090	9606.ENSP00000358813	0	0	0	0.562	0.560	0	0	0.213	0.639
CHEK1	CEP55	9606.ENSP00000391090	9606.ENSP00000360540	0	0	0	0	0.752	0	0	0.501	0.871
CHEK1	STIL	9606.ENSP00000391090	9606.ENSP00000360944	0	0	0	0	0.476	0	0	0.165	0.544
CHEK1	RAD54L	9606.ENSP00000391090	9606.ENSP00000361043	0	0	0	0	0.451	0.071	0	0.634	0.797
CHEK1	KIF2C	9606.ENSP00000391090	9606.ENSP00000361298	0	0	0	0	0.500	0	0	0.498	0.738
CHEK1	CDC20	9606.ENSP00000391090	9606.ENSP00000361540	0	0	0	0	0.473	0.098	0	0.557	0.771
CHEK1	CDCA8	9606.ENSP00000391090	9606.ENSP00000362146	0	0	0	0	0.439	0.098	0	0.320	0.626
CHEK1	ZWINT	9606.ENSP00000391090	9606.ENSP00000363055	0	0	0	0	0.437	0	0	0.527	0.722
CHEK1	KIF4A	9606.ENSP00000391090	9606.ENSP00000363524	0	0	0	0	0.445	0	0	0.363	0.631
CHEK1	HMMR	9606.ENSP00000391090	9606.ENSP00000377492	0	0	0	0	0.552	0.066	0	0.175	0.625
CHEK1	KIF20A	9606.ENSP00000391090	9606.ENSP00000378356	0	0	0	0	0.458	0	0	0.218	0.558
CHEK1	PAICS	9606.ENSP00000391090	9606.ENSP00000382595	0	0	0	0	0.393	0	0	0.253	0.527
CHEK1	DEPDC1	9606.ENSP00000391090	9606.ENSP00000412292	0	0	0	0	0.355	0	0	0.201	0.463
CHEK1	UHRF1	9606.ENSP00000391090	9606.ENSP00000479617	0	0	0	0	0.381	0	0	0.259	0.522
CHEK1	GTSE1	9606.ENSP00000391090	9606.ENSP00000415430	0	0	0	0	0.419	0	0	0.271	0.558
CHEK1	HJURP	9606.ENSP00000391090	9606.ENSP00000414109	0	0	0	0	0.487	0	0	0.378	0.667
CHEK1	CDCA3	9606.ENSP00000391090	9606.ENSP00000442068	0	0	0	0	0.431	0	0	0.446	0.671
CHEK1	UBE2T	9606.ENSP00000391090	9606.ENSP00000494957	0	0	0	0	0.378	0.314	0	0.380	0.712
CHEK1	PBK	9606.ENSP00000391090	9606.ENSP00000428489	0	0	0	0	0.641	0.067	0	0.273	0.735
CHEK1	RECQL4	9606.ENSP00000391090	9606.ENSP00000482313	0	0	0	0	0.191	0.299	0	0.583	0.743
CHEK1	TOP2A	9606.ENSP00000391090	9606.ENSP00000411532	0	0	0	0	0.520	0.194	0	0.736	0.889
CHEK1	CCNA2	9606.ENSP00000391090	9606.ENSP00000481380	0	0	0	0	0.790	0	0	0.721	0.939
CHEK1	MCM10	9606.ENSP00000391090	9606.ENSP00000418268	0	0	0	0	0.776	0	0.500	0.746	0.969
CHEK1	CDC45	9606.ENSP00000391090	9606.ENSP00000405726	0	0	0	0	0.782	0.478	0.500	0.913	0.994
CKAP2L	NCAPH	9606.ENSP00000305204	9606.ENSP00000240423	0	0	0	0	0.338	0	0	0.305	0.520
CKAP2L	DLGAP5	9606.ENSP00000305204	9606.ENSP00000247191	0	0	0	0	0.733	0	0	0.632	0.897
CKAP2L	NCAPG	9606.ENSP00000305204	9606.ENSP00000251496	0	0	0	0	0.771	0	0	0.431	0.864
CKAP2L	GINS2	9606.ENSP00000305204	9606.ENSP00000253462	0	0	0	0	0.338	0	0	0.258	0.487
CKAP2L	CCNB1	9606.ENSP00000305204	9606.ENSP00000256442	0	0	0	0	0.477	0	0	0.119	0.519
CKAP2L	TROAP	9606.ENSP00000305204	9606.ENSP00000257909	0	0	0	0	0.478	0	0	0.330	0.635
CKAP2L	ESPL1	9606.ENSP00000305204	9606.ENSP00000257934	0	0	0	0	0.329	0	0	0.164	0.415
CKAP2L	KIF11	9606.ENSP00000305204	9606.ENSP00000260731	0	0	0	0	0.762	0	0	0.220	0.806
CKAP2L	NDC80	9606.ENSP00000305204	9606.ENSP00000261597	0	0	0	0	0.465	0	0	0	0.465
CKAP2L	SGO1	9606.ENSP00000305204	9606.ENSP00000263753	0	0	0	0	0.647	0	0	0.314	0.747
CKAP2L	POLQ	9606.ENSP00000305204	9606.ENSP00000264233	0	0	0	0	0.440	0	0	0.135	0.494
CKAP2L	NEIL3	9606.ENSP00000305204	9606.ENSP00000264596	0	0	0	0	0.351	0	0	0.134	0.413
CKAP2L	DEPDC1B	9606.ENSP00000305204	9606.ENSP00000265036	0	0	0	0	0.645	0	0	0	0.645
CKAP2L	ANLN	9606.ENSP00000305204	9606.ENSP00000265748	0	0	0	0	0.759	0	0	0.355	0.837
CKAP2L	TICRR	9606.ENSP00000305204	9606.ENSP00000268138	0	0	0	0	0.409	0	0	0	0.408
CKAP2L	NUF2	9606.ENSP00000305204	9606.ENSP00000271452	0	0	0	0	0.643	0	0	0.369	0.765
CKAP2L	CDCA5	9606.ENSP00000305204	9606.ENSP00000275517	0	0	0	0	0.777	0	0	0.348	0.848
CKAP2L	BUB1B	9606.ENSP00000305204	9606.ENSP00000287598	0	0	0	0	0.437	0	0	0.213	0.537
CKAP2L	CCNB2	9606.ENSP00000305204	9606.ENSP00000288207	0	0	0	0	0.460	0	0	0.519	0.729
CKAP2L	MELK	9606.ENSP00000305204	9606.ENSP00000298048	0	0	0	0	0.766	0	0	0.643	0.912
CKAP2L	PLK1	9606.ENSP00000305204	9606.ENSP00000300093	0	0	0	0	0.429	0	0	0.204	0.526
CKAP2L	TPX2	9606.ENSP00000305204	9606.ENSP00000300403	0	0	0	0	0.630	0	0	0.368	0.756
CKAP2L	BIRC5	9606.ENSP00000305204	9606.ENSP00000301633	0	0	0	0	0.509	0	0	0.183	0.581
CKAP2L	ZWINT	9606.ENSP00000305204	9606.ENSP00000363055	0	0	0	0	0.320	0	0	0.175	0.415
CKAP2L	UHRF1	9606.ENSP00000305204	9606.ENSP00000479617	0	0	0	0	0.393	0	0	0.108	0.435
CKAP2L	CHEK1	9606.ENSP00000305204	9606.ENSP00000391090	0	0	0	0	0.435	0	0	0	0.435
CKAP2L	STIL	9606.ENSP00000305204	9606.ENSP00000360944	0	0	0	0	0.435	0	0	0.094	0.466
CKAP2L	RAD54L	9606.ENSP00000305204	9606.ENSP00000361043	0	0	0	0	0.339	0	0	0.227	0.467
CKAP2L	RRM2	9606.ENSP00000305204	9606.ENSP00000353770	0	0	0	0	0.393	0	0	0.199	0.493
CKAP2L	FOXM1	9606.ENSP00000305204	9606.ENSP00000342307	0	0	0	0	0.442	0	0	0.138	0.498
CKAP2L	SPAG5	9606.ENSP00000305204	9606.ENSP00000323300	0	0	0	0	0.338	0	0	0.296	0.514
CKAP2L	UBE2T	9606.ENSP00000305204	9606.ENSP00000494957	0	0	0	0	0.478	0	0	0.119	0.520
CKAP2L	EXO1	9606.ENSP00000305204	9606.ENSP00000355506	0	0	0	0	0.429	0	0	0.237	0.545
CKAP2L	UBE2C	9606.ENSP00000305204	9606.ENSP00000348838	0	0	0	0	0.427	0	0	0.290	0.575
CKAP2L	MCM10	9606.ENSP00000305204	9606.ENSP00000418268	0	0	0	0	0.435	0	0	0.290	0.581
CKAP2L	ERCC6L	9606.ENSP00000305204	9606.ENSP00000334675	0	0	0	0	0.372	0	0	0.368	0.586
CKAP2L	MKI67	9606.ENSP00000305204	9606.ENSP00000357643	0	0	0	0	0.523	0	0	0.185	0.594
CKAP2L	CDC20	9606.ENSP00000305204	9606.ENSP00000361540	0	0	0	0	0.478	0	0	0.300	0.618
CKAP2L	NEK2	9606.ENSP00000305204	9606.ENSP00000355966	0	0	0	0	0.540	0	0	0.205	0.618
CKAP2L	KIF18B	9606.ENSP00000305204	9606.ENSP00000465992	0	0	0	0	0.312	0	0	0.474	0.622
CKAP2L	TTK	9606.ENSP00000305204	9606.ENSP00000358813	0	0	0	0	0.426	0	0	0.419	0.652
CKAP2L	DEPDC1	9606.ENSP00000305204	9606.ENSP00000412292	0	0	0	0	0.507	0	0	0.324	0.652
CKAP2L	KIF15	9606.ENSP00000305204	9606.ENSP00000324020	0	0	0	0	0.535	0	0	0.284	0.652
CKAP2L	CDCA8	9606.ENSP00000305204	9606.ENSP00000362146	0	0	0	0	0.490	0	0	0.379	0.669
CKAP2L	CDC25C	9606.ENSP00000305204	9606.ENSP00000321656	0	0	0	0	0.654	0	0	0.130	0.686
CKAP2L	CCNA2	9606.ENSP00000305204	9606.ENSP00000481380	0	0	0	0	0.689	0	0	0.159	0.727
CKAP2L	GTSE1	9606.ENSP00000305204	9606.ENSP00000415430	0	0	0	0	0.630	0	0	0.317	0.736
CKAP2L	CENPF	9606.ENSP00000305204	9606.ENSP00000355922	0	0	0	0	0.634	0	0	0.311	0.737
CKAP2L	AURKB	9606.ENSP00000305204	9606.ENSP00000313950	0	0	0	0	0.499	0	0	0.498	0.737
CKAP2L	CDC45	9606.ENSP00000305204	9606.ENSP00000405726	0	0	0	0	0.511	0	0	0.514	0.752
CKAP2L	PBK	9606.ENSP00000305204	9606.ENSP00000428489	0	0	0	0	0.767	0	0	0.074	0.775
CKAP2L	SKA3	9606.ENSP00000305204	9606.ENSP00000319417	0	0	0	0	0.764	0	0	0.125	0.784
CKAP2L	KIF2C	9606.ENSP00000305204	9606.ENSP00000361298	0	0	0	0	0.689	0	0	0.369	0.795
CKAP2L	CDCA3	9606.ENSP00000305204	9606.ENSP00000442068	0	0	0	0	0.762	0	0	0.196	0.800
CKAP2L	HMMR	9606.ENSP00000305204	9606.ENSP00000377492	0	0	0	0	0.768	0	0	0.226	0.812
CKAP2L	CENPA	9606.ENSP00000305204	9606.ENSP00000336868	0	0	0	0	0.769	0	0	0.291	0.829
CKAP2L	TOP2A	9606.ENSP00000305204	9606.ENSP00000411532	0	0	0	0	0.766	0	0	0.306	0.830
CKAP2L	KIF20A	9606.ENSP00000305204	9606.ENSP00000378356	0	0	0	0	0.769	0	0	0.323	0.836
CKAP2L	KIF4A	9606.ENSP00000305204	9606.ENSP00000363524	0	0	0	0	0.763	0	0	0.366	0.843
CKAP2L	KIF14	9606.ENSP00000305204	9606.ENSP00000356319	0	0	0	0	0.767	0	0	0.394	0.852
CKAP2L	CDCA2	9606.ENSP00000305204	9606.ENSP00000328228	0	0	0.295	0	0.779	0	0	0.244	0.871
CKAP2L	ASPM	9606.ENSP00000305204	9606.ENSP00000356379	0	0	0	0	0.724	0	0	0.595	0.883
CKAP2L	CEP55	9606.ENSP00000305204	9606.ENSP00000360540	0	0	0	0	0.766	0	0	0.535	0.886
CKAP2L	HJURP	9606.ENSP00000305204	9606.ENSP00000414109	0	0	0	0	0.781	0	0	0.620	0.913
CLEC14A	RASIP1	9606.ENSP00000353013	9606.ENSP00000222145	0	0	0	0	0.400	0.114	0	0.047	0.449
CLEC14A	HSPA12B	9606.ENSP00000353013	9606.ENSP00000254963	0	0	0	0	0.443	0.102	0	0.186	0.557
CLEC14A	LYVE1	9606.ENSP00000353013	9606.ENSP00000256178	0	0	0	0	0.273	0.095	0	0.179	0.413
CLEC14A	SGO1	9606.ENSP00000353013	9606.ENSP00000263753	0	0	0.402	0	0.059	0.050	0	0	0.418
CLEC14A	RHBDL2	9606.ENSP00000353013	9606.ENSP00000289248	0	0	0	0	0.049	0.053	0	0.454	0.466
CLEC14A	EMCN	9606.ENSP00000353013	9606.ENSP00000296420	0	0	0	0	0.445	0	0	0.162	0.516
CLEC14A	CYYR1	9606.ENSP00000353013	9606.ENSP00000299340	0	0	0	0	0.501	0	0	0.261	0.615
CLEC14A	ROBO4	9606.ENSP00000353013	9606.ENSP00000304945	0	0	0.252	0	0.345	0	0	0.420	0.691
CLEC14A	CLEC1A	9606.ENSP00000353013	9606.ENSP00000326407	0	0	0	0	0.323	0.101	0	0.291	0.531
CLEC14A	KANK3	9606.ENSP00000353013	9606.ENSP00000328923	0	0	0	0	0.199	0.098	0	0.239	0.403
CLEC14A	TEK	9606.ENSP00000353013	9606.ENSP00000369375	0	0	0	0	0.316	0	0	0.205	0.433
CLEC14A	PECAM1	9606.ENSP00000353013	9606.ENSP00000457421	0	0	0	0	0.256	0.107	0	0.234	0.446
CLEC14A	MYCT1	9606.ENSP00000353013	9606.ENSP00000356214	0	0	0	0	0.299	0	0	0.296	0.486
CLEC14A	ACVRL1	9606.ENSP00000353013	9606.ENSP00000373574	0	0	0	0	0.344	0.098	0	0.289	0.542
CLEC14A	CDH5	9606.ENSP00000353013	9606.ENSP00000497290	0	0	0	0	0.391	0.066	0	0.268	0.547
CLEC14A	ECSCR	9606.ENSP00000353013	9606.ENSP00000479243	0	0	0	0	0.413	0	0	0.263	0.549
CLEC14A	MMRN2	9606.ENSP00000353013	9606.ENSP00000361097	0	0	0	0	0.263	0.334	0	0.864	0.927
CLEC1A	CLEC14A	9606.ENSP00000326407	9606.ENSP00000353013	0	0	0	0	0.323	0.101	0	0.291	0.531
CLEC3B	FCN3	9606.ENSP00000296130	9606.ENSP00000270879	0	0	0	0	0.087	0.094	0	0.534	0.580
CLEC3B	PLAC9	9606.ENSP00000296130	9606.ENSP00000361337	0	0	0	0	0.425	0	0	0	0.424
COL10A1	MMP11	9606.ENSP00000327368	9606.ENSP00000215743	0	0	0	0	0.524	0.050	0	0.617	0.812
COL10A1	MMP13	9606.ENSP00000327368	9606.ENSP00000260302	0	0	0	0	0.362	0.050	0	0.903	0.936
COL10A1	EPAS1	9606.ENSP00000327368	9606.ENSP00000263734	0	0	0	0	0	0	0	0.557	0.557
COL10A1	GREM1	9606.ENSP00000327368	9606.ENSP00000498748	0	0	0	0	0.122	0	0	0.349	0.403
COL10A1	SPP1	9606.ENSP00000327368	9606.ENSP00000378517	0	0	0	0	0.100	0	0	0.520	0.549
COL10A1	CTHRC1	9606.ENSP00000327368	9606.ENSP00000330523	0	0	0	0	0.199	0	0	0.474	0.560
COL10A1	COL11A1	9606.ENSP00000327368	9606.ENSP00000359114	0	0	0.091	0.765	0.623	0	0.400	0.472	0.877
COL11A1	MMP11	9606.ENSP00000359114	9606.ENSP00000215743	0	0	0	0	0.323	0.050	0	0.616	0.732
COL11A1	MMP13	9606.ENSP00000359114	9606.ENSP00000260302	0	0	0	0	0.315	0.050	0	0.448	0.609
COL11A1	COL10A1	9606.ENSP00000359114	9606.ENSP00000327368	0	0	0.091	0.765	0.623	0	0.400	0.472	0.877
COL11A1	CTHRC1	9606.ENSP00000359114	9606.ENSP00000330523	0	0	0	0	0.187	0	0	0.380	0.474
COL11A1	SPTBN2	9606.ENSP00000359114	9606.ENSP00000432568	0	0	0	0	0	0	0	0.444	0.444
COL11A1	GREM1	9606.ENSP00000359114	9606.ENSP00000498748	0	0	0	0	0.118	0	0	0.467	0.509
COL11A1	SPP1	9606.ENSP00000359114	9606.ENSP00000378517	0	0	0	0	0.105	0	0	0.516	0.549
CRABP2	EEF1A2	9606.ENSP00000482841	9606.ENSP00000217182	0	0	0	0	0.089	0	0	0.393	0.424
CRABP2	HS6ST2	9606.ENSP00000482841	9606.ENSP00000429473	0	0	0	0	0.067	0	0	0.460	0.474
CSRNP1	SH2D3C	9606.ENSP00000273153	9606.ENSP00000317817	0	0	0	0	0.054	0	0	0.405	0.413
CTHRC1	FCN3	9606.ENSP00000330523	9606.ENSP00000270879	0	0	0	0	0	0	0	0.412	0.412
CTHRC1	COL10A1	9606.ENSP00000330523	9606.ENSP00000327368	0	0	0	0	0.199	0	0	0.474	0.560
CTHRC1	GREM1	9606.ENSP00000330523	9606.ENSP00000498748	0	0	0	0	0.110	0	0	0.374	0.419
CTHRC1	COL11A1	9606.ENSP00000330523	9606.ENSP00000359114	0	0	0	0	0.187	0	0	0.380	0.474
CTHRC1	HMMR	9606.ENSP00000330523	9606.ENSP00000377492	0	0	0	0	0.068	0	0	0.553	0.565
CYYR1	CD93	9606.ENSP00000299340	9606.ENSP00000246006	0	0	0	0	0.415	0	0	0	0.415
CYYR1	EMCN	9606.ENSP00000299340	9606.ENSP00000296420	0	0	0	0	0.403	0	0	0.100	0.440
CYYR1	CLEC14A	9606.ENSP00000299340	9606.ENSP00000353013	0	0	0	0	0.501	0	0	0.261	0.615
DEPDC1	CDC6	9606.ENSP00000412292	9606.ENSP00000209728	0	0	0	0	0.452	0	0	0.189	0.537
DEPDC1	MYBL2	9606.ENSP00000412292	9606.ENSP00000217026	0	0	0	0	0.339	0	0	0.334	0.541
DEPDC1	NCAPH	9606.ENSP00000412292	9606.ENSP00000240423	0	0	0	0	0.445	0	0	0.305	0.597
DEPDC1	DLGAP5	9606.ENSP00000412292	9606.ENSP00000247191	0	0	0	0	0.809	0	0	0.404	0.881
DEPDC1	E2F8	9606.ENSP00000412292	9606.ENSP00000250024	0	0	0	0	0.497	0	0	0.280	0.623
DEPDC1	NCAPG	9606.ENSP00000412292	9606.ENSP00000251496	0	0	0	0	0.784	0	0	0.220	0.824
DEPDC1	CCNB1	9606.ENSP00000412292	9606.ENSP00000256442	0	0	0	0	0.822	0	0	0.308	0.871
DEPDC1	TROAP	9606.ENSP00000412292	9606.ENSP00000257909	0	0	0	0	0.433	0	0	0.145	0.494
DEPDC1	ESPL1	9606.ENSP00000412292	9606.ENSP00000257934	0	0	0	0	0.376	0	0	0.484	0.664
DEPDC1	KIF11	9606.ENSP00000412292	9606.ENSP00000260731	0	0	0	0	0.792	0	0	0.258	0.839
DEPDC1	NDC80	9606.ENSP00000412292	9606.ENSP00000261597	0	0	0	0	0.582	0	0	0.128	0.620
DEPDC1	GINS1	9606.ENSP00000412292	9606.ENSP00000262460	0	0	0	0	0.354	0	0	0.240	0.488
DEPDC1	SGO1	9606.ENSP00000412292	9606.ENSP00000263753	0	0	0	0	0.427	0	0	0.160	0.498
DEPDC1	NEIL3	9606.ENSP00000412292	9606.ENSP00000264596	0	0	0	0	0.653	0	0	0.206	0.712
DEPDC1	DEPDC1B	9606.ENSP00000412292	9606.ENSP00000265036	0	0	0.068	0.915	0.782	0	0	0.086	0.798
DEPDC1	ANLN	9606.ENSP00000412292	9606.ENSP00000265748	0	0	0	0	0.774	0	0	0.353	0.847
DEPDC1	NUF2	9606.ENSP00000412292	9606.ENSP00000271452	0	0	0	0	0.802	0	0	0.506	0.898
DEPDC1	CDCA5	9606.ENSP00000412292	9606.ENSP00000275517	0	0	0	0	0.411	0	0	0.185	0.500
DEPDC1	BUB1B	9606.ENSP00000412292	9606.ENSP00000287598	0	0	0	0	0.797	0	0	0.290	0.850
DEPDC1	CCNB2	9606.ENSP00000412292	9606.ENSP00000288207	0	0	0	0	0.615	0	0	0.314	0.724
DEPDC1	MELK	9606.ENSP00000412292	9606.ENSP00000298048	0	0	0	0	0.679	0	0	0.256	0.751
DEPDC1	PLK1	9606.ENSP00000412292	9606.ENSP00000300093	0	0	0	0	0.477	0	0	0.267	0.600
DEPDC1	TPX2	9606.ENSP00000412292	9606.ENSP00000300403	0	0	0	0	0.782	0	0	0.573	0.903
DEPDC1	BIRC5	9606.ENSP00000412292	9606.ENSP00000301633	0	0	0	0	0.657	0	0	0.501	0.821
DEPDC1	CKAP2L	9606.ENSP00000412292	9606.ENSP00000305204	0	0	0	0	0.507	0	0	0.324	0.652
DEPDC1	AURKB	9606.ENSP00000412292	9606.ENSP00000313950	0	0	0	0	0.435	0	0	0.269	0.569
DEPDC1	SKA3	9606.ENSP00000412292	9606.ENSP00000319417	0	0	0	0	0.512	0	0	0.439	0.714
DEPDC1	CDC25C	9606.ENSP00000412292	9606.ENSP00000321656	0	0	0	0	0.770	0	0	0.201	0.808
DEPDC1	SPAG5	9606.ENSP00000412292	9606.ENSP00000323300	0	0	0	0	0.507	0.049	0	0.223	0.604
DEPDC1	KIF15	9606.ENSP00000412292	9606.ENSP00000324020	0	0	0	0	0.782	0	0	0.358	0.854
DEPDC1	CDCA2	9606.ENSP00000412292	9606.ENSP00000328228	0	0	0	0	0.759	0	0	0.272	0.817
DEPDC1	ERCC6L	9606.ENSP00000412292	9606.ENSP00000334675	0	0	0	0	0.497	0.059	0	0.370	0.676
DEPDC1	CENPA	9606.ENSP00000412292	9606.ENSP00000336868	0	0	0	0	0.785	0	0	0.370	0.858
DEPDC1	FOXM1	9606.ENSP00000412292	9606.ENSP00000342307	0	0	0	0	0.522	0.167	0	0.643	0.845
DEPDC1	UBE2C	9606.ENSP00000412292	9606.ENSP00000348838	0	0	0	0	0.534	0	0	0.353	0.686
DEPDC1	RRM2	9606.ENSP00000412292	9606.ENSP00000353770	0	0	0	0	0.453	0	0	0.327	0.616
DEPDC1	IQGAP3	9606.ENSP00000412292	9606.ENSP00000354451	0	0	0	0	0.327	0	0	0.167	0.415
DEPDC1	EXO1	9606.ENSP00000412292	9606.ENSP00000355506	0	0	0	0	0.502	0.053	0	0.205	0.593
DEPDC1	CENPF	9606.ENSP00000412292	9606.ENSP00000355922	0	0	0	0	0.754	0	0	0.392	0.844
DEPDC1	NEK2	9606.ENSP00000412292	9606.ENSP00000355966	0	0	0	0	0.789	0	0	0.303	0.847
DEPDC1	KIF14	9606.ENSP00000412292	9606.ENSP00000356319	0	0	0	0	0.805	0	0	0.376	0.873
DEPDC1	ASPM	9606.ENSP00000412292	9606.ENSP00000356379	0	0	0	0	0.805	0	0	0.318	0.861
DEPDC1	MKI67	9606.ENSP00000412292	9606.ENSP00000357643	0	0	0	0	0.666	0	0	0.155	0.705
DEPDC1	TTK	9606.ENSP00000412292	9606.ENSP00000358813	0	0	0	0	0.806	0	0	0.660	0.931
DEPDC1	CEP55	9606.ENSP00000412292	9606.ENSP00000360540	0	0	0	0	0.799	0	0	0.417	0.877
DEPDC1	STIL	9606.ENSP00000412292	9606.ENSP00000360944	0	0	0	0	0.466	0	0	0.111	0.506
DEPDC1	RAD54L	9606.ENSP00000412292	9606.ENSP00000361043	0	0	0	0	0.343	0.059	0	0.152	0.430
DEPDC1	KIF2C	9606.ENSP00000412292	9606.ENSP00000361298	0	0	0	0	0.757	0	0	0.330	0.830
DEPDC1	CDC20	9606.ENSP00000412292	9606.ENSP00000361540	0.044	0	0	0	0.551	0	0	0.488	0.761
DEPDC1	CDCA8	9606.ENSP00000412292	9606.ENSP00000362146	0	0	0	0	0.666	0	0	0.344	0.772
DEPDC1	ZWINT	9606.ENSP00000412292	9606.ENSP00000363055	0	0	0	0	0.425	0	0	0.202	0.521
DEPDC1	KIF4A	9606.ENSP00000412292	9606.ENSP00000363524	0	0	0	0	0.702	0	0	0.348	0.797
DEPDC1	HMMR	9606.ENSP00000412292	9606.ENSP00000377492	0	0	0	0	0.781	0.049	0	0.592	0.907
DEPDC1	KIF20A	9606.ENSP00000412292	9606.ENSP00000378356	0	0	0	0	0.798	0	0	0.526	0.900
DEPDC1	CHEK1	9606.ENSP00000412292	9606.ENSP00000391090	0	0	0	0	0.355	0	0	0.201	0.463
DEPDC1	CDC45	9606.ENSP00000412292	9606.ENSP00000405726	0	0	0	0	0.390	0	0	0.091	0.422
DEPDC1	TOP2A	9606.ENSP00000412292	9606.ENSP00000411532	0	0	0	0	0.608	0	0	0.348	0.733
DEPDC1	UBE2T	9606.ENSP00000412292	9606.ENSP00000494957	0	0	0	0	0.373	0	0	0.182	0.466
DEPDC1	GTSE1	9606.ENSP00000412292	9606.ENSP00000415430	0	0	0	0	0.473	0	0	0.117	0.515
DEPDC1	KIF18B	9606.ENSP00000412292	9606.ENSP00000465992	0	0	0	0	0.348	0	0	0.399	0.592
DEPDC1	CDCA3	9606.ENSP00000412292	9606.ENSP00000442068	0	0	0	0	0.548	0	0	0.326	0.683
DEPDC1	MCM10	9606.ENSP00000412292	9606.ENSP00000418268	0	0	0	0	0.522	0	0	0.527	0.764
DEPDC1	HJURP	9606.ENSP00000412292	9606.ENSP00000414109	0	0	0	0	0.779	0	0	0.270	0.832
DEPDC1	PBK	9606.ENSP00000412292	9606.ENSP00000428489	0	0	0	0	0.785	0	0	0.328	0.849
DEPDC1	CCNA2	9606.ENSP00000412292	9606.ENSP00000481380	0	0	0	0	0.797	0	0	0.502	0.894
DEPDC1B	CDC6	9606.ENSP00000265036	9606.ENSP00000209728	0	0	0	0	0.369	0	0	0.159	0.447
DEPDC1B	NCAPH	9606.ENSP00000265036	9606.ENSP00000240423	0	0	0	0	0.450	0	0	0.484	0.704
DEPDC1B	DLGAP5	9606.ENSP00000265036	9606.ENSP00000247191	0	0	0	0	0.803	0	0	0.406	0.878
DEPDC1B	E2F8	9606.ENSP00000265036	9606.ENSP00000250024	0	0	0	0	0.541	0	0	0.137	0.587
DEPDC1B	NCAPG	9606.ENSP00000265036	9606.ENSP00000251496	0	0	0	0	0.657	0	0	0.270	0.739
DEPDC1B	CCNB1	9606.ENSP00000265036	9606.ENSP00000256442	0	0	0	0	0.822	0	0	0.164	0.845
DEPDC1B	TROAP	9606.ENSP00000265036	9606.ENSP00000257909	0	0	0	0	0.369	0	0	0.149	0.440
DEPDC1B	ESPL1	9606.ENSP00000265036	9606.ENSP00000257934	0	0	0	0	0.389	0	0	0.185	0.481
DEPDC1B	KIF11	9606.ENSP00000265036	9606.ENSP00000260731	0	0	0	0	0.812	0	0	0.195	0.842
DEPDC1B	NDC80	9606.ENSP00000265036	9606.ENSP00000261597	0	0	0	0	0.529	0	0	0.060	0.538
DEPDC1B	GINS1	9606.ENSP00000265036	9606.ENSP00000262460	0	0	0	0	0.447	0	0	0.190	0.533
DEPDC1B	SGO1	9606.ENSP00000265036	9606.ENSP00000263753	0	0	0	0	0.450	0	0	0.097	0.482
DEPDC1B	NEIL3	9606.ENSP00000265036	9606.ENSP00000264596	0	0	0	0	0.468	0	0	0.167	0.538
DEPDC1B	TICRR	9606.ENSP00000265036	9606.ENSP00000268138	0	0	0	0	0.412	0	0	0	0.412
DEPDC1B	KIF18B	9606.ENSP00000265036	9606.ENSP00000465992	0	0	0	0	0.411	0	0	0.044	0.413
DEPDC1B	CDC45	9606.ENSP00000265036	9606.ENSP00000405726	0	0	0	0	0.383	0	0	0.108	0.426
DEPDC1B	GTSE1	9606.ENSP00000265036	9606.ENSP00000415430	0	0	0	0	0.345	0	0	0.181	0.440
DEPDC1B	PLK1	9606.ENSP00000265036	9606.ENSP00000300093	0	0	0	0	0.389	0	0	0.147	0.457
DEPDC1B	STIL	9606.ENSP00000265036	9606.ENSP00000360944	0	0	0	0	0.434	0	0	0.091	0.464
DEPDC1B	CHEK1	9606.ENSP00000265036	9606.ENSP00000391090	0	0	0	0	0.446	0	0	0.085	0.471
DEPDC1B	CAV1	9606.ENSP00000265036	9606.ENSP00000339191	0	0	0	0	0.060	0.120	0.400	0.068	0.475
DEPDC1B	CDC25C	9606.ENSP00000265036	9606.ENSP00000321656	0	0	0	0	0.450	0	0	0.097	0.482
DEPDC1B	EXO1	9606.ENSP00000265036	9606.ENSP00000355506	0	0	0	0	0.474	0.053	0	0.072	0.497
DEPDC1B	FOXM1	9606.ENSP00000265036	9606.ENSP00000342307	0	0	0	0	0.411	0	0	0.198	0.508
DEPDC1B	MKI67	9606.ENSP00000265036	9606.ENSP00000357643	0	0	0	0	0.478	0	0	0.098	0.510
DEPDC1B	ERCC6L	9606.ENSP00000265036	9606.ENSP00000334675	0	0	0	0	0.464	0.059	0	0.123	0.519
DEPDC1B	HJURP	9606.ENSP00000265036	9606.ENSP00000414109	0	0	0	0	0.500	0	0	0.091	0.526
DEPDC1B	ZWINT	9606.ENSP00000265036	9606.ENSP00000363055	0	0	0	0	0.450	0	0	0.175	0.527
DEPDC1B	CENPF	9606.ENSP00000265036	9606.ENSP00000355922	0	0	0	0	0.519	0	0	0.069	0.533
DEPDC1B	CDC20	9606.ENSP00000265036	9606.ENSP00000361540	0.044	0	0	0	0.487	0	0	0.127	0.534
DEPDC1B	UBE2C	9606.ENSP00000265036	9606.ENSP00000348838	0	0	0	0	0.493	0	0	0.124	0.537
DEPDC1B	SPAG5	9606.ENSP00000265036	9606.ENSP00000323300	0	0	0	0	0.510	0.049	0	0.091	0.539
DEPDC1B	IQGAP3	9606.ENSP00000265036	9606.ENSP00000354451	0	0	0	0	0.218	0	0.400	0.122	0.552
DEPDC1B	UHRF1	9606.ENSP00000265036	9606.ENSP00000479617	0	0	0	0	0.482	0	0	0.181	0.558
DEPDC1B	CDCA5	9606.ENSP00000265036	9606.ENSP00000275517	0	0	0	0	0.534	0	0	0.092	0.559
DEPDC1B	RRM2	9606.ENSP00000265036	9606.ENSP00000353770	0	0	0	0	0.474	0	0	0.203	0.563
DEPDC1B	CDCA3	9606.ENSP00000265036	9606.ENSP00000442068	0	0	0	0	0.523	0	0	0.127	0.566
DEPDC1B	CDCA8	9606.ENSP00000265036	9606.ENSP00000362146	0	0	0	0	0.529	0	0	0.137	0.576
DEPDC1B	KIF4A	9606.ENSP00000265036	9606.ENSP00000363524	0	0	0	0	0.537	0	0	0.164	0.597
DEPDC1B	CENPA	9606.ENSP00000265036	9606.ENSP00000336868	0	0	0	0	0.563	0	0	0.116	0.597
DEPDC1B	SKA3	9606.ENSP00000265036	9606.ENSP00000319417	0	0	0	0	0.567	0	0	0.117	0.601
DEPDC1B	CCNB2	9606.ENSP00000265036	9606.ENSP00000288207	0	0	0	0	0.550	0	0	0.168	0.610
DEPDC1B	TTK	9606.ENSP00000265036	9606.ENSP00000358813	0	0	0	0	0.609	0	0	0.067	0.620
DEPDC1B	CKAP2L	9606.ENSP00000265036	9606.ENSP00000305204	0	0	0	0	0.645	0	0	0	0.645
DEPDC1B	ASPM	9606.ENSP00000265036	9606.ENSP00000356379	0	0	0	0	0.527	0	0	0.292	0.651
DEPDC1B	KIF2C	9606.ENSP00000265036	9606.ENSP00000361298	0	0	0	0	0.594	0	0	0.184	0.654
DEPDC1B	TPX2	9606.ENSP00000265036	9606.ENSP00000300403	0	0	0	0	0.649	0	0	0.067	0.659
DEPDC1B	MELK	9606.ENSP00000265036	9606.ENSP00000298048	0	0	0	0	0.662	0	0	0.052	0.666
DEPDC1B	AURKB	9606.ENSP00000265036	9606.ENSP00000313950	0	0	0	0	0.462	0	0	0.434	0.682
DEPDC1B	TOP2A	9606.ENSP00000265036	9606.ENSP00000411532	0	0	0	0	0.532	0	0	0.355	0.685
DEPDC1B	CCNA2	9606.ENSP00000265036	9606.ENSP00000481380	0	0	0	0	0.670	0	0	0.085	0.685
DEPDC1B	MCM10	9606.ENSP00000265036	9606.ENSP00000418268	0	0	0	0	0.632	0	0	0.222	0.701
DEPDC1B	UBE2T	9606.ENSP00000265036	9606.ENSP00000494957	0	0	0	0	0.466	0.292	0	0.286	0.706
DEPDC1B	BIRC5	9606.ENSP00000265036	9606.ENSP00000301633	0	0	0	0	0.528	0.292	0	0.200	0.709
DEPDC1B	NEK2	9606.ENSP00000265036	9606.ENSP00000355966	0	0	0	0	0.682	0	0	0.165	0.723
DEPDC1B	CDCA2	9606.ENSP00000265036	9606.ENSP00000328228	0	0	0	0	0.674	0	0	0.186	0.723
DEPDC1B	ANLN	9606.ENSP00000265036	9606.ENSP00000265748	0	0	0	0	0.502	0	0.400	0.200	0.740
DEPDC1B	PBK	9606.ENSP00000265036	9606.ENSP00000428489	0	0	0	0	0.599	0	0	0.380	0.741
DEPDC1B	KIF20A	9606.ENSP00000265036	9606.ENSP00000378356	0	0	0	0	0.669	0	0	0.406	0.795
DEPDC1B	BUB1B	9606.ENSP00000265036	9606.ENSP00000287598	0	0	0	0	0.797	0	0	0	0.797
DEPDC1B	DEPDC1	9606.ENSP00000265036	9606.ENSP00000412292	0	0	0.068	0.915	0.782	0	0	0.086	0.798
DEPDC1B	NUF2	9606.ENSP00000265036	9606.ENSP00000271452	0	0	0	0	0.799	0	0	0.095	0.810
DEPDC1B	HMMR	9606.ENSP00000265036	9606.ENSP00000377492	0	0	0	0	0.781	0.049	0	0.171	0.812
DEPDC1B	KIF15	9606.ENSP00000265036	9606.ENSP00000324020	0	0	0	0	0.785	0	0	0.185	0.817
DEPDC1B	KIF14	9606.ENSP00000265036	9606.ENSP00000356319	0	0	0	0	0.729	0	0	0.369	0.822
DEPDC1B	CEP55	9606.ENSP00000265036	9606.ENSP00000360540	0	0	0	0	0.789	0	0	0.249	0.834
DLGAP5	CDC6	9606.ENSP00000247191	9606.ENSP00000209728	0	0	0	0	0.765	0	0	0.408	0.855
DLGAP5	MYBL2	9606.ENSP00000247191	9606.ENSP00000217026	0	0	0	0	0.482	0	0	0.344	0.646
DLGAP5	ORC6	9606.ENSP00000247191	9606.ENSP00000219097	0	0	0	0	0.230	0	0	0.349	0.477
DLGAP5	NCAPH	9606.ENSP00000247191	9606.ENSP00000240423	0	0	0	0	0.697	0	0	0.424	0.818
DLGAP5	POLQ	9606.ENSP00000247191	9606.ENSP00000264233	0	0	0	0	0.431	0	0	0	0.431
DLGAP5	EZH2	9606.ENSP00000247191	9606.ENSP00000320147	0	0	0	0	0.361	0	0	0.181	0.455
DLGAP5	STIL	9606.ENSP00000247191	9606.ENSP00000360944	0	0	0	0	0.488	0	0	0.095	0.517
DLGAP5	GINS1	9606.ENSP00000247191	9606.ENSP00000262460	0	0	0	0	0.375	0	0	0.260	0.518
DLGAP5	ERCC6L	9606.ENSP00000247191	9606.ENSP00000334675	0	0	0	0	0.505	0.045	0	0.167	0.572
DLGAP5	TICRR	9606.ENSP00000247191	9606.ENSP00000268138	0	0	0	0	0.548	0	0	0.091	0.572
DLGAP5	IQGAP3	9606.ENSP00000247191	9606.ENSP00000354451	0	0	0	0	0.456	0.060	0	0.260	0.589
DLGAP5	UHRF1	9606.ENSP00000247191	9606.ENSP00000479617	0	0	0	0	0.514	0	0	0.247	0.618
DLGAP5	UBE2T	9606.ENSP00000247191	9606.ENSP00000494957	0	0	0	0	0.538	0.051	0	0.200	0.619
DLGAP5	CHEK1	9606.ENSP00000247191	9606.ENSP00000391090	0	0	0	0	0.571	0	0	0.227	0.654
DLGAP5	NEIL3	9606.ENSP00000247191	9606.ENSP00000264596	0	0	0	0	0.642	0	0	0.120	0.672
DLGAP5	RAD54L	9606.ENSP00000247191	9606.ENSP00000361043	0	0	0	0	0.464	0.045	0	0.428	0.682
DLGAP5	GINS2	9606.ENSP00000247191	9606.ENSP00000253462	0	0	0	0	0.445	0	0	0.517	0.720
DLGAP5	GTSE1	9606.ENSP00000247191	9606.ENSP00000415430	0	0	0	0	0.492	0	0	0.502	0.736
DLGAP5	MCM10	9606.ENSP00000247191	9606.ENSP00000418268	0	0	0	0	0.599	0	0	0.418	0.756
DLGAP5	TROAP	9606.ENSP00000247191	9606.ENSP00000257909	0	0	0.230	0	0.607	0	0	0.301	0.770
DLGAP5	EXO1	9606.ENSP00000247191	9606.ENSP00000355506	0	0	0	0	0.705	0	0	0.308	0.787
DLGAP5	E2F8	9606.ENSP00000247191	9606.ENSP00000250024	0	0	0	0	0.726	0	0	0.296	0.799
DLGAP5	SKA3	9606.ENSP00000247191	9606.ENSP00000319417	0	0	0	0	0.733	0	0	0.287	0.801
DLGAP5	PLK1	9606.ENSP00000247191	9606.ENSP00000300093	0	0	0	0	0.646	0	0	0.479	0.807
DLGAP5	KIF18B	9606.ENSP00000247191	9606.ENSP00000465992	0	0	0	0	0.607	0	0	0.556	0.818
DLGAP5	ESPL1	9606.ENSP00000247191	9606.ENSP00000257934	0	0	0	0	0.766	0	0	0.262	0.820
DLGAP5	SGO1	9606.ENSP00000247191	9606.ENSP00000263753	0	0	0	0	0.778	0	0	0.348	0.849
DLGAP5	RCC1	9606.ENSP00000247191	9606.ENSP00000497402	0	0	0	0	0.282	0.709	0	0.399	0.863
DLGAP5	FOXM1	9606.ENSP00000247191	9606.ENSP00000342307	0	0	0	0	0.787	0	0	0.424	0.872
DLGAP5	DEPDC1B	9606.ENSP00000247191	9606.ENSP00000265036	0	0	0	0	0.803	0	0	0.406	0.878
DLGAP5	DEPDC1	9606.ENSP00000247191	9606.ENSP00000412292	0	0	0	0	0.809	0	0	0.404	0.881
DLGAP5	CDC25C	9606.ENSP00000247191	9606.ENSP00000321656	0	0	0	0	0.793	0	0	0.491	0.890
DLGAP5	CKAP2L	9606.ENSP00000247191	9606.ENSP00000305204	0	0	0	0	0.733	0	0	0.632	0.897
DLGAP5	CDCA2	9606.ENSP00000247191	9606.ENSP00000328228	0	0	0	0	0.817	0	0	0.465	0.898
DLGAP5	MKI67	9606.ENSP00000247191	9606.ENSP00000357643	0	0	0	0	0.841	0	0	0.409	0.902
DLGAP5	ANLN	9606.ENSP00000247191	9606.ENSP00000265748	0	0	0	0	0.828	0	0	0.523	0.914
DLGAP5	ZWINT	9606.ENSP00000247191	9606.ENSP00000363055	0	0	0	0	0.787	0	0	0.643	0.920
DLGAP5	CDCA5	9606.ENSP00000247191	9606.ENSP00000275517	0	0	0	0	0.782	0	0	0.652	0.921
DLGAP5	CDC45	9606.ENSP00000247191	9606.ENSP00000405726	0	0	0	0	0.827	0	0	0.564	0.921
DLGAP5	SPAG5	9606.ENSP00000247191	9606.ENSP00000323300	0	0	0	0	0.872	0.072	0	0.447	0.928
DLGAP5	KIF14	9606.ENSP00000247191	9606.ENSP00000356319	0	0	0	0	0.799	0	0	0.683	0.933
DLGAP5	KIF15	9606.ENSP00000247191	9606.ENSP00000324020	0	0	0	0	0.865	0	0	0.556	0.937
DLGAP5	CENPA	9606.ENSP00000247191	9606.ENSP00000336868	0	0	0	0	0.837	0	0	0.680	0.945
DLGAP5	HJURP	9606.ENSP00000247191	9606.ENSP00000414109	0	0	0	0	0.840	0	0	0.678	0.946
DLGAP5	NCAPG	9606.ENSP00000247191	9606.ENSP00000251496	0	0	0	0	0.852	0	0	0.662	0.948
DLGAP5	RRM2	9606.ENSP00000247191	9606.ENSP00000353770	0	0	0	0	0.848	0	0	0.683	0.950
DLGAP5	AURKB	9606.ENSP00000247191	9606.ENSP00000313950	0	0	0	0	0.737	0	0	0.818	0.950
DLGAP5	CDCA3	9606.ENSP00000247191	9606.ENSP00000442068	0	0	0	0	0.902	0	0	0.521	0.951
DLGAP5	NDC80	9606.ENSP00000247191	9606.ENSP00000261597	0	0	0	0	0.929	0	0	0.418	0.957
DLGAP5	CDCA8	9606.ENSP00000247191	9606.ENSP00000362146	0	0	0	0	0.906	0	0	0.604	0.961
DLGAP5	KIF4A	9606.ENSP00000247191	9606.ENSP00000363524	0	0	0	0	0.859	0	0	0.741	0.962
DLGAP5	NEK2	9606.ENSP00000247191	9606.ENSP00000355966	0	0	0	0	0.886	0	0	0.691	0.963
DLGAP5	NUF2	9606.ENSP00000247191	9606.ENSP00000271452	0	0	0	0	0.911	0	0	0.615	0.964
DLGAP5	CCNB1	9606.ENSP00000247191	9606.ENSP00000256442	0	0	0	0	0.880	0	0	0.723	0.965
DLGAP5	BIRC5	9606.ENSP00000247191	9606.ENSP00000301633	0	0	0	0	0.907	0	0	0.661	0.967
DLGAP5	UBE2C	9606.ENSP00000247191	9606.ENSP00000348838	0	0	0	0	0.892	0.046	0	0.720	0.968
DLGAP5	CCNA2	9606.ENSP00000247191	9606.ENSP00000481380	0	0	0	0	0.917	0	0	0.655	0.970
DLGAP5	KIF20A	9606.ENSP00000247191	9606.ENSP00000378356	0	0	0	0	0.889	0	0	0.741	0.970
DLGAP5	CCNB2	9606.ENSP00000247191	9606.ENSP00000288207	0	0	0	0	0.881	0	0	0.790	0.974
DLGAP5	KIF2C	9606.ENSP00000247191	9606.ENSP00000361298	0	0	0	0	0.912	0	0	0.728	0.975
DLGAP5	CENPF	9606.ENSP00000247191	9606.ENSP00000355922	0	0	0	0	0.913	0	0	0.743	0.976
DLGAP5	TTK	9606.ENSP00000247191	9606.ENSP00000358813	0	0	0	0	0.947	0	0	0.582	0.977
DLGAP5	TPX2	9606.ENSP00000247191	9606.ENSP00000300403	0	0	0	0	0.880	0	0	0.831	0.978
DLGAP5	TOP2A	9606.ENSP00000247191	9606.ENSP00000411532	0	0	0	0	0.916	0	0	0.754	0.978
DLGAP5	PBK	9606.ENSP00000247191	9606.ENSP00000428489	0	0	0	0	0.926	0	0	0.732	0.979
DLGAP5	CDC20	9606.ENSP00000247191	9606.ENSP00000361540	0	0	0	0	0.931	0	0	0.735	0.981
DLGAP5	BUB1B	9606.ENSP00000247191	9606.ENSP00000287598	0	0	0	0	0.928	0	0	0.746	0.981
DLGAP5	MELK	9606.ENSP00000247191	9606.ENSP00000298048	0	0	0	0	0.910	0	0	0.813	0.982
DLGAP5	ASPM	9606.ENSP00000247191	9606.ENSP00000356379	0	0	0	0	0.974	0	0	0.799	0.994
DLGAP5	KIF11	9606.ENSP00000247191	9606.ENSP00000260731	0	0	0	0	0.966	0	0	0.922	0.997
DLGAP5	HMMR	9606.ENSP00000247191	9606.ENSP00000377492	0	0	0	0	0.999	0.072	0	0.594	0.999
DLGAP5	CEP55	9606.ENSP00000247191	9606.ENSP00000360540	0	0	0	0	0.999	0	0	0.755	0.999
E2F8	CDC6	9606.ENSP00000250024	9606.ENSP00000209728	0	0	0	0	0.493	0	0	0.876	0.934
E2F8	MYBL2	9606.ENSP00000250024	9606.ENSP00000217026	0	0	0	0	0.309	0.060	0	0.491	0.641
E2F8	ORC6	9606.ENSP00000250024	9606.ENSP00000219097	0	0	0	0	0.258	0	0	0.295	0.455
E2F8	NCAPH	9606.ENSP00000250024	9606.ENSP00000240423	0	0	0	0	0.308	0	0	0.251	0.460
E2F8	DLGAP5	9606.ENSP00000250024	9606.ENSP00000247191	0	0	0	0	0.726	0	0	0.296	0.799
E2F8	TICRR	9606.ENSP00000250024	9606.ENSP00000268138	0	0	0	0	0.404	0	0	0	0.404
E2F8	SGO1	9606.ENSP00000250024	9606.ENSP00000263753	0	0	0	0	0.323	0.046	0	0.172	0.419
E2F8	PLK1	9606.ENSP00000250024	9606.ENSP00000300093	0	0	0	0	0.245	0	0	0.268	0.424
E2F8	PKMYT1	9606.ENSP00000250024	9606.ENSP00000262300	0	0	0	0	0.266	0	0	0.249	0.426
E2F8	STIL	9606.ENSP00000250024	9606.ENSP00000360944	0	0	0	0	0.379	0	0	0.120	0.431
E2F8	EZH2	9606.ENSP00000250024	9606.ENSP00000320147	0	0	0	0	0.263	0	0	0.269	0.438
E2F8	GINS2	9606.ENSP00000250024	9606.ENSP00000253462	0	0	0	0	0.265	0	0	0.275	0.445
E2F8	CDC25C	9606.ENSP00000250024	9606.ENSP00000321656	0	0	0	0	0.317	0	0	0.244	0.462
E2F8	CDCA5	9606.ENSP00000250024	9606.ENSP00000275517	0	0	0	0	0.367	0	0	0.200	0.472
E2F8	RAD54L	9606.ENSP00000250024	9606.ENSP00000361043	0	0	0	0	0.417	0	0	0.183	0.503
E2F8	GTSE1	9606.ENSP00000250024	9606.ENSP00000415430	0	0	0	0	0.338	0	0	0.280	0.503
E2F8	ANLN	9606.ENSP00000250024	9606.ENSP00000265748	0	0	0	0	0.354	0	0	0.291	0.522
E2F8	NEIL3	9606.ENSP00000250024	9606.ENSP00000264596	0	0	0	0	0.484	0	0	0.129	0.531
E2F8	CDCA2	9606.ENSP00000250024	9606.ENSP00000328228	0	0	0	0	0.388	0	0	0.284	0.543
E2F8	CHEK1	9606.ENSP00000250024	9606.ENSP00000391090	0	0	0	0	0.353	0	0	0.326	0.545
E2F8	GINS1	9606.ENSP00000250024	9606.ENSP00000262460	0	0	0	0	0.432	0	0	0.280	0.574
E2F8	TPX2	9606.ENSP00000250024	9606.ENSP00000300403	0	0	0	0	0.484	0	0	0.223	0.582
E2F8	NUF2	9606.ENSP00000250024	9606.ENSP00000271452	0	0	0	0	0.477	0	0	0.234	0.582
E2F8	KIF4A	9606.ENSP00000250024	9606.ENSP00000363524	0	0	0	0	0.506	0	0	0.189	0.582
E2F8	ERCC6L	9606.ENSP00000250024	9606.ENSP00000334675	0	0	0	0	0.465	0	0	0.253	0.583
E2F8	DEPDC1B	9606.ENSP00000250024	9606.ENSP00000265036	0	0	0	0	0.541	0	0	0.137	0.587
E2F8	HMMR	9606.ENSP00000250024	9606.ENSP00000377492	0	0	0	0	0.456	0	0	0.273	0.588
E2F8	CCNB2	9606.ENSP00000250024	9606.ENSP00000288207	0	0	0	0	0.346	0	0	0.401	0.591
E2F8	KIF14	9606.ENSP00000250024	9606.ENSP00000356319	0	0	0	0	0.489	0	0	0.244	0.597
E2F8	NDC80	9606.ENSP00000250024	9606.ENSP00000261597	0	0	0	0	0.577	0	0	0.102	0.604
E2F8	PBK	9606.ENSP00000250024	9606.ENSP00000428489	0	0	0	0	0.534	0	0	0.193	0.608
E2F8	CENPA	9606.ENSP00000250024	9606.ENSP00000336868	0	0	0	0	0.490	0	0	0.265	0.609
E2F8	DEPDC1	9606.ENSP00000250024	9606.ENSP00000412292	0	0	0	0	0.497	0	0	0.280	0.623
E2F8	NCAPG	9606.ENSP00000250024	9606.ENSP00000251496	0	0	0	0	0.512	0	0	0.260	0.624
E2F8	ESPL1	9606.ENSP00000250024	9606.ENSP00000257934	0	0	0	0	0.583	0	0	0.156	0.633
E2F8	CDC45	9606.ENSP00000250024	9606.ENSP00000405726	0	0	0	0	0.462	0	0	0.348	0.634
E2F8	KIF18B	9606.ENSP00000250024	9606.ENSP00000465992	0	0	0	0	0.594	0	0	0.144	0.638
E2F8	AURKB	9606.ENSP00000250024	9606.ENSP00000313950	0	0	0	0	0.506	0	0	0.312	0.646
E2F8	BIRC5	9606.ENSP00000250024	9606.ENSP00000301633	0	0	0	0	0.507	0	0	0.313	0.647
E2F8	CDCA3	9606.ENSP00000250024	9606.ENSP00000442068	0	0	0	0	0.505	0	0	0.324	0.651
E2F8	CCNB1	9606.ENSP00000250024	9606.ENSP00000256442	0	0	0	0	0.444	0	0	0.402	0.653
E2F8	UBE2C	9606.ENSP00000250024	9606.ENSP00000348838	0	0	0	0	0.514	0	0	0.337	0.664
E2F8	ASPM	9606.ENSP00000250024	9606.ENSP00000356379	0	0	0	0	0.601	0	0	0.193	0.664
E2F8	EXO1	9606.ENSP00000250024	9606.ENSP00000355506	0	0	0	0	0.531	0	0	0.320	0.667
E2F8	CDC20	9606.ENSP00000250024	9606.ENSP00000361540	0	0	0	0	0.533	0	0	0.341	0.679
E2F8	CEP55	9606.ENSP00000250024	9606.ENSP00000360540	0	0	0	0	0.599	0	0	0.245	0.684
E2F8	UHRF1	9606.ENSP00000250024	9606.ENSP00000479617	0	0	0	0	0.548	0	0	0.348	0.692
E2F8	KIF20A	9606.ENSP00000250024	9606.ENSP00000378356	0	0	0	0	0.636	0	0	0.267	0.722
E2F8	SPAG5	9606.ENSP00000250024	9606.ENSP00000323300	0	0	0	0	0.710	0	0	0.124	0.735
E2F8	MELK	9606.ENSP00000250024	9606.ENSP00000298048	0	0	0	0	0.528	0	0	0.482	0.745
E2F8	NEK2	9606.ENSP00000250024	9606.ENSP00000355966	0	0	0	0	0.602	0	0	0.404	0.753
E2F8	ZWINT	9606.ENSP00000250024	9606.ENSP00000363055	0	0	0	0	0.639	0	0	0.378	0.766
E2F8	MCM10	9606.ENSP00000250024	9606.ENSP00000418268	0	0	0	0	0.673	0	0	0.320	0.768
E2F8	CDCA8	9606.ENSP00000250024	9606.ENSP00000362146	0	0	0	0	0.706	0	0	0.247	0.769
E2F8	FOXM1	9606.ENSP00000250024	9606.ENSP00000342307	0	0	0	0	0.609	0	0	0.435	0.770
E2F8	HJURP	9606.ENSP00000250024	9606.ENSP00000414109	0	0	0	0	0.575	0	0	0.484	0.771
E2F8	KIF2C	9606.ENSP00000250024	9606.ENSP00000361298	0	0	0	0	0.677	0	0	0.323	0.772
E2F8	MKI67	9606.ENSP00000250024	9606.ENSP00000357643	0	0	0	0	0.722	0	0	0.248	0.782
E2F8	TTK	9606.ENSP00000250024	9606.ENSP00000358813	0	0	0	0	0.661	0	0	0.395	0.786
E2F8	KIF15	9606.ENSP00000250024	9606.ENSP00000324020	0	0	0	0	0.751	0	0	0.228	0.800
E2F8	CENPF	9606.ENSP00000250024	9606.ENSP00000355922	0	0	0	0	0.587	0	0	0.542	0.803
E2F8	RRM2	9606.ENSP00000250024	9606.ENSP00000353770	0	0	0	0	0.688	0	0	0.401	0.805
E2F8	TOP2A	9606.ENSP00000250024	9606.ENSP00000411532	0	0	0	0	0.728	0	0	0.323	0.808
E2F8	CCNA2	9606.ENSP00000250024	9606.ENSP00000481380	0	0	0	0	0.660	0.057	0	0.473	0.816
E2F8	BUB1B	9606.ENSP00000250024	9606.ENSP00000287598	0	0	0	0	0.777	0	0	0.294	0.836
E2F8	KIF11	9606.ENSP00000250024	9606.ENSP00000260731	0	0	0	0	0.815	0	0	0.324	0.870
ECSCR	RAMP2	9606.ENSP00000479243	9606.ENSP00000253796	0	0	0	0	0.453	0	0	0.118	0.497
ECSCR	EMCN	9606.ENSP00000479243	9606.ENSP00000296420	0	0	0	0	0.456	0	0	0.367	0.641
ECSCR	ROBO4	9606.ENSP00000479243	9606.ENSP00000304945	0	0	0	0	0.303	0	0	0.419	0.577
ECSCR	CLEC14A	9606.ENSP00000479243	9606.ENSP00000353013	0	0	0	0	0.413	0	0	0.263	0.549
ECSCR	MMRN2	9606.ENSP00000479243	9606.ENSP00000361097	0	0	0	0	0.223	0	0	0.313	0.443
ECSCR	CDH5	9606.ENSP00000479243	9606.ENSP00000497290	0	0	0	0	0.351	0	0	0.360	0.567
EDNRB	FABP4	9606.ENSP00000366416	9606.ENSP00000256104	0	0	0	0	0.114	0	0	0.443	0.485
EDNRB	CAV1	9606.ENSP00000366416	9606.ENSP00000339191	0	0	0	0	0.068	0.294	0	0.525	0.660
EDNRB	AGER	9606.ENSP00000366416	9606.ENSP00000364210	0	0	0	0	0.106	0	0	0.410	0.449
EDNRB	PECAM1	9606.ENSP00000366416	9606.ENSP00000457421	0	0	0	0	0.115	0.091	0	0.323	0.408
EDNRB	ANGPT4	9606.ENSP00000366416	9606.ENSP00000371347	0	0	0	0	0	0	0	0.463	0.463
EDNRB	GRK5	9606.ENSP00000366416	9606.ENSP00000376609	0	0	0	0	0.049	0.097	0.500	0.112	0.567
EDNRB	FUT2	9606.ENSP00000366416	9606.ENSP00000387498	0	0	0	0	0	0	0	0.605	0.605
EEF1A2	CRABP2	9606.ENSP00000217182	9606.ENSP00000482841	0	0	0	0	0.089	0	0	0.393	0.424
EEF1A2	CDCA8	9606.ENSP00000217182	9606.ENSP00000362146	0	0	0	0	0.265	0	0	0.279	0.447
EEF1A2	CCNA2	9606.ENSP00000217182	9606.ENSP00000481380	0	0	0	0	0.073	0	0	0.430	0.449
EEF1A2	CDC45	9606.ENSP00000217182	9606.ENSP00000405726	0	0	0	0	0.108	0	0	0.421	0.462
EFNA3	EFNA4	9606.ENSP00000357393	9606.ENSP00000414378	0	0	0	0.856	0.219	0	0.400	0.169	0.576
EFNA3	TEK	9606.ENSP00000357393	9606.ENSP00000369375	0	0	0	0	0	0	0.650	0.179	0.700
EFNA3	EPHA10	9606.ENSP00000357393	9606.ENSP00000362139	0	0	0	0	0.087	0.098	0.500	0.960	0.981
EFNA4	EFNA3	9606.ENSP00000414378	9606.ENSP00000357393	0	0	0	0.856	0.219	0	0.400	0.169	0.576
EFNA4	EPHA10	9606.ENSP00000414378	9606.ENSP00000362139	0	0	0	0	0.087	0.098	0.500	0.968	0.985
EFNA4	TEK	9606.ENSP00000414378	9606.ENSP00000369375	0	0	0	0	0	0	0.650	0.141	0.686
EMCN	RAMP3	9606.ENSP00000296420	9606.ENSP00000242249	0	0	0	0	0.222	0	0	0.276	0.413
EMCN	LYVE1	9606.ENSP00000296420	9606.ENSP00000256178	0	0	0	0	0.247	0	0	0.677	0.746
EMCN	CYYR1	9606.ENSP00000296420	9606.ENSP00000299340	0	0	0	0	0.403	0	0	0.100	0.440
EMCN	CLEC14A	9606.ENSP00000296420	9606.ENSP00000353013	0	0	0	0	0.445	0	0	0.162	0.516
EMCN	MMRN2	9606.ENSP00000296420	9606.ENSP00000361097	0	0	0	0	0.516	0	0	0.134	0.563
EMCN	PTPRB	9606.ENSP00000296420	9606.ENSP00000334928	0	0	0	0	0.452	0	0	0.243	0.567
EMCN	SOX17	9606.ENSP00000296420	9606.ENSP00000297316	0	0	0	0	0.360	0	0	0.354	0.569
EMCN	CALCRL	9606.ENSP00000296420	9606.ENSP00000376177	0	0	0	0	0.492	0	0	0.235	0.594
EMCN	ECSCR	9606.ENSP00000296420	9606.ENSP00000479243	0	0	0	0	0.456	0	0	0.367	0.641
EMCN	MYCT1	9606.ENSP00000296420	9606.ENSP00000356214	0	0	0	0	0.464	0	0	0.361	0.643
EMCN	ROBO4	9606.ENSP00000296420	9606.ENSP00000304945	0	0	0	0	0.489	0	0	0.425	0.694
EMCN	TEK	9606.ENSP00000296420	9606.ENSP00000369375	0	0	0	0	0.500	0	0	0.528	0.754
EMCN	CDH5	9606.ENSP00000296420	9606.ENSP00000497290	0	0	0	0	0.480	0	0	0.605	0.786
EMCN	PECAM1	9606.ENSP00000296420	9606.ENSP00000457421	0	0	0	0	0.324	0	0	0.721	0.803
EMP2	KANK2	9606.ENSP00000352540	9606.ENSP00000468002	0	0	0	0	0.072	0	0	0.428	0.446
ENTPD8	RRM2	9606.ENSP00000360561	9606.ENSP00000353770	0	0	0	0	0	0	0.914	0	0.914
EPAS1	SALL4	9606.ENSP00000263734	9606.ENSP00000217086	0	0	0	0	0	0	0.500	0.169	0.566
EPAS1	MMP13	9606.ENSP00000263734	9606.ENSP00000260302	0	0	0	0	0.074	0	0	0.526	0.542
EPAS1	CAV1	9606.ENSP00000263734	9606.ENSP00000339191	0	0	0	0	0.143	0	0	0.328	0.400
EPAS1	SPP1	9606.ENSP00000263734	9606.ENSP00000378517	0	0	0	0	0.067	0	0	0.385	0.401
EPAS1	TFR2	9606.ENSP00000263734	9606.ENSP00000420525	0	0	0	0	0.057	0	0	0.401	0.411
EPAS1	ETV4	9606.ENSP00000263734	9606.ENSP00000321835	0	0	0	0	0.050	0.322	0	0.189	0.432
EPAS1	PECAM1	9606.ENSP00000263734	9606.ENSP00000457421	0	0	0	0	0.072	0	0	0.476	0.492
EPAS1	COL10A1	9606.ENSP00000263734	9606.ENSP00000327368	0	0	0	0	0	0	0	0.557	0.557
EPAS1	CDH5	9606.ENSP00000263734	9606.ENSP00000497290	0	0	0	0	0.265	0	0	0.425	0.560
EPAS1	TEK	9606.ENSP00000263734	9606.ENSP00000369375	0	0	0	0	0.208	0	0	0.516	0.601
EPAS1	SLC2A1	9606.ENSP00000263734	9606.ENSP00000416293	0	0	0	0	0.056	0.067	0	0.883	0.888
EPHA10	EFNA3	9606.ENSP00000362139	9606.ENSP00000357393	0	0	0	0	0.087	0.098	0.500	0.960	0.981
EPHA10	EFNA4	9606.ENSP00000362139	9606.ENSP00000414378	0	0	0	0	0.087	0.098	0.500	0.968	0.985
EPN3	TFAP2A	9606.ENSP00000268933	9606.ENSP00000501092	0	0	0	0	0.075	0	0	0.516	0.533
ERCC6L	CDC6	9606.ENSP00000334675	9606.ENSP00000209728	0	0	0	0	0.374	0.091	0	0.232	0.525
ERCC6L	MYBL2	9606.ENSP00000334675	9606.ENSP00000217026	0	0	0	0	0.251	0.058	0	0.243	0.420
ERCC6L	NCAPH	9606.ENSP00000334675	9606.ENSP00000240423	0	0	0	0	0.572	0.067	0	0.330	0.709
ERCC6L	DLGAP5	9606.ENSP00000334675	9606.ENSP00000247191	0	0	0	0	0.505	0.045	0	0.167	0.572
ERCC6L	E2F8	9606.ENSP00000334675	9606.ENSP00000250024	0	0	0	0	0.465	0	0	0.253	0.583
ERCC6L	NCAPG	9606.ENSP00000334675	9606.ENSP00000251496	0	0	0	0	0.616	0.067	0	0.271	0.716
ERCC6L	GINS2	9606.ENSP00000334675	9606.ENSP00000253462	0	0	0	0	0.361	0.046	0	0.173	0.452
ERCC6L	CCNB1	9606.ENSP00000334675	9606.ENSP00000256442	0	0	0	0	0.385	0.110	0.400	0.250	0.720
ERCC6L	ESPL1	9606.ENSP00000334675	9606.ENSP00000257934	0	0	0	0	0.252	0.067	0.500	0.387	0.757
ERCC6L	KIF11	9606.ENSP00000334675	9606.ENSP00000260731	0	0	0	0	0.555	0.068	0	0.224	0.650
ERCC6L	NDC80	9606.ENSP00000334675	9606.ENSP00000261597	0	0	0	0	0.474	0.053	0	0.240	0.588
ERCC6L	GINS1	9606.ENSP00000334675	9606.ENSP00000262460	0	0	0	0	0.401	0	0	0.275	0.548
ERCC6L	SGO1	9606.ENSP00000334675	9606.ENSP00000263753	0	0	0	0	0.470	0.071	0	0.529	0.748
ERCC6L	POLQ	9606.ENSP00000334675	9606.ENSP00000264233	0.047	0	0	0	0.444	0.060	0	0.090	0.486
ERCC6L	NEIL3	9606.ENSP00000334675	9606.ENSP00000264596	0	0	0	0	0.378	0	0	0.260	0.521
ERCC6L	DEPDC1B	9606.ENSP00000334675	9606.ENSP00000265036	0	0	0	0	0.464	0.059	0	0.123	0.519
ERCC6L	ANLN	9606.ENSP00000334675	9606.ENSP00000265748	0	0	0	0	0.289	0	0	0.263	0.454
ERCC6L	TICRR	9606.ENSP00000334675	9606.ENSP00000268138	0	0	0	0	0.480	0.047	0	0.044	0.485
ERCC6L	NUF2	9606.ENSP00000334675	9606.ENSP00000271452	0	0	0	0	0.453	0.068	0	0.546	0.748
ERCC6L	CDCA5	9606.ENSP00000334675	9606.ENSP00000275517	0	0	0	0	0.351	0	0	0.486	0.652
ERCC6L	BUB1B	9606.ENSP00000334675	9606.ENSP00000287598	0	0	0	0	0.521	0.092	0.500	0.288	0.824
ERCC6L	CCNB2	9606.ENSP00000334675	9606.ENSP00000288207	0	0	0	0	0.278	0.110	0.400	0.249	0.672
ERCC6L	MELK	9606.ENSP00000334675	9606.ENSP00000298048	0	0	0	0	0.576	0.048	0	0.299	0.692
ERCC6L	PLK1	9606.ENSP00000334675	9606.ENSP00000300093	0	0	0	0	0.332	0.858	0.800	0.948	0.998
ERCC6L	TPX2	9606.ENSP00000334675	9606.ENSP00000300403	0	0	0	0	0.510	0.045	0	0.321	0.654
ERCC6L	BIRC5	9606.ENSP00000334675	9606.ENSP00000301633	0	0	0	0	0.324	0.057	0	0.307	0.519
ERCC6L	CKAP2L	9606.ENSP00000334675	9606.ENSP00000305204	0	0	0	0	0.372	0	0	0.368	0.586
ERCC6L	RMI2	9606.ENSP00000334675	9606.ENSP00000310356	0	0	0	0	0.204	0	0	0.480	0.568
ERCC6L	AURKB	9606.ENSP00000334675	9606.ENSP00000313950	0	0	0	0	0.437	0.051	0	0.335	0.614
ERCC6L	SKA3	9606.ENSP00000334675	9606.ENSP00000319417	0	0	0	0	0.642	0.046	0	0.309	0.743
ERCC6L	CDC25C	9606.ENSP00000334675	9606.ENSP00000321656	0	0	0	0	0.421	0.067	0	0.221	0.543
ERCC6L	SPAG5	9606.ENSP00000334675	9606.ENSP00000323300	0	0	0	0	0.323	0.112	0	0.300	0.542
ERCC6L	KIF15	9606.ENSP00000334675	9606.ENSP00000324020	0	0	0	0	0.475	0.045	0	0.375	0.659
ERCC6L	CDCA2	9606.ENSP00000334675	9606.ENSP00000328228	0	0	0	0	0.462	0	0	0.134	0.515
ERCC6L	UHRF1	9606.ENSP00000334675	9606.ENSP00000479617	0	0	0	0	0.267	0.045	0	0.250	0.429
ERCC6L	UBE2T	9606.ENSP00000334675	9606.ENSP00000494957	0	0	0	0	0.276	0.101	0	0.199	0.433
ERCC6L	MKI67	9606.ENSP00000334675	9606.ENSP00000357643	0	0	0	0	0.381	0.064	0	0.182	0.485
ERCC6L	STIL	9606.ENSP00000334675	9606.ENSP00000360944	0	0	0	0	0.475	0.045	0	0.094	0.506
ERCC6L	CENPF	9606.ENSP00000334675	9606.ENSP00000355922	0	0	0	0	0.405	0	0	0.203	0.506
ERCC6L	UBE2C	9606.ENSP00000334675	9606.ENSP00000348838	0	0	0	0	0.326	0.099	0	0.266	0.516
ERCC6L	CCNA2	9606.ENSP00000334675	9606.ENSP00000481380	0	0	0	0	0.436	0	0	0.184	0.520
ERCC6L	PBK	9606.ENSP00000334675	9606.ENSP00000428489	0	0	0	0	0.461	0.059	0	0.132	0.521
ERCC6L	GTSE1	9606.ENSP00000334675	9606.ENSP00000415430	0.042	0	0	0	0.355	0.071	0	0.277	0.529
ERCC6L	CDC45	9606.ENSP00000334675	9606.ENSP00000405726	0	0	0	0	0.426	0.067	0	0.194	0.531
ERCC6L	CDCA3	9606.ENSP00000334675	9606.ENSP00000442068	0	0	0	0	0.480	0	0	0.145	0.537
ERCC6L	HMMR	9606.ENSP00000334675	9606.ENSP00000377492	0	0	0	0	0.419	0.112	0	0.189	0.545
ERCC6L	NEK2	9606.ENSP00000334675	9606.ENSP00000355966	0	0	0	0	0.405	0.066	0	0.254	0.549
ERCC6L	HJURP	9606.ENSP00000334675	9606.ENSP00000414109	0	0	0	0	0.378	0	0	0.310	0.552
ERCC6L	FOXM1	9606.ENSP00000334675	9606.ENSP00000342307	0	0	0	0	0.395	0.073	0	0.271	0.555
ERCC6L	KIF18B	9606.ENSP00000334675	9606.ENSP00000465992	0	0	0	0	0.231	0.066	0	0.433	0.558
ERCC6L	RAD54L	9606.ENSP00000334675	9606.ENSP00000361043	0	0	0.179	0.707	0.383	0.167	0	0.110	0.575
ERCC6L	KIF2C	9606.ENSP00000334675	9606.ENSP00000361298	0	0	0	0	0.449	0	0	0.304	0.601
ERCC6L	CHEK1	9606.ENSP00000334675	9606.ENSP00000391090	0	0	0	0	0.369	0.241	0	0.234	0.601
ERCC6L	CEP55	9606.ENSP00000334675	9606.ENSP00000360540	0	0	0	0	0.406	0	0	0.358	0.603
ERCC6L	ASPM	9606.ENSP00000334675	9606.ENSP00000356379	0	0	0	0	0.442	0	0	0.342	0.617
ERCC6L	KIF14	9606.ENSP00000334675	9606.ENSP00000356319	0	0	0	0	0.463	0	0	0.366	0.645
ERCC6L	DEPDC1	9606.ENSP00000334675	9606.ENSP00000412292	0	0	0	0	0.497	0.059	0	0.370	0.676
ERCC6L	KIF20A	9606.ENSP00000334675	9606.ENSP00000378356	0	0	0	0	0.470	0.070	0	0.430	0.695
ERCC6L	KIF4A	9606.ENSP00000334675	9606.ENSP00000363524	0	0	0	0	0.573	0.065	0	0.370	0.727
ERCC6L	TOP2A	9606.ENSP00000334675	9606.ENSP00000411532	0	0	0	0	0.322	0.114	0	0.593	0.734
ERCC6L	CDCA8	9606.ENSP00000334675	9606.ENSP00000362146	0	0	0	0	0.433	0.095	0	0.558	0.753
ERCC6L	CENPA	9606.ENSP00000334675	9606.ENSP00000336868	0	0	0	0	0.353	0.150	0	0.619	0.772
ERCC6L	MCM10	9606.ENSP00000334675	9606.ENSP00000418268	0	0	0	0	0.666	0.068	0	0.387	0.793
ERCC6L	TTK	9606.ENSP00000334675	9606.ENSP00000358813	0	0	0	0	0.696	0.067	0	0.368	0.805
ERCC6L	EXO1	9606.ENSP00000334675	9606.ENSP00000355506	0	0	0	0	0.799	0.143	0	0.371	0.882
ERCC6L	CDC20	9606.ENSP00000334675	9606.ENSP00000361540	0	0	0	0	0.298	0.181	0.800	0.237	0.900
ERG	LMO2	9606.ENSP00000414150	9606.ENSP00000257818	0	0	0	0	0.102	0.301	0	0.333	0.545
ERG	EZH2	9606.ENSP00000414150	9606.ENSP00000320147	0	0	0	0	0	0.422	0	0.272	0.561
ERG	CDH5	9606.ENSP00000414150	9606.ENSP00000497290	0	0	0	0	0.230	0	0	0.383	0.505
ESPL1	CDC6	9606.ENSP00000257934	9606.ENSP00000209728	0	0	0	0	0.417	0.087	0	0.750	0.855
ESPL1	MYBL2	9606.ENSP00000257934	9606.ENSP00000217026	0	0	0	0	0.488	0	0	0.350	0.653
ESPL1	ORC6	9606.ENSP00000257934	9606.ENSP00000219097	0	0	0	0	0.273	0	0	0.260	0.440
ESPL1	NCAPH	9606.ENSP00000257934	9606.ENSP00000240423	0	0	0	0	0.521	0	0	0.438	0.719
ESPL1	DLGAP5	9606.ENSP00000257934	9606.ENSP00000247191	0	0	0	0	0.766	0	0	0.262	0.820
ESPL1	E2F8	9606.ENSP00000257934	9606.ENSP00000250024	0	0	0	0	0.583	0	0	0.156	0.633
ESPL1	NCAPG	9606.ENSP00000257934	9606.ENSP00000251496	0	0	0	0	0.406	0.070	0	0.551	0.730
ESPL1	CCNB1	9606.ENSP00000257934	9606.ENSP00000256442	0	0	0	0	0.513	0.999	0	0.876	0.999
ESPL1	TROAP	9606.ENSP00000257934	9606.ENSP00000257909	0	0	0	0	0.831	0	0	0.125	0.846
ESPL1	CKAP2L	9606.ENSP00000257934	9606.ENSP00000305204	0	0	0	0	0.329	0	0	0.164	0.415
ESPL1	GINS1	9606.ENSP00000257934	9606.ENSP00000262460	0	0	0	0	0.269	0	0	0.238	0.420
ESPL1	XRCC2	9606.ENSP00000257934	9606.ENSP00000352271	0	0	0	0	0.097	0	0	0.396	0.431
ESPL1	ARHGAP6	9606.ENSP00000257934	9606.ENSP00000338967	0	0	0	0	0.399	0	0	0.102	0.437
ESPL1	SKA3	9606.ENSP00000257934	9606.ENSP00000319417	0	0	0	0	0.328	0	0	0.200	0.439
ESPL1	POLQ	9606.ENSP00000257934	9606.ENSP00000264233	0	0	0	0	0.441	0	0	0	0.441
ESPL1	DEPDC1B	9606.ENSP00000257934	9606.ENSP00000265036	0	0	0	0	0.389	0	0	0.185	0.481
ESPL1	GTSE1	9606.ENSP00000257934	9606.ENSP00000415430	0	0	0	0	0.393	0	0	0.248	0.524
ESPL1	UHRF1	9606.ENSP00000257934	9606.ENSP00000479617	0	0	0	0	0.480	0	0	0.172	0.551
ESPL1	RECQL4	9606.ENSP00000257934	9606.ENSP00000482313	0	0	0	0	0.465	0	0	0.200	0.554
ESPL1	ANLN	9606.ENSP00000257934	9606.ENSP00000265748	0	0	0	0	0.231	0	0	0.457	0.564
ESPL1	RAD54L	9606.ENSP00000257934	9606.ENSP00000361043	0	0	0	0	0.455	0.067	0	0.228	0.574
ESPL1	PBK	9606.ENSP00000257934	9606.ENSP00000428489	0	0	0	0	0.527	0	0	0.182	0.597
ESPL1	CDCA2	9606.ENSP00000257934	9606.ENSP00000328228	0	0	0	0	0.509	0	0	0.247	0.615
ESPL1	CDC25C	9606.ENSP00000257934	9606.ENSP00000321656	0	0	0	0	0.381	0.075	0	0.386	0.618
ESPL1	CDC45	9606.ENSP00000257934	9606.ENSP00000405726	0	0	0	0	0.416	0	0	0.377	0.621
ESPL1	STIL	9606.ENSP00000257934	9606.ENSP00000360944	0	0	0	0	0.433	0	0	0.361	0.622
ESPL1	TICRR	9606.ENSP00000257934	9606.ENSP00000268138	0	0	0	0	0.601	0	0	0.104	0.627
ESPL1	RRM2	9606.ENSP00000257934	9606.ENSP00000353770	0	0	0	0	0.471	0	0	0.328	0.629
ESPL1	PKMYT1	9606.ENSP00000257934	9606.ENSP00000262300	0	0	0	0	0.364	0	0	0.470	0.649
ESPL1	MELK	9606.ENSP00000257934	9606.ENSP00000298048	0	0	0	0	0.546	0.064	0	0.262	0.659
ESPL1	DEPDC1	9606.ENSP00000257934	9606.ENSP00000412292	0	0	0	0	0.376	0	0	0.484	0.664
ESPL1	KIF14	9606.ENSP00000257934	9606.ENSP00000356319	0	0	0	0	0.451	0	0	0.458	0.690
ESPL1	HMMR	9606.ENSP00000257934	9606.ENSP00000377492	0	0	0	0	0.440	0	0	0.475	0.693
ESPL1	MCM10	9606.ENSP00000257934	9606.ENSP00000418268	0	0	0	0	0.463	0	0	0.498	0.719
ESPL1	CDCA3	9606.ENSP00000257934	9606.ENSP00000442068	0	0	0	0	0.667	0	0	0.189	0.719
ESPL1	IQGAP3	9606.ENSP00000257934	9606.ENSP00000354451	0	0	0	0	0.688	0	0	0.152	0.724
ESPL1	CEP55	9606.ENSP00000257934	9606.ENSP00000360540	0	0	0	0	0.578	0	0	0.417	0.743
ESPL1	EXO1	9606.ENSP00000257934	9606.ENSP00000355506	0	0	0	0	0.494	0	0	0.534	0.754
ESPL1	ERCC6L	9606.ENSP00000257934	9606.ENSP00000334675	0	0	0	0	0.252	0.067	0.500	0.387	0.757
ESPL1	KIF15	9606.ENSP00000257934	9606.ENSP00000324020	0	0	0	0	0.636	0	0	0.367	0.760
ESPL1	CHEK1	9606.ENSP00000257934	9606.ENSP00000391090	0	0	0	0	0.247	0	0	0.714	0.776
ESPL1	KIF4A	9606.ENSP00000257934	9606.ENSP00000363524	0	0	0	0	0.630	0	0	0.422	0.777
ESPL1	CCNB2	9606.ENSP00000257934	9606.ENSP00000288207	0	0	0	0	0.509	0.114	0	0.565	0.794
ESPL1	TPX2	9606.ENSP00000257934	9606.ENSP00000300403	0	0	0	0	0.563	0	0	0.584	0.810
ESPL1	NUF2	9606.ENSP00000257934	9606.ENSP00000271452	0	0	0	0	0.455	0	0.500	0.463	0.841
ESPL1	HJURP	9606.ENSP00000257934	9606.ENSP00000414109	0	0	0	0	0.776	0	0	0.339	0.845
ESPL1	ZWINT	9606.ENSP00000257934	9606.ENSP00000363055	0	0	0	0	0.349	0	0.500	0.566	0.846
ESPL1	KIF18B	9606.ENSP00000257934	9606.ENSP00000465992	0	0	0	0	0.797	0	0	0.292	0.850
ESPL1	NEK2	9606.ENSP00000257934	9606.ENSP00000355966	0	0	0	0	0.709	0	0	0.507	0.850
ESPL1	CCNA2	9606.ENSP00000257934	9606.ENSP00000481380	0	0	0	0	0.643	0	0	0.610	0.855
ESPL1	MKI67	9606.ENSP00000257934	9606.ENSP00000357643	0	0	0	0	0.810	0	0	0.273	0.856
ESPL1	ASPM	9606.ENSP00000257934	9606.ENSP00000356379	0	0	0	0	0.759	0.087	0	0.401	0.857
ESPL1	CENPA	9606.ENSP00000257934	9606.ENSP00000336868	0	0	0	0	0.572	0.069	0.500	0.513	0.890
ESPL1	KIF20A	9606.ENSP00000257934	9606.ENSP00000378356	0	0	0	0	0.831	0	0	0.411	0.896
ESPL1	TOP2A	9606.ENSP00000257934	9606.ENSP00000411532	0	0	0	0	0.781	0.133	0	0.560	0.909
ESPL1	BIRC5	9606.ENSP00000257934	9606.ENSP00000301633	0	0	0	0	0.745	0	0.500	0.404	0.917
ESPL1	SPAG5	9606.ENSP00000257934	9606.ENSP00000323300	0	0	0	0	0.847	0	0	0.514	0.922
ESPL1	FOXM1	9606.ENSP00000257934	9606.ENSP00000342307	0	0	0	0	0.829	0	0	0.570	0.923
ESPL1	NDC80	9606.ENSP00000257934	9606.ENSP00000261597	0	0	0	0	0.666	0	0.500	0.588	0.925
ESPL1	CENPF	9606.ENSP00000257934	9606.ENSP00000355922	0	0	0	0	0.755	0	0.500	0.443	0.926
ESPL1	UBE2C	9606.ENSP00000257934	9606.ENSP00000348838	0	0	0	0	0.733	0	0.500	0.499	0.927
ESPL1	CDCA5	9606.ENSP00000257934	9606.ENSP00000275517	0	0	0	0	0.552	0	0.500	0.714	0.930
ESPL1	KIF2C	9606.ENSP00000257934	9606.ENSP00000361298	0	0	0	0	0.753	0.164	0.500	0.484	0.939
ESPL1	TTK	9606.ENSP00000257934	9606.ENSP00000358813	0	0	0	0	0.772	0.421	0	0.615	0.945
ESPL1	KIF11	9606.ENSP00000257934	9606.ENSP00000260731	0	0	0.231	0	0.823	0.088	0	0.625	0.947
ESPL1	CDCA8	9606.ENSP00000257934	9606.ENSP00000362146	0	0	0	0	0.838	0	0.500	0.687	0.972
ESPL1	SGO1	9606.ENSP00000257934	9606.ENSP00000263753	0	0	0	0	0.589	0	0.500	0.893	0.976
ESPL1	AURKB	9606.ENSP00000257934	9606.ENSP00000313950	0	0	0	0	0.608	0	0.500	0.932	0.985
ESPL1	CDC20	9606.ENSP00000257934	9606.ENSP00000361540	0	0	0	0	0.733	0.095	0.500	0.918	0.988
ESPL1	BUB1B	9606.ENSP00000257934	9606.ENSP00000287598	0	0	0	0	0.869	0	0.500	0.847	0.989
ESPL1	PLK1	9606.ENSP00000257934	9606.ENSP00000300093	0	0	0	0	0.741	0.746	0.500	0.853	0.994
ETV4	EPAS1	9606.ENSP00000321835	9606.ENSP00000263734	0	0	0	0	0.050	0.322	0	0.189	0.432
ETV4	SPINK1	9606.ENSP00000321835	9606.ENSP00000296695	0	0	0	0	0.050	0	0	0.404	0.409
EXO1	CDC6	9606.ENSP00000355506	9606.ENSP00000209728	0	0	0	0	0.929	0	0	0.538	0.966
EXO1	MYBL2	9606.ENSP00000355506	9606.ENSP00000217026	0	0	0	0	0.525	0	0	0.259	0.633
EXO1	ORC6	9606.ENSP00000355506	9606.ENSP00000219097	0	0	0	0	0.370	0	0	0.261	0.515
EXO1	NCAPH	9606.ENSP00000355506	9606.ENSP00000240423	0	0	0	0	0.565	0.070	0	0.335	0.707
EXO1	DLGAP5	9606.ENSP00000355506	9606.ENSP00000247191	0	0	0	0	0.705	0	0	0.308	0.787
EXO1	E2F8	9606.ENSP00000355506	9606.ENSP00000250024	0	0	0	0	0.531	0	0	0.320	0.667
EXO1	NCAPG	9606.ENSP00000355506	9606.ENSP00000251496	0	0	0	0	0.629	0	0	0.320	0.737
EXO1	GINS2	9606.ENSP00000355506	9606.ENSP00000253462	0	0	0	0	0.428	0	0	0.331	0.601
EXO1	CCNB1	9606.ENSP00000355506	9606.ENSP00000256442	0	0	0	0	0.521	0.328	0	0.350	0.773
EXO1	ESPL1	9606.ENSP00000355506	9606.ENSP00000257934	0	0	0	0	0.494	0	0	0.534	0.754
EXO1	BRIP1	9606.ENSP00000355506	9606.ENSP00000259008	0	0	0	0	0.400	0.101	0.500	0.664	0.897
EXO1	KIF11	9606.ENSP00000355506	9606.ENSP00000260731	0	0	0	0	0.699	0.063	0	0.255	0.772
EXO1	NDC80	9606.ENSP00000355506	9606.ENSP00000261597	0	0	0	0	0.640	0	0	0.255	0.720
EXO1	PKMYT1	9606.ENSP00000355506	9606.ENSP00000262300	0	0	0	0	0.362	0.065	0	0.274	0.529
EXO1	GINS1	9606.ENSP00000355506	9606.ENSP00000262460	0	0	0	0	0.462	0	0	0.179	0.539
EXO1	SGO1	9606.ENSP00000355506	9606.ENSP00000263753	0	0	0	0	0.523	0	0	0.181	0.593
EXO1	POLQ	9606.ENSP00000355506	9606.ENSP00000264233	0.059	0	0	0	0.494	0	0	0.625	0.805
EXO1	NEIL3	9606.ENSP00000355506	9606.ENSP00000264596	0.102	0	0	0	0.651	0	0	0.560	0.850
EXO1	DEPDC1B	9606.ENSP00000355506	9606.ENSP00000265036	0	0	0	0	0.474	0.053	0	0.072	0.497
EXO1	ANLN	9606.ENSP00000355506	9606.ENSP00000265748	0	0	0	0	0.487	0	0	0.541	0.754
EXO1	TICRR	9606.ENSP00000355506	9606.ENSP00000268138	0.042	0	0	0	0.673	0.053	0	0.347	0.781
EXO1	NUF2	9606.ENSP00000355506	9606.ENSP00000271452	0	0	0	0	0.862	0	0	0.300	0.899
EXO1	CDCA5	9606.ENSP00000355506	9606.ENSP00000275517	0	0	0	0	0.564	0	0	0.258	0.663
EXO1	BUB1B	9606.ENSP00000355506	9606.ENSP00000287598	0	0	0	0	0.561	0.073	0	0.564	0.807
EXO1	CCNB2	9606.ENSP00000355506	9606.ENSP00000288207	0	0	0	0	0.523	0.091	0	0.456	0.744
EXO1	MELK	9606.ENSP00000355506	9606.ENSP00000298048	0	0	0	0	0.849	0	0	0.363	0.900
EXO1	PLK1	9606.ENSP00000355506	9606.ENSP00000300093	0	0	0	0	0.479	0.091	0	0.568	0.777
EXO1	TPX2	9606.ENSP00000355506	9606.ENSP00000300403	0	0	0	0	0.614	0	0	0.522	0.807
EXO1	BIRC5	9606.ENSP00000355506	9606.ENSP00000301633	0	0	0	0	0.604	0.070	0	0.560	0.823
EXO1	CKAP2L	9606.ENSP00000355506	9606.ENSP00000305204	0	0	0	0	0.429	0	0	0.237	0.545
EXO1	RMI2	9606.ENSP00000355506	9606.ENSP00000310356	0	0	0.214	0	0.364	0	0.500	0.601	0.887
EXO1	AURKB	9606.ENSP00000355506	9606.ENSP00000313950	0	0	0	0	0.554	0	0	0.564	0.797
EXO1	SKA3	9606.ENSP00000355506	9606.ENSP00000319417	0	0	0	0	0.771	0	0	0.161	0.800
EXO1	EZH2	9606.ENSP00000355506	9606.ENSP00000320147	0	0	0	0	0.341	0	0	0.232	0.472
EXO1	CDC25C	9606.ENSP00000355506	9606.ENSP00000321656	0	0	0	0	0.480	0	0	0.304	0.622
EXO1	SPAG5	9606.ENSP00000355506	9606.ENSP00000323300	0	0	0	0	0.483	0.060	0	0.240	0.598
EXO1	KIF15	9606.ENSP00000355506	9606.ENSP00000324020	0	0	0	0	0.677	0	0	0.199	0.730
EXO1	CDCA2	9606.ENSP00000355506	9606.ENSP00000328228	0	0	0	0	0.503	0	0	0.224	0.598
EXO1	ERCC6L	9606.ENSP00000355506	9606.ENSP00000334675	0	0	0	0	0.799	0.143	0	0.371	0.882
EXO1	CENPA	9606.ENSP00000355506	9606.ENSP00000336868	0	0	0	0	0.464	0.065	0	0.541	0.750
EXO1	FOXM1	9606.ENSP00000355506	9606.ENSP00000342307	0	0	0	0	0.497	0	0	0.529	0.753
EXO1	UBE2C	9606.ENSP00000355506	9606.ENSP00000348838	0	0	0	0	0.576	0.068	0	0.290	0.695
EXO1	XRCC2	9606.ENSP00000355506	9606.ENSP00000352271	0	0	0	0	0.122	0	0.500	0.599	0.809
EXO1	RRM2	9606.ENSP00000355506	9606.ENSP00000353770	0	0	0	0	0.600	0.071	0	0.475	0.788
EXO1	STIL	9606.ENSP00000355506	9606.ENSP00000360944	0	0	0	0	0.392	0	0	0.071	0.411
EXO1	KIF18B	9606.ENSP00000355506	9606.ENSP00000465992	0	0	0	0	0.268	0	0	0.265	0.439
EXO1	UHRF1	9606.ENSP00000355506	9606.ENSP00000479617	0	0	0	0	0.418	0	0	0.256	0.549
EXO1	PAICS	9606.ENSP00000355506	9606.ENSP00000382595	0	0	0	0	0.247	0	0	0.451	0.569
EXO1	DEPDC1	9606.ENSP00000355506	9606.ENSP00000412292	0	0	0	0	0.502	0.053	0	0.205	0.593
EXO1	HMMR	9606.ENSP00000355506	9606.ENSP00000377492	0	0	0	0	0.476	0.060	0	0.243	0.595
EXO1	GTSE1	9606.ENSP00000355506	9606.ENSP00000415430	0	0	0	0	0.468	0	0	0.290	0.606
EXO1	NEK2	9606.ENSP00000355506	9606.ENSP00000355966	0	0	0	0	0.478	0	0	0.288	0.612
EXO1	CEP55	9606.ENSP00000355506	9606.ENSP00000360540	0	0	0	0	0.499	0	0	0.310	0.639
EXO1	CDCA8	9606.ENSP00000355506	9606.ENSP00000362146	0.055	0	0	0	0.514	0	0	0.315	0.658
EXO1	KIF20A	9606.ENSP00000355506	9606.ENSP00000378356	0	0	0	0	0.537	0	0	0.303	0.664
EXO1	KIF4A	9606.ENSP00000355506	9606.ENSP00000363524	0	0	0	0	0.575	0	0	0.248	0.666
EXO1	UBE2T	9606.ENSP00000355506	9606.ENSP00000494957	0	0	0	0	0.461	0.068	0	0.395	0.669
EXO1	CDCA3	9606.ENSP00000355506	9606.ENSP00000442068	0	0	0	0	0.580	0	0	0.247	0.671
EXO1	MKI67	9606.ENSP00000355506	9606.ENSP00000357643	0	0	0	0	0.583	0	0	0.260	0.678
EXO1	KIF14	9606.ENSP00000355506	9606.ENSP00000356319	0	0	0	0	0.644	0	0	0.231	0.714
EXO1	ZWINT	9606.ENSP00000355506	9606.ENSP00000363055	0	0	0	0	0.459	0	0	0.511	0.724
EXO1	HJURP	9606.ENSP00000355506	9606.ENSP00000414109	0	0	0	0	0.513	0	0	0.501	0.746
EXO1	KIF2C	9606.ENSP00000355506	9606.ENSP00000361298	0	0	0	0	0.560	0	0	0.485	0.764
EXO1	PBK	9606.ENSP00000355506	9606.ENSP00000428489	0	0	0	0	0.716	0.060	0	0.219	0.773
EXO1	CDC20	9606.ENSP00000355506	9606.ENSP00000361540	0.042	0	0	0	0.559	0.045	0	0.555	0.796
EXO1	TOP2A	9606.ENSP00000355506	9606.ENSP00000411532	0.058	0	0	0	0.591	0	0	0.515	0.797
EXO1	RAD54L	9606.ENSP00000355506	9606.ENSP00000361043	0	0	0	0	0.567	0.098	0	0.604	0.832
EXO1	ASPM	9606.ENSP00000355506	9606.ENSP00000356379	0	0	0	0	0.792	0	0	0.295	0.848
EXO1	CCNA2	9606.ENSP00000355506	9606.ENSP00000481380	0	0	0	0	0.733	0.324	0	0.382	0.879
EXO1	TTK	9606.ENSP00000355506	9606.ENSP00000358813	0	0	0	0	0.833	0	0	0.402	0.896
EXO1	CENPF	9606.ENSP00000355506	9606.ENSP00000355922	0	0	0	0	0.788	0	0	0.549	0.900
EXO1	MCM10	9606.ENSP00000355506	9606.ENSP00000418268	0	0	0	0	0.874	0	0	0.653	0.954
EXO1	CDC45	9606.ENSP00000355506	9606.ENSP00000405726	0	0	0	0	0.900	0	0	0.645	0.963
EXO1	CHEK1	9606.ENSP00000355506	9606.ENSP00000391090	0	0	0	0	0.645	0.157	0.500	0.845	0.973
EXO1	RECQL4	9606.ENSP00000355506	9606.ENSP00000482313	0.050	0	0	0	0.666	0.763	0	0.782	0.981
EZH2	CDC6	9606.ENSP00000320147	9606.ENSP00000209728	0	0	0	0	0.277	0.063	0	0.312	0.494
EZH2	MYBL2	9606.ENSP00000320147	9606.ENSP00000217026	0	0	0	0	0.241	0.219	0	0.329	0.568
EZH2	SALL4	9606.ENSP00000320147	9606.ENSP00000217086	0	0	0	0	0.105	0.054	0.500	0.349	0.688
EZH2	ORC6	9606.ENSP00000320147	9606.ENSP00000219097	0	0	0	0	0.229	0	0	0.408	0.524
EZH2	NCAPH	9606.ENSP00000320147	9606.ENSP00000240423	0	0	0	0	0.321	0	0	0.431	0.597
EZH2	DLGAP5	9606.ENSP00000320147	9606.ENSP00000247191	0	0	0	0	0.361	0	0	0.181	0.455
EZH2	E2F8	9606.ENSP00000320147	9606.ENSP00000250024	0	0	0	0	0.263	0	0	0.269	0.438
EZH2	NCAPG	9606.ENSP00000320147	9606.ENSP00000251496	0	0	0	0	0.424	0	0	0.175	0.505
EZH2	CCNB1	9606.ENSP00000320147	9606.ENSP00000256442	0	0	0	0	0.336	0.045	0	0.413	0.595
EZH2	KIF11	9606.ENSP00000320147	9606.ENSP00000260731	0	0	0	0	0.500	0.045	0	0.191	0.580
EZH2	NDC80	9606.ENSP00000320147	9606.ENSP00000261597	0	0	0	0	0.378	0	0	0.108	0.421
EZH2	PKMYT1	9606.ENSP00000320147	9606.ENSP00000262300	0	0	0	0	0.194	0	0	0.454	0.541
EZH2	FOXF1	9606.ENSP00000320147	9606.ENSP00000262426	0	0	0	0	0.055	0.069	0	0.509	0.530
EZH2	GINS1	9606.ENSP00000320147	9606.ENSP00000262460	0	0	0	0	0.309	0.064	0	0.148	0.401
EZH2	NUF2	9606.ENSP00000320147	9606.ENSP00000271452	0	0	0	0	0.405	0.048	0	0.157	0.481
EZH2	BUB1B	9606.ENSP00000320147	9606.ENSP00000287598	0	0	0	0	0.395	0.053	0	0.281	0.552
EZH2	CCNB2	9606.ENSP00000320147	9606.ENSP00000288207	0	0	0	0	0.347	0.045	0	0.305	0.529
EZH2	SOX17	9606.ENSP00000320147	9606.ENSP00000297316	0	0	0	0	0	0.301	0	0.323	0.506
EZH2	MELK	9606.ENSP00000320147	9606.ENSP00000298048	0	0	0	0	0.475	0.295	0	0.348	0.738
EZH2	PLK1	9606.ENSP00000320147	9606.ENSP00000300093	0	0	0	0	0.203	0.061	0	0.396	0.508
EZH2	TPX2	9606.ENSP00000320147	9606.ENSP00000300403	0	0	0	0	0.378	0	0	0.213	0.490
EZH2	BIRC5	9606.ENSP00000320147	9606.ENSP00000301633	0	0	0	0	0.356	0.051	0	0.349	0.567
EZH2	AURKB	9606.ENSP00000320147	9606.ENSP00000313950	0	0	0	0	0.262	0.102	0	0.568	0.689
EZH2	KIF4A	9606.ENSP00000320147	9606.ENSP00000363524	0	0	0	0	0.335	0	0	0.172	0.426
EZH2	ASPM	9606.ENSP00000320147	9606.ENSP00000356379	0	0	0	0	0.353	0	0	0.167	0.438
EZH2	KIF20A	9606.ENSP00000320147	9606.ENSP00000378356	0	0	0	0	0.346	0	0	0.177	0.439
EZH2	KIF2C	9606.ENSP00000320147	9606.ENSP00000361298	0	0	0	0	0.347	0	0	0.191	0.449
EZH2	KIF15	9606.ENSP00000320147	9606.ENSP00000324020	0	0	0	0	0.350	0.103	0	0.145	0.458
EZH2	CEP55	9606.ENSP00000320147	9606.ENSP00000360540	0	0	0	0	0.354	0	0	0.203	0.463
EZH2	RAD54L	9606.ENSP00000320147	9606.ENSP00000361043	0	0	0	0	0.328	0.112	0	0.181	0.469
EZH2	EXO1	9606.ENSP00000320147	9606.ENSP00000355506	0	0	0	0	0.341	0	0	0.232	0.472
EZH2	SPAG5	9606.ENSP00000320147	9606.ENSP00000323300	0	0	0	0	0.372	0.106	0	0.141	0.476
EZH2	TTK	9606.ENSP00000320147	9606.ENSP00000358813	0	0	0	0	0.371	0	0	0.208	0.481
EZH2	CDC45	9606.ENSP00000320147	9606.ENSP00000405726	0	0	0	0	0.380	0.060	0	0.198	0.492
EZH2	HMMR	9606.ENSP00000320147	9606.ENSP00000377492	0	0	0	0	0.327	0.106	0	0.225	0.493
EZH2	PBK	9606.ENSP00000320147	9606.ENSP00000428489	0	0	0	0	0.324	0.077	0	0.267	0.503
EZH2	CDC20	9606.ENSP00000320147	9606.ENSP00000361540	0	0	0	0	0.300	0.092	0	0.286	0.507
EZH2	CENPF	9606.ENSP00000320147	9606.ENSP00000355922	0	0	0	0	0.345	0.051	0	0.278	0.512
EZH2	ZWINT	9606.ENSP00000320147	9606.ENSP00000363055	0	0	0	0	0.444	0	0	0.167	0.517
EZH2	CDCA8	9606.ENSP00000320147	9606.ENSP00000362146	0	0	0	0	0.361	0.154	0	0.212	0.537
EZH2	SRPK1	9606.ENSP00000320147	9606.ENSP00000362931	0	0	0	0	0.140	0	0	0.492	0.544
EZH2	UBE2C	9606.ENSP00000320147	9606.ENSP00000348838	0	0	0	0	0.360	0.070	0	0.304	0.550
EZH2	ERG	9606.ENSP00000320147	9606.ENSP00000414150	0	0	0	0	0	0.422	0	0.272	0.561
EZH2	CHEK1	9606.ENSP00000320147	9606.ENSP00000391090	0	0	0	0	0.346	0	0	0.396	0.588
EZH2	CENPA	9606.ENSP00000320147	9606.ENSP00000336868	0	0	0	0	0.218	0.267	0	0.339	0.588
EZH2	NEK2	9606.ENSP00000320147	9606.ENSP00000355966	0	0	0	0	0.209	0	0	0.510	0.596
EZH2	PRAME	9606.ENSP00000320147	9606.ENSP00000445675	0	0	0	0	0.133	0	0	0.565	0.607
EZH2	MKI67	9606.ENSP00000320147	9606.ENSP00000357643	0	0	0	0	0.356	0.174	0	0.341	0.619
EZH2	TOP2A	9606.ENSP00000320147	9606.ENSP00000411532	0	0	0	0	0.428	0	0	0.373	0.626
EZH2	CCNA2	9606.ENSP00000320147	9606.ENSP00000481380	0	0	0	0	0.408	0	0	0.431	0.649
EZH2	RRM2	9606.ENSP00000320147	9606.ENSP00000353770	0	0	0	0	0.502	0.091	0	0.290	0.650
EZH2	FOXM1	9606.ENSP00000320147	9606.ENSP00000342307	0	0	0	0	0.345	0.312	0	0.547	0.778
EZH2	UHRF1	9606.ENSP00000320147	9606.ENSP00000479617	0	0	0	0	0.301	0.302	0	0.642	0.810
FABP4	AGER	9606.ENSP00000256104	9606.ENSP00000364210	0	0	0	0	0.058	0	0	0.457	0.466
FABP4	EDNRB	9606.ENSP00000256104	9606.ENSP00000366416	0	0	0	0	0.114	0	0	0.443	0.485
FABP4	SPP1	9606.ENSP00000256104	9606.ENSP00000378517	0	0	0	0	0.060	0	0	0.480	0.490
FABP4	PECAM1	9606.ENSP00000256104	9606.ENSP00000457421	0	0	0	0	0.178	0	0	0.447	0.526
FCN3	CD93	9606.ENSP00000270879	9606.ENSP00000246006	0	0	0	0	0.080	0.069	0	0.473	0.509
FCN3	CTHRC1	9606.ENSP00000270879	9606.ENSP00000330523	0	0	0	0	0	0	0	0.412	0.412
FCN3	CDH5	9606.ENSP00000270879	9606.ENSP00000497290	0	0	0	0	0.246	0.044	0	0.312	0.461
FCN3	TMEM100	9606.ENSP00000270879	9606.ENSP00000465638	0	0	0	0	0.121	0	0	0.496	0.538
FCN3	CLEC3B	9606.ENSP00000270879	9606.ENSP00000296130	0	0	0	0	0.087	0.094	0	0.534	0.580
FGD5	PTPRB	9606.ENSP00000285046	9606.ENSP00000334928	0	0	0	0	0.177	0	0	0.303	0.402
FGD5	TEK	9606.ENSP00000285046	9606.ENSP00000369375	0	0	0	0	0.326	0	0	0.292	0.502
FGD5	ARHGEF15	9606.ENSP00000285046	9606.ENSP00000355026	0	0	0	0	0.283	0	0	0.504	0.629
FGL1	TEDC2	9606.ENSP00000381133	9606.ENSP00000355022	0	0	0	0	0.084	0.525	0	0	0.546
FMO2	CDCA8	9606.ENSP00000209929	9606.ENSP00000362146	0	0	0	0	0.074	0.312	0	0.150	0.411
FOXF1	AURKB	9606.ENSP00000262426	9606.ENSP00000313950	0	0	0	0	0.055	0.051	0	0.386	0.401
FOXF1	PITX2	9606.ENSP00000262426	9606.ENSP00000495061	0	0	0	0	0.061	0.052	0	0.460	0.477
FOXF1	SOX17	9606.ENSP00000262426	9606.ENSP00000297316	0	0	0	0	0.075	0.061	0	0.470	0.499
FOXF1	EZH2	9606.ENSP00000262426	9606.ENSP00000320147	0	0	0	0	0.055	0.069	0	0.509	0.530
FOXF1	PECAM1	9606.ENSP00000262426	9606.ENSP00000457421	0	0	0	0	0.048	0.067	0	0.527	0.543
FOXM1	CDC6	9606.ENSP00000342307	9606.ENSP00000209728	0	0	0	0	0.452	0	0	0.400	0.657
FOXM1	MYBL2	9606.ENSP00000342307	9606.ENSP00000217026	0	0	0	0	0.523	0.187	0.800	0.980	0.998
FOXM1	ORC6	9606.ENSP00000342307	9606.ENSP00000219097	0	0	0	0	0.183	0	0	0.304	0.407
FOXM1	NCAPH	9606.ENSP00000342307	9606.ENSP00000240423	0	0	0	0	0.519	0	0	0.292	0.645
FOXM1	DLGAP5	9606.ENSP00000342307	9606.ENSP00000247191	0	0	0	0	0.787	0	0	0.424	0.872
FOXM1	E2F8	9606.ENSP00000342307	9606.ENSP00000250024	0	0	0	0	0.609	0	0	0.435	0.770
FOXM1	NCAPG	9606.ENSP00000342307	9606.ENSP00000251496	0	0	0	0	0.658	0.070	0	0.597	0.860
FOXM1	GINS2	9606.ENSP00000342307	9606.ENSP00000253462	0	0	0	0	0.322	0	0	0.171	0.414
FOXM1	CCNB1	9606.ENSP00000342307	9606.ENSP00000256442	0	0	0	0	0.683	0.535	0.500	0.863	0.988
FOXM1	TROAP	9606.ENSP00000342307	9606.ENSP00000257909	0	0	0	0	0.810	0	0	0.128	0.828
FOXM1	ESPL1	9606.ENSP00000342307	9606.ENSP00000257934	0	0	0	0	0.829	0	0	0.570	0.923
FOXM1	KIF11	9606.ENSP00000342307	9606.ENSP00000260731	0	0	0	0	0.818	0.054	0	0.649	0.934
FOXM1	NDC80	9606.ENSP00000342307	9606.ENSP00000261597	0	0	0	0	0.636	0.066	0	0.181	0.698
FOXM1	PKMYT1	9606.ENSP00000342307	9606.ENSP00000262300	0	0	0	0	0.445	0.094	0	0.251	0.590
FOXM1	GINS1	9606.ENSP00000342307	9606.ENSP00000262460	0	0	0	0	0.445	0	0	0.432	0.671
FOXM1	SGO1	9606.ENSP00000342307	9606.ENSP00000263753	0	0	0	0	0.448	0.054	0	0.184	0.537
FOXM1	POLQ	9606.ENSP00000342307	9606.ENSP00000264233	0	0	0	0	0.401	0	0	0.077	0.424
FOXM1	NEIL3	9606.ENSP00000342307	9606.ENSP00000264596	0	0	0	0	0.380	0	0	0.093	0.414
FOXM1	DEPDC1B	9606.ENSP00000342307	9606.ENSP00000265036	0	0	0	0	0.411	0	0	0.198	0.508
FOXM1	ANLN	9606.ENSP00000342307	9606.ENSP00000265748	0	0	0	0	0.369	0	0	0.295	0.536
FOXM1	TICRR	9606.ENSP00000342307	9606.ENSP00000268138	0	0	0	0	0.464	0	0	0.091	0.492
FOXM1	NUF2	9606.ENSP00000342307	9606.ENSP00000271452	0	0	0	0	0.559	0	0	0.323	0.689
FOXM1	CDCA5	9606.ENSP00000342307	9606.ENSP00000275517	0	0	0	0	0.539	0	0	0.271	0.650
FOXM1	BUB1B	9606.ENSP00000342307	9606.ENSP00000287598	0	0	0	0	0.812	0.116	0	0.695	0.944
FOXM1	CCNB2	9606.ENSP00000342307	9606.ENSP00000288207	0	0	0	0	0.504	0.091	0.500	0.590	0.895
FOXM1	MELK	9606.ENSP00000342307	9606.ENSP00000298048	0	0	0	0	0.791	0.071	0	0.874	0.973
FOXM1	PLK1	9606.ENSP00000342307	9606.ENSP00000300093	0	0	0	0	0.685	0.306	0.900	0.806	0.995
FOXM1	TPX2	9606.ENSP00000342307	9606.ENSP00000300403	0	0	0	0	0.788	0.052	0	0.688	0.932
FOXM1	BIRC5	9606.ENSP00000342307	9606.ENSP00000301633	0	0	0	0	0.808	0.048	0	0.792	0.958
FOXM1	ONECUT1	9606.ENSP00000342307	9606.ENSP00000302630	0	0	0	0	0.085	0	0	0.703	0.717
FOXM1	CKAP2L	9606.ENSP00000342307	9606.ENSP00000305204	0	0	0	0	0.442	0	0	0.138	0.498
FOXM1	AURKB	9606.ENSP00000342307	9606.ENSP00000313950	0	0	0	0	0.694	0.051	0	0.648	0.889
FOXM1	SKA3	9606.ENSP00000342307	9606.ENSP00000319417	0	0	0	0	0.384	0	0	0.506	0.683
FOXM1	EZH2	9606.ENSP00000342307	9606.ENSP00000320147	0	0	0	0	0.345	0.312	0	0.547	0.778
FOXM1	CDC25C	9606.ENSP00000342307	9606.ENSP00000321656	0	0	0	0	0.378	0.071	0.500	0.460	0.823
FOXM1	SPAG5	9606.ENSP00000342307	9606.ENSP00000323300	0	0	0	0	0.785	0.074	0	0.539	0.900
FOXM1	KIF15	9606.ENSP00000342307	9606.ENSP00000324020	0	0	0	0	0.738	0	0	0.267	0.800
FOXM1	CDCA2	9606.ENSP00000342307	9606.ENSP00000328228	0	0	0	0	0.490	0	0	0.220	0.585
FOXM1	ERCC6L	9606.ENSP00000342307	9606.ENSP00000334675	0	0	0	0	0.395	0.073	0	0.271	0.555
FOXM1	CENPA	9606.ENSP00000342307	9606.ENSP00000336868	0	0	0	0	0.533	0.135	0	0.533	0.794
FOXM1	RECQL4	9606.ENSP00000342307	9606.ENSP00000482313	0	0	0	0	0.443	0	0	0.082	0.467
FOXM1	STIL	9606.ENSP00000342307	9606.ENSP00000360944	0	0	0	0	0.472	0.045	0	0.159	0.539
FOXM1	IQGAP3	9606.ENSP00000342307	9606.ENSP00000354451	0	0	0	0	0.500	0	0	0.152	0.558
FOXM1	UBE2T	9606.ENSP00000342307	9606.ENSP00000494957	0	0	0	0	0.338	0.074	0	0.382	0.588
FOXM1	ZWINT	9606.ENSP00000342307	9606.ENSP00000363055	0	0	0	0	0.510	0	0	0.250	0.616
FOXM1	GTSE1	9606.ENSP00000342307	9606.ENSP00000415430	0	0	0	0	0.541	0	0	0.220	0.626
FOXM1	RAD54L	9606.ENSP00000342307	9606.ENSP00000361043	0	0	0	0	0.493	0.073	0	0.298	0.642
FOXM1	CDC45	9606.ENSP00000342307	9606.ENSP00000405726	0	0	0	0	0.535	0	0	0.317	0.669
FOXM1	CHEK1	9606.ENSP00000342307	9606.ENSP00000391090	0	0	0	0	0.415	0.045	0	0.479	0.683
FOXM1	UHRF1	9606.ENSP00000342307	9606.ENSP00000479617	0	0	0	0	0.570	0.068	0	0.341	0.713
FOXM1	KIF14	9606.ENSP00000342307	9606.ENSP00000356319	0	0	0	0	0.670	0	0	0.276	0.751
FOXM1	EXO1	9606.ENSP00000342307	9606.ENSP00000355506	0	0	0	0	0.497	0	0	0.529	0.753
FOXM1	TTK	9606.ENSP00000342307	9606.ENSP00000358813	0	0	0	0	0.629	0.066	0	0.378	0.766
FOXM1	NEK2	9606.ENSP00000342307	9606.ENSP00000355966	0	0	0	0	0.613	0	0	0.513	0.803
FOXM1	HMMR	9606.ENSP00000342307	9606.ENSP00000377492	0	0	0	0	0.524	0.059	0	0.599	0.805
FOXM1	KIF18B	9606.ENSP00000342307	9606.ENSP00000465992	0	0	0	0	0.766	0.045	0	0.230	0.813
FOXM1	RRM2	9606.ENSP00000342307	9606.ENSP00000353770	0	0	0	0	0.681	0	0	0.505	0.835
FOXM1	MCM10	9606.ENSP00000342307	9606.ENSP00000418268	0	0	0	0	0.642	0	0	0.583	0.844
FOXM1	PBK	9606.ENSP00000342307	9606.ENSP00000428489	0	0	0	0	0.548	0.094	0	0.652	0.845
FOXM1	DEPDC1	9606.ENSP00000342307	9606.ENSP00000412292	0	0	0	0	0.522	0.167	0	0.643	0.845
FOXM1	ASPM	9606.ENSP00000342307	9606.ENSP00000356379	0	0	0	0	0.668	0	0	0.561	0.848
FOXM1	CEP55	9606.ENSP00000342307	9606.ENSP00000360540	0	0	0	0	0.704	0	0	0.546	0.860
FOXM1	CDCA3	9606.ENSP00000342307	9606.ENSP00000442068	0	0	0	0	0.829	0	0	0.357	0.885
FOXM1	KIF2C	9606.ENSP00000342307	9606.ENSP00000361298	0	0	0	0	0.825	0	0	0.388	0.888
FOXM1	UBE2C	9606.ENSP00000342307	9606.ENSP00000348838	0	0	0	0	0.663	0.074	0	0.688	0.894
FOXM1	KIF4A	9606.ENSP00000342307	9606.ENSP00000363524	0	0	0	0	0.835	0	0	0.400	0.897
FOXM1	MKI67	9606.ENSP00000342307	9606.ENSP00000357643	0	0	0	0	0.836	0	0	0.473	0.910
FOXM1	HJURP	9606.ENSP00000342307	9606.ENSP00000414109	0	0	0	0	0.815	0	0	0.574	0.918
FOXM1	TOP2A	9606.ENSP00000342307	9606.ENSP00000411532	0	0	0	0	0.665	0.292	0	0.718	0.927
FOXM1	CDCA8	9606.ENSP00000342307	9606.ENSP00000362146	0	0	0	0	0.819	0.045	0	0.628	0.930
FOXM1	CDC20	9606.ENSP00000342307	9606.ENSP00000361540	0	0	0	0	0.783	0.071	0	0.714	0.937
FOXM1	KIF20A	9606.ENSP00000342307	9606.ENSP00000378356	0	0	0	0	0.802	0	0	0.731	0.944
FOXM1	CCNA2	9606.ENSP00000342307	9606.ENSP00000481380	0	0	0	0	0.725	0	0.500	0.901	0.985
FOXM1	CENPF	9606.ENSP00000342307	9606.ENSP00000355922	0	0	0	0	0.747	0	0.750	0.845	0.989
FUT2	B3GNT3	9606.ENSP00000387498	9606.ENSP00000321874	0	0	0	0	0.096	0	0.900	0.491	0.950
FUT2	EDNRB	9606.ENSP00000387498	9606.ENSP00000366416	0	0	0	0	0	0	0	0.605	0.605
FUT2	GCNT3	9606.ENSP00000387498	9606.ENSP00000379377	0	0	0	0	0.159	0	0	0.410	0.483
GCNT3	B3GNT3	9606.ENSP00000379377	9606.ENSP00000321874	0	0	0	0	0.105	0	0	0.555	0.585
GCNT3	FUT2	9606.ENSP00000379377	9606.ENSP00000387498	0	0	0	0	0.159	0	0	0.410	0.483
GIMAP8	CD93	9606.ENSP00000305107	9606.ENSP00000246006	0	0	0	0	0.401	0.100	0	0	0.438
GINS1	CDC6	9606.ENSP00000262460	9606.ENSP00000209728	0	0	0	0	0.483	0.071	0	0.509	0.744
GINS1	MYBL2	9606.ENSP00000262460	9606.ENSP00000217026	0	0	0	0	0.364	0	0	0.118	0.415
GINS1	ORC6	9606.ENSP00000262460	9606.ENSP00000219097	0	0	0	0	0.292	0	0	0.394	0.553
GINS1	NCAPH	9606.ENSP00000262460	9606.ENSP00000240423	0	0	0	0	0.564	0	0	0.249	0.658
GINS1	DLGAP5	9606.ENSP00000262460	9606.ENSP00000247191	0	0	0	0	0.375	0	0	0.260	0.518
GINS1	E2F8	9606.ENSP00000262460	9606.ENSP00000250024	0	0	0	0	0.432	0	0	0.280	0.574
GINS1	NCAPG	9606.ENSP00000262460	9606.ENSP00000251496	0	0	0	0	0.495	0	0	0.371	0.669
GINS1	GINS2	9606.ENSP00000262460	9606.ENSP00000253462	0	0	0	0	0.701	0.999	0.800	0.998	0.999
GINS1	CCNB1	9606.ENSP00000262460	9606.ENSP00000256442	0	0	0	0	0.456	0.091	0	0.462	0.711
GINS1	ESPL1	9606.ENSP00000262460	9606.ENSP00000257934	0	0	0	0	0.269	0	0	0.238	0.420
GINS1	KIF11	9606.ENSP00000262460	9606.ENSP00000260731	0	0	0	0	0.524	0	0	0.312	0.658
GINS1	EZH2	9606.ENSP00000262460	9606.ENSP00000320147	0	0	0	0	0.309	0.064	0	0.148	0.401
GINS1	NEK2	9606.ENSP00000262460	9606.ENSP00000355966	0	0	0	0	0.237	0	0	0.248	0.402
GINS1	UHRF1	9606.ENSP00000262460	9606.ENSP00000479617	0	0	0	0	0.359	0	0	0.107	0.403
GINS1	ANLN	9606.ENSP00000262460	9606.ENSP00000265748	0	0	0	0	0.244	0	0	0.245	0.405
GINS1	SPAG5	9606.ENSP00000262460	9606.ENSP00000323300	0	0	0	0	0.256	0.057	0	0.229	0.411
GINS1	HJURP	9606.ENSP00000262460	9606.ENSP00000414109	0	0	0	0	0.279	0	0	0.220	0.413
GINS1	STIL	9606.ENSP00000262460	9606.ENSP00000360944	0	0	0	0	0.414	0	0	0.065	0.429
GINS1	CENPF	9606.ENSP00000262460	9606.ENSP00000355922	0	0	0	0	0.243	0	0	0.277	0.429
GINS1	MKI67	9606.ENSP00000262460	9606.ENSP00000357643	0	0	0	0	0.338	0	0	0.187	0.439
GINS1	CDCA8	9606.ENSP00000262460	9606.ENSP00000362146	0	0	0	0	0.313	0	0	0.219	0.441
GINS1	SKA3	9606.ENSP00000262460	9606.ENSP00000319417	0	0	0	0	0.345	0	0	0.187	0.445
GINS1	CDCA5	9606.ENSP00000262460	9606.ENSP00000275517	0	0	0	0	0.353	0	0	0.186	0.451
GINS1	HMMR	9606.ENSP00000262460	9606.ENSP00000377492	0	0	0	0	0.354	0.046	0	0.217	0.476
GINS1	NUF2	9606.ENSP00000262460	9606.ENSP00000271452	0	0	0	0	0.425	0	0	0.129	0.478
GINS1	CCNB2	9606.ENSP00000262460	9606.ENSP00000288207	0	0	0	0	0.239	0.091	0	0.311	0.482
GINS1	RECQL4	9606.ENSP00000262460	9606.ENSP00000482313	0	0	0	0	0.210	0.292	0	0.151	0.483
GINS1	DEPDC1	9606.ENSP00000262460	9606.ENSP00000412292	0	0	0	0	0.354	0	0	0.240	0.488
GINS1	KIF4A	9606.ENSP00000262460	9606.ENSP00000363524	0	0	0	0	0.383	0	0	0.235	0.508
GINS1	KIF15	9606.ENSP00000262460	9606.ENSP00000324020	0	0	0	0	0.484	0	0	0.091	0.511
GINS1	KIF20A	9606.ENSP00000262460	9606.ENSP00000378356	0	0	0	0	0.327	0	0	0.307	0.514
GINS1	BIRC5	9606.ENSP00000262460	9606.ENSP00000301633	0	0	0	0	0.394	0	0	0.251	0.526
GINS1	SGO1	9606.ENSP00000262460	9606.ENSP00000263753	0	0	0	0	0.221	0	0	0.419	0.528
GINS1	DEPDC1B	9606.ENSP00000262460	9606.ENSP00000265036	0	0	0	0	0.447	0	0	0.190	0.533
GINS1	PBK	9606.ENSP00000262460	9606.ENSP00000428489	0	0	0	0	0.381	0	0	0.283	0.537
GINS1	EXO1	9606.ENSP00000262460	9606.ENSP00000355506	0	0	0	0	0.462	0	0	0.179	0.539
GINS1	CCNA2	9606.ENSP00000262460	9606.ENSP00000481380	0	0	0	0	0.350	0	0	0.331	0.547
GINS1	ERCC6L	9606.ENSP00000262460	9606.ENSP00000334675	0	0	0	0	0.401	0	0	0.275	0.548
GINS1	KIF18B	9606.ENSP00000262460	9606.ENSP00000465992	0	0	0	0	0.459	0	0	0.220	0.560
GINS1	TTK	9606.ENSP00000262460	9606.ENSP00000358813	0	0	0	0	0.308	0	0	0.398	0.565
GINS1	AURKB	9606.ENSP00000262460	9606.ENSP00000313950	0	0	0	0	0.331	0	0	0.386	0.571
GINS1	CDC25C	9606.ENSP00000262460	9606.ENSP00000321656	0	0	0	0	0.224	0	0	0.502	0.597
GINS1	CHEK1	9606.ENSP00000262460	9606.ENSP00000391090	0	0	0	0	0.335	0.312	0	0.194	0.599
GINS1	MELK	9606.ENSP00000262460	9606.ENSP00000298048	0	0	0	0	0.415	0	0	0.354	0.606
GINS1	TPX2	9606.ENSP00000262460	9606.ENSP00000300403	0	0	0	0	0.396	0	0	0.407	0.626
GINS1	KIF2C	9606.ENSP00000262460	9606.ENSP00000361298	0	0	0	0	0.283	0	0	0.504	0.629
GINS1	TICRR	9606.ENSP00000262460	9606.ENSP00000268138	0	0	0	0	0.251	0	0	0.526	0.630
GINS1	ASPM	9606.ENSP00000262460	9606.ENSP00000356379	0	0	0	0	0.288	0	0	0.523	0.646
GINS1	KIF14	9606.ENSP00000262460	9606.ENSP00000356319	0	0	0	0	0.339	0	0	0.511	0.662
GINS1	FOXM1	9606.ENSP00000262460	9606.ENSP00000342307	0	0	0	0	0.445	0	0	0.432	0.671
GINS1	BUB1B	9606.ENSP00000262460	9606.ENSP00000287598	0	0	0	0	0.532	0.065	0	0.315	0.674
GINS1	CEP55	9606.ENSP00000262460	9606.ENSP00000360540	0	0	0	0	0.352	0	0	0.522	0.677
GINS1	TOP2A	9606.ENSP00000262460	9606.ENSP00000411532	0	0	0	0	0.280	0.094	0	0.576	0.699
GINS1	UBE2C	9606.ENSP00000262460	9606.ENSP00000348838	0	0	0	0	0.384	0	0	0.534	0.701
GINS1	RRM2	9606.ENSP00000262460	9606.ENSP00000353770	0	0	0	0	0.614	0	0	0.551	0.819
GINS1	ZWINT	9606.ENSP00000262460	9606.ENSP00000363055	0	0	0	0	0.768	0	0	0.376	0.849
GINS1	MCM10	9606.ENSP00000262460	9606.ENSP00000418268	0	0	0	0	0.646	0.374	0	0.854	0.965
GINS1	CDC45	9606.ENSP00000262460	9606.ENSP00000405726	0	0	0	0	0.392	0.996	0.540	0.931	0.999
GINS2	CDC6	9606.ENSP00000253462	9606.ENSP00000209728	0	0	0	0	0.417	0	0	0.515	0.705
GINS2	MYBL2	9606.ENSP00000253462	9606.ENSP00000217026	0	0	0	0	0.360	0	0	0.196	0.463
GINS2	ORC6	9606.ENSP00000253462	9606.ENSP00000219097	0	0	0	0	0.291	0	0	0.330	0.505
GINS2	NCAPH	9606.ENSP00000253462	9606.ENSP00000240423	0	0	0	0	0.652	0	0	0.105	0.675
GINS2	DLGAP5	9606.ENSP00000253462	9606.ENSP00000247191	0	0	0	0	0.445	0	0	0.517	0.720
GINS2	E2F8	9606.ENSP00000253462	9606.ENSP00000250024	0	0	0	0	0.265	0	0	0.275	0.445
GINS2	NCAPG	9606.ENSP00000253462	9606.ENSP00000251496	0	0	0	0	0.694	0	0	0.537	0.852
GINS2	MKI67	9606.ENSP00000253462	9606.ENSP00000357643	0	0	0	0	0.351	0	0	0.120	0.404
GINS2	SPAG5	9606.ENSP00000253462	9606.ENSP00000323300	0	0	0	0	0.324	0	0	0.155	0.405
GINS2	ANLN	9606.ENSP00000253462	9606.ENSP00000265748	0	0	0	0	0.257	0	0	0.237	0.409
GINS2	NDC80	9606.ENSP00000253462	9606.ENSP00000261597	0	0	0	0	0.412	0	0	0	0.412
GINS2	FOXM1	9606.ENSP00000253462	9606.ENSP00000342307	0	0	0	0	0.322	0	0	0.171	0.414
GINS2	GTSE1	9606.ENSP00000253462	9606.ENSP00000415430	0	0	0	0	0.351	0	0	0.138	0.416
GINS2	TROAP	9606.ENSP00000253462	9606.ENSP00000257909	0	0	0	0	0.293	0	0	0.219	0.424
GINS2	NEK2	9606.ENSP00000253462	9606.ENSP00000355966	0	0	0	0	0.285	0	0	0.260	0.449
GINS2	ERCC6L	9606.ENSP00000253462	9606.ENSP00000334675	0	0	0	0	0.361	0.046	0	0.173	0.452
GINS2	KIF4A	9606.ENSP00000253462	9606.ENSP00000363524	0	0	0	0	0.379	0	0	0.159	0.455
GINS2	CDC25C	9606.ENSP00000253462	9606.ENSP00000321656	0	0	0	0	0.350	0	0	0.209	0.464
GINS2	RMI2	9606.ENSP00000253462	9606.ENSP00000310356	0	0	0	0	0.320	0	0	0.246	0.465
GINS2	BUB1B	9606.ENSP00000253462	9606.ENSP00000287598	0	0	0	0	0.377	0	0	0.201	0.481
GINS2	CKAP2L	9606.ENSP00000253462	9606.ENSP00000305204	0	0	0	0	0.338	0	0	0.258	0.487
GINS2	TEDC2	9606.ENSP00000253462	9606.ENSP00000355022	0	0	0	0	0.417	0	0	0.166	0.492
GINS2	PKMYT1	9606.ENSP00000253462	9606.ENSP00000262300	0	0	0	0	0.336	0	0	0.278	0.500
GINS2	HJURP	9606.ENSP00000253462	9606.ENSP00000414109	0	0	0	0	0.395	0	0	0.222	0.509
GINS2	TTK	9606.ENSP00000253462	9606.ENSP00000358813	0	0	0	0	0.358	0	0	0.266	0.509
GINS2	PBK	9606.ENSP00000253462	9606.ENSP00000428489	0	0	0	0	0.480	0	0	0.113	0.519
GINS2	CDCA2	9606.ENSP00000253462	9606.ENSP00000328228	0	0	0	0	0.318	0	0	0.325	0.520
GINS2	RAD54L	9606.ENSP00000253462	9606.ENSP00000361043	0	0	0	0	0.354	0.046	0	0.284	0.520
GINS2	CENPF	9606.ENSP00000253462	9606.ENSP00000355922	0	0	0	0	0.345	0	0	0.298	0.521
GINS2	TPX2	9606.ENSP00000253462	9606.ENSP00000300403	0	0	0	0	0.368	0	0	0.278	0.524
GINS2	CENPA	9606.ENSP00000253462	9606.ENSP00000336868	0	0	0	0	0.345	0	0	0.308	0.528
GINS2	CEP55	9606.ENSP00000253462	9606.ENSP00000360540	0	0	0	0	0.460	0	0	0.167	0.531
GINS2	KIF2C	9606.ENSP00000253462	9606.ENSP00000361298	0	0	0	0	0.377	0	0	0.290	0.539
GINS2	NUF2	9606.ENSP00000253462	9606.ENSP00000271452	0	0	0	0	0.417	0	0	0.246	0.541
GINS2	KIF20A	9606.ENSP00000253462	9606.ENSP00000378356	0	0	0	0	0.383	0	0	0.306	0.554
GINS2	RECQL4	9606.ENSP00000253462	9606.ENSP00000482313	0	0	0	0	0.262	0.292	0	0.218	0.556
GINS2	HMMR	9606.ENSP00000253462	9606.ENSP00000377492	0	0	0	0	0.416	0	0	0.287	0.565
GINS2	CDCA3	9606.ENSP00000253462	9606.ENSP00000442068	0	0	0	0	0.398	0	0	0.308	0.566
GINS2	UBE2T	9606.ENSP00000253462	9606.ENSP00000494957	0	0	0	0	0.464	0	0	0.244	0.577
GINS2	UBE2C	9606.ENSP00000253462	9606.ENSP00000348838	0	0	0	0	0.433	0	0	0.293	0.582
GINS2	KIF11	9606.ENSP00000253462	9606.ENSP00000260731	0	0	0	0	0.464	0	0	0.257	0.585
GINS2	MELK	9606.ENSP00000253462	9606.ENSP00000298048	0	0	0	0	0.465	0	0	0.263	0.589
GINS2	UHRF1	9606.ENSP00000253462	9606.ENSP00000479617	0	0	0	0	0.405	0	0	0.349	0.596
GINS2	EXO1	9606.ENSP00000253462	9606.ENSP00000355506	0	0	0	0	0.428	0	0	0.331	0.601
GINS2	CCNA2	9606.ENSP00000253462	9606.ENSP00000481380	0	0	0	0	0.488	0	0	0.255	0.602
GINS2	RRM2	9606.ENSP00000253462	9606.ENSP00000353770	0	0	0	0	0.467	0	0	0.289	0.605
GINS2	TICRR	9606.ENSP00000253462	9606.ENSP00000268138	0	0	0	0	0.273	0.053	0	0.480	0.610
GINS2	AURKB	9606.ENSP00000253462	9606.ENSP00000313950	0	0	0	0	0.515	0	0	0.246	0.619
GINS2	CDC20	9606.ENSP00000253462	9606.ENSP00000361540	0	0	0	0	0.495	0	0	0.295	0.628
GINS2	CHEK1	9606.ENSP00000253462	9606.ENSP00000391090	0	0	0	0	0.526	0.088	0	0.222	0.634
GINS2	ASPM	9606.ENSP00000253462	9606.ENSP00000356379	0	0	0	0	0.401	0	0	0.425	0.641
GINS2	BIRC5	9606.ENSP00000253462	9606.ENSP00000301633	0	0	0	0	0.513	0.071	0	0.271	0.641
GINS2	CCNB1	9606.ENSP00000253462	9606.ENSP00000256442	0	0	0	0	0.379	0.058	0	0.438	0.643
GINS2	ZWINT	9606.ENSP00000253462	9606.ENSP00000363055	0	0	0	0	0.507	0	0	0.337	0.659
GINS2	CDCA8	9606.ENSP00000253462	9606.ENSP00000362146	0	0	0	0	0.510	0	0	0.368	0.677
GINS2	CDCA5	9606.ENSP00000253462	9606.ENSP00000275517	0	0	0	0	0.532	0	0	0.351	0.683
GINS2	KIF15	9606.ENSP00000253462	9606.ENSP00000324020	0	0	0	0	0.514	0	0	0.400	0.696
GINS2	TOP2A	9606.ENSP00000253462	9606.ENSP00000411532	0	0	0	0	0.600	0	0	0.306	0.711
GINS2	CCNB2	9606.ENSP00000253462	9606.ENSP00000288207	0	0	0	0	0.778	0.058	0	0.313	0.844
GINS2	MCM10	9606.ENSP00000253462	9606.ENSP00000418268	0	0	0	0	0.621	0.627	0	0.600	0.938
GINS2	CDC45	9606.ENSP00000253462	9606.ENSP00000405726	0	0	0	0	0.795	0.996	0.540	0.841	0.999
GINS2	GINS1	9606.ENSP00000253462	9606.ENSP00000262460	0	0	0	0	0.701	0.999	0.800	0.998	0.999
GJB2	CAV1	9606.ENSP00000372295	9606.ENSP00000339191	0	0	0	0	0.047	0.292	0	0.530	0.655
GJB2	TMPRSS4	9606.ENSP00000372295	9606.ENSP00000416037	0	0	0	0	0.094	0	0	0.646	0.665
GOLM1	SPINK1	9606.ENSP00000373364	9606.ENSP00000296695	0	0	0	0	0.042	0	0	0.581	0.581
GPT2	TFR2	9606.ENSP00000345282	9606.ENSP00000420525	0	0	0	0	0.055	0	0	0.421	0.430
GPT2	PYCR1	9606.ENSP00000345282	9606.ENSP00000384949	0.045	0	0	0	0.238	0	0	0.356	0.490
GPT2	ALDH18A1	9606.ENSP00000345282	9606.ENSP00000360268	0.247	0	0	0	0.088	0	0	0.530	0.649
GPT2	PSAT1	9606.ENSP00000345282	9606.ENSP00000365773	0.061	0	0	0	0.360	0.090	0	0.555	0.724
GREM1	COL10A1	9606.ENSP00000498748	9606.ENSP00000327368	0	0	0	0	0.122	0	0	0.349	0.403
GREM1	CTHRC1	9606.ENSP00000498748	9606.ENSP00000330523	0	0	0	0	0.110	0	0	0.374	0.419
GREM1	COL11A1	9606.ENSP00000498748	9606.ENSP00000359114	0	0	0	0	0.118	0	0	0.467	0.509
GREM1	SPP1	9606.ENSP00000498748	9606.ENSP00000378517	0	0	0	0	0.072	0	0	0.428	0.446
GRK5	KISS1R	9606.ENSP00000376609	9606.ENSP00000234371	0	0	0	0	0	0.097	0.500	0.042	0.529
GRK5	ADRB2	9606.ENSP00000376609	9606.ENSP00000305372	0	0	0	0	0.054	0.333	0.500	0.750	0.910
GRK5	SRPK1	9606.ENSP00000376609	9606.ENSP00000362931	0	0	0	0	0	0.292	0	0.376	0.539
GRK5	EDNRB	9606.ENSP00000376609	9606.ENSP00000366416	0	0	0	0	0.049	0.097	0.500	0.112	0.567
GTSE1	MYBL2	9606.ENSP00000415430	9606.ENSP00000217026	0	0	0	0	0.318	0	0	0.225	0.449
GTSE1	ORC6	9606.ENSP00000415430	9606.ENSP00000219097	0	0	0	0	0.254	0	0	0.247	0.414
GTSE1	NCAPH	9606.ENSP00000415430	9606.ENSP00000240423	0	0	0	0	0.274	0	0	0.223	0.412
GTSE1	DLGAP5	9606.ENSP00000415430	9606.ENSP00000247191	0	0	0	0	0.492	0	0	0.502	0.736
GTSE1	E2F8	9606.ENSP00000415430	9606.ENSP00000250024	0	0	0	0	0.338	0	0	0.280	0.503
GTSE1	NCAPG	9606.ENSP00000415430	9606.ENSP00000251496	0	0	0	0	0.498	0	0	0.305	0.636
GTSE1	GINS2	9606.ENSP00000415430	9606.ENSP00000253462	0	0	0	0	0.351	0	0	0.138	0.416
GTSE1	CCNB1	9606.ENSP00000415430	9606.ENSP00000256442	0	0	0	0	0.402	0	0.400	0.350	0.746
GTSE1	TROAP	9606.ENSP00000415430	9606.ENSP00000257909	0	0	0	0	0.620	0	0	0.243	0.700
GTSE1	ESPL1	9606.ENSP00000415430	9606.ENSP00000257934	0	0	0	0	0.393	0	0	0.248	0.524
GTSE1	KIF11	9606.ENSP00000415430	9606.ENSP00000260731	0	0	0	0	0.492	0	0	0.250	0.603
GTSE1	NDC80	9606.ENSP00000415430	9606.ENSP00000261597	0	0	0	0	0.484	0	0	0.091	0.511
GTSE1	PKMYT1	9606.ENSP00000415430	9606.ENSP00000262300	0	0	0	0	0.336	0	0	0.381	0.572
GTSE1	SGO1	9606.ENSP00000415430	9606.ENSP00000263753	0	0	0	0	0.485	0.046	0	0.246	0.597
GTSE1	DEPDC1B	9606.ENSP00000415430	9606.ENSP00000265036	0	0	0	0	0.345	0	0	0.181	0.440
GTSE1	ANLN	9606.ENSP00000415430	9606.ENSP00000265748	0	0	0	0	0.271	0.163	0	0.218	0.481
GTSE1	TICRR	9606.ENSP00000415430	9606.ENSP00000268138	0.042	0	0	0	0.429	0	0	0.150	0.494
GTSE1	NUF2	9606.ENSP00000415430	9606.ENSP00000271452	0	0	0	0	0.402	0	0	0.249	0.531
GTSE1	CDCA5	9606.ENSP00000415430	9606.ENSP00000275517	0	0	0	0	0.402	0	0	0.205	0.504
GTSE1	BUB1B	9606.ENSP00000415430	9606.ENSP00000287598	0	0	0	0	0.448	0	0	0.335	0.617
GTSE1	CCNB2	9606.ENSP00000415430	9606.ENSP00000288207	0	0	0	0	0.519	0	0.400	0.447	0.826
GTSE1	MELK	9606.ENSP00000415430	9606.ENSP00000298048	0	0	0	0	0.478	0	0	0.534	0.746
GTSE1	PLK1	9606.ENSP00000415430	9606.ENSP00000300093	0	0	0	0	0.628	0.292	0.900	0.400	0.982
GTSE1	TPX2	9606.ENSP00000415430	9606.ENSP00000300403	0	0	0	0	0.525	0	0	0.370	0.687
GTSE1	BIRC5	9606.ENSP00000415430	9606.ENSP00000301633	0	0	0	0	0.708	0	0	0.514	0.852
GTSE1	CKAP2L	9606.ENSP00000415430	9606.ENSP00000305204	0	0	0	0	0.630	0	0	0.317	0.736
GTSE1	AURKB	9606.ENSP00000415430	9606.ENSP00000313950	0	0	0	0	0.776	0	0	0.318	0.841
GTSE1	SKA3	9606.ENSP00000415430	9606.ENSP00000319417	0	0	0.203	0	0.424	0	0	0.235	0.618
GTSE1	CDC25C	9606.ENSP00000415430	9606.ENSP00000321656	0	0	0	0	0.544	0	0	0.414	0.721
GTSE1	SPAG5	9606.ENSP00000415430	9606.ENSP00000323300	0	0	0	0	0.395	0	0	0.264	0.535
GTSE1	KIF15	9606.ENSP00000415430	9606.ENSP00000324020	0	0	0	0	0.471	0	0	0.184	0.550
GTSE1	CDCA2	9606.ENSP00000415430	9606.ENSP00000328228	0	0	0	0	0.628	0	0	0.496	0.804
GTSE1	ERCC6L	9606.ENSP00000415430	9606.ENSP00000334675	0.042	0	0	0	0.355	0.071	0	0.277	0.529
GTSE1	CENPA	9606.ENSP00000415430	9606.ENSP00000336868	0	0	0	0	0.763	0	0	0.220	0.807
GTSE1	FOXM1	9606.ENSP00000415430	9606.ENSP00000342307	0	0	0	0	0.541	0	0	0.220	0.626
GTSE1	UBE2C	9606.ENSP00000415430	9606.ENSP00000348838	0	0	0	0	0.486	0	0	0.460	0.710
GTSE1	RRM2	9606.ENSP00000415430	9606.ENSP00000353770	0	0	0	0	0.384	0	0	0.400	0.614
GTSE1	EXO1	9606.ENSP00000415430	9606.ENSP00000355506	0	0	0	0	0.468	0	0	0.290	0.606
GTSE1	CENPF	9606.ENSP00000415430	9606.ENSP00000355922	0	0	0	0	0.613	0	0	0.369	0.745
GTSE1	NEK2	9606.ENSP00000415430	9606.ENSP00000355966	0	0	0	0	0.444	0	0	0.230	0.553
GTSE1	KIF14	9606.ENSP00000415430	9606.ENSP00000356319	0	0	0	0	0.542	0	0	0.349	0.689
GTSE1	ASPM	9606.ENSP00000415430	9606.ENSP00000356379	0	0	0	0	0.537	0	0	0.356	0.689
GTSE1	MKI67	9606.ENSP00000415430	9606.ENSP00000357643	0	0	0	0	0.766	0	0	0.320	0.834
GTSE1	TTK	9606.ENSP00000415430	9606.ENSP00000358813	0	0	0	0	0.359	0	0	0.360	0.572
GTSE1	CEP55	9606.ENSP00000415430	9606.ENSP00000360540	0	0	0	0	0.509	0	0	0.325	0.655
GTSE1	RAD54L	9606.ENSP00000415430	9606.ENSP00000361043	0.042	0	0	0	0.471	0.071	0	0.286	0.619
GTSE1	KIF2C	9606.ENSP00000415430	9606.ENSP00000361298	0	0	0	0	0.584	0	0	0.434	0.754
GTSE1	CDC20	9606.ENSP00000415430	9606.ENSP00000361540	0.042	0	0	0	0.537	0	0	0.400	0.711
GTSE1	CDCA8	9606.ENSP00000415430	9606.ENSP00000362146	0.057	0	0	0	0.502	0	0	0.301	0.643
GTSE1	ZWINT	9606.ENSP00000415430	9606.ENSP00000363055	0	0	0	0	0.338	0	0	0.167	0.424
GTSE1	KIF4A	9606.ENSP00000415430	9606.ENSP00000363524	0	0	0	0	0.505	0	0	0.349	0.664
GTSE1	HMMR	9606.ENSP00000415430	9606.ENSP00000377492	0	0	0	0	0.393	0	0	0.204	0.496
GTSE1	KIF20A	9606.ENSP00000415430	9606.ENSP00000378356	0	0	0	0	0.637	0	0	0.348	0.753
GTSE1	CHEK1	9606.ENSP00000415430	9606.ENSP00000391090	0	0	0	0	0.419	0	0	0.271	0.558
GTSE1	CDC45	9606.ENSP00000415430	9606.ENSP00000405726	0	0	0	0	0.498	0	0	0.300	0.633
GTSE1	TOP2A	9606.ENSP00000415430	9606.ENSP00000411532	0.042	0	0	0	0.541	0	0	0.402	0.714
GTSE1	DEPDC1	9606.ENSP00000415430	9606.ENSP00000412292	0	0	0	0	0.473	0	0	0.117	0.515
GTSE1	HJURP	9606.ENSP00000415430	9606.ENSP00000414109	0	0	0	0	0.785	0	0	0.505	0.889
GTSE1	PBK	9606.ENSP00000415430	9606.ENSP00000428489	0	0	0	0	0.393	0	0	0.249	0.524
GTSE1	MCM10	9606.ENSP00000415430	9606.ENSP00000418268	0	0	0	0	0.492	0	0	0.211	0.582
GTSE1	KIF18B	9606.ENSP00000415430	9606.ENSP00000465992	0	0	0	0	0.428	0	0	0.371	0.625
GTSE1	CDCA3	9606.ENSP00000415430	9606.ENSP00000442068	0	0	0	0	0.773	0	0	0.224	0.816
GTSE1	CCNA2	9606.ENSP00000415430	9606.ENSP00000481380	0	0	0	0	0.755	0	0	0.321	0.826
GYPE	TAL1	9606.ENSP00000351430	9606.ENSP00000294339	0	0	0	0	0.187	0	0	0.332	0.434
GYPE	CDH5	9606.ENSP00000351430	9606.ENSP00000497290	0	0	0	0	0	0	0	0.433	0.433
HJURP	CDC6	9606.ENSP00000414109	9606.ENSP00000209728	0	0	0	0	0.422	0	0	0.256	0.552
HJURP	MYBL2	9606.ENSP00000414109	9606.ENSP00000217026	0	0	0	0	0.426	0.195	0	0.202	0.599
HJURP	NCAPH	9606.ENSP00000414109	9606.ENSP00000240423	0	0	0	0	0.466	0	0	0.447	0.692
HJURP	DLGAP5	9606.ENSP00000414109	9606.ENSP00000247191	0	0	0	0	0.840	0	0	0.678	0.946
HJURP	E2F8	9606.ENSP00000414109	9606.ENSP00000250024	0	0	0	0	0.575	0	0	0.484	0.771
HJURP	NCAPG	9606.ENSP00000414109	9606.ENSP00000251496	0	0	0	0	0.784	0	0	0.477	0.882
HJURP	GINS2	9606.ENSP00000414109	9606.ENSP00000253462	0	0	0	0	0.395	0	0	0.222	0.509
HJURP	CCNB1	9606.ENSP00000414109	9606.ENSP00000256442	0	0	0	0	0.744	0	0	0.516	0.871
HJURP	TROAP	9606.ENSP00000414109	9606.ENSP00000257909	0	0	0.324	0	0.805	0	0	0.428	0.918
HJURP	ESPL1	9606.ENSP00000414109	9606.ENSP00000257934	0	0	0	0	0.776	0	0	0.339	0.845
HJURP	KIF11	9606.ENSP00000414109	9606.ENSP00000260731	0	0	0	0	0.846	0	0	0.563	0.930
HJURP	NDC80	9606.ENSP00000414109	9606.ENSP00000261597	0	0	0	0	0.807	0	0	0.336	0.866
HJURP	PKMYT1	9606.ENSP00000414109	9606.ENSP00000262300	0	0	0	0	0.386	0	0	0.070	0.404
HJURP	GINS1	9606.ENSP00000414109	9606.ENSP00000262460	0	0	0	0	0.279	0	0	0.220	0.413
HJURP	SGO1	9606.ENSP00000414109	9606.ENSP00000263753	0	0	0	0	0.510	0	0	0.533	0.761
HJURP	POLQ	9606.ENSP00000414109	9606.ENSP00000264233	0	0	0	0	0.530	0	0	0.073	0.546
HJURP	NEIL3	9606.ENSP00000414109	9606.ENSP00000264596	0	0	0	0	0.510	0	0	0.165	0.574
HJURP	DEPDC1B	9606.ENSP00000414109	9606.ENSP00000265036	0	0	0	0	0.500	0	0	0.091	0.526
HJURP	ANLN	9606.ENSP00000414109	9606.ENSP00000265748	0	0	0	0	0.543	0	0	0.322	0.677
HJURP	TICRR	9606.ENSP00000414109	9606.ENSP00000268138	0	0	0	0	0.480	0	0	0.107	0.516
HJURP	NUF2	9606.ENSP00000414109	9606.ENSP00000271452	0	0	0	0	0.770	0	0	0.541	0.890
HJURP	CDCA5	9606.ENSP00000414109	9606.ENSP00000275517	0	0	0	0	0.783	0	0	0.388	0.861
HJURP	BUB1B	9606.ENSP00000414109	9606.ENSP00000287598	0	0	0	0	0.847	0	0	0.355	0.897
HJURP	CCNB2	9606.ENSP00000414109	9606.ENSP00000288207	0	0	0	0	0.792	0	0	0.564	0.905
HJURP	MELK	9606.ENSP00000414109	9606.ENSP00000298048	0	0	0	0	0.798	0	0	0.639	0.924
HJURP	PLK1	9606.ENSP00000414109	9606.ENSP00000300093	0	0	0	0	0.652	0	0	0.613	0.859
HJURP	TPX2	9606.ENSP00000414109	9606.ENSP00000300403	0	0	0	0	0.813	0	0	0.447	0.892
HJURP	BIRC5	9606.ENSP00000414109	9606.ENSP00000301633	0	0	0	0	0.819	0	0	0.535	0.912
HJURP	CKAP2L	9606.ENSP00000414109	9606.ENSP00000305204	0	0	0	0	0.781	0	0	0.620	0.913
HJURP	AURKB	9606.ENSP00000414109	9606.ENSP00000313950	0	0	0	0	0.809	0	0	0.632	0.927
HJURP	SKA3	9606.ENSP00000414109	9606.ENSP00000319417	0	0	0	0	0.491	0	0	0.264	0.610
HJURP	CDC25C	9606.ENSP00000414109	9606.ENSP00000321656	0	0	0	0	0.774	0	0	0.430	0.865
HJURP	SPAG5	9606.ENSP00000414109	9606.ENSP00000323300	0	0	0	0	0.834	0	0	0.573	0.926
HJURP	KIF15	9606.ENSP00000414109	9606.ENSP00000324020	0	0	0	0	0.808	0	0	0.340	0.868
HJURP	CDCA2	9606.ENSP00000414109	9606.ENSP00000328228	0	0	0	0	0.655	0	0	0.305	0.750
HJURP	ERCC6L	9606.ENSP00000414109	9606.ENSP00000334675	0	0	0	0	0.378	0	0	0.310	0.552
HJURP	CENPA	9606.ENSP00000414109	9606.ENSP00000336868	0	0	0	0	0.799	0.990	0.500	0.970	0.999
HJURP	FOXM1	9606.ENSP00000414109	9606.ENSP00000342307	0	0	0	0	0.815	0	0	0.574	0.918
HJURP	UBE2C	9606.ENSP00000414109	9606.ENSP00000348838	0	0	0	0	0.806	0	0	0.626	0.924
HJURP	RRM2	9606.ENSP00000414109	9606.ENSP00000353770	0	0	0	0	0.706	0	0	0.564	0.866
HJURP	IQGAP3	9606.ENSP00000414109	9606.ENSP00000354451	0	0	0	0	0.662	0	0	0.174	0.709
HJURP	EXO1	9606.ENSP00000414109	9606.ENSP00000355506	0	0	0	0	0.513	0	0	0.501	0.746
HJURP	CENPF	9606.ENSP00000414109	9606.ENSP00000355922	0	0	0	0	0.856	0	0	0.640	0.946
HJURP	NEK2	9606.ENSP00000414109	9606.ENSP00000355966	0	0	0	0	0.742	0	0	0.301	0.812
HJURP	KIF14	9606.ENSP00000414109	9606.ENSP00000356319	0	0	0	0	0.790	0.292	0	0.552	0.927
HJURP	ASPM	9606.ENSP00000414109	9606.ENSP00000356379	0	0	0	0	0.855	0	0	0.545	0.931
HJURP	MKI67	9606.ENSP00000414109	9606.ENSP00000357643	0	0	0.313	0	0.839	0	0	0.556	0.946
HJURP	TTK	9606.ENSP00000414109	9606.ENSP00000358813	0	0	0	0	0.801	0	0	0.660	0.929
HJURP	CEP55	9606.ENSP00000414109	9606.ENSP00000360540	0	0	0	0	0.798	0	0	0.623	0.921
HJURP	STIL	9606.ENSP00000414109	9606.ENSP00000360944	0	0	0	0	0.460	0	0	0.063	0.473
HJURP	RAD54L	9606.ENSP00000414109	9606.ENSP00000361043	0	0	0	0	0.472	0	0	0.303	0.616
HJURP	KIF2C	9606.ENSP00000414109	9606.ENSP00000361298	0	0	0	0	0.830	0	0	0.653	0.938
HJURP	CDC20	9606.ENSP00000414109	9606.ENSP00000361540	0	0	0	0	0.881	0	0	0.396	0.925
HJURP	CDCA8	9606.ENSP00000414109	9606.ENSP00000362146	0	0	0	0	0.860	0	0	0.475	0.923
HJURP	ZWINT	9606.ENSP00000414109	9606.ENSP00000363055	0	0	0	0	0.474	0	0	0.586	0.773
HJURP	KIF4A	9606.ENSP00000414109	9606.ENSP00000363524	0	0	0	0	0.802	0	0	0.605	0.918
HJURP	HMMR	9606.ENSP00000414109	9606.ENSP00000377492	0	0	0	0	0.780	0	0	0.471	0.878
HJURP	KIF20A	9606.ENSP00000414109	9606.ENSP00000378356	0	0	0	0	0.858	0	0	0.561	0.935
HJURP	CHEK1	9606.ENSP00000414109	9606.ENSP00000391090	0	0	0	0	0.487	0	0	0.378	0.667
HJURP	CDC45	9606.ENSP00000414109	9606.ENSP00000405726	0	0	0	0	0.766	0	0	0.516	0.882
HJURP	TOP2A	9606.ENSP00000414109	9606.ENSP00000411532	0	0	0	0	0.854	0	0	0.417	0.911
HJURP	DEPDC1	9606.ENSP00000414109	9606.ENSP00000412292	0	0	0	0	0.779	0	0	0.270	0.832
HJURP	UBE2T	9606.ENSP00000414109	9606.ENSP00000494957	0	0	0	0	0.402	0	0	0.164	0.479
HJURP	UHRF1	9606.ENSP00000414109	9606.ENSP00000479617	0	0	0	0	0.503	0	0	0.195	0.583
HJURP	MCM10	9606.ENSP00000414109	9606.ENSP00000418268	0	0	0	0	0.521	0	0	0.263	0.631
HJURP	CDCA3	9606.ENSP00000414109	9606.ENSP00000442068	0	0	0	0	0.807	0	0	0.191	0.837
HJURP	KIF18B	9606.ENSP00000414109	9606.ENSP00000465992	0	0	0	0	0.668	0	0	0.607	0.864
HJURP	CCNA2	9606.ENSP00000414109	9606.ENSP00000481380	0	0	0	0	0.821	0	0	0.341	0.877
HJURP	GTSE1	9606.ENSP00000414109	9606.ENSP00000415430	0	0	0	0	0.785	0	0	0.505	0.889
HJURP	PBK	9606.ENSP00000414109	9606.ENSP00000428489	0	0	0	0	0.791	0	0	0.523	0.896
HMGB3	CCNB1	9606.ENSP00000359393	9606.ENSP00000256442	0	0	0	0	0.324	0.051	0	0.179	0.428
HMGB3	CCNB2	9606.ENSP00000359393	9606.ENSP00000288207	0	0	0	0	0.284	0.051	0	0.199	0.408
HMGB3	UBE2C	9606.ENSP00000359393	9606.ENSP00000348838	0	0	0	0	0.267	0.051	0	0.239	0.425
HMGB3	KIF4A	9606.ENSP00000359393	9606.ENSP00000363524	0	0	0	0	0.383	0	0	0.101	0.422
HMGB3	TOP2A	9606.ENSP00000359393	9606.ENSP00000411532	0	0	0	0	0.296	0.125	0	0.231	0.485
HMGB3	AGER	9606.ENSP00000359393	9606.ENSP00000364210	0	0	0	0	0	0.045	0	0.573	0.574
HMMR	CDC6	9606.ENSP00000377492	9606.ENSP00000209728	0	0	0	0	0.430	0	0	0.299	0.584
HMMR	MYBL2	9606.ENSP00000377492	9606.ENSP00000217026	0	0	0	0	0.378	0.054	0	0.179	0.475
HMMR	NCAPH	9606.ENSP00000377492	9606.ENSP00000240423	0	0	0	0	0.549	0	0	0.208	0.628
HMMR	DLGAP5	9606.ENSP00000377492	9606.ENSP00000247191	0	0	0	0	0.999	0.072	0	0.594	0.999
HMMR	E2F8	9606.ENSP00000377492	9606.ENSP00000250024	0	0	0	0	0.456	0	0	0.273	0.588
HMMR	NCAPG	9606.ENSP00000377492	9606.ENSP00000251496	0	0	0	0	0.817	0	0	0.523	0.909
HMMR	GINS2	9606.ENSP00000377492	9606.ENSP00000253462	0	0	0	0	0.416	0	0	0.287	0.565
HMMR	LYVE1	9606.ENSP00000377492	9606.ENSP00000256178	0	0	0	0	0	0.091	0.500	0.703	0.853
HMMR	CCNB1	9606.ENSP00000377492	9606.ENSP00000256442	0	0	0	0	0.799	0.091	0	0.709	0.942
HMMR	TROAP	9606.ENSP00000377492	9606.ENSP00000257909	0	0	0	0	0.516	0	0	0.118	0.555
HMMR	ESPL1	9606.ENSP00000377492	9606.ENSP00000257934	0	0	0	0	0.440	0	0	0.475	0.693
HMMR	KIF11	9606.ENSP00000377492	9606.ENSP00000260731	0	0	0	0	0.815	0.049	0	0.623	0.928
HMMR	NDC80	9606.ENSP00000377492	9606.ENSP00000261597	0	0	0	0	0.797	0.173	0	0.094	0.835
HMMR	GINS1	9606.ENSP00000377492	9606.ENSP00000262460	0	0	0	0	0.354	0.046	0	0.217	0.476
HMMR	SGO1	9606.ENSP00000377492	9606.ENSP00000263753	0	0	0	0	0.385	0	0	0.170	0.468
HMMR	POLQ	9606.ENSP00000377492	9606.ENSP00000264233	0	0	0	0	0.452	0	0	0.052	0.458
HMMR	NEIL3	9606.ENSP00000377492	9606.ENSP00000264596	0	0	0	0	0.496	0	0	0.215	0.588
HMMR	DEPDC1B	9606.ENSP00000377492	9606.ENSP00000265036	0	0	0	0	0.781	0.049	0	0.171	0.812
HMMR	ANLN	9606.ENSP00000377492	9606.ENSP00000265748	0	0	0	0	0.764	0	0	0.513	0.880
HMMR	TICRR	9606.ENSP00000377492	9606.ENSP00000268138	0	0	0	0	0.379	0.091	0	0.135	0.469
HMMR	NUF2	9606.ENSP00000377492	9606.ENSP00000271452	0	0	0	0	0.817	0.053	0	0.395	0.886
HMMR	CDCA5	9606.ENSP00000377492	9606.ENSP00000275517	0	0	0	0	0.779	0	0	0.269	0.831
HMMR	BUB1B	9606.ENSP00000377492	9606.ENSP00000287598	0	0	0	0	0.792	0.115	0	0.412	0.882
HMMR	CCNB2	9606.ENSP00000377492	9606.ENSP00000288207	0	0	0	0	0.796	0.091	0	0.446	0.888
HMMR	MELK	9606.ENSP00000377492	9606.ENSP00000298048	0	0	0	0	0.804	0.065	0	0.421	0.884
HMMR	PLK1	9606.ENSP00000377492	9606.ENSP00000300093	0	0	0	0	0.491	0.087	0	0.372	0.683
HMMR	TPX2	9606.ENSP00000377492	9606.ENSP00000300403	0	0	0	0	0.799	0.328	0	0.856	0.979
HMMR	BIRC5	9606.ENSP00000377492	9606.ENSP00000301633	0	0	0	0	0.793	0.071	0	0.434	0.882
HMMR	CKAP2L	9606.ENSP00000377492	9606.ENSP00000305204	0	0	0	0	0.768	0	0	0.226	0.812
HMMR	AURKB	9606.ENSP00000377492	9606.ENSP00000313950	0	0	0	0	0.510	0	0	0.529	0.760
HMMR	SKA3	9606.ENSP00000377492	9606.ENSP00000319417	0	0	0	0	0.652	0	0	0.642	0.870
HMMR	EZH2	9606.ENSP00000377492	9606.ENSP00000320147	0	0	0	0	0.327	0.106	0	0.225	0.493
HMMR	CDC25C	9606.ENSP00000377492	9606.ENSP00000321656	0	0	0	0	0.654	0	0	0.223	0.720
HMMR	SPAG5	9606.ENSP00000377492	9606.ENSP00000323300	0	0	0	0	0.647	0	0	0.186	0.701
HMMR	KIF15	9606.ENSP00000377492	9606.ENSP00000324020	0	0	0	0	0.786	0.104	0	0.526	0.901
HMMR	CDCA2	9606.ENSP00000377492	9606.ENSP00000328228	0	0	0	0	0.783	0	0	0.281	0.837
HMMR	CTHRC1	9606.ENSP00000377492	9606.ENSP00000330523	0	0	0	0	0.068	0	0	0.553	0.565
HMMR	ERCC6L	9606.ENSP00000377492	9606.ENSP00000334675	0	0	0	0	0.419	0.112	0	0.189	0.545
HMMR	CENPA	9606.ENSP00000377492	9606.ENSP00000336868	0	0	0	0	0.799	0.078	0	0.359	0.870
HMMR	FOXM1	9606.ENSP00000377492	9606.ENSP00000342307	0	0	0	0	0.524	0.059	0	0.599	0.805
HMMR	UBE2C	9606.ENSP00000377492	9606.ENSP00000348838	0	0	0	0	0.790	0.080	0	0.503	0.896
HMMR	RRM2	9606.ENSP00000377492	9606.ENSP00000353770	0	0	0	0	0.681	0.049	0	0.414	0.807
HMMR	EXO1	9606.ENSP00000377492	9606.ENSP00000355506	0	0	0	0	0.476	0.060	0	0.243	0.595
HMMR	CENPF	9606.ENSP00000377492	9606.ENSP00000355922	0	0	0	0	0.787	0.045	0	0.669	0.927
HMMR	NEK2	9606.ENSP00000377492	9606.ENSP00000355966	0	0	0	0	0.779	0.043	0	0.436	0.870
HMMR	KIF14	9606.ENSP00000377492	9606.ENSP00000356319	0	0	0	0	0.786	0	0	0.343	0.853
HMMR	ASPM	9606.ENSP00000377492	9606.ENSP00000356379	0	0	0	0	0.809	0.043	0	0.640	0.928
HMMR	MKI67	9606.ENSP00000377492	9606.ENSP00000357643	0	0	0	0	0.772	0	0	0.566	0.896
HMMR	TTK	9606.ENSP00000377492	9606.ENSP00000358813	0	0	0	0	0.798	0.099	0	0.401	0.881
HMMR	CEP55	9606.ENSP00000377492	9606.ENSP00000360540	0	0	0	0	0.873	0	0	0.443	0.926
HMMR	STIL	9606.ENSP00000377492	9606.ENSP00000360944	0	0	0	0	0.360	0	0	0.160	0.440
HMMR	RAD54L	9606.ENSP00000377492	9606.ENSP00000361043	0	0	0	0	0.378	0.099	0	0.232	0.532
HMMR	KIF2C	9606.ENSP00000377492	9606.ENSP00000361298	0	0	0	0	0.788	0	0	0.402	0.868
HMMR	CDC20	9606.ENSP00000377492	9606.ENSP00000361540	0	0	0	0	0.794	0.099	0	0.416	0.882
HMMR	CDCA8	9606.ENSP00000377492	9606.ENSP00000362146	0	0	0	0	0.780	0	0	0.410	0.864
HMMR	ZWINT	9606.ENSP00000377492	9606.ENSP00000363055	0	0	0	0	0.772	0	0	0.543	0.891
HMMR	KIF4A	9606.ENSP00000377492	9606.ENSP00000363524	0	0	0	0	0.797	0.091	0	0.388	0.877
HMMR	KIF18B	9606.ENSP00000377492	9606.ENSP00000465992	0	0	0	0	0.353	0.057	0	0.145	0.433
HMMR	UHRF1	9606.ENSP00000377492	9606.ENSP00000479617	0	0	0	0	0.366	0.048	0	0.198	0.474
HMMR	GTSE1	9606.ENSP00000377492	9606.ENSP00000415430	0	0	0	0	0.393	0	0	0.204	0.496
HMMR	RECQL4	9606.ENSP00000377492	9606.ENSP00000482313	0	0	0	0	0.172	0	0	0.431	0.509
HMMR	UBE2T	9606.ENSP00000377492	9606.ENSP00000494957	0	0	0	0	0.495	0.080	0	0.168	0.579
HMMR	PRAME	9606.ENSP00000377492	9606.ENSP00000445675	0	0	0	0	0.124	0	0	0.576	0.613
HMMR	CHEK1	9606.ENSP00000377492	9606.ENSP00000391090	0	0	0	0	0.552	0.066	0	0.175	0.625
HMMR	MCM10	9606.ENSP00000377492	9606.ENSP00000418268	0	0	0	0	0.512	0	0	0.464	0.727
HMMR	CDC45	9606.ENSP00000377492	9606.ENSP00000405726	0	0	0	0	0.652	0.070	0	0.282	0.748
HMMR	CDCA3	9606.ENSP00000377492	9606.ENSP00000442068	0	0	0	0	0.789	0	0	0.371	0.861
HMMR	HJURP	9606.ENSP00000377492	9606.ENSP00000414109	0	0	0	0	0.780	0	0	0.471	0.878
HMMR	PBK	9606.ENSP00000377492	9606.ENSP00000428489	0	0	0	0	0.804	0.095	0	0.448	0.893
HMMR	TOP2A	9606.ENSP00000377492	9606.ENSP00000411532	0	0	0	0	0.798	0.046	0	0.534	0.902
HMMR	DEPDC1	9606.ENSP00000377492	9606.ENSP00000412292	0	0	0	0	0.781	0.049	0	0.592	0.907
HMMR	KIF20A	9606.ENSP00000377492	9606.ENSP00000378356	0	0	0	0	0.819	0.045	0	0.519	0.909
HMMR	CCNA2	9606.ENSP00000377492	9606.ENSP00000481380	0	0	0	0	0.802	0	0	0.619	0.921
HS6ST2	NDST1	9606.ENSP00000429473	9606.ENSP00000261797	0	0	0	0	0	0	0	0.652	0.652
HS6ST2	CRABP2	9606.ENSP00000429473	9606.ENSP00000482841	0	0	0	0	0.067	0	0	0.460	0.474
HSPA12B	KANK3	9606.ENSP00000254963	9606.ENSP00000328923	0	0	0	0	0.244	0.100	0	0.300	0.483
HSPA12B	CLEC14A	9606.ENSP00000254963	9606.ENSP00000353013	0	0	0	0	0.443	0.102	0	0.186	0.557
HTR3A	SLC6A4	9606.ENSP00000347754	9606.ENSP00000261707	0	0	0	0	0	0	0	0.726	0.726
IQANK1	SPTBN1	9606.ENSP00000489685	9606.ENSP00000349259	0	0	0	0	0.059	0.423	0	0.108	0.473
IQGAP3	DLGAP5	9606.ENSP00000354451	9606.ENSP00000247191	0	0	0	0	0.456	0.060	0	0.260	0.589
IQGAP3	TROAP	9606.ENSP00000354451	9606.ENSP00000257909	0	0	0	0	0.523	0	0	0.187	0.595
IQGAP3	ESPL1	9606.ENSP00000354451	9606.ENSP00000257934	0	0	0	0	0.688	0	0	0.152	0.724
IQGAP3	KIF11	9606.ENSP00000354451	9606.ENSP00000260731	0	0	0	0	0.606	0	0	0.166	0.658
IQGAP3	DEPDC1B	9606.ENSP00000354451	9606.ENSP00000265036	0	0	0	0	0.218	0	0.400	0.122	0.552
IQGAP3	ANLN	9606.ENSP00000354451	9606.ENSP00000265748	0	0	0	0	0.244	0.486	0.400	0.225	0.795
IQGAP3	BUB1B	9606.ENSP00000354451	9606.ENSP00000287598	0	0	0	0	0.552	0	0	0.203	0.628
IQGAP3	CCNB2	9606.ENSP00000354451	9606.ENSP00000288207	0	0	0	0	0.314	0.089	0	0.147	0.420
IQGAP3	PLK1	9606.ENSP00000354451	9606.ENSP00000300093	0	0	0	0	0.283	0	0	0.237	0.430
IQGAP3	TPX2	9606.ENSP00000354451	9606.ENSP00000300403	0	0	0	0	0.371	0	0	0.160	0.450
IQGAP3	BIRC5	9606.ENSP00000354451	9606.ENSP00000301633	0	0	0	0	0.467	0	0	0.167	0.537
IQGAP3	AURKB	9606.ENSP00000354451	9606.ENSP00000313950	0	0	0	0	0.378	0	0	0.117	0.427
IQGAP3	SPAG5	9606.ENSP00000354451	9606.ENSP00000323300	0	0	0	0	0.509	0	0	0.137	0.558
IQGAP3	KIF15	9606.ENSP00000354451	9606.ENSP00000324020	0	0	0	0	0.352	0	0	0.137	0.417
IQGAP3	CAV1	9606.ENSP00000354451	9606.ENSP00000339191	0	0	0	0	0.059	0	0.400	0.064	0.425
IQGAP3	FOXM1	9606.ENSP00000354451	9606.ENSP00000342307	0	0	0	0	0.500	0	0	0.152	0.558
IQGAP3	UBE2C	9606.ENSP00000354451	9606.ENSP00000348838	0	0	0	0	0.378	0	0	0.323	0.561
IQGAP3	RRM2	9606.ENSP00000354451	9606.ENSP00000353770	0	0	0	0	0.328	0	0	0.204	0.442
IQGAP3	DEPDC1	9606.ENSP00000354451	9606.ENSP00000412292	0	0	0	0	0.327	0	0	0.167	0.415
IQGAP3	CEP55	9606.ENSP00000354451	9606.ENSP00000360540	0	0	0	0	0.334	0	0	0.167	0.422
IQGAP3	LGR4	9606.ENSP00000354451	9606.ENSP00000368516	0	0	0	0	0	0	0	0.464	0.463
IQGAP3	CCNA2	9606.ENSP00000354451	9606.ENSP00000481380	0	0	0	0	0.441	0	0	0.080	0.464
IQGAP3	PBK	9606.ENSP00000354451	9606.ENSP00000428489	0	0	0	0	0.402	0	0	0.158	0.475
IQGAP3	KIF14	9606.ENSP00000354451	9606.ENSP00000356319	0	0	0	0	0.323	0	0	0.304	0.509
IQGAP3	TTK	9606.ENSP00000354451	9606.ENSP00000358813	0	0	0	0	0.467	0	0	0.127	0.515
IQGAP3	KIF18B	9606.ENSP00000354451	9606.ENSP00000465992	0	0	0	0	0.423	0	0	0.205	0.522
IQGAP3	ASPM	9606.ENSP00000354451	9606.ENSP00000356379	0	0	0	0.547	0.577	0	0	0.128	0.615
IQGAP3	CDC20	9606.ENSP00000354451	9606.ENSP00000361540	0	0	0	0	0.490	0.124	0	0.212	0.617
IQGAP3	MKI67	9606.ENSP00000354451	9606.ENSP00000357643	0	0	0	0	0.565	0	0	0.181	0.628
IQGAP3	CDCA8	9606.ENSP00000354451	9606.ENSP00000362146	0	0	0	0	0.561	0	0	0.199	0.633
IQGAP3	KIF4A	9606.ENSP00000354451	9606.ENSP00000363524	0	0	0	0	0.514	0	0	0.288	0.639
IQGAP3	CENPF	9606.ENSP00000354451	9606.ENSP00000355922	0	0	0	0	0.571	0	0	0.213	0.648
IQGAP3	TOP2A	9606.ENSP00000354451	9606.ENSP00000411532	0	0	0	0	0.580	0	0	0.223	0.660
IQGAP3	KIF2C	9606.ENSP00000354451	9606.ENSP00000361298	0	0	0	0	0.658	0	0	0.145	0.695
IQGAP3	HJURP	9606.ENSP00000354451	9606.ENSP00000414109	0	0	0	0	0.662	0	0	0.174	0.709
IQGAP3	KIF20A	9606.ENSP00000354451	9606.ENSP00000378356	0	0	0	0	0.704	0	0	0.267	0.773
JAM2	CDH5	9606.ENSP00000383376	9606.ENSP00000497290	0	0	0	0	0.084	0	0	0.406	0.432
KANK2	TNS1	9606.ENSP00000468002	9606.ENSP00000171887	0	0	0	0	0.283	0.068	0	0.230	0.441
KANK2	EMP2	9606.ENSP00000468002	9606.ENSP00000352540	0	0	0	0	0.072	0	0	0.428	0.446
KANK3	HSPA12B	9606.ENSP00000328923	9606.ENSP00000254963	0	0	0	0	0.244	0.100	0	0.300	0.483
KANK3	CLEC14A	9606.ENSP00000328923	9606.ENSP00000353013	0	0	0	0	0.199	0.098	0	0.239	0.403
KIF11	CDC6	9606.ENSP00000260731	9606.ENSP00000209728	0	0	0	0	0.780	0	0	0.434	0.870
KIF11	MYBL2	9606.ENSP00000260731	9606.ENSP00000217026	0	0	0	0	0.387	0	0	0.292	0.548
KIF11	ORC6	9606.ENSP00000260731	9606.ENSP00000219097	0	0	0	0	0.256	0	0	0.329	0.480
KIF11	NCAPH	9606.ENSP00000260731	9606.ENSP00000240423	0	0	0	0	0.853	0.067	0	0.385	0.908
KIF11	DLGAP5	9606.ENSP00000260731	9606.ENSP00000247191	0	0	0	0	0.966	0	0	0.922	0.997
KIF11	E2F8	9606.ENSP00000260731	9606.ENSP00000250024	0	0	0	0	0.815	0	0	0.324	0.870
KIF11	NCAPG	9606.ENSP00000260731	9606.ENSP00000251496	0	0	0	0	0.912	0.086	0	0.722	0.975
KIF11	GINS2	9606.ENSP00000260731	9606.ENSP00000253462	0	0	0	0	0.464	0	0	0.257	0.585
KIF11	CCNB1	9606.ENSP00000260731	9606.ENSP00000256442	0	0	0	0	0.849	0.136	0	0.762	0.966
KIF11	TROAP	9606.ENSP00000260731	9606.ENSP00000257909	0	0	0	0	0.554	0	0	0.136	0.598
KIF11	ESPL1	9606.ENSP00000260731	9606.ENSP00000257934	0	0	0.231	0	0.823	0.088	0	0.625	0.947
KIF11	BRIP1	9606.ENSP00000260731	9606.ENSP00000259008	0	0	0	0	0.427	0.126	0	0.291	0.614
KIF11	ARHGAP6	9606.ENSP00000260731	9606.ENSP00000338967	0	0	0	0	0.395	0	0	0.085	0.423
KIF11	XRCC2	9606.ENSP00000260731	9606.ENSP00000352271	0	0	0	0	0.123	0	0	0.385	0.437
KIF11	PKMYT1	9606.ENSP00000260731	9606.ENSP00000262300	0	0	0	0	0.228	0	0	0.305	0.441
KIF11	RCC1	9606.ENSP00000260731	9606.ENSP00000497402	0	0	0	0	0.258	0.045	0	0.347	0.498
KIF11	POLQ	9606.ENSP00000260731	9606.ENSP00000264233	0	0	0	0	0.517	0	0	0	0.517
KIF11	UBE2T	9606.ENSP00000260731	9606.ENSP00000494957	0	0	0	0	0.438	0	0	0.179	0.519
KIF11	NEIL3	9606.ENSP00000260731	9606.ENSP00000264596	0	0	0	0	0.548	0	0	0.076	0.564
KIF11	EZH2	9606.ENSP00000260731	9606.ENSP00000320147	0	0	0	0	0.500	0.045	0	0.191	0.580
KIF11	TUBB3	9606.ENSP00000260731	9606.ENSP00000320295	0	0	0	0	0.096	0.438	0	0.252	0.587
KIF11	TICRR	9606.ENSP00000260731	9606.ENSP00000268138	0	0	0	0	0.574	0	0	0.104	0.602
KIF11	GTSE1	9606.ENSP00000260731	9606.ENSP00000415430	0	0	0	0	0.492	0	0	0.250	0.603
KIF11	ERCC6L	9606.ENSP00000260731	9606.ENSP00000334675	0	0	0	0	0.555	0.068	0	0.224	0.650
KIF11	KIF26B	9606.ENSP00000260731	9606.ENSP00000385545	0	0	0	0.559	0.111	0.056	0.540	0.204	0.651
KIF11	RAD54L	9606.ENSP00000260731	9606.ENSP00000361043	0	0	0	0	0.488	0.068	0	0.339	0.657
KIF11	GINS1	9606.ENSP00000260731	9606.ENSP00000262460	0	0	0	0	0.524	0	0	0.312	0.658
KIF11	IQGAP3	9606.ENSP00000260731	9606.ENSP00000354451	0	0	0	0	0.606	0	0	0.166	0.658
KIF11	CDC25C	9606.ENSP00000260731	9606.ENSP00000321656	0	0	0	0	0.510	0	0	0.335	0.660
KIF11	SKA3	9606.ENSP00000260731	9606.ENSP00000319417	0	0	0	0	0.559	0	0	0.292	0.675
KIF11	UHRF1	9606.ENSP00000260731	9606.ENSP00000479617	0	0	0	0	0.587	0.069	0	0.301	0.708
KIF11	EXO1	9606.ENSP00000260731	9606.ENSP00000355506	0	0	0	0	0.699	0.063	0	0.255	0.772
KIF11	CDC45	9606.ENSP00000260731	9606.ENSP00000405726	0	0	0	0	0.642	0	0	0.410	0.780
KIF11	CHEK1	9606.ENSP00000260731	9606.ENSP00000391090	0	0	0	0	0.694	0	0	0.377	0.801
KIF11	CKAP2L	9606.ENSP00000260731	9606.ENSP00000305204	0	0	0	0	0.762	0	0	0.220	0.806
KIF11	DEPDC1	9606.ENSP00000260731	9606.ENSP00000412292	0	0	0	0	0.792	0	0	0.258	0.839
KIF11	SGO1	9606.ENSP00000260731	9606.ENSP00000263753	0	0	0	0	0.714	0	0	0.467	0.841
KIF11	DEPDC1B	9606.ENSP00000260731	9606.ENSP00000265036	0	0	0	0	0.812	0	0	0.195	0.842
KIF11	CDCA5	9606.ENSP00000260731	9606.ENSP00000275517	0	0	0	0	0.764	0	0	0.366	0.844
KIF11	STIL	9606.ENSP00000260731	9606.ENSP00000360944	0	0	0	0	0.802	0	0	0.311	0.858
KIF11	KIF18B	9606.ENSP00000260731	9606.ENSP00000465992	0	0	0	0.656	0.593	0.158	0.540	0.278	0.871
KIF11	MCM10	9606.ENSP00000260731	9606.ENSP00000418268	0	0	0	0	0.850	0	0	0.348	0.898
KIF11	CDCA2	9606.ENSP00000260731	9606.ENSP00000328228	0	0	0	0	0.853	0	0	0.372	0.904
KIF11	UBE2C	9606.ENSP00000260731	9606.ENSP00000348838	0	0	0	0	0.835	0	0	0.511	0.916
KIF11	PLK1	9606.ENSP00000260731	9606.ENSP00000300093	0	0	0	0	0.644	0.071	0	0.776	0.919
KIF11	CDCA3	9606.ENSP00000260731	9606.ENSP00000442068	0	0	0	0	0.853	0	0	0.490	0.922
KIF11	HMMR	9606.ENSP00000260731	9606.ENSP00000377492	0	0	0	0	0.815	0.049	0	0.623	0.928
KIF11	ZWINT	9606.ENSP00000260731	9606.ENSP00000363055	0	0	0	0	0.794	0	0	0.665	0.928
KIF11	KIF14	9606.ENSP00000260731	9606.ENSP00000356319	0	0	0	0.617	0.806	0	0.540	0.284	0.930
KIF11	HJURP	9606.ENSP00000260731	9606.ENSP00000414109	0	0	0	0	0.846	0	0	0.563	0.930
KIF11	MKI67	9606.ENSP00000260731	9606.ENSP00000357643	0	0	0	0	0.861	0	0	0.523	0.931
KIF11	FOXM1	9606.ENSP00000260731	9606.ENSP00000342307	0	0	0	0	0.818	0.054	0	0.649	0.934
KIF11	MELK	9606.ENSP00000260731	9606.ENSP00000298048	0	0	0	0	0.897	0	0	0.449	0.941
KIF11	CENPA	9606.ENSP00000260731	9606.ENSP00000336868	0	0	0	0	0.832	0.078	0	0.658	0.942
KIF11	CCNB2	9606.ENSP00000260731	9606.ENSP00000288207	0	0	0	0	0.841	0.136	0	0.629	0.944
KIF11	ANLN	9606.ENSP00000260731	9606.ENSP00000265748	0	0	0	0	0.879	0	0	0.582	0.947
KIF11	RRM2	9606.ENSP00000260731	9606.ENSP00000353770	0	0	0	0	0.863	0	0	0.634	0.947
KIF11	KIF4A	9606.ENSP00000260731	9606.ENSP00000363524	0	0	0	0.645	0.891	0	0.400	0.324	0.952
KIF11	SPAG5	9606.ENSP00000260731	9606.ENSP00000323300	0	0	0	0	0.883	0.071	0	0.613	0.954
KIF11	PBK	9606.ENSP00000260731	9606.ENSP00000428489	0	0	0	0	0.908	0.045	0	0.533	0.955
KIF11	BIRC5	9606.ENSP00000260731	9606.ENSP00000301633	0	0	0	0	0.885	0.067	0	0.637	0.957
KIF11	NEK2	9606.ENSP00000260731	9606.ENSP00000355966	0	0	0	0	0.845	0.054	0	0.745	0.959
KIF11	AURKB	9606.ENSP00000260731	9606.ENSP00000313950	0	0	0	0	0.768	0.272	0	0.804	0.964
KIF11	CDCA8	9606.ENSP00000260731	9606.ENSP00000362146	0	0	0	0	0.872	0	0	0.734	0.964
KIF11	TPX2	9606.ENSP00000260731	9606.ENSP00000300403	0	0	0	0	0.843	0	0	0.790	0.965
KIF11	KIF2C	9606.ENSP00000260731	9606.ENSP00000361298	0	0	0	0.635	0.848	0	0.540	0.579	0.968
KIF11	NDC80	9606.ENSP00000260731	9606.ENSP00000261597	0	0	0	0	0.927	0.094	0	0.620	0.972
KIF11	CENPF	9606.ENSP00000260731	9606.ENSP00000355922	0	0	0	0	0.903	0	0	0.728	0.972
KIF11	NUF2	9606.ENSP00000260731	9606.ENSP00000271452	0	0	0	0	0.925	0.084	0	0.669	0.975
KIF11	TOP2A	9606.ENSP00000260731	9606.ENSP00000411532	0	0	0	0	0.910	0	0	0.735	0.975
KIF11	CCNA2	9606.ENSP00000260731	9606.ENSP00000481380	0	0	0	0	0.913	0	0	0.762	0.978
KIF11	KIF20A	9606.ENSP00000260731	9606.ENSP00000378356	0	0	0	0.582	0.902	0.073	0.540	0.587	0.980
KIF11	KIF15	9606.ENSP00000260731	9606.ENSP00000324020	0	0	0	0.631	0.910	0.056	0.720	0.399	0.983
KIF11	TTK	9606.ENSP00000260731	9606.ENSP00000358813	0	0	0	0	0.958	0.139	0	0.611	0.984
KIF11	CDC20	9606.ENSP00000260731	9606.ENSP00000361540	0	0	0	0	0.920	0.143	0	0.825	0.987
KIF11	ASPM	9606.ENSP00000260731	9606.ENSP00000356379	0	0	0	0	0.962	0.079	0	0.714	0.989
KIF11	BUB1B	9606.ENSP00000260731	9606.ENSP00000287598	0	0	0	0	0.937	0.310	0	0.875	0.994
KIF11	CEP55	9606.ENSP00000260731	9606.ENSP00000360540	0	0	0	0	0.994	0	0	0.519	0.997
KIF14	CDC6	9606.ENSP00000356319	9606.ENSP00000209728	0	0	0	0	0.389	0	0	0.224	0.506
KIF14	MYBL2	9606.ENSP00000356319	9606.ENSP00000217026	0	0	0	0	0.644	0	0	0.262	0.726
KIF14	NCAPH	9606.ENSP00000356319	9606.ENSP00000240423	0	0	0	0	0.370	0	0	0.653	0.772
KIF14	DLGAP5	9606.ENSP00000356319	9606.ENSP00000247191	0	0	0	0	0.799	0	0	0.683	0.933
KIF14	E2F8	9606.ENSP00000356319	9606.ENSP00000250024	0	0	0	0	0.489	0	0	0.244	0.597
KIF14	NCAPG	9606.ENSP00000356319	9606.ENSP00000251496	0	0	0	0	0.787	0	0	0.660	0.924
KIF14	CCNB1	9606.ENSP00000356319	9606.ENSP00000256442	0	0	0	0	0.773	0	0	0.416	0.861
KIF14	TROAP	9606.ENSP00000356319	9606.ENSP00000257909	0	0	0	0	0.482	0.292	0	0.142	0.658
KIF14	ESPL1	9606.ENSP00000356319	9606.ENSP00000257934	0	0	0	0	0.451	0	0	0.458	0.690
KIF14	BRIP1	9606.ENSP00000356319	9606.ENSP00000259008	0	0	0	0	0.398	0	0	0.050	0.404
KIF14	KIF11	9606.ENSP00000356319	9606.ENSP00000260731	0	0	0	0.617	0.806	0	0.540	0.284	0.930
KIF14	NDC80	9606.ENSP00000356319	9606.ENSP00000261597	0	0	0	0	0.667	0.092	0	0.198	0.736
KIF14	GINS1	9606.ENSP00000356319	9606.ENSP00000262460	0	0	0	0	0.339	0	0	0.511	0.662
KIF14	SGO1	9606.ENSP00000356319	9606.ENSP00000263753	0	0	0	0	0.447	0	0	0.311	0.603
KIF14	POLQ	9606.ENSP00000356319	9606.ENSP00000264233	0	0	0	0	0.493	0	0	0	0.493
KIF14	NEIL3	9606.ENSP00000356319	9606.ENSP00000264596	0	0	0	0	0.572	0	0	0.125	0.610
KIF14	DEPDC1B	9606.ENSP00000356319	9606.ENSP00000265036	0	0	0	0	0.729	0	0	0.369	0.822
KIF14	ANLN	9606.ENSP00000356319	9606.ENSP00000265748	0	0	0	0	0.550	0.292	0	0.503	0.828
KIF14	NUF2	9606.ENSP00000356319	9606.ENSP00000271452	0	0	0	0	0.796	0	0	0.400	0.872
KIF14	CDCA5	9606.ENSP00000356319	9606.ENSP00000275517	0	0	0	0	0.451	0.292	0	0.357	0.728
KIF14	BUB1B	9606.ENSP00000356319	9606.ENSP00000287598	0	0	0	0	0.792	0.067	0	0.422	0.878
KIF14	CCNB2	9606.ENSP00000356319	9606.ENSP00000288207	0	0	0	0	0.464	0	0	0.368	0.647
KIF14	MELK	9606.ENSP00000356319	9606.ENSP00000298048	0	0	0	0	0.782	0	0	0.357	0.854
KIF14	PLK1	9606.ENSP00000356319	9606.ENSP00000300093	0	0	0	0	0.391	0	0	0.387	0.611
KIF14	TPX2	9606.ENSP00000356319	9606.ENSP00000300403	0	0	0	0	0.778	0.292	0	0.431	0.903
KIF14	BIRC5	9606.ENSP00000356319	9606.ENSP00000301633	0	0	0	0	0.513	0.292	0	0.311	0.741
KIF14	CKAP2L	9606.ENSP00000356319	9606.ENSP00000305204	0	0	0	0	0.767	0	0	0.394	0.852
KIF14	AURKB	9606.ENSP00000356319	9606.ENSP00000313950	0	0	0	0	0.461	0.292	0	0.596	0.832
KIF14	SKA3	9606.ENSP00000356319	9606.ENSP00000319417	0	0	0	0	0.458	0	0	0.122	0.504
KIF14	CDC25C	9606.ENSP00000356319	9606.ENSP00000321656	0	0	0	0	0.468	0	0	0.535	0.742
KIF14	SPAG5	9606.ENSP00000356319	9606.ENSP00000323300	0	0	0	0	0.435	0.292	0	0.365	0.724
KIF14	KIF15	9606.ENSP00000356319	9606.ENSP00000324020	0	0	0	0.587	0.793	0	0.540	0.342	0.931
KIF14	CDCA2	9606.ENSP00000356319	9606.ENSP00000328228	0	0	0	0	0.663	0	0	0.300	0.754
KIF14	ERCC6L	9606.ENSP00000356319	9606.ENSP00000334675	0	0	0	0	0.463	0	0	0.366	0.645
KIF14	CENPA	9606.ENSP00000356319	9606.ENSP00000336868	0	0	0	0	0.639	0	0	0.501	0.812
KIF14	FOXM1	9606.ENSP00000356319	9606.ENSP00000342307	0	0	0	0	0.670	0	0	0.276	0.751
KIF14	UBE2C	9606.ENSP00000356319	9606.ENSP00000348838	0	0	0	0	0.494	0	0	0.327	0.645
KIF14	RRM2	9606.ENSP00000356319	9606.ENSP00000353770	0	0	0	0	0.452	0	0	0.309	0.606
KIF14	IQGAP3	9606.ENSP00000356319	9606.ENSP00000354451	0	0	0	0	0.323	0	0	0.304	0.509
KIF14	EXO1	9606.ENSP00000356319	9606.ENSP00000355506	0	0	0	0	0.644	0	0	0.231	0.714
KIF14	CENPF	9606.ENSP00000356319	9606.ENSP00000355922	0	0	0	0	0.829	0.292	0	0.692	0.959
KIF14	NEK2	9606.ENSP00000356319	9606.ENSP00000355966	0	0	0	0	0.796	0	0	0.446	0.882
KIF14	RECQL4	9606.ENSP00000356319	9606.ENSP00000482313	0	0	0	0	0.138	0.292	0	0.114	0.412
KIF14	UHRF1	9606.ENSP00000356319	9606.ENSP00000479617	0	0	0	0	0.360	0	0	0.194	0.462
KIF14	RCC1	9606.ENSP00000356319	9606.ENSP00000497402	0	0	0	0	0.105	0.292	0	0.226	0.467
KIF14	UBE2T	9606.ENSP00000356319	9606.ENSP00000494957	0	0	0	0	0.372	0	0	0.227	0.494
KIF14	CDC45	9606.ENSP00000356319	9606.ENSP00000405726	0	0	0	0	0.356	0	0	0.277	0.515
KIF14	RAD54L	9606.ENSP00000356319	9606.ENSP00000361043	0	0	0	0	0.359	0	0	0.306	0.537
KIF14	CHEK1	9606.ENSP00000356319	9606.ENSP00000391090	0	0	0	0	0.464	0	0	0.175	0.539
KIF14	ZWINT	9606.ENSP00000356319	9606.ENSP00000363055	0	0	0	0	0.401	0	0	0.270	0.544
KIF14	SPTBN2	9606.ENSP00000356319	9606.ENSP00000432568	0	0	0	0	0.045	0.292	0	0.444	0.591
KIF14	KIF26B	9606.ENSP00000356319	9606.ENSP00000385545	0	0	0	0.549	0.052	0	0.540	0.235	0.637
KIF14	CDCA3	9606.ENSP00000356319	9606.ENSP00000442068	0	0	0	0	0.509	0	0	0.305	0.644
KIF14	CDC20	9606.ENSP00000356319	9606.ENSP00000361540	0	0	0	0	0.513	0	0	0.358	0.674
KIF14	GTSE1	9606.ENSP00000356319	9606.ENSP00000415430	0	0	0	0	0.542	0	0	0.349	0.689
KIF14	MCM10	9606.ENSP00000356319	9606.ENSP00000418268	0	0	0	0	0.640	0	0	0.320	0.744
KIF14	KIF18B	9606.ENSP00000356319	9606.ENSP00000465992	0	0	0	0.649	0.365	0	0.540	0.250	0.762
KIF14	STIL	9606.ENSP00000356319	9606.ENSP00000360944	0	0	0	0	0.510	0.095	0	0.538	0.777
KIF14	PBK	9606.ENSP00000356319	9606.ENSP00000428489	0	0	0	0	0.538	0.046	0	0.538	0.779
KIF14	CDCA8	9606.ENSP00000356319	9606.ENSP00000362146	0	0	0	0	0.549	0.292	0	0.511	0.830
KIF14	CCNA2	9606.ENSP00000356319	9606.ENSP00000481380	0	0	0	0	0.793	0	0	0.305	0.850
KIF14	HMMR	9606.ENSP00000356319	9606.ENSP00000377492	0	0	0	0	0.786	0	0	0.343	0.853
KIF14	DEPDC1	9606.ENSP00000356319	9606.ENSP00000412292	0	0	0	0	0.805	0	0	0.376	0.873
KIF14	MKI67	9606.ENSP00000356319	9606.ENSP00000357643	0	0	0	0	0.788	0.292	0	0.351	0.894
KIF14	KIF2C	9606.ENSP00000356319	9606.ENSP00000361298	0	0	0	0.631	0.644	0.292	0.540	0.250	0.901
KIF14	TTK	9606.ENSP00000356319	9606.ENSP00000358813	0	0	0	0	0.790	0.292	0	0.410	0.904
KIF14	KIF4A	9606.ENSP00000356319	9606.ENSP00000363524	0	0	0	0.614	0.726	0.307	0	0.619	0.921
KIF14	TOP2A	9606.ENSP00000356319	9606.ENSP00000411532	0	0	0	0	0.786	0.292	0	0.557	0.927
KIF14	HJURP	9606.ENSP00000356319	9606.ENSP00000414109	0	0	0	0	0.790	0.292	0	0.552	0.927
KIF14	CEP55	9606.ENSP00000356319	9606.ENSP00000360540	0	0	0	0	0.800	0.292	0	0.630	0.943
KIF14	ASPM	9606.ENSP00000356319	9606.ENSP00000356379	0	0	0	0	0.876	0.292	0	0.617	0.963
KIF14	KIF20A	9606.ENSP00000356319	9606.ENSP00000378356	0	0	0	0.574	0.783	0.314	0.540	0.654	0.973
KIF15	CDC6	9606.ENSP00000324020	9606.ENSP00000209728	0	0	0	0	0.498	0	0	0.290	0.628
KIF15	MYBL2	9606.ENSP00000324020	9606.ENSP00000217026	0	0	0	0	0.374	0	0	0.234	0.500
KIF15	NCAPH	9606.ENSP00000324020	9606.ENSP00000240423	0	0	0	0	0.803	0	0	0.474	0.892
KIF15	DLGAP5	9606.ENSP00000324020	9606.ENSP00000247191	0	0	0	0	0.865	0	0	0.556	0.937
KIF15	E2F8	9606.ENSP00000324020	9606.ENSP00000250024	0	0	0	0	0.751	0	0	0.228	0.800
KIF15	NCAPG	9606.ENSP00000324020	9606.ENSP00000251496	0	0	0	0	0.851	0	0	0.479	0.919
KIF15	GINS2	9606.ENSP00000324020	9606.ENSP00000253462	0	0	0	0	0.514	0	0	0.400	0.696
KIF15	CCNB1	9606.ENSP00000324020	9606.ENSP00000256442	0	0	0	0	0.812	0.062	0	0.565	0.916
KIF15	TROAP	9606.ENSP00000324020	9606.ENSP00000257909	0	0	0	0	0.651	0	0	0.174	0.700
KIF15	ESPL1	9606.ENSP00000324020	9606.ENSP00000257934	0	0	0	0	0.636	0	0	0.367	0.760
KIF15	KIF11	9606.ENSP00000324020	9606.ENSP00000260731	0	0	0	0.631	0.910	0.056	0.720	0.399	0.983
KIF15	NDC80	9606.ENSP00000324020	9606.ENSP00000261597	0	0	0	0	0.842	0.109	0	0.348	0.900
KIF15	GINS1	9606.ENSP00000324020	9606.ENSP00000262460	0	0	0	0	0.484	0	0	0.091	0.511
KIF15	SGO1	9606.ENSP00000324020	9606.ENSP00000263753	0	0	0	0	0.620	0.043	0	0.300	0.723
KIF15	POLQ	9606.ENSP00000324020	9606.ENSP00000264233	0	0	0	0	0.645	0	0	0.069	0.656
KIF15	NEIL3	9606.ENSP00000324020	9606.ENSP00000264596	0	0	0	0	0.604	0	0	0.153	0.650
KIF15	DEPDC1B	9606.ENSP00000324020	9606.ENSP00000265036	0	0	0	0	0.785	0	0	0.185	0.817
KIF15	ANLN	9606.ENSP00000324020	9606.ENSP00000265748	0	0	0	0	0.458	0	0	0.371	0.645
KIF15	TICRR	9606.ENSP00000324020	9606.ENSP00000268138	0	0	0	0	0.548	0	0	0.067	0.560
KIF15	NUF2	9606.ENSP00000324020	9606.ENSP00000271452	0	0	0	0	0.813	0	0	0.673	0.936
KIF15	CDCA5	9606.ENSP00000324020	9606.ENSP00000275517	0	0	0	0	0.510	0	0	0.323	0.654
KIF15	BUB1B	9606.ENSP00000324020	9606.ENSP00000287598	0	0	0	0	0.863	0	0	0.465	0.923
KIF15	CCNB2	9606.ENSP00000324020	9606.ENSP00000288207	0	0	0	0	0.589	0.062	0	0.591	0.828
KIF15	MELK	9606.ENSP00000324020	9606.ENSP00000298048	0	0	0	0	0.818	0	0	0.305	0.868
KIF15	PLK1	9606.ENSP00000324020	9606.ENSP00000300093	0	0	0	0	0.381	0	0	0.345	0.577
KIF15	TPX2	9606.ENSP00000324020	9606.ENSP00000300403	0	0	0	0	0.802	0	0	0.749	0.948
KIF15	BIRC5	9606.ENSP00000324020	9606.ENSP00000301633	0	0	0	0	0.751	0	0	0.363	0.835
KIF15	CKAP2L	9606.ENSP00000324020	9606.ENSP00000305204	0	0	0	0	0.535	0	0	0.284	0.652
KIF15	AURKB	9606.ENSP00000324020	9606.ENSP00000313950	0	0	0	0	0.625	0	0	0.636	0.858
KIF15	SKA3	9606.ENSP00000324020	9606.ENSP00000319417	0	0	0	0	0.585	0	0	0.160	0.636
KIF15	EZH2	9606.ENSP00000324020	9606.ENSP00000320147	0	0	0	0	0.350	0.103	0	0.145	0.458
KIF15	CDC25C	9606.ENSP00000324020	9606.ENSP00000321656	0	0	0	0	0.497	0	0	0.180	0.570
KIF15	SPAG5	9606.ENSP00000324020	9606.ENSP00000323300	0	0	0	0	0.781	0.104	0	0.346	0.860
KIF15	IQGAP3	9606.ENSP00000324020	9606.ENSP00000354451	0	0	0	0	0.352	0	0	0.137	0.417
KIF15	GTSE1	9606.ENSP00000324020	9606.ENSP00000415430	0	0	0	0	0.471	0	0	0.184	0.550
KIF15	UHRF1	9606.ENSP00000324020	9606.ENSP00000479617	0	0	0	0	0.475	0	0	0.179	0.551
KIF15	STIL	9606.ENSP00000324020	9606.ENSP00000360944	0	0	0	0	0.489	0	0	0.160	0.552
KIF15	UBE2T	9606.ENSP00000324020	9606.ENSP00000494957	0	0	0	0	0.479	0	0	0.197	0.564
KIF15	CHEK1	9606.ENSP00000324020	9606.ENSP00000391090	0	0	0	0	0.529	0	0	0.126	0.571
KIF15	KIF26B	9606.ENSP00000324020	9606.ENSP00000385545	0	0	0	0.558	0	0	0.540	0.178	0.605
KIF15	ERCC6L	9606.ENSP00000324020	9606.ENSP00000334675	0	0	0	0	0.475	0.045	0	0.375	0.659
KIF15	RRM2	9606.ENSP00000324020	9606.ENSP00000353770	0	0	0	0	0.612	0	0	0.220	0.684
KIF15	RAD54L	9606.ENSP00000324020	9606.ENSP00000361043	0	0	0	0	0.541	0.045	0	0.376	0.703
KIF15	EXO1	9606.ENSP00000324020	9606.ENSP00000355506	0	0	0	0	0.677	0	0	0.199	0.730
KIF15	CDCA2	9606.ENSP00000324020	9606.ENSP00000328228	0	0	0	0	0.659	0	0	0.250	0.733
KIF15	CDC45	9606.ENSP00000324020	9606.ENSP00000405726	0	0	0	0	0.730	0	0	0.248	0.788
KIF15	CDCA3	9606.ENSP00000324020	9606.ENSP00000442068	0	0	0	0	0.718	0	0	0.278	0.788
KIF15	ZWINT	9606.ENSP00000324020	9606.ENSP00000363055	0	0	0	0	0.552	0	0	0.558	0.793
KIF15	FOXM1	9606.ENSP00000324020	9606.ENSP00000342307	0	0	0	0	0.738	0	0	0.267	0.800
KIF15	MCM10	9606.ENSP00000324020	9606.ENSP00000418268	0	0	0	0	0.783	0	0	0.186	0.816
KIF15	NEK2	9606.ENSP00000324020	9606.ENSP00000355966	0	0	0	0	0.720	0	0	0.394	0.823
KIF15	CDC20	9606.ENSP00000324020	9606.ENSP00000361540	0	0	0	0	0.740	0.126	0	0.336	0.836
KIF15	UBE2C	9606.ENSP00000324020	9606.ENSP00000348838	0	0	0	0	0.668	0	0	0.551	0.844
KIF15	DEPDC1	9606.ENSP00000324020	9606.ENSP00000412292	0	0	0	0	0.782	0	0	0.358	0.854
KIF15	CENPA	9606.ENSP00000324020	9606.ENSP00000336868	0	0	0	0	0.719	0	0	0.539	0.865
KIF15	HJURP	9606.ENSP00000324020	9606.ENSP00000414109	0	0	0	0	0.808	0	0	0.340	0.868
KIF15	CCNA2	9606.ENSP00000324020	9606.ENSP00000481380	0	0	0	0	0.825	0	0	0.304	0.873
KIF15	PBK	9606.ENSP00000324020	9606.ENSP00000428489	0	0	0	0	0.807	0	0	0.371	0.873
KIF15	KIF18B	9606.ENSP00000324020	9606.ENSP00000465992	0	0	0	0.647	0.571	0	0.540	0.440	0.880
KIF15	CEP55	9606.ENSP00000324020	9606.ENSP00000360540	0	0	0	0	0.824	0	0	0.418	0.893
KIF15	HMMR	9606.ENSP00000324020	9606.ENSP00000377492	0	0	0	0	0.786	0.104	0	0.526	0.901
KIF15	CDCA8	9606.ENSP00000324020	9606.ENSP00000362146	0	0	0	0	0.811	0	0	0.505	0.902
KIF15	KIF4A	9606.ENSP00000324020	9606.ENSP00000363524	0	0	0	0.630	0.811	0	0.400	0.327	0.917
KIF15	KIF14	9606.ENSP00000324020	9606.ENSP00000356319	0	0	0	0.587	0.793	0	0.540	0.342	0.931
KIF15	MKI67	9606.ENSP00000324020	9606.ENSP00000357643	0	0	0	0	0.850	0.292	0	0.434	0.935
KIF15	KIF20A	9606.ENSP00000324020	9606.ENSP00000378356	0	0	0	0.580	0.836	0	0.540	0.291	0.942
KIF15	KIF2C	9606.ENSP00000324020	9606.ENSP00000361298	0	0	0	0.605	0.842	0	0.540	0.304	0.945
KIF15	TOP2A	9606.ENSP00000324020	9606.ENSP00000411532	0	0	0	0	0.896	0	0	0.590	0.955
KIF15	CENPF	9606.ENSP00000324020	9606.ENSP00000355922	0	0	0	0	0.898	0	0	0.615	0.959
KIF15	TTK	9606.ENSP00000324020	9606.ENSP00000358813	0	0	0	0	0.896	0	0	0.640	0.961
KIF15	ASPM	9606.ENSP00000324020	9606.ENSP00000356379	0	0	0	0	0.895	0	0	0.743	0.971
KIF18B	CDC6	9606.ENSP00000465992	9606.ENSP00000209728	0	0	0	0	0.292	0	0	0.228	0.430
KIF18B	MYBL2	9606.ENSP00000465992	9606.ENSP00000217026	0	0	0	0	0.414	0	0	0.327	0.589
KIF18B	NCAPH	9606.ENSP00000465992	9606.ENSP00000240423	0	0	0	0	0.505	0.073	0	0.404	0.703
KIF18B	DLGAP5	9606.ENSP00000465992	9606.ENSP00000247191	0	0	0	0	0.607	0	0	0.556	0.818
KIF18B	E2F8	9606.ENSP00000465992	9606.ENSP00000250024	0	0	0	0	0.594	0	0	0.144	0.638
KIF18B	NCAPG	9606.ENSP00000465992	9606.ENSP00000251496	0	0	0	0	0.378	0	0	0.423	0.626
KIF18B	CCNB1	9606.ENSP00000465992	9606.ENSP00000256442	0	0	0	0	0.433	0.051	0	0.326	0.606
KIF18B	TROAP	9606.ENSP00000465992	9606.ENSP00000257909	0	0	0	0	0.860	0	0	0.356	0.906
KIF18B	ESPL1	9606.ENSP00000465992	9606.ENSP00000257934	0	0	0	0	0.797	0	0	0.292	0.850
KIF18B	KIF11	9606.ENSP00000465992	9606.ENSP00000260731	0	0	0	0.656	0.593	0.158	0.540	0.278	0.871
KIF18B	NDC80	9606.ENSP00000465992	9606.ENSP00000261597	0	0	0	0	0.445	0.128	0	0.210	0.584
KIF18B	GINS1	9606.ENSP00000465992	9606.ENSP00000262460	0	0	0	0	0.459	0	0	0.220	0.560
KIF18B	SGO1	9606.ENSP00000465992	9606.ENSP00000263753	0	0	0	0	0.383	0.068	0	0.348	0.592
KIF18B	NEIL3	9606.ENSP00000465992	9606.ENSP00000264596	0	0	0	0	0.478	0	0	0.162	0.544
KIF18B	DEPDC1B	9606.ENSP00000465992	9606.ENSP00000265036	0	0	0	0	0.411	0	0	0.044	0.413
KIF18B	ANLN	9606.ENSP00000465992	9606.ENSP00000265748	0	0	0	0	0.263	0	0	0.277	0.445
KIF18B	NUF2	9606.ENSP00000465992	9606.ENSP00000271452	0	0	0	0	0.386	0.060	0	0.568	0.729
KIF18B	CDCA5	9606.ENSP00000465992	9606.ENSP00000275517	0	0	0	0	0.291	0	0	0.447	0.591
KIF18B	BUB1B	9606.ENSP00000465992	9606.ENSP00000287598	0	0	0	0	0.693	0.071	0	0.477	0.838
KIF18B	CCNB2	9606.ENSP00000465992	9606.ENSP00000288207	0	0	0	0	0.309	0.051	0	0.313	0.510
KIF18B	MELK	9606.ENSP00000465992	9606.ENSP00000298048	0	0	0	0	0.382	0	0	0.503	0.680
KIF18B	PLK1	9606.ENSP00000465992	9606.ENSP00000300093	0	0	0	0	0.489	0.066	0	0.384	0.681
KIF18B	TPX2	9606.ENSP00000465992	9606.ENSP00000300403	0	0	0	0	0.420	0	0	0.476	0.683
KIF18B	BIRC5	9606.ENSP00000465992	9606.ENSP00000301633	0	0	0	0	0.631	0.060	0	0.523	0.820
KIF18B	CKAP2L	9606.ENSP00000465992	9606.ENSP00000305204	0	0	0	0	0.312	0	0	0.474	0.622
KIF18B	AURKB	9606.ENSP00000465992	9606.ENSP00000313950	0	0	0	0	0.554	0.094	0	0.435	0.752
KIF18B	SKA3	9606.ENSP00000465992	9606.ENSP00000319417	0	0	0	0	0.361	0	0	0.271	0.514
KIF18B	CDC25C	9606.ENSP00000465992	9606.ENSP00000321656	0	0	0	0	0.238	0.085	0	0.398	0.544
KIF18B	SPAG5	9606.ENSP00000465992	9606.ENSP00000323300	0	0	0	0	0.563	0.057	0	0.370	0.718
KIF18B	KIF15	9606.ENSP00000465992	9606.ENSP00000324020	0	0	0	0.647	0.571	0	0.540	0.440	0.880
KIF18B	CDCA2	9606.ENSP00000465992	9606.ENSP00000328228	0	0	0	0	0.428	0	0	0.327	0.599
KIF18B	ERCC6L	9606.ENSP00000465992	9606.ENSP00000334675	0	0	0	0	0.231	0.066	0	0.433	0.558
KIF18B	CENPA	9606.ENSP00000465992	9606.ENSP00000336868	0	0	0	0	0.331	0.135	0	0.400	0.622
KIF18B	FOXM1	9606.ENSP00000465992	9606.ENSP00000342307	0	0	0	0	0.766	0.045	0	0.230	0.813
KIF18B	UBE2C	9606.ENSP00000465992	9606.ENSP00000348838	0	0	0	0	0.633	0.045	0	0.589	0.843
KIF18B	RRM2	9606.ENSP00000465992	9606.ENSP00000353770	0	0	0	0	0.602	0	0	0.252	0.690
KIF18B	IQGAP3	9606.ENSP00000465992	9606.ENSP00000354451	0	0	0	0	0.423	0	0	0.205	0.522
KIF18B	EXO1	9606.ENSP00000465992	9606.ENSP00000355506	0	0	0	0	0.268	0	0	0.265	0.439
KIF18B	CENPF	9606.ENSP00000465992	9606.ENSP00000355922	0	0	0	0	0.524	0	0	0.392	0.698
KIF18B	NEK2	9606.ENSP00000465992	9606.ENSP00000355966	0	0	0	0	0.447	0	0	0.201	0.539
KIF18B	KIF14	9606.ENSP00000465992	9606.ENSP00000356319	0	0	0	0.649	0.365	0	0.540	0.250	0.762
KIF18B	ASPM	9606.ENSP00000465992	9606.ENSP00000356379	0	0	0	0	0.641	0.061	0	0.271	0.733
KIF18B	MKI67	9606.ENSP00000465992	9606.ENSP00000357643	0	0	0	0	0.675	0.292	0	0.166	0.791
KIF18B	TTK	9606.ENSP00000465992	9606.ENSP00000358813	0	0	0	0	0.410	0	0	0.450	0.662
KIF18B	CEP55	9606.ENSP00000465992	9606.ENSP00000360540	0	0	0	0	0.463	0	0	0.586	0.768
KIF18B	RAD54L	9606.ENSP00000465992	9606.ENSP00000361043	0	0	0	0	0.259	0.066	0	0.409	0.555
KIF18B	KIF2C	9606.ENSP00000465992	9606.ENSP00000361298	0	0	0	0.658	0.694	0.331	0.540	0.844	0.983
KIF18B	CDC20	9606.ENSP00000465992	9606.ENSP00000361540	0	0	0	0	0.679	0.049	0	0.374	0.792
KIF18B	CDCA8	9606.ENSP00000465992	9606.ENSP00000362146	0	0	0	0	0.682	0	0	0.512	0.838
KIF18B	ZWINT	9606.ENSP00000465992	9606.ENSP00000363055	0	0	0	0	0.358	0.065	0	0.100	0.413
KIF18B	KIF4A	9606.ENSP00000465992	9606.ENSP00000363524	0	0	0	0.657	0.693	0	0.400	0.506	0.901
KIF18B	ARHGEF39	9606.ENSP00000465992	9606.ENSP00000367638	0	0	0	0	0.400	0	0	0	0.400
KIF18B	HMMR	9606.ENSP00000465992	9606.ENSP00000377492	0	0	0	0	0.353	0.057	0	0.145	0.433
KIF18B	KIF20A	9606.ENSP00000465992	9606.ENSP00000378356	0	0	0	0.582	0.587	0	0.540	0.458	0.888
KIF18B	KIF26B	9606.ENSP00000465992	9606.ENSP00000385545	0	0	0	0.575	0	0	0.540	0.178	0.606
KIF18B	CDC45	9606.ENSP00000465992	9606.ENSP00000405726	0	0	0	0	0.277	0	0	0.279	0.457
KIF18B	TOP2A	9606.ENSP00000465992	9606.ENSP00000411532	0	0	0	0	0.573	0	0	0.273	0.677
KIF18B	DEPDC1	9606.ENSP00000465992	9606.ENSP00000412292	0	0	0	0	0.348	0	0	0.399	0.592
KIF18B	HJURP	9606.ENSP00000465992	9606.ENSP00000414109	0	0	0	0	0.668	0	0	0.607	0.864
KIF18B	GTSE1	9606.ENSP00000465992	9606.ENSP00000415430	0	0	0	0	0.428	0	0	0.371	0.625
KIF18B	MCM10	9606.ENSP00000465992	9606.ENSP00000418268	0	0	0	0	0.322	0	0	0.259	0.476
KIF18B	PBK	9606.ENSP00000465992	9606.ENSP00000428489	0	0	0	0	0.464	0.083	0	0.293	0.622
KIF18B	CDCA3	9606.ENSP00000465992	9606.ENSP00000442068	0	0	0	0	0.602	0	0	0.432	0.764
KIF18B	UHRF1	9606.ENSP00000465992	9606.ENSP00000479617	0	0	0	0	0.446	0.048	0	0.127	0.499
KIF18B	CCNA2	9606.ENSP00000465992	9606.ENSP00000481380	0	0	0	0	0.461	0.091	0	0.273	0.613
KIF20A	CDC6	9606.ENSP00000378356	9606.ENSP00000209728	0	0	0	0	0.464	0	0	0.269	0.591
KIF20A	MYBL2	9606.ENSP00000378356	9606.ENSP00000217026	0	0	0	0	0.468	0	0	0.300	0.612
KIF20A	ORC6	9606.ENSP00000378356	9606.ENSP00000219097	0	0	0	0	0.223	0	0	0.368	0.488
KIF20A	NCAPH	9606.ENSP00000378356	9606.ENSP00000240423	0	0	0	0	0.588	0.071	0	0.620	0.842
KIF20A	DLGAP5	9606.ENSP00000378356	9606.ENSP00000247191	0	0	0	0	0.889	0	0	0.741	0.970
KIF20A	E2F8	9606.ENSP00000378356	9606.ENSP00000250024	0	0	0	0	0.636	0	0	0.267	0.722
KIF20A	NCAPG	9606.ENSP00000378356	9606.ENSP00000251496	0	0	0	0	0.844	0	0	0.745	0.958
KIF20A	GINS2	9606.ENSP00000378356	9606.ENSP00000253462	0	0	0	0	0.383	0	0	0.306	0.554
KIF20A	CCNB1	9606.ENSP00000378356	9606.ENSP00000256442	0	0	0	0	0.843	0	0	0.722	0.954
KIF20A	TROAP	9606.ENSP00000378356	9606.ENSP00000257909	0	0	0	0	0.751	0	0	0.349	0.831
KIF20A	ESPL1	9606.ENSP00000378356	9606.ENSP00000257934	0	0	0	0	0.831	0	0	0.411	0.896
KIF20A	KIF11	9606.ENSP00000378356	9606.ENSP00000260731	0	0	0	0.582	0.902	0.073	0.540	0.587	0.980
KIF20A	NDC80	9606.ENSP00000378356	9606.ENSP00000261597	0	0	0	0	0.855	0	0	0.314	0.896
KIF20A	PKMYT1	9606.ENSP00000378356	9606.ENSP00000262300	0	0	0	0	0.284	0	0	0.257	0.446
KIF20A	GINS1	9606.ENSP00000378356	9606.ENSP00000262460	0	0	0	0	0.327	0	0	0.307	0.514
KIF20A	SGO1	9606.ENSP00000378356	9606.ENSP00000263753	0	0	0	0	0.714	0	0	0.300	0.791
KIF20A	NEIL3	9606.ENSP00000378356	9606.ENSP00000264596	0	0	0	0	0.513	0	0	0.155	0.571
KIF20A	DEPDC1B	9606.ENSP00000378356	9606.ENSP00000265036	0	0	0	0	0.669	0	0	0.406	0.795
KIF20A	ANLN	9606.ENSP00000378356	9606.ENSP00000265748	0	0	0	0	0.823	0.328	0	0.607	0.949
KIF20A	TICRR	9606.ENSP00000378356	9606.ENSP00000268138	0	0	0	0	0.520	0	0	0.065	0.533
KIF20A	NUF2	9606.ENSP00000378356	9606.ENSP00000271452	0	0	0	0	0.846	0	0	0.721	0.955
KIF20A	CDCA5	9606.ENSP00000378356	9606.ENSP00000275517	0	0	0	0	0.782	0	0	0.474	0.880
KIF20A	BUB1B	9606.ENSP00000378356	9606.ENSP00000287598	0	0	0	0	0.911	0.071	0	0.752	0.977
KIF20A	CCNB2	9606.ENSP00000378356	9606.ENSP00000288207	0	0	0	0	0.842	0	0	0.624	0.938
KIF20A	MELK	9606.ENSP00000378356	9606.ENSP00000298048	0	0	0	0	0.842	0	0	0.571	0.929
KIF20A	PLK1	9606.ENSP00000378356	9606.ENSP00000300093	0	0	0	0	0.769	0.127	0.750	0.830	0.990
KIF20A	TPX2	9606.ENSP00000378356	9606.ENSP00000300403	0	0	0	0	0.865	0.292	0	0.734	0.972
KIF20A	BIRC5	9606.ENSP00000378356	9606.ENSP00000301633	0	0	0	0	0.903	0.053	0	0.732	0.973
KIF20A	CKAP2L	9606.ENSP00000378356	9606.ENSP00000305204	0	0	0	0	0.769	0	0	0.323	0.836
KIF20A	AURKB	9606.ENSP00000378356	9606.ENSP00000313950	0	0	0	0	0.835	0.637	0	0.846	0.990
KIF20A	SKA3	9606.ENSP00000378356	9606.ENSP00000319417	0	0	0	0	0.524	0	0	0.291	0.648
KIF20A	EZH2	9606.ENSP00000378356	9606.ENSP00000320147	0	0	0	0	0.346	0	0	0.177	0.439
KIF20A	CDC25C	9606.ENSP00000378356	9606.ENSP00000321656	0	0	0	0	0.786	0	0	0.324	0.849
KIF20A	SPAG5	9606.ENSP00000378356	9606.ENSP00000323300	0	0	0	0	0.886	0.045	0	0.365	0.925
KIF20A	KIF15	9606.ENSP00000378356	9606.ENSP00000324020	0	0	0	0.580	0.836	0	0.540	0.291	0.942
KIF20A	CDCA2	9606.ENSP00000378356	9606.ENSP00000328228	0	0	0	0	0.801	0	0	0.512	0.899
KIF20A	ERCC6L	9606.ENSP00000378356	9606.ENSP00000334675	0	0	0	0	0.470	0.070	0	0.430	0.695
KIF20A	CENPA	9606.ENSP00000378356	9606.ENSP00000336868	0	0	0	0	0.828	0	0	0.514	0.913
KIF20A	FOXM1	9606.ENSP00000378356	9606.ENSP00000342307	0	0	0	0	0.802	0	0	0.731	0.944
KIF20A	UBE2C	9606.ENSP00000378356	9606.ENSP00000348838	0	0	0	0	0.862	0	0	0.728	0.961
KIF20A	RRM2	9606.ENSP00000378356	9606.ENSP00000353770	0	0	0	0	0.814	0	0	0.665	0.935
KIF20A	IQGAP3	9606.ENSP00000378356	9606.ENSP00000354451	0	0	0	0	0.704	0	0	0.267	0.773
KIF20A	EXO1	9606.ENSP00000378356	9606.ENSP00000355506	0	0	0	0	0.537	0	0	0.303	0.664
KIF20A	CENPF	9606.ENSP00000378356	9606.ENSP00000355922	0	0	0	0	0.899	0	0	0.627	0.960
KIF20A	NEK2	9606.ENSP00000378356	9606.ENSP00000355966	0	0	0	0	0.847	0	0	0.677	0.948
KIF20A	KIF14	9606.ENSP00000378356	9606.ENSP00000356319	0	0	0	0.574	0.783	0.314	0.540	0.654	0.973
KIF20A	ASPM	9606.ENSP00000378356	9606.ENSP00000356379	0	0	0	0	0.900	0.048	0	0.765	0.975
KIF20A	MKI67	9606.ENSP00000378356	9606.ENSP00000357643	0	0	0	0	0.847	0.295	0	0.359	0.925
KIF20A	TTK	9606.ENSP00000378356	9606.ENSP00000358813	0	0	0	0	0.846	0	0	0.521	0.923
KIF20A	CEP55	9606.ENSP00000378356	9606.ENSP00000360540	0	0	0	0	0.833	0.053	0	0.782	0.962
KIF20A	STIL	9606.ENSP00000378356	9606.ENSP00000360944	0	0	0	0	0.436	0	0	0.197	0.528
KIF20A	RAD54L	9606.ENSP00000378356	9606.ENSP00000361043	0	0	0	0	0.428	0.070	0	0.416	0.662
KIF20A	KIF2C	9606.ENSP00000378356	9606.ENSP00000361298	0	0	0	0.580	0.880	0	0.540	0.548	0.973
KIF20A	CDC20	9606.ENSP00000378356	9606.ENSP00000361540	0	0	0	0	0.920	0	0	0.781	0.981
KIF20A	CDCA8	9606.ENSP00000378356	9606.ENSP00000362146	0	0	0	0	0.907	0.434	0	0.656	0.980
KIF20A	ZWINT	9606.ENSP00000378356	9606.ENSP00000363055	0	0	0	0	0.652	0	0	0.689	0.887
KIF20A	KIF4A	9606.ENSP00000378356	9606.ENSP00000363524	0	0	0	0.581	0.922	0.067	0.400	0.854	0.992
KIF20A	HMMR	9606.ENSP00000378356	9606.ENSP00000377492	0	0	0	0	0.819	0.045	0	0.519	0.909
KIF20A	CHEK1	9606.ENSP00000378356	9606.ENSP00000391090	0	0	0	0	0.458	0	0	0.218	0.558
KIF20A	KIF26B	9606.ENSP00000378356	9606.ENSP00000385545	0	0	0	0	0.058	0	0.540	0.264	0.653
KIF20A	UBE2T	9606.ENSP00000378356	9606.ENSP00000494957	0	0	0	0	0.440	0	0	0.465	0.687
KIF20A	MCM10	9606.ENSP00000378356	9606.ENSP00000418268	0	0	0	0	0.534	0	0	0.386	0.702
KIF20A	GTSE1	9606.ENSP00000378356	9606.ENSP00000415430	0	0	0	0	0.637	0	0	0.348	0.753
KIF20A	UHRF1	9606.ENSP00000378356	9606.ENSP00000479617	0	0	0	0	0.557	0.051	0	0.484	0.764
KIF20A	CDC45	9606.ENSP00000378356	9606.ENSP00000405726	0	0	0	0	0.585	0	0	0.532	0.797
KIF20A	KIF18B	9606.ENSP00000378356	9606.ENSP00000465992	0	0	0	0.582	0.587	0	0.540	0.458	0.888
KIF20A	DEPDC1	9606.ENSP00000378356	9606.ENSP00000412292	0	0	0	0	0.798	0	0	0.526	0.900
KIF20A	CDCA3	9606.ENSP00000378356	9606.ENSP00000442068	0	0	0	0	0.860	0	0	0.522	0.930
KIF20A	HJURP	9606.ENSP00000378356	9606.ENSP00000414109	0	0	0	0	0.858	0	0	0.561	0.935
KIF20A	PBK	9606.ENSP00000378356	9606.ENSP00000428489	0	0	0	0	0.843	0.049	0	0.725	0.955
KIF20A	CCNA2	9606.ENSP00000378356	9606.ENSP00000481380	0	0	0	0	0.920	0	0	0.689	0.974
KIF20A	TOP2A	9606.ENSP00000378356	9606.ENSP00000411532	0	0	0	0	0.866	0.292	0	0.750	0.974
KIF26B	KIF11	9606.ENSP00000385545	9606.ENSP00000260731	0	0	0	0.559	0.111	0.056	0.540	0.204	0.651
KIF26B	KIF15	9606.ENSP00000385545	9606.ENSP00000324020	0	0	0	0.558	0	0	0.540	0.178	0.605
KIF26B	KIF14	9606.ENSP00000385545	9606.ENSP00000356319	0	0	0	0.549	0.052	0	0.540	0.235	0.637
KIF26B	KIF2C	9606.ENSP00000385545	9606.ENSP00000361298	0	0	0	0.564	0.063	0	0.540	0.154	0.603
KIF26B	KIF4A	9606.ENSP00000385545	9606.ENSP00000363524	0	0	0	0.557	0.071	0	0.400	0.221	0.528
KIF26B	KIF20A	9606.ENSP00000385545	9606.ENSP00000378356	0	0	0	0	0.058	0	0.540	0.264	0.653
KIF26B	KIF18B	9606.ENSP00000385545	9606.ENSP00000465992	0	0	0	0.575	0	0	0.540	0.178	0.606
KIF2C	CDC6	9606.ENSP00000361298	9606.ENSP00000209728	0	0	0	0	0.510	0	0	0.440	0.713
KIF2C	MYBL2	9606.ENSP00000361298	9606.ENSP00000217026	0	0	0	0	0.534	0	0	0.370	0.694
KIF2C	ORC6	9606.ENSP00000361298	9606.ENSP00000219097	0	0	0	0	0.222	0	0	0.298	0.430
KIF2C	NCAPH	9606.ENSP00000361298	9606.ENSP00000240423	0	0	0	0	0.706	0	0	0.608	0.880
KIF2C	DLGAP5	9606.ENSP00000361298	9606.ENSP00000247191	0	0	0	0	0.912	0	0	0.728	0.975
KIF2C	E2F8	9606.ENSP00000361298	9606.ENSP00000250024	0	0	0	0	0.677	0	0	0.323	0.772
KIF2C	NCAPG	9606.ENSP00000361298	9606.ENSP00000251496	0	0	0	0	0.813	0	0	0.660	0.933
KIF2C	GINS2	9606.ENSP00000361298	9606.ENSP00000253462	0	0	0	0	0.377	0	0	0.290	0.539
KIF2C	CCNB1	9606.ENSP00000361298	9606.ENSP00000256442	0	0	0	0	0.813	0	0.400	0.724	0.966
KIF2C	TROAP	9606.ENSP00000361298	9606.ENSP00000257909	0	0	0	0	0.764	0	0	0.322	0.833
KIF2C	ESPL1	9606.ENSP00000361298	9606.ENSP00000257934	0	0	0	0	0.753	0.164	0.500	0.484	0.939
KIF2C	KIF11	9606.ENSP00000361298	9606.ENSP00000260731	0	0	0	0.635	0.848	0	0.540	0.579	0.968
KIF2C	NDC80	9606.ENSP00000361298	9606.ENSP00000261597	0	0	0	0	0.810	0	0	0.666	0.934
KIF2C	PKMYT1	9606.ENSP00000361298	9606.ENSP00000262300	0	0	0	0	0.402	0.076	0	0.255	0.553
KIF2C	GINS1	9606.ENSP00000361298	9606.ENSP00000262460	0	0	0	0	0.283	0	0	0.504	0.629
KIF2C	SGO1	9606.ENSP00000361298	9606.ENSP00000263753	0	0	0	0	0.676	0.189	0	0.748	0.928
KIF2C	POLQ	9606.ENSP00000361298	9606.ENSP00000264233	0	0	0	0	0.474	0	0	0	0.474
KIF2C	NEIL3	9606.ENSP00000361298	9606.ENSP00000264596	0	0	0	0	0.528	0	0	0.102	0.558
KIF2C	DEPDC1B	9606.ENSP00000361298	9606.ENSP00000265036	0	0	0	0	0.594	0	0	0.184	0.654
KIF2C	ANLN	9606.ENSP00000361298	9606.ENSP00000265748	0	0	0	0	0.532	0	0	0.633	0.821
KIF2C	TICRR	9606.ENSP00000361298	9606.ENSP00000268138	0	0	0	0	0.520	0	0	0.200	0.600
KIF2C	NUF2	9606.ENSP00000361298	9606.ENSP00000271452	0	0	0	0	0.830	0	0	0.635	0.935
KIF2C	CDCA5	9606.ENSP00000361298	9606.ENSP00000275517	0	0	0	0	0.792	0	0	0.507	0.893
KIF2C	BUB1B	9606.ENSP00000361298	9606.ENSP00000287598	0	0	0	0	0.877	0.071	0.500	0.863	0.991
KIF2C	CCNB2	9606.ENSP00000361298	9606.ENSP00000288207	0	0	0	0	0.823	0	0.400	0.753	0.971
KIF2C	MELK	9606.ENSP00000361298	9606.ENSP00000298048	0	0	0	0	0.838	0	0	0.620	0.935
KIF2C	PLK1	9606.ENSP00000361298	9606.ENSP00000300093	0	0	0	0	0.854	0.318	0.800	0.777	0.994
KIF2C	TPX2	9606.ENSP00000361298	9606.ENSP00000300403	0	0	0	0	0.999	0	0	0.658	0.999
KIF2C	BIRC5	9606.ENSP00000361298	9606.ENSP00000301633	0	0	0	0	0.862	0	0	0.809	0.972
KIF2C	CKAP2L	9606.ENSP00000361298	9606.ENSP00000305204	0	0	0	0	0.689	0	0	0.369	0.795
KIF2C	AURKB	9606.ENSP00000361298	9606.ENSP00000313950	0	0	0	0	0.830	0.323	0	0.975	0.996
KIF2C	SKA3	9606.ENSP00000361298	9606.ENSP00000319417	0	0	0	0	0.788	0	0	0.402	0.867
KIF2C	EZH2	9606.ENSP00000361298	9606.ENSP00000320147	0	0	0	0	0.347	0	0	0.191	0.449
KIF2C	CDC25C	9606.ENSP00000361298	9606.ENSP00000321656	0	0	0	0	0.790	0	0	0.576	0.907
KIF2C	SPAG5	9606.ENSP00000361298	9606.ENSP00000323300	0	0	0	0	0.874	0	0	0.435	0.926
KIF2C	KIF15	9606.ENSP00000361298	9606.ENSP00000324020	0	0	0	0.605	0.842	0	0.540	0.304	0.945
KIF2C	CDCA2	9606.ENSP00000361298	9606.ENSP00000328228	0	0	0	0	0.779	0	0	0.501	0.885
KIF2C	ERCC6L	9606.ENSP00000361298	9606.ENSP00000334675	0	0	0	0	0.449	0	0	0.304	0.601
KIF2C	CENPA	9606.ENSP00000361298	9606.ENSP00000336868	0	0	0	0	0.835	0	0	0.923	0.986
KIF2C	FOXM1	9606.ENSP00000361298	9606.ENSP00000342307	0	0	0	0	0.825	0	0	0.388	0.888
KIF2C	UBE2C	9606.ENSP00000361298	9606.ENSP00000348838	0	0	0	0	0.845	0	0	0.716	0.954
KIF2C	RRM2	9606.ENSP00000361298	9606.ENSP00000353770	0	0	0	0	0.561	0	0	0.473	0.758
KIF2C	IQGAP3	9606.ENSP00000361298	9606.ENSP00000354451	0	0	0	0	0.658	0	0	0.145	0.695
KIF2C	EXO1	9606.ENSP00000361298	9606.ENSP00000355506	0	0	0	0	0.560	0	0	0.485	0.764
KIF2C	CENPF	9606.ENSP00000361298	9606.ENSP00000355922	0	0	0	0	0.847	0	0	0.907	0.985
KIF2C	NEK2	9606.ENSP00000361298	9606.ENSP00000355966	0	0	0	0	0.832	0	0	0.544	0.920
KIF2C	KIF14	9606.ENSP00000361298	9606.ENSP00000356319	0	0	0	0.631	0.644	0.292	0.540	0.250	0.901
KIF2C	ASPM	9606.ENSP00000361298	9606.ENSP00000356379	0	0	0	0	0.851	0	0	0.589	0.936
KIF2C	MKI67	9606.ENSP00000361298	9606.ENSP00000357643	0	0	0	0	0.834	0	0	0.377	0.892
KIF2C	TTK	9606.ENSP00000361298	9606.ENSP00000358813	0	0	0	0	0.904	0	0	0.559	0.955
KIF2C	CEP55	9606.ENSP00000361298	9606.ENSP00000360540	0	0	0	0	0.834	0	0	0.703	0.948
KIF2C	STIL	9606.ENSP00000361298	9606.ENSP00000360944	0	0	0	0	0.488	0	0	0.215	0.581
KIF2C	RAD54L	9606.ENSP00000361298	9606.ENSP00000361043	0	0	0	0	0.569	0	0	0.311	0.691
KIF2C	RCC1	9606.ENSP00000361298	9606.ENSP00000497402	0	0	0	0	0.223	0	0	0.274	0.412
KIF2C	UBE2T	9606.ENSP00000361298	9606.ENSP00000494957	0	0	0	0	0.444	0	0	0.280	0.583
KIF2C	KIF26B	9606.ENSP00000361298	9606.ENSP00000385545	0	0	0	0.564	0.063	0	0.540	0.154	0.603
KIF2C	MCM10	9606.ENSP00000361298	9606.ENSP00000418268	0	0	0	0	0.451	0	0	0.321	0.611
KIF2C	UHRF1	9606.ENSP00000361298	9606.ENSP00000479617	0	0	0	0	0.559	0	0	0.238	0.650
KIF2C	CHEK1	9606.ENSP00000361298	9606.ENSP00000391090	0	0	0	0	0.500	0	0	0.498	0.738
KIF2C	GTSE1	9606.ENSP00000361298	9606.ENSP00000415430	0	0	0	0	0.584	0	0	0.434	0.754
KIF2C	ZWINT	9606.ENSP00000361298	9606.ENSP00000363055	0	0	0	0	0.502	0	0	0.668	0.827
KIF2C	DEPDC1	9606.ENSP00000361298	9606.ENSP00000412292	0	0	0	0	0.757	0	0	0.330	0.830
KIF2C	HMMR	9606.ENSP00000361298	9606.ENSP00000377492	0	0	0	0	0.788	0	0	0.402	0.868
KIF2C	CDC45	9606.ENSP00000361298	9606.ENSP00000405726	0	0	0	0	0.813	0	0	0.447	0.892
KIF2C	PBK	9606.ENSP00000361298	9606.ENSP00000428489	0	0	0	0	0.854	0	0	0.404	0.909
KIF2C	CDCA3	9606.ENSP00000361298	9606.ENSP00000442068	0	0	0	0	0.852	0	0	0.546	0.930
KIF2C	TOP2A	9606.ENSP00000361298	9606.ENSP00000411532	0	0	0	0	0.842	0	0	0.618	0.937
KIF2C	HJURP	9606.ENSP00000361298	9606.ENSP00000414109	0	0	0	0	0.830	0	0	0.653	0.938
KIF2C	KIF4A	9606.ENSP00000361298	9606.ENSP00000363524	0	0	0	0.661	0.845	0	0.400	0.476	0.947
KIF2C	CCNA2	9606.ENSP00000361298	9606.ENSP00000481380	0	0	0	0	0.857	0	0	0.661	0.949
KIF2C	KIF20A	9606.ENSP00000361298	9606.ENSP00000378356	0	0	0	0.580	0.880	0	0.540	0.548	0.973
KIF2C	CDCA8	9606.ENSP00000361298	9606.ENSP00000362146	0	0	0	0	0.871	0.164	0	0.810	0.977
KIF2C	KIF18B	9606.ENSP00000361298	9606.ENSP00000465992	0	0	0	0.658	0.694	0.331	0.540	0.844	0.983
KIF2C	CDC20	9606.ENSP00000361298	9606.ENSP00000361540	0	0	0	0	0.908	0	0.800	0.787	0.995
KIF4A	CDC6	9606.ENSP00000363524	9606.ENSP00000209728	0	0	0	0	0.427	0	0	0.268	0.563
KIF4A	MYBL2	9606.ENSP00000363524	9606.ENSP00000217026	0	0	0	0	0.536	0	0	0.364	0.692
KIF4A	NCAPH	9606.ENSP00000363524	9606.ENSP00000240423	0	0	0	0	0.836	0.190	0	0.622	0.945
KIF4A	DLGAP5	9606.ENSP00000363524	9606.ENSP00000247191	0	0	0	0	0.859	0	0	0.741	0.962
KIF4A	E2F8	9606.ENSP00000363524	9606.ENSP00000250024	0	0	0	0	0.506	0	0	0.189	0.582
KIF4A	NCAPG	9606.ENSP00000363524	9606.ENSP00000251496	0	0	0	0	0.843	0	0	0.599	0.934
KIF4A	GINS2	9606.ENSP00000363524	9606.ENSP00000253462	0	0	0	0	0.379	0	0	0.159	0.455
KIF4A	CCNB1	9606.ENSP00000363524	9606.ENSP00000256442	0	0	0	0	0.820	0	0	0.636	0.931
KIF4A	TROAP	9606.ENSP00000363524	9606.ENSP00000257909	0	0	0	0	0.668	0	0	0.527	0.836
KIF4A	ESPL1	9606.ENSP00000363524	9606.ENSP00000257934	0	0	0	0	0.630	0	0	0.422	0.777
KIF4A	KIF11	9606.ENSP00000363524	9606.ENSP00000260731	0	0	0	0.645	0.891	0	0.400	0.324	0.952
KIF4A	NDC80	9606.ENSP00000363524	9606.ENSP00000261597	0	0	0	0	0.740	0	0	0.338	0.821
KIF4A	PKMYT1	9606.ENSP00000363524	9606.ENSP00000262300	0	0	0	0	0.265	0	0	0.248	0.424
KIF4A	GINS1	9606.ENSP00000363524	9606.ENSP00000262460	0	0	0	0	0.383	0	0	0.235	0.508
KIF4A	SGO1	9606.ENSP00000363524	9606.ENSP00000263753	0	0	0	0	0.519	0	0	0.397	0.698
KIF4A	POLQ	9606.ENSP00000363524	9606.ENSP00000264233	0	0	0	0	0.443	0	0	0	0.443
KIF4A	NEIL3	9606.ENSP00000363524	9606.ENSP00000264596	0	0	0	0	0.559	0	0	0.456	0.750
KIF4A	DEPDC1B	9606.ENSP00000363524	9606.ENSP00000265036	0	0	0	0	0.537	0	0	0.164	0.597
KIF4A	ANLN	9606.ENSP00000363524	9606.ENSP00000265748	0	0	0	0	0.565	0	0	0.520	0.782
KIF4A	TICRR	9606.ENSP00000363524	9606.ENSP00000268138	0	0	0	0	0.526	0	0	0.224	0.617
KIF4A	NUF2	9606.ENSP00000363524	9606.ENSP00000271452	0	0	0	0	0.695	0	0	0.721	0.911
KIF4A	CDCA5	9606.ENSP00000363524	9606.ENSP00000275517	0	0	0	0	0.781	0	0	0.506	0.887
KIF4A	BUB1B	9606.ENSP00000363524	9606.ENSP00000287598	0	0	0	0	0.896	0.081	0	0.696	0.968
KIF4A	CCNB2	9606.ENSP00000363524	9606.ENSP00000288207	0	0	0	0	0.724	0	0	0.529	0.864
KIF4A	MELK	9606.ENSP00000363524	9606.ENSP00000298048	0	0	0	0	0.863	0	0	0.750	0.964
KIF4A	PLK1	9606.ENSP00000363524	9606.ENSP00000300093	0	0	0	0	0.624	0	0	0.545	0.821
KIF4A	TPX2	9606.ENSP00000363524	9606.ENSP00000300403	0	0	0	0	0.861	0	0	0.764	0.965
KIF4A	BIRC5	9606.ENSP00000363524	9606.ENSP00000301633	0	0	0	0	0.853	0	0	0.516	0.925
KIF4A	CKAP2L	9606.ENSP00000363524	9606.ENSP00000305204	0	0	0	0	0.763	0	0	0.366	0.843
KIF4A	AURKB	9606.ENSP00000363524	9606.ENSP00000313950	0	0	0	0	0.773	0	0	0.756	0.942
KIF4A	SKA3	9606.ENSP00000363524	9606.ENSP00000319417	0	0	0	0	0.676	0	0	0.445	0.813
KIF4A	EZH2	9606.ENSP00000363524	9606.ENSP00000320147	0	0	0	0	0.335	0	0	0.172	0.426
KIF4A	CDC25C	9606.ENSP00000363524	9606.ENSP00000321656	0	0	0	0	0.648	0	0	0.450	0.798
KIF4A	SPAG5	9606.ENSP00000363524	9606.ENSP00000323300	0	0	0	0	0.809	0.091	0	0.406	0.887
KIF4A	KIF15	9606.ENSP00000363524	9606.ENSP00000324020	0	0	0	0.630	0.811	0	0.400	0.327	0.917
KIF4A	CDCA2	9606.ENSP00000363524	9606.ENSP00000328228	0	0	0	0	0.809	0	0	0.664	0.933
KIF4A	ERCC6L	9606.ENSP00000363524	9606.ENSP00000334675	0	0	0	0	0.573	0.065	0	0.370	0.727
KIF4A	CENPA	9606.ENSP00000363524	9606.ENSP00000336868	0	0	0	0	0.799	0.125	0	0.510	0.906
KIF4A	FOXM1	9606.ENSP00000363524	9606.ENSP00000342307	0	0	0	0	0.835	0	0	0.400	0.897
KIF4A	UBE2C	9606.ENSP00000363524	9606.ENSP00000348838	0	0	0	0	0.746	0.070	0	0.632	0.905
KIF4A	RRM2	9606.ENSP00000363524	9606.ENSP00000353770	0	0	0	0	0.804	0	0	0.642	0.927
KIF4A	IQGAP3	9606.ENSP00000363524	9606.ENSP00000354451	0	0	0	0	0.514	0	0	0.288	0.639
KIF4A	EXO1	9606.ENSP00000363524	9606.ENSP00000355506	0	0	0	0	0.575	0	0	0.248	0.666
KIF4A	CENPF	9606.ENSP00000363524	9606.ENSP00000355922	0	0	0	0	0.730	0	0	0.571	0.879
KIF4A	NEK2	9606.ENSP00000363524	9606.ENSP00000355966	0	0	0	0	0.649	0	0	0.611	0.858
KIF4A	KIF14	9606.ENSP00000363524	9606.ENSP00000356319	0	0	0	0.614	0.726	0.307	0	0.619	0.921
KIF4A	ASPM	9606.ENSP00000363524	9606.ENSP00000356379	0	0	0	0	0.900	0	0	0.536	0.952
KIF4A	MKI67	9606.ENSP00000363524	9606.ENSP00000357643	0	0	0	0	0.820	0	0	0.310	0.871
KIF4A	TTK	9606.ENSP00000363524	9606.ENSP00000358813	0	0	0	0	0.856	0	0	0.475	0.921
KIF4A	HMGB3	9606.ENSP00000363524	9606.ENSP00000359393	0	0	0	0	0.383	0	0	0.101	0.422
KIF4A	CEP55	9606.ENSP00000363524	9606.ENSP00000360540	0	0	0	0	0.814	0	0	0.748	0.951
KIF4A	STIL	9606.ENSP00000363524	9606.ENSP00000360944	0	0	0	0	0.457	0	0	0.178	0.535
KIF4A	RAD54L	9606.ENSP00000363524	9606.ENSP00000361043	0	0	0	0	0.416	0.065	0	0.325	0.599
KIF4A	KIF2C	9606.ENSP00000363524	9606.ENSP00000361298	0	0	0	0.661	0.845	0	0.400	0.476	0.947
KIF4A	CDC20	9606.ENSP00000363524	9606.ENSP00000361540	0	0	0	0	0.843	0	0	0.639	0.941
KIF4A	CDCA8	9606.ENSP00000363524	9606.ENSP00000362146	0	0	0	0	0.840	0	0	0.591	0.932
KIF4A	ZWINT	9606.ENSP00000363524	9606.ENSP00000363055	0	0	0	0	0.745	0	0	0.430	0.848
KIF4A	KIF26B	9606.ENSP00000363524	9606.ENSP00000385545	0	0	0	0.557	0.071	0	0.400	0.221	0.528
KIF4A	CHEK1	9606.ENSP00000363524	9606.ENSP00000391090	0	0	0	0	0.445	0	0	0.363	0.631
KIF4A	UHRF1	9606.ENSP00000363524	9606.ENSP00000479617	0	0	0	0	0.390	0.057	0	0.445	0.653
KIF4A	GTSE1	9606.ENSP00000363524	9606.ENSP00000415430	0	0	0	0	0.505	0	0	0.349	0.664
KIF4A	UBE2T	9606.ENSP00000363524	9606.ENSP00000494957	0	0	0	0	0.387	0.070	0	0.510	0.696
KIF4A	MCM10	9606.ENSP00000363524	9606.ENSP00000418268	0	0	0	0	0.569	0	0	0.348	0.706
KIF4A	CDC45	9606.ENSP00000363524	9606.ENSP00000405726	0	0	0	0	0.598	0	0	0.357	0.730
KIF4A	DEPDC1	9606.ENSP00000363524	9606.ENSP00000412292	0	0	0	0	0.702	0	0	0.348	0.797
KIF4A	HMMR	9606.ENSP00000363524	9606.ENSP00000377492	0	0	0	0	0.797	0.091	0	0.388	0.877
KIF4A	CCNA2	9606.ENSP00000363524	9606.ENSP00000481380	0	0	0	0	0.828	0	0	0.417	0.895
KIF4A	KIF18B	9606.ENSP00000363524	9606.ENSP00000465992	0	0	0	0.657	0.693	0	0.400	0.506	0.901
KIF4A	TOP2A	9606.ENSP00000363524	9606.ENSP00000411532	0	0	0	0	0.825	0	0	0.537	0.915
KIF4A	HJURP	9606.ENSP00000363524	9606.ENSP00000414109	0	0	0	0	0.802	0	0	0.605	0.918
KIF4A	CDCA3	9606.ENSP00000363524	9606.ENSP00000442068	0	0	0	0	0.818	0	0	0.617	0.927
KIF4A	PBK	9606.ENSP00000363524	9606.ENSP00000428489	0	0	0	0	0.840	0	0	0.629	0.938
KIF4A	KIF20A	9606.ENSP00000363524	9606.ENSP00000378356	0	0	0	0.581	0.922	0.067	0.400	0.854	0.992
KISS1R	GRK5	9606.ENSP00000234371	9606.ENSP00000376609	0	0	0	0	0	0.097	0.500	0.042	0.529
LDB2	LMO2	9606.ENSP00000306772	9606.ENSP00000257818	0	0	0	0	0.061	0.166	0	0.998	0.998
LDB2	TAL1	9606.ENSP00000306772	9606.ENSP00000294339	0	0	0	0	0.049	0.087	0	0.995	0.995
LDB2	TEK	9606.ENSP00000306772	9606.ENSP00000369375	0	0	0	0	0.344	0	0	0.127	0.404
LGR4	IQGAP3	9606.ENSP00000368516	9606.ENSP00000354451	0	0	0	0	0	0	0	0.464	0.463
LGR4	RXFP1	9606.ENSP00000368516	9606.ENSP00000405841	0	0	0	0.594	0.063	0.071	0	0.394	0.427
LGR4	PITX2	9606.ENSP00000368516	9606.ENSP00000495061	0	0	0	0	0.062	0	0	0.595	0.604
LMO2	SOX7	9606.ENSP00000257818	9606.ENSP00000301921	0	0	0	0	0.044	0	0	0.398	0.400
LMO2	PECAM1	9606.ENSP00000257818	9606.ENSP00000457421	0	0	0	0	0.163	0.054	0	0.323	0.417
LMO2	STIL	9606.ENSP00000257818	9606.ENSP00000360944	0	0	0	0	0	0.045	0	0.435	0.437
LMO2	CDH5	9606.ENSP00000257818	9606.ENSP00000497290	0	0	0	0	0.067	0	0	0.494	0.508
LMO2	ERG	9606.ENSP00000257818	9606.ENSP00000414150	0	0	0	0	0.102	0.301	0	0.333	0.545
LMO2	LDB2	9606.ENSP00000257818	9606.ENSP00000306772	0	0	0	0	0.061	0.166	0	0.998	0.998
LMO2	TAL1	9606.ENSP00000257818	9606.ENSP00000294339	0	0	0	0	0.179	0.977	0.500	0.999	0.999
LYVE1	SEMA3G	9606.ENSP00000256178	9606.ENSP00000231721	0	0	0	0	0.157	0.045	0	0.419	0.491
LYVE1	CD93	9606.ENSP00000256178	9606.ENSP00000246006	0	0	0	0	0.242	0.095	0	0.254	0.444
LYVE1	CLEC14A	9606.ENSP00000256178	9606.ENSP00000353013	0	0	0	0	0.273	0.095	0	0.179	0.413
LYVE1	SPP1	9606.ENSP00000256178	9606.ENSP00000378517	0	0	0	0	0.067	0.047	0	0.608	0.621
LYVE1	TEK	9606.ENSP00000256178	9606.ENSP00000369375	0	0	0	0	0.220	0.052	0	0.550	0.638
LYVE1	CDH5	9606.ENSP00000256178	9606.ENSP00000497290	0	0	0	0	0.253	0	0	0.624	0.707
LYVE1	EMCN	9606.ENSP00000256178	9606.ENSP00000296420	0	0	0	0	0.247	0	0	0.677	0.746
LYVE1	PECAM1	9606.ENSP00000256178	9606.ENSP00000457421	0	0	0	0	0.145	0	0	0.800	0.822
LYVE1	HMMR	9606.ENSP00000256178	9606.ENSP00000377492	0	0	0	0	0	0.091	0.500	0.703	0.853
MCM10	CDC6	9606.ENSP00000418268	9606.ENSP00000209728	0	0	0	0	0.911	0.689	0.500	0.921	0.998
MCM10	MYBL2	9606.ENSP00000418268	9606.ENSP00000217026	0	0	0	0	0.399	0	0	0.293	0.557
MCM10	ORC6	9606.ENSP00000418268	9606.ENSP00000219097	0	0	0	0	0.375	0	0.500	0.728	0.907
MCM10	NCAPH	9606.ENSP00000418268	9606.ENSP00000240423	0	0	0	0	0.525	0	0	0.289	0.648
MCM10	DLGAP5	9606.ENSP00000418268	9606.ENSP00000247191	0	0	0	0	0.599	0	0	0.418	0.756
MCM10	E2F8	9606.ENSP00000418268	9606.ENSP00000250024	0	0	0	0	0.673	0	0	0.320	0.768
MCM10	NCAPG	9606.ENSP00000418268	9606.ENSP00000251496	0	0	0	0	0.767	0	0	0.316	0.833
MCM10	GINS2	9606.ENSP00000418268	9606.ENSP00000253462	0	0	0	0	0.621	0.627	0	0.600	0.938
MCM10	CCNB1	9606.ENSP00000418268	9606.ENSP00000256442	0	0	0	0	0.505	0	0	0.424	0.703
MCM10	TROAP	9606.ENSP00000418268	9606.ENSP00000257909	0	0	0	0	0.348	0	0	0.125	0.405
MCM10	ESPL1	9606.ENSP00000418268	9606.ENSP00000257934	0	0	0	0	0.463	0	0	0.498	0.719
MCM10	BRIP1	9606.ENSP00000418268	9606.ENSP00000259008	0	0	0	0	0.421	0	0	0.231	0.535
MCM10	KIF11	9606.ENSP00000418268	9606.ENSP00000260731	0	0	0	0	0.850	0	0	0.348	0.898
MCM10	NDC80	9606.ENSP00000418268	9606.ENSP00000261597	0	0	0	0	0.516	0	0	0.087	0.539
MCM10	PKMYT1	9606.ENSP00000418268	9606.ENSP00000262300	0	0	0	0	0.381	0	0	0.173	0.466
MCM10	GINS1	9606.ENSP00000418268	9606.ENSP00000262460	0	0	0	0	0.646	0.374	0	0.854	0.965
MCM10	SGO1	9606.ENSP00000418268	9606.ENSP00000263753	0	0	0	0	0.406	0	0	0.205	0.507
MCM10	POLQ	9606.ENSP00000418268	9606.ENSP00000264233	0	0	0	0	0.552	0	0	0.120	0.589
MCM10	NEIL3	9606.ENSP00000418268	9606.ENSP00000264596	0	0	0	0	0.484	0	0	0.290	0.618
MCM10	DEPDC1B	9606.ENSP00000418268	9606.ENSP00000265036	0	0	0	0	0.632	0	0	0.222	0.701
MCM10	ANLN	9606.ENSP00000418268	9606.ENSP00000265748	0	0	0	0	0.395	0	0	0.179	0.482
MCM10	TICRR	9606.ENSP00000418268	9606.ENSP00000268138	0	0	0	0	0.546	0	0	0.941	0.972
MCM10	NUF2	9606.ENSP00000418268	9606.ENSP00000271452	0	0	0	0	0.482	0	0	0.250	0.595
MCM10	CDCA5	9606.ENSP00000418268	9606.ENSP00000275517	0	0	0	0	0.514	0	0	0.575	0.785
MCM10	BUB1B	9606.ENSP00000418268	9606.ENSP00000287598	0	0	0	0	0.653	0	0	0.353	0.766
MCM10	CCNB2	9606.ENSP00000418268	9606.ENSP00000288207	0	0	0	0	0.402	0	0	0.411	0.632
MCM10	MELK	9606.ENSP00000418268	9606.ENSP00000298048	0	0	0	0	0.804	0	0	0.324	0.861
MCM10	PLK1	9606.ENSP00000418268	9606.ENSP00000300093	0	0	0	0	0.378	0	0	0.365	0.588
MCM10	TPX2	9606.ENSP00000418268	9606.ENSP00000300403	0	0	0	0	0.569	0	0	0.544	0.795
MCM10	BIRC5	9606.ENSP00000418268	9606.ENSP00000301633	0	0	0	0	0.520	0	0	0.370	0.685
MCM10	CKAP2L	9606.ENSP00000418268	9606.ENSP00000305204	0	0	0	0	0.435	0	0	0.290	0.581
MCM10	RMI2	9606.ENSP00000418268	9606.ENSP00000310356	0	0	0	0	0.326	0	0	0.227	0.457
MCM10	AURKB	9606.ENSP00000418268	9606.ENSP00000313950	0	0	0	0	0.585	0	0	0.376	0.730
MCM10	SKA3	9606.ENSP00000418268	9606.ENSP00000319417	0	0	0	0	0.536	0	0	0.428	0.724
MCM10	CDC25C	9606.ENSP00000418268	9606.ENSP00000321656	0	0	0	0	0.387	0	0	0.273	0.535
MCM10	SPAG5	9606.ENSP00000418268	9606.ENSP00000323300	0	0	0	0	0.372	0	0	0.257	0.513
MCM10	KIF15	9606.ENSP00000418268	9606.ENSP00000324020	0	0	0	0	0.783	0	0	0.186	0.816
MCM10	CDCA2	9606.ENSP00000418268	9606.ENSP00000328228	0	0	0	0	0.451	0	0	0.317	0.610
MCM10	ERCC6L	9606.ENSP00000418268	9606.ENSP00000334675	0	0	0	0	0.666	0.068	0	0.387	0.793
MCM10	CENPA	9606.ENSP00000418268	9606.ENSP00000336868	0	0	0	0	0.495	0.123	0	0.330	0.678
MCM10	FOXM1	9606.ENSP00000418268	9606.ENSP00000342307	0	0	0	0	0.642	0	0	0.583	0.844
MCM10	UBE2C	9606.ENSP00000418268	9606.ENSP00000348838	0	0	0	0	0.447	0	0	0.344	0.622
MCM10	RRM2	9606.ENSP00000418268	9606.ENSP00000353770	0	0	0	0	0.683	0	0	0.453	0.820
MCM10	EXO1	9606.ENSP00000418268	9606.ENSP00000355506	0	0	0	0	0.874	0	0	0.653	0.954
MCM10	CENPF	9606.ENSP00000418268	9606.ENSP00000355922	0	0	0	0	0.439	0	0	0.423	0.663
MCM10	NEK2	9606.ENSP00000418268	9606.ENSP00000355966	0	0	0	0	0.479	0	0	0.215	0.573
MCM10	KIF14	9606.ENSP00000418268	9606.ENSP00000356319	0	0	0	0	0.640	0	0	0.320	0.744
MCM10	ASPM	9606.ENSP00000418268	9606.ENSP00000356379	0	0	0	0	0.533	0	0	0.431	0.723
MCM10	MKI67	9606.ENSP00000418268	9606.ENSP00000357643	0	0	0	0	0.633	0	0	0.202	0.694
MCM10	TTK	9606.ENSP00000418268	9606.ENSP00000358813	0	0	0	0	0.597	0	0	0.370	0.735
MCM10	CEP55	9606.ENSP00000418268	9606.ENSP00000360540	0	0	0	0	0.689	0	0	0.368	0.795
MCM10	STIL	9606.ENSP00000418268	9606.ENSP00000360944	0	0	0	0	0.542	0	0	0.112	0.576
MCM10	RAD54L	9606.ENSP00000418268	9606.ENSP00000361043	0	0	0	0	0.555	0.067	0	0.411	0.734
MCM10	KIF2C	9606.ENSP00000418268	9606.ENSP00000361298	0	0	0	0	0.451	0	0	0.321	0.611
MCM10	CDC20	9606.ENSP00000418268	9606.ENSP00000361540	0	0	0	0	0.455	0.058	0	0.446	0.691
MCM10	CDCA8	9606.ENSP00000418268	9606.ENSP00000362146	0	0	0	0	0.483	0	0	0.408	0.681
MCM10	ZWINT	9606.ENSP00000418268	9606.ENSP00000363055	0	0	0	0	0.543	0	0	0.201	0.619
MCM10	KIF4A	9606.ENSP00000418268	9606.ENSP00000363524	0	0	0	0	0.569	0	0	0.348	0.706
MCM10	HMMR	9606.ENSP00000418268	9606.ENSP00000377492	0	0	0	0	0.512	0	0	0.464	0.727
MCM10	KIF20A	9606.ENSP00000418268	9606.ENSP00000378356	0	0	0	0	0.534	0	0	0.386	0.702
MCM10	CHEK1	9606.ENSP00000418268	9606.ENSP00000391090	0	0	0	0	0.776	0	0.500	0.746	0.969
MCM10	CDC45	9606.ENSP00000418268	9606.ENSP00000405726	0	0	0	0	0.812	0.969	0.500	0.999	0.999
MCM10	TOP2A	9606.ENSP00000418268	9606.ENSP00000411532	0	0	0	0	0.484	0	0	0.512	0.737
MCM10	DEPDC1	9606.ENSP00000418268	9606.ENSP00000412292	0	0	0	0	0.522	0	0	0.527	0.764
MCM10	HJURP	9606.ENSP00000418268	9606.ENSP00000414109	0	0	0	0	0.521	0	0	0.263	0.631
MCM10	GTSE1	9606.ENSP00000418268	9606.ENSP00000415430	0	0	0	0	0.492	0	0	0.211	0.582
MCM10	KIF18B	9606.ENSP00000418268	9606.ENSP00000465992	0	0	0	0	0.322	0	0	0.259	0.476
MCM10	UHRF1	9606.ENSP00000418268	9606.ENSP00000479617	0	0	0	0	0.490	0	0	0.225	0.588
MCM10	CDCA3	9606.ENSP00000418268	9606.ENSP00000442068	0	0	0	0	0.518	0	0	0.376	0.686
MCM10	PBK	9606.ENSP00000418268	9606.ENSP00000428489	0	0	0	0	0.595	0	0	0.370	0.734
MCM10	CCNA2	9606.ENSP00000418268	9606.ENSP00000481380	0	0	0	0	0.850	0	0	0.679	0.949
MCM10	RECQL4	9606.ENSP00000418268	9606.ENSP00000482313	0	0	0	0	0.479	0.526	0	0.961	0.989
MDK	PTPRB	9606.ENSP00000385451	9606.ENSP00000334928	0	0	0	0	0	0	0	0.825	0.825
MDK	SPP1	9606.ENSP00000385451	9606.ENSP00000378517	0	0	0	0	0.067	0	0	0.666	0.675
MDK	SLC2A1	9606.ENSP00000385451	9606.ENSP00000416293	0	0	0	0	0.075	0	0	0.639	0.652
MELK	CDC6	9606.ENSP00000298048	9606.ENSP00000209728	0	0	0	0	0.626	0	0	0.280	0.719
MELK	MYBL2	9606.ENSP00000298048	9606.ENSP00000217026	0	0	0	0	0.472	0.046	0	0.806	0.894
MELK	ORC6	9606.ENSP00000298048	9606.ENSP00000219097	0	0	0	0	0.262	0	0	0.401	0.540
MELK	NCAPH	9606.ENSP00000298048	9606.ENSP00000240423	0	0	0	0	0.817	0	0	0.442	0.893
MELK	DLGAP5	9606.ENSP00000298048	9606.ENSP00000247191	0	0	0	0	0.910	0	0	0.813	0.982
MELK	E2F8	9606.ENSP00000298048	9606.ENSP00000250024	0	0	0	0	0.528	0	0	0.482	0.745
MELK	NCAPG	9606.ENSP00000298048	9606.ENSP00000251496	0	0	0	0	0.850	0	0	0.590	0.936
MELK	GINS2	9606.ENSP00000298048	9606.ENSP00000253462	0	0	0	0	0.465	0	0	0.263	0.589
MELK	CCNB1	9606.ENSP00000298048	9606.ENSP00000256442	0	0	0	0	0.849	0.126	0	0.808	0.972
MELK	TROAP	9606.ENSP00000298048	9606.ENSP00000257909	0	0	0	0	0.523	0	0	0.436	0.719
MELK	ESPL1	9606.ENSP00000298048	9606.ENSP00000257934	0	0	0	0	0.546	0.064	0	0.262	0.659
MELK	KIF11	9606.ENSP00000298048	9606.ENSP00000260731	0	0	0	0	0.897	0	0	0.449	0.941
MELK	NDC80	9606.ENSP00000298048	9606.ENSP00000261597	0	0	0	0	0.907	0	0	0.325	0.935
MELK	PKMYT1	9606.ENSP00000298048	9606.ENSP00000262300	0	0	0	0.581	0.366	0.094	0	0.154	0.472
MELK	GINS1	9606.ENSP00000298048	9606.ENSP00000262460	0	0	0	0	0.415	0	0	0.354	0.606
MELK	SGO1	9606.ENSP00000298048	9606.ENSP00000263753	0	0	0	0	0.657	0.045	0	0.250	0.733
MELK	POLQ	9606.ENSP00000298048	9606.ENSP00000264233	0	0	0	0	0.494	0	0	0.052	0.499
MELK	NEIL3	9606.ENSP00000298048	9606.ENSP00000264596	0	0	0	0	0.495	0	0	0.454	0.712
MELK	DEPDC1B	9606.ENSP00000298048	9606.ENSP00000265036	0	0	0	0	0.662	0	0	0.052	0.666
MELK	ANLN	9606.ENSP00000298048	9606.ENSP00000265748	0	0	0	0	0.587	0	0	0.608	0.831
MELK	TICRR	9606.ENSP00000298048	9606.ENSP00000268138	0	0	0	0	0.409	0.060	0	0.181	0.506
MELK	NUF2	9606.ENSP00000298048	9606.ENSP00000271452	0	0	0	0	0.879	0.069	0	0.478	0.936
MELK	CDCA5	9606.ENSP00000298048	9606.ENSP00000275517	0	0	0	0	0.787	0	0	0.437	0.875
MELK	BUB1B	9606.ENSP00000298048	9606.ENSP00000287598	0	0	0	0	0.856	0.046	0	0.683	0.953
MELK	CCNB2	9606.ENSP00000298048	9606.ENSP00000288207	0	0	0	0	0.852	0.126	0	0.822	0.975
MELK	SRPK1	9606.ENSP00000298048	9606.ENSP00000362931	0	0	0	0	0.166	0.113	0	0.256	0.402
MELK	RMI2	9606.ENSP00000298048	9606.ENSP00000310356	0	0	0	0	0.380	0	0	0.085	0.409
MELK	ARHGEF39	9606.ENSP00000298048	9606.ENSP00000367638	0	0	0	0	0.311	0	0	0.275	0.480
MELK	UHRF1	9606.ENSP00000298048	9606.ENSP00000479617	0	0	0	0	0.505	0.054	0	0.207	0.597
MELK	RAD54L	9606.ENSP00000298048	9606.ENSP00000361043	0	0	0	0	0.527	0.048	0	0.283	0.649
MELK	CDCA2	9606.ENSP00000298048	9606.ENSP00000328228	0	0	0	0	0.566	0	0	0.251	0.662
MELK	KIF18B	9606.ENSP00000298048	9606.ENSP00000465992	0	0	0	0	0.382	0	0	0.503	0.680
MELK	ERCC6L	9606.ENSP00000298048	9606.ENSP00000334675	0	0	0	0	0.576	0.048	0	0.299	0.692
MELK	UBE2T	9606.ENSP00000298048	9606.ENSP00000494957	0	0	0	0	0.511	0.079	0	0.398	0.706
MELK	SKA3	9606.ENSP00000298048	9606.ENSP00000319417	0	0	0	0	0.568	0	0	0.373	0.718
MELK	SPAG5	9606.ENSP00000298048	9606.ENSP00000323300	0	0	0	0	0.612	0.065	0	0.328	0.735
MELK	EZH2	9606.ENSP00000298048	9606.ENSP00000320147	0	0	0	0	0.475	0.295	0	0.348	0.738
MELK	GTSE1	9606.ENSP00000298048	9606.ENSP00000415430	0	0	0	0	0.478	0	0	0.534	0.746
MELK	DEPDC1	9606.ENSP00000298048	9606.ENSP00000412292	0	0	0	0	0.679	0	0	0.256	0.751
MELK	PLK1	9606.ENSP00000298048	9606.ENSP00000300093	0	0	0	0.630	0.753	0.095	0	0.215	0.809
MELK	STIL	9606.ENSP00000298048	9606.ENSP00000360944	0	0	0	0	0.786	0	0	0.186	0.819
MELK	CDC25C	9606.ENSP00000298048	9606.ENSP00000321656	0	0	0	0	0.650	0.103	0	0.477	0.821
MELK	NEK2	9606.ENSP00000298048	9606.ENSP00000355966	0	0	0	0.619	0.640	0.051	0	0.522	0.822
MELK	KIF14	9606.ENSP00000298048	9606.ENSP00000356319	0	0	0	0	0.782	0	0	0.357	0.854
MELK	MCM10	9606.ENSP00000298048	9606.ENSP00000418268	0	0	0	0	0.804	0	0	0.324	0.861
MELK	KIF15	9606.ENSP00000298048	9606.ENSP00000324020	0	0	0	0	0.818	0	0	0.305	0.868
MELK	CDCA3	9606.ENSP00000298048	9606.ENSP00000442068	0	0	0	0	0.764	0	0	0.483	0.872
MELK	CHEK1	9606.ENSP00000298048	9606.ENSP00000391090	0	0	0	0.611	0.791	0.078	0	0.392	0.873
MELK	CDC45	9606.ENSP00000298048	9606.ENSP00000405726	0	0	0	0	0.813	0	0	0.366	0.876
MELK	CENPA	9606.ENSP00000298048	9606.ENSP00000336868	0	0	0	0	0.790	0.078	0	0.441	0.882
MELK	HMMR	9606.ENSP00000298048	9606.ENSP00000377492	0	0	0	0	0.804	0.065	0	0.421	0.884
MELK	EXO1	9606.ENSP00000298048	9606.ENSP00000355506	0	0	0	0	0.849	0	0	0.363	0.900
MELK	AURKB	9606.ENSP00000298048	9606.ENSP00000313950	0	0	0.095	0.735	0.805	0.045	0	0.489	0.902
MELK	CDCA8	9606.ENSP00000298048	9606.ENSP00000362146	0	0	0	0	0.731	0.064	0	0.643	0.902
MELK	ZWINT	9606.ENSP00000298048	9606.ENSP00000363055	0	0	0	0	0.777	0	0	0.584	0.903
MELK	MKI67	9606.ENSP00000298048	9606.ENSP00000357643	0	0	0	0	0.802	0.292	0	0.418	0.911
MELK	CKAP2L	9606.ENSP00000298048	9606.ENSP00000305204	0	0	0	0	0.766	0	0	0.643	0.912
MELK	CENPF	9606.ENSP00000298048	9606.ENSP00000355922	0	0	0	0	0.809	0	0	0.595	0.919
MELK	HJURP	9606.ENSP00000298048	9606.ENSP00000414109	0	0	0	0	0.798	0	0	0.639	0.924
MELK	KIF20A	9606.ENSP00000298048	9606.ENSP00000378356	0	0	0	0	0.842	0	0	0.571	0.929
MELK	TTK	9606.ENSP00000298048	9606.ENSP00000358813	0	0	0	0.574	0.911	0	0	0.254	0.931
MELK	RRM2	9606.ENSP00000298048	9606.ENSP00000353770	0	0	0	0	0.811	0.060	0	0.656	0.933
MELK	KIF2C	9606.ENSP00000298048	9606.ENSP00000361298	0	0	0	0	0.838	0	0	0.620	0.935
MELK	CCNA2	9606.ENSP00000298048	9606.ENSP00000481380	0	0	0	0	0.846	0.052	0	0.618	0.939
MELK	ASPM	9606.ENSP00000298048	9606.ENSP00000356379	0	0	0	0	0.818	0	0	0.715	0.946
MELK	UBE2C	9606.ENSP00000298048	9606.ENSP00000348838	0	0	0	0	0.816	0.079	0	0.719	0.948
MELK	TOP2A	9606.ENSP00000298048	9606.ENSP00000411532	0	0	0	0	0.835	0	0	0.740	0.955
MELK	CEP55	9606.ENSP00000298048	9606.ENSP00000360540	0	0	0	0	0.830	0	0	0.751	0.956
MELK	TPX2	9606.ENSP00000298048	9606.ENSP00000300403	0	0	0	0	0.840	0.070	0	0.739	0.958
MELK	PBK	9606.ENSP00000298048	9606.ENSP00000428489	0	0	0	0	0.903	0.095	0	0.612	0.963
MELK	KIF4A	9606.ENSP00000298048	9606.ENSP00000363524	0	0	0	0	0.863	0	0	0.750	0.964
MELK	CDC20	9606.ENSP00000298048	9606.ENSP00000361540	0	0	0	0	0.897	0.046	0	0.665	0.964
MELK	BIRC5	9606.ENSP00000298048	9606.ENSP00000301633	0	0	0	0	0.885	0.091	0	0.697	0.965
MELK	FOXM1	9606.ENSP00000298048	9606.ENSP00000342307	0	0	0	0	0.791	0.071	0	0.874	0.973
MKI67	CDC6	9606.ENSP00000357643	9606.ENSP00000209728	0	0	0	0	0.472	0	0	0.398	0.669
MKI67	MYBL2	9606.ENSP00000357643	9606.ENSP00000217026	0	0	0	0	0.575	0	0	0.511	0.783
MKI67	NCAPH	9606.ENSP00000357643	9606.ENSP00000240423	0	0	0	0	0.641	0.098	0	0.147	0.700
MKI67	DLGAP5	9606.ENSP00000357643	9606.ENSP00000247191	0	0	0	0	0.841	0	0	0.409	0.902
MKI67	E2F8	9606.ENSP00000357643	9606.ENSP00000250024	0	0	0	0	0.722	0	0	0.248	0.782
MKI67	NCAPG	9606.ENSP00000357643	9606.ENSP00000251496	0	0	0	0	0.811	0	0	0.537	0.908
MKI67	GINS2	9606.ENSP00000357643	9606.ENSP00000253462	0	0	0	0	0.351	0	0	0.120	0.404
MKI67	CCNB1	9606.ENSP00000357643	9606.ENSP00000256442	0	0	0	0	0.699	0	0	0.581	0.868
MKI67	TROAP	9606.ENSP00000357643	9606.ENSP00000257909	0	0	0	0	0.651	0	0	0.188	0.704
MKI67	ESPL1	9606.ENSP00000357643	9606.ENSP00000257934	0	0	0	0	0.810	0	0	0.273	0.856
MKI67	KIF11	9606.ENSP00000357643	9606.ENSP00000260731	0	0	0	0	0.861	0	0	0.523	0.931
MKI67	NDC80	9606.ENSP00000357643	9606.ENSP00000261597	0	0	0	0	0.749	0	0	0.222	0.796
MKI67	PKMYT1	9606.ENSP00000357643	9606.ENSP00000262300	0	0	0	0	0.288	0	0	0.208	0.413
MKI67	GINS1	9606.ENSP00000357643	9606.ENSP00000262460	0	0	0	0	0.338	0	0	0.187	0.439
MKI67	SGO1	9606.ENSP00000357643	9606.ENSP00000263753	0	0	0	0	0.534	0.045	0	0.194	0.610
MKI67	POLQ	9606.ENSP00000357643	9606.ENSP00000264233	0	0	0	0	0.451	0	0	0.060	0.462
MKI67	NEIL3	9606.ENSP00000357643	9606.ENSP00000264596	0	0	0	0	0.502	0	0	0.091	0.528
MKI67	DEPDC1B	9606.ENSP00000357643	9606.ENSP00000265036	0	0	0	0	0.478	0	0	0.098	0.510
MKI67	ANLN	9606.ENSP00000357643	9606.ENSP00000265748	0	0	0	0	0.456	0.292	0	0.392	0.745
MKI67	TICRR	9606.ENSP00000357643	9606.ENSP00000268138	0	0	0	0	0.638	0.292	0	0	0.733
MKI67	NUF2	9606.ENSP00000357643	9606.ENSP00000271452	0	0	0	0	0.617	0	0	0.396	0.759
MKI67	CDCA5	9606.ENSP00000357643	9606.ENSP00000275517	0	0	0	0	0.497	0	0	0.303	0.635
MKI67	BUB1B	9606.ENSP00000357643	9606.ENSP00000287598	0	0	0	0	0.863	0.292	0	0.359	0.932
MKI67	CCNB2	9606.ENSP00000357643	9606.ENSP00000288207	0	0	0	0	0.612	0	0	0.679	0.870
MKI67	MELK	9606.ENSP00000357643	9606.ENSP00000298048	0	0	0	0	0.802	0.292	0	0.418	0.911
MKI67	PLK1	9606.ENSP00000357643	9606.ENSP00000300093	0	0	0	0	0.579	0.067	0	0.604	0.831
MKI67	TPX2	9606.ENSP00000357643	9606.ENSP00000300403	0	0	0	0	0.810	0.292	0	0.687	0.954
MKI67	BIRC5	9606.ENSP00000357643	9606.ENSP00000301633	0	0	0	0	0.817	0	0	0.684	0.939
MKI67	CKAP2L	9606.ENSP00000357643	9606.ENSP00000305204	0	0	0	0	0.523	0	0	0.185	0.594
MKI67	RMI2	9606.ENSP00000357643	9606.ENSP00000310356	0	0	0	0	0.242	0.292	0	0	0.440
MKI67	AURKB	9606.ENSP00000357643	9606.ENSP00000313950	0	0	0	0	0.699	0.292	0	0.416	0.865
MKI67	SKA3	9606.ENSP00000357643	9606.ENSP00000319417	0	0	0	0	0.513	0	0	0.187	0.587
MKI67	EZH2	9606.ENSP00000357643	9606.ENSP00000320147	0	0	0	0	0.356	0.174	0	0.341	0.619
MKI67	CDC25C	9606.ENSP00000357643	9606.ENSP00000321656	0	0	0	0	0.456	0	0	0.235	0.567
MKI67	SPAG5	9606.ENSP00000357643	9606.ENSP00000323300	0	0	0	0	0.822	0	0	0.298	0.869
MKI67	KIF15	9606.ENSP00000357643	9606.ENSP00000324020	0	0	0	0	0.850	0.292	0	0.434	0.935
MKI67	CDCA2	9606.ENSP00000357643	9606.ENSP00000328228	0	0	0	0.548	0.570	0	0	0.103	0.598
MKI67	ERCC6L	9606.ENSP00000357643	9606.ENSP00000334675	0	0	0	0	0.381	0.064	0	0.182	0.485
MKI67	CENPA	9606.ENSP00000357643	9606.ENSP00000336868	0	0	0	0	0.693	0	0	0.331	0.785
MKI67	FOXM1	9606.ENSP00000357643	9606.ENSP00000342307	0	0	0	0	0.836	0	0	0.473	0.910
MKI67	UBE2C	9606.ENSP00000357643	9606.ENSP00000348838	0	0	0	0	0.810	0	0	0.576	0.916
MKI67	RRM2	9606.ENSP00000357643	9606.ENSP00000353770	0	0	0	0	0.822	0	0	0.708	0.945
MKI67	IQGAP3	9606.ENSP00000357643	9606.ENSP00000354451	0	0	0	0	0.565	0	0	0.181	0.628
MKI67	EXO1	9606.ENSP00000357643	9606.ENSP00000355506	0	0	0	0	0.583	0	0	0.260	0.678
MKI67	CENPF	9606.ENSP00000357643	9606.ENSP00000355922	0	0	0	0	0.902	0.292	0	0.727	0.979
MKI67	NEK2	9606.ENSP00000357643	9606.ENSP00000355966	0	0	0	0	0.659	0	0	0.581	0.851
MKI67	KIF14	9606.ENSP00000357643	9606.ENSP00000356319	0	0	0	0	0.788	0.292	0	0.351	0.894
MKI67	ASPM	9606.ENSP00000357643	9606.ENSP00000356379	0	0	0	0	0.895	0.099	0	0.635	0.962
MKI67	UBE2T	9606.ENSP00000357643	9606.ENSP00000494957	0	0	0	0	0.269	0	0	0.222	0.407
MKI67	STIL	9606.ENSP00000357643	9606.ENSP00000360944	0	0	0	0	0.367	0	0	0.167	0.450
MKI67	RAD54L	9606.ENSP00000357643	9606.ENSP00000361043	0	0	0	0	0.413	0	0	0.213	0.518
MKI67	PECAM1	9606.ENSP00000357643	9606.ENSP00000457421	0	0	0	0	0	0	0	0.521	0.521
MKI67	CHEK1	9606.ENSP00000357643	9606.ENSP00000391090	0	0	0	0	0.403	0	0	0.296	0.562
MKI67	MCM10	9606.ENSP00000357643	9606.ENSP00000418268	0	0	0	0	0.633	0	0	0.202	0.694
MKI67	DEPDC1	9606.ENSP00000357643	9606.ENSP00000412292	0	0	0	0	0.666	0	0	0.155	0.705
MKI67	CDC45	9606.ENSP00000357643	9606.ENSP00000405726	0	0	0	0	0.521	0	0	0.417	0.708
MKI67	UHRF1	9606.ENSP00000357643	9606.ENSP00000479617	0	0	0	0	0.565	0.292	0	0.175	0.724
MKI67	CDCA3	9606.ENSP00000357643	9606.ENSP00000442068	0	0	0	0	0.652	0	0	0.325	0.755
MKI67	PBK	9606.ENSP00000357643	9606.ENSP00000428489	0	0	0	0	0.664	0	0	0.321	0.762
MKI67	KIF18B	9606.ENSP00000357643	9606.ENSP00000465992	0	0	0	0	0.675	0.292	0	0.166	0.791
MKI67	GTSE1	9606.ENSP00000357643	9606.ENSP00000415430	0	0	0	0	0.766	0	0	0.320	0.834
MKI67	TTK	9606.ENSP00000357643	9606.ENSP00000358813	0	0	0	0	0.795	0	0	0.368	0.865
MKI67	KIF4A	9606.ENSP00000357643	9606.ENSP00000363524	0	0	0	0	0.820	0	0	0.310	0.871
MKI67	KIF2C	9606.ENSP00000357643	9606.ENSP00000361298	0	0	0	0	0.834	0	0	0.377	0.892
MKI67	ZWINT	9606.ENSP00000357643	9606.ENSP00000363055	0	0	0	0	0.742	0	0	0.609	0.894
MKI67	HMMR	9606.ENSP00000357643	9606.ENSP00000377492	0	0	0	0	0.772	0	0	0.566	0.896
MKI67	CEP55	9606.ENSP00000357643	9606.ENSP00000360540	0	0	0	0	0.825	0	0	0.473	0.904
MKI67	CDCA8	9606.ENSP00000357643	9606.ENSP00000362146	0	0	0	0	0.825	0	0	0.578	0.923
MKI67	KIF20A	9606.ENSP00000357643	9606.ENSP00000378356	0	0	0	0	0.847	0.295	0	0.359	0.925
MKI67	CCNA2	9606.ENSP00000357643	9606.ENSP00000481380	0	0	0	0	0.829	0	0	0.606	0.930
MKI67	CDC20	9606.ENSP00000357643	9606.ENSP00000361540	0	0	0	0	0.815	0.292	0	0.540	0.934
MKI67	HJURP	9606.ENSP00000357643	9606.ENSP00000414109	0	0	0.313	0	0.839	0	0	0.556	0.946
MKI67	TOP2A	9606.ENSP00000357643	9606.ENSP00000411532	0	0	0	0	0.957	0	0	0.845	0.993
MMP11	MYBL2	9606.ENSP00000215743	9606.ENSP00000217026	0	0	0	0	0	0	0	0.439	0.439
MMP11	MMP13	9606.ENSP00000215743	9606.ENSP00000260302	0	0	0.128	0.788	0.260	0	0	0.205	0.443
MMP11	COL11A1	9606.ENSP00000215743	9606.ENSP00000359114	0	0	0	0	0.323	0.050	0	0.616	0.732
MMP11	COL10A1	9606.ENSP00000215743	9606.ENSP00000327368	0	0	0	0	0.524	0.050	0	0.617	0.812
MMP13	MMP11	9606.ENSP00000260302	9606.ENSP00000215743	0	0	0.128	0.788	0.260	0	0	0.205	0.443
MMP13	STARD13	9606.ENSP00000260302	9606.ENSP00000338785	0	0	0	0	0.055	0	0	0.395	0.404
MMP13	PECAM1	9606.ENSP00000260302	9606.ENSP00000457421	0	0	0	0	0.055	0.092	0	0.371	0.414
MMP13	EPAS1	9606.ENSP00000260302	9606.ENSP00000263734	0	0	0	0	0.074	0	0	0.526	0.542
MMP13	COL11A1	9606.ENSP00000260302	9606.ENSP00000359114	0	0	0	0	0.315	0.050	0	0.448	0.609
MMP13	SPP1	9606.ENSP00000260302	9606.ENSP00000378517	0	0	0	0	0.104	0	0	0.621	0.646
MMP13	COL10A1	9606.ENSP00000260302	9606.ENSP00000327368	0	0	0	0	0.362	0.050	0	0.903	0.936
MMRN2	RASIP1	9606.ENSP00000361097	9606.ENSP00000222145	0	0	0	0	0.171	0.107	0	0.255	0.400
MMRN2	CD93	9606.ENSP00000361097	9606.ENSP00000246006	0	0	0	0	0.208	0.334	0	0.460	0.690
MMRN2	USHBP1	9606.ENSP00000361097	9606.ENSP00000252597	0	0	0	0	0.645	0	0	0.335	0.754
MMRN2	RAMP2	9606.ENSP00000361097	9606.ENSP00000253796	0	0	0	0	0.363	0	0	0.175	0.452
MMRN2	CCM2L	9606.ENSP00000361097	9606.ENSP00000262659	0	0	0	0	0.240	0.098	0	0.244	0.437
MMRN2	EMCN	9606.ENSP00000361097	9606.ENSP00000296420	0	0	0	0	0.516	0	0	0.134	0.563
MMRN2	ROBO4	9606.ENSP00000361097	9606.ENSP00000304945	0	0	0	0	0.635	0.053	0	0.298	0.736
MMRN2	PTPRB	9606.ENSP00000361097	9606.ENSP00000334928	0	0	0	0	0.365	0.053	0	0.278	0.528
MMRN2	CLEC14A	9606.ENSP00000361097	9606.ENSP00000353013	0	0	0	0	0.263	0.334	0	0.864	0.927
MMRN2	ECSCR	9606.ENSP00000361097	9606.ENSP00000479243	0	0	0	0	0.223	0	0	0.313	0.443
MMRN2	CDH5	9606.ENSP00000361097	9606.ENSP00000497290	0	0	0	0	0.511	0.046	0	0.245	0.617
MNX1	SOX17	9606.ENSP00000252971	9606.ENSP00000297316	0	0	0	0	0.059	0.067	0	0.433	0.459
MNX1	ONECUT1	9606.ENSP00000252971	9606.ENSP00000302630	0	0	0	0	0.061	0	0	0.585	0.594
MYBL2	CDC6	9606.ENSP00000217026	9606.ENSP00000209728	0	0	0	0	0.472	0	0	0.440	0.691
MYBL2	MMP11	9606.ENSP00000217026	9606.ENSP00000215743	0	0	0	0	0	0	0	0.439	0.439
MYBL2	ANLN	9606.ENSP00000217026	9606.ENSP00000265748	0	0	0	0	0.262	0	0	0.222	0.402
MYBL2	UBE2T	9606.ENSP00000217026	9606.ENSP00000494957	0	0	0	0	0.257	0.060	0	0.215	0.404
MYBL2	RECQL4	9606.ENSP00000217026	9606.ENSP00000482313	0	0	0	0	0.345	0	0	0.129	0.406
MYBL2	GINS1	9606.ENSP00000217026	9606.ENSP00000262460	0	0	0	0	0.364	0	0	0.118	0.415
MYBL2	ERCC6L	9606.ENSP00000217026	9606.ENSP00000334675	0	0	0	0	0.251	0.058	0	0.243	0.420
MYBL2	SGO1	9606.ENSP00000217026	9606.ENSP00000263753	0	0	0	0	0.328	0.045	0	0.190	0.435
MYBL2	GTSE1	9606.ENSP00000217026	9606.ENSP00000415430	0	0	0	0	0.318	0	0	0.225	0.449
MYBL2	TICRR	9606.ENSP00000217026	9606.ENSP00000268138	0	0	0	0	0.402	0	0	0.129	0.457
MYBL2	GINS2	9606.ENSP00000217026	9606.ENSP00000253462	0	0	0	0	0.360	0	0	0.196	0.463
MYBL2	NDC80	9606.ENSP00000217026	9606.ENSP00000261597	0	0	0	0	0.325	0	0	0.238	0.464
MYBL2	TAL1	9606.ENSP00000217026	9606.ENSP00000294339	0	0	0	0	0	0	0	0.468	0.468
MYBL2	HMMR	9606.ENSP00000217026	9606.ENSP00000377492	0	0	0	0	0.378	0.054	0	0.179	0.475
MYBL2	CHEK1	9606.ENSP00000217026	9606.ENSP00000391090	0	0	0	0	0.274	0	0	0.317	0.483
MYBL2	NEK2	9606.ENSP00000217026	9606.ENSP00000355966	0	0	0	0	0.290	0	0	0.317	0.495
MYBL2	KIF15	9606.ENSP00000217026	9606.ENSP00000324020	0	0	0	0	0.374	0	0	0.234	0.500
MYBL2	UHRF1	9606.ENSP00000217026	9606.ENSP00000479617	0	0	0	0	0.367	0	0	0.254	0.507
MYBL2	CDCA2	9606.ENSP00000217026	9606.ENSP00000328228	0	0	0	0	0.367	0	0	0.259	0.511
MYBL2	TROAP	9606.ENSP00000217026	9606.ENSP00000257909	0	0	0	0	0.407	0	0	0.233	0.526
MYBL2	DEPDC1	9606.ENSP00000217026	9606.ENSP00000412292	0	0	0	0	0.339	0	0	0.334	0.541
MYBL2	ZWINT	9606.ENSP00000217026	9606.ENSP00000363055	0	0	0	0	0.445	0	0	0.207	0.541
MYBL2	ASPM	9606.ENSP00000217026	9606.ENSP00000356379	0	0	0	0	0.437	0	0	0.222	0.543
MYBL2	SKA3	9606.ENSP00000217026	9606.ENSP00000319417	0	0	0	0	0.465	0	0	0.184	0.545
MYBL2	KIF11	9606.ENSP00000217026	9606.ENSP00000260731	0	0	0	0	0.387	0	0	0.292	0.548
MYBL2	MCM10	9606.ENSP00000217026	9606.ENSP00000418268	0	0	0	0	0.399	0	0	0.293	0.557
MYBL2	SALL4	9606.ENSP00000217026	9606.ENSP00000217086	0	0	0	0	0.144	0	0	0.509	0.561
MYBL2	PBK	9606.ENSP00000217026	9606.ENSP00000428489	0	0	0	0	0.452	0.068	0	0.214	0.563
MYBL2	SPAG5	9606.ENSP00000217026	9606.ENSP00000323300	0	0	0	0	0.450	0.054	0	0.234	0.567
MYBL2	EZH2	9606.ENSP00000217026	9606.ENSP00000320147	0	0	0	0	0.241	0.219	0	0.329	0.568
MYBL2	CDCA3	9606.ENSP00000217026	9606.ENSP00000442068	0	0	0	0	0.448	0	0	0.280	0.586
MYBL2	KIF18B	9606.ENSP00000217026	9606.ENSP00000465992	0	0	0	0	0.414	0	0	0.327	0.589
MYBL2	CDC25C	9606.ENSP00000217026	9606.ENSP00000321656	0	0	0	0	0.351	0.098	0	0.357	0.591
MYBL2	CEP55	9606.ENSP00000217026	9606.ENSP00000360540	0	0	0	0	0.360	0	0	0.391	0.594
MYBL2	HJURP	9606.ENSP00000217026	9606.ENSP00000414109	0	0	0	0	0.426	0.195	0	0.202	0.599
MYBL2	KIF20A	9606.ENSP00000217026	9606.ENSP00000378356	0	0	0	0	0.468	0	0	0.300	0.612
MYBL2	NCAPG	9606.ENSP00000217026	9606.ENSP00000251496	0	0	0	0	0.471	0	0	0.308	0.618
MYBL2	PKMYT1	9606.ENSP00000217026	9606.ENSP00000262300	0	0	0	0	0.434	0	0	0.357	0.621
MYBL2	CDCA5	9606.ENSP00000217026	9606.ENSP00000275517	0	0	0	0	0.528	0	0	0.245	0.629
MYBL2	CENPA	9606.ENSP00000217026	9606.ENSP00000336868	0	0	0	0	0.375	0.052	0	0.425	0.630
MYBL2	NUF2	9606.ENSP00000217026	9606.ENSP00000271452	0	0	0	0	0.407	0.163	0	0.317	0.631
MYBL2	EXO1	9606.ENSP00000217026	9606.ENSP00000355506	0	0	0	0	0.525	0	0	0.259	0.633
MYBL2	TTK	9606.ENSP00000217026	9606.ENSP00000358813	0	0	0	0	0.515	0	0	0.280	0.635
MYBL2	E2F8	9606.ENSP00000217026	9606.ENSP00000250024	0	0	0	0	0.309	0.060	0	0.491	0.641
MYBL2	DLGAP5	9606.ENSP00000217026	9606.ENSP00000247191	0	0	0	0	0.482	0	0	0.344	0.646
MYBL2	CENPF	9606.ENSP00000217026	9606.ENSP00000355922	0	0	0	0	0.382	0.067	0	0.443	0.651
MYBL2	ESPL1	9606.ENSP00000217026	9606.ENSP00000257934	0	0	0	0	0.488	0	0	0.350	0.653
MYBL2	BUB1B	9606.ENSP00000217026	9606.ENSP00000287598	0	0	0	0	0.483	0.091	0	0.325	0.655
MYBL2	CDCA8	9606.ENSP00000217026	9606.ENSP00000362146	0	0	0	0	0.534	0	0	0.348	0.683
MYBL2	RAD54L	9606.ENSP00000217026	9606.ENSP00000361043	0	0	0	0	0.443	0.058	0	0.445	0.683
MYBL2	KIF4A	9606.ENSP00000217026	9606.ENSP00000363524	0	0	0	0	0.536	0	0	0.364	0.692
MYBL2	CDC45	9606.ENSP00000217026	9606.ENSP00000405726	0	0	0	0	0.596	0	0	0.272	0.693
MYBL2	KIF2C	9606.ENSP00000217026	9606.ENSP00000361298	0	0	0	0	0.534	0	0	0.370	0.694
MYBL2	AURKB	9606.ENSP00000217026	9606.ENSP00000313950	0	0	0	0	0.523	0.051	0	0.400	0.704
MYBL2	NCAPH	9606.ENSP00000217026	9606.ENSP00000240423	0	0	0	0	0.588	0	0	0.338	0.716
MYBL2	TOP2A	9606.ENSP00000217026	9606.ENSP00000411532	0	0	0	0	0.512	0	0	0.446	0.718
MYBL2	KIF14	9606.ENSP00000217026	9606.ENSP00000356319	0	0	0	0	0.644	0	0	0.262	0.726
MYBL2	RRM2	9606.ENSP00000217026	9606.ENSP00000353770	0	0	0	0	0.553	0	0	0.453	0.745
MYBL2	TPX2	9606.ENSP00000217026	9606.ENSP00000300403	0	0	0	0	0.527	0.046	0	0.484	0.747
MYBL2	UBE2C	9606.ENSP00000217026	9606.ENSP00000348838	0	0	0	0	0.539	0.060	0	0.517	0.773
MYBL2	MKI67	9606.ENSP00000217026	9606.ENSP00000357643	0	0	0	0	0.575	0	0	0.511	0.783
MYBL2	TFAP2A	9606.ENSP00000217026	9606.ENSP00000501092	0	0	0	0	0.108	0	0.750	0.353	0.843
MYBL2	BIRC5	9606.ENSP00000217026	9606.ENSP00000301633	0	0	0	0	0.505	0.061	0	0.693	0.844
MYBL2	CDC20	9606.ENSP00000217026	9606.ENSP00000361540	0	0	0	0	0.647	0.294	0	0.502	0.865
MYBL2	CCNB2	9606.ENSP00000217026	9606.ENSP00000288207	0	0	0	0	0.493	0.091	0.500	0.496	0.868
MYBL2	PLK1	9606.ENSP00000217026	9606.ENSP00000300093	0	0	0	0	0.542	0	0.500	0.507	0.877
MYBL2	MELK	9606.ENSP00000217026	9606.ENSP00000298048	0	0	0	0	0.472	0.046	0	0.806	0.894
MYBL2	CCNB1	9606.ENSP00000217026	9606.ENSP00000256442	0	0	0	0	0.412	0.091	0.500	0.773	0.931
MYBL2	CCNA2	9606.ENSP00000217026	9606.ENSP00000481380	0	0	0	0	0.456	0.095	0.900	0.855	0.991
MYBL2	FOXM1	9606.ENSP00000217026	9606.ENSP00000342307	0	0	0	0	0.523	0.187	0.800	0.980	0.998
MYCT1	EMCN	9606.ENSP00000356214	9606.ENSP00000296420	0	0	0	0	0.464	0	0	0.361	0.643
MYCT1	CLEC14A	9606.ENSP00000356214	9606.ENSP00000353013	0	0	0	0	0.299	0	0	0.296	0.486
NCAPG	CDC6	9606.ENSP00000251496	9606.ENSP00000209728	0	0	0	0	0.477	0	0	0.390	0.667
NCAPG	MYBL2	9606.ENSP00000251496	9606.ENSP00000217026	0	0	0	0	0.471	0	0	0.308	0.618
NCAPG	NCAPH	9606.ENSP00000251496	9606.ENSP00000240423	0	0	0	0	0.845	0.999	0.900	0.996	0.999
NCAPG	DLGAP5	9606.ENSP00000251496	9606.ENSP00000247191	0	0	0	0	0.852	0	0	0.662	0.948
NCAPG	E2F8	9606.ENSP00000251496	9606.ENSP00000250024	0	0	0	0	0.512	0	0	0.260	0.624
NCAPG	RECQL4	9606.ENSP00000251496	9606.ENSP00000482313	0	0	0	0	0.301	0.292	0	0	0.484
NCAPG	EZH2	9606.ENSP00000251496	9606.ENSP00000320147	0	0	0	0	0.424	0	0	0.175	0.505
NCAPG	TICRR	9606.ENSP00000251496	9606.ENSP00000268138	0	0	0	0	0.444	0	0	0.146	0.506
NCAPG	POLQ	9606.ENSP00000251496	9606.ENSP00000264233	0	0	0	0	0.515	0	0	0.114	0.552
NCAPG	NEIL3	9606.ENSP00000251496	9606.ENSP00000264596	0	0	0	0	0.430	0	0	0.257	0.558
NCAPG	CDC25C	9606.ENSP00000251496	9606.ENSP00000321656	0	0	0	0	0.480	0	0	0.194	0.563
NCAPG	UBE2T	9606.ENSP00000251496	9606.ENSP00000494957	0	0	0	0	0.503	0.059	0	0.162	0.574
NCAPG	KIF18B	9606.ENSP00000251496	9606.ENSP00000465992	0	0	0	0	0.378	0	0	0.423	0.626
NCAPG	GTSE1	9606.ENSP00000251496	9606.ENSP00000415430	0	0	0	0	0.498	0	0	0.305	0.636
NCAPG	GINS1	9606.ENSP00000251496	9606.ENSP00000262460	0	0	0	0	0.495	0	0	0.371	0.669
NCAPG	RAD54L	9606.ENSP00000251496	9606.ENSP00000361043	0	0	0	0	0.526	0.067	0	0.313	0.669
NCAPG	ANLN	9606.ENSP00000251496	9606.ENSP00000265748	0	0	0	0	0.539	0	0	0.336	0.681
NCAPG	UHRF1	9606.ENSP00000251496	9606.ENSP00000479617	0	0	0	0	0.494	0	0	0.400	0.683
NCAPG	TROAP	9606.ENSP00000251496	9606.ENSP00000257909	0	0	0	0	0.544	0	0	0.348	0.690
NCAPG	PLK1	9606.ENSP00000251496	9606.ENSP00000300093	0	0	0	0	0.444	0	0	0.470	0.693
NCAPG	STIL	9606.ENSP00000251496	9606.ENSP00000360944	0	0	0	0	0.651	0	0	0.199	0.708
NCAPG	ERCC6L	9606.ENSP00000251496	9606.ENSP00000334675	0	0	0	0	0.616	0.067	0	0.271	0.716
NCAPG	SGO1	9606.ENSP00000251496	9606.ENSP00000263753	0	0	0	0	0.555	0.047	0	0.392	0.719
NCAPG	ESPL1	9606.ENSP00000251496	9606.ENSP00000257934	0	0	0	0	0.406	0.070	0	0.551	0.730
NCAPG	EXO1	9606.ENSP00000251496	9606.ENSP00000355506	0	0	0	0	0.629	0	0	0.320	0.737
NCAPG	DEPDC1B	9606.ENSP00000251496	9606.ENSP00000265036	0	0	0	0	0.657	0	0	0.270	0.739
NCAPG	SPAG5	9606.ENSP00000251496	9606.ENSP00000323300	0	0	0	0	0.607	0	0	0.372	0.742
NCAPG	CHEK1	9606.ENSP00000251496	9606.ENSP00000391090	0	0	0	0	0.698	0	0	0.286	0.775
NCAPG	SKA3	9606.ENSP00000251496	9606.ENSP00000319417	0	0	0	0	0.690	0	0	0.316	0.779
NCAPG	CDCA3	9606.ENSP00000251496	9606.ENSP00000442068	0	0	0	0	0.738	0	0	0.305	0.810
NCAPG	NEK2	9606.ENSP00000251496	9606.ENSP00000355966	0	0	0	0	0.589	0	0	0.587	0.823
NCAPG	DEPDC1	9606.ENSP00000251496	9606.ENSP00000412292	0	0	0	0	0.784	0	0	0.220	0.824
NCAPG	CDCA8	9606.ENSP00000251496	9606.ENSP00000362146	0	0	0	0	0.669	0	0	0.510	0.830
NCAPG	MCM10	9606.ENSP00000251496	9606.ENSP00000418268	0	0	0	0	0.767	0	0	0.316	0.833
NCAPG	GINS2	9606.ENSP00000251496	9606.ENSP00000253462	0	0	0	0	0.694	0	0	0.537	0.852
NCAPG	ZWINT	9606.ENSP00000251496	9606.ENSP00000363055	0	0	0	0	0.657	0	0	0.587	0.852
NCAPG	FOXM1	9606.ENSP00000251496	9606.ENSP00000342307	0	0	0	0	0.658	0.070	0	0.597	0.860
NCAPG	CDCA2	9606.ENSP00000251496	9606.ENSP00000328228	0	0	0	0	0.794	0	0	0.350	0.860
NCAPG	UBE2C	9606.ENSP00000251496	9606.ENSP00000348838	0	0	0	0	0.724	0.059	0	0.507	0.860
NCAPG	CKAP2L	9606.ENSP00000251496	9606.ENSP00000305204	0	0	0	0	0.771	0	0	0.431	0.864
NCAPG	CENPA	9606.ENSP00000251496	9606.ENSP00000336868	0	0	0	0	0.743	0.092	0	0.487	0.870
NCAPG	BIRC5	9606.ENSP00000251496	9606.ENSP00000301633	0	0	0	0	0.685	0.100	0	0.597	0.876
NCAPG	HJURP	9606.ENSP00000251496	9606.ENSP00000414109	0	0	0	0	0.784	0	0	0.477	0.882
NCAPG	CDCA5	9606.ENSP00000251496	9606.ENSP00000275517	0	0	0	0	0.792	0	0	0.478	0.886
NCAPG	RRM2	9606.ENSP00000251496	9606.ENSP00000353770	0	0	0	0	0.802	0	0	0.475	0.892
NCAPG	CEP55	9606.ENSP00000251496	9606.ENSP00000360540	0	0	0	0	0.825	0	0	0.447	0.899
NCAPG	MKI67	9606.ENSP00000251496	9606.ENSP00000357643	0	0	0	0	0.811	0	0	0.537	0.908
NCAPG	HMMR	9606.ENSP00000251496	9606.ENSP00000377492	0	0	0	0	0.817	0	0	0.523	0.909
NCAPG	AURKB	9606.ENSP00000251496	9606.ENSP00000313950	0	0	0	0	0.711	0.075	0	0.700	0.913
NCAPG	CDC45	9606.ENSP00000251496	9606.ENSP00000405726	0	0	0	0	0.815	0	0	0.576	0.918
NCAPG	KIF15	9606.ENSP00000251496	9606.ENSP00000324020	0	0	0	0	0.851	0	0	0.479	0.919
NCAPG	PBK	9606.ENSP00000251496	9606.ENSP00000428489	0	0	0	0	0.846	0	0	0.507	0.920
NCAPG	KIF14	9606.ENSP00000251496	9606.ENSP00000356319	0	0	0	0	0.787	0	0	0.660	0.924
NCAPG	CENPF	9606.ENSP00000251496	9606.ENSP00000355922	0	0	0	0	0.827	0	0	0.582	0.924
NCAPG	NUF2	9606.ENSP00000251496	9606.ENSP00000271452	0	0	0	0	0.865	0	0	0.505	0.930
NCAPG	KIF2C	9606.ENSP00000251496	9606.ENSP00000361298	0	0	0	0	0.813	0	0	0.660	0.933
NCAPG	KIF4A	9606.ENSP00000251496	9606.ENSP00000363524	0	0	0	0	0.843	0	0	0.599	0.934
NCAPG	MELK	9606.ENSP00000251496	9606.ENSP00000298048	0	0	0	0	0.850	0	0	0.590	0.936
NCAPG	NDC80	9606.ENSP00000251496	9606.ENSP00000261597	0	0	0	0	0.935	0	0	0.245	0.949
NCAPG	CDC20	9606.ENSP00000251496	9606.ENSP00000361540	0	0	0	0	0.816	0	0	0.737	0.949
NCAPG	TPX2	9606.ENSP00000251496	9606.ENSP00000300403	0	0	0	0	0.827	0	0	0.720	0.949
NCAPG	CCNA2	9606.ENSP00000251496	9606.ENSP00000481380	0	0	0	0	0.854	0	0	0.668	0.949
NCAPG	BUB1B	9606.ENSP00000251496	9606.ENSP00000287598	0	0	0	0	0.837	0	0	0.719	0.952
NCAPG	KIF20A	9606.ENSP00000251496	9606.ENSP00000378356	0	0	0	0	0.844	0	0	0.745	0.958
NCAPG	CCNB1	9606.ENSP00000251496	9606.ENSP00000256442	0	0	0	0	0.824	0	0.400	0.672	0.962
NCAPG	TOP2A	9606.ENSP00000251496	9606.ENSP00000411532	0	0	0	0	0.850	0.088	0	0.780	0.967
NCAPG	CCNB2	9606.ENSP00000251496	9606.ENSP00000288207	0	0	0	0	0.823	0	0.400	0.742	0.970
NCAPG	ASPM	9606.ENSP00000251496	9606.ENSP00000356379	0	0	0	0	0.910	0	0	0.702	0.972
NCAPG	TTK	9606.ENSP00000251496	9606.ENSP00000358813	0	0	0	0	0.923	0	0	0.667	0.973
NCAPG	KIF11	9606.ENSP00000251496	9606.ENSP00000260731	0	0	0	0	0.912	0.086	0	0.722	0.975
NCAPH	CDC6	9606.ENSP00000240423	9606.ENSP00000209728	0	0	0	0	0.569	0	0	0.221	0.650
NCAPH	MYBL2	9606.ENSP00000240423	9606.ENSP00000217026	0	0	0	0	0.588	0	0	0.338	0.716
NCAPH	ORC6	9606.ENSP00000240423	9606.ENSP00000219097	0	0	0	0	0.190	0	0	0.512	0.588
NCAPH	GTSE1	9606.ENSP00000240423	9606.ENSP00000415430	0	0	0	0	0.274	0	0	0.223	0.412
NCAPH	SRPK1	9606.ENSP00000240423	9606.ENSP00000362931	0	0	0	0	0.129	0	0	0.354	0.413
NCAPH	RCC1	9606.ENSP00000240423	9606.ENSP00000497402	0	0	0	0	0.300	0	0	0.217	0.429
NCAPH	UBE2T	9606.ENSP00000240423	9606.ENSP00000494957	0	0	0	0	0.370	0.059	0	0.153	0.454
NCAPH	E2F8	9606.ENSP00000240423	9606.ENSP00000250024	0	0	0	0	0.308	0	0	0.251	0.460
NCAPH	STIL	9606.ENSP00000240423	9606.ENSP00000360944	0	0	0	0	0.332	0	0	0.254	0.480
NCAPH	NEIL3	9606.ENSP00000240423	9606.ENSP00000264596	0	0	0	0	0.378	0	0	0.202	0.483
NCAPH	UHRF1	9606.ENSP00000240423	9606.ENSP00000479617	0	0	0	0	0.369	0.068	0	0.223	0.503
NCAPH	CKAP2L	9606.ENSP00000240423	9606.ENSP00000305204	0	0	0	0	0.338	0	0	0.305	0.520
NCAPH	TROAP	9606.ENSP00000240423	9606.ENSP00000257909	0	0	0	0	0.439	0	0	0.212	0.539
NCAPH	CDC25C	9606.ENSP00000240423	9606.ENSP00000321656	0	0	0	0	0.460	0	0	0.189	0.543
NCAPH	TICRR	9606.ENSP00000240423	9606.ENSP00000268138	0	0	0	0	0.519	0	0	0.148	0.573
NCAPH	SGO1	9606.ENSP00000240423	9606.ENSP00000263753	0	0	0	0	0.393	0	0	0.336	0.580
NCAPH	EZH2	9606.ENSP00000240423	9606.ENSP00000320147	0	0	0	0	0.321	0	0	0.431	0.597
NCAPH	DEPDC1	9606.ENSP00000240423	9606.ENSP00000412292	0	0	0	0	0.445	0	0	0.305	0.597
NCAPH	CHEK1	9606.ENSP00000240423	9606.ENSP00000391090	0	0	0	0	0.267	0	0	0.500	0.618
NCAPH	CENPF	9606.ENSP00000240423	9606.ENSP00000355922	0	0	0	0	0.420	0	0	0.370	0.619
NCAPH	HMMR	9606.ENSP00000240423	9606.ENSP00000377492	0	0	0	0	0.549	0	0	0.208	0.628
NCAPH	FOXM1	9606.ENSP00000240423	9606.ENSP00000342307	0	0	0	0	0.519	0	0	0.292	0.645
NCAPH	CEP55	9606.ENSP00000240423	9606.ENSP00000360540	0	0	0	0	0.464	0	0	0.369	0.647
NCAPH	PKMYT1	9606.ENSP00000240423	9606.ENSP00000262300	0	0	0	0	0.268	0	0	0.539	0.648
NCAPH	MCM10	9606.ENSP00000240423	9606.ENSP00000418268	0	0	0	0	0.525	0	0	0.289	0.648
NCAPH	GINS1	9606.ENSP00000240423	9606.ENSP00000262460	0	0	0	0	0.564	0	0	0.249	0.658
NCAPH	RAD54L	9606.ENSP00000240423	9606.ENSP00000361043	0	0	0	0	0.453	0.067	0	0.399	0.666
NCAPH	GINS2	9606.ENSP00000240423	9606.ENSP00000253462	0	0	0	0	0.652	0	0	0.105	0.675
NCAPH	HJURP	9606.ENSP00000240423	9606.ENSP00000414109	0	0	0	0	0.466	0	0	0.447	0.692
NCAPH	CENPA	9606.ENSP00000240423	9606.ENSP00000336868	0	0	0	0	0.458	0.072	0	0.439	0.693
NCAPH	CDC45	9606.ENSP00000240423	9606.ENSP00000405726	0	0	0	0	0.617	0	0	0.241	0.697
NCAPH	MKI67	9606.ENSP00000240423	9606.ENSP00000357643	0	0	0	0	0.641	0.098	0	0.147	0.700
NCAPH	NEK2	9606.ENSP00000240423	9606.ENSP00000355966	0	0	0	0	0.373	0	0	0.541	0.700
NCAPH	KIF18B	9606.ENSP00000240423	9606.ENSP00000465992	0	0	0	0	0.505	0.073	0	0.404	0.703
NCAPH	DEPDC1B	9606.ENSP00000240423	9606.ENSP00000265036	0	0	0	0	0.450	0	0	0.484	0.704
NCAPH	ZWINT	9606.ENSP00000240423	9606.ENSP00000363055	0	0	0	0	0.556	0	0	0.362	0.705
NCAPH	ANLN	9606.ENSP00000240423	9606.ENSP00000265748	0	0	0	0	0.433	0	0	0.505	0.707
NCAPH	EXO1	9606.ENSP00000240423	9606.ENSP00000355506	0	0	0	0	0.565	0.070	0	0.335	0.707
NCAPH	ERCC6L	9606.ENSP00000240423	9606.ENSP00000334675	0	0	0	0	0.572	0.067	0	0.330	0.709
NCAPH	ESPL1	9606.ENSP00000240423	9606.ENSP00000257934	0	0	0	0	0.521	0	0	0.438	0.719
NCAPH	RRM2	9606.ENSP00000240423	9606.ENSP00000353770	0	0	0	0	0.620	0	0	0.297	0.721
NCAPH	UBE2C	9606.ENSP00000240423	9606.ENSP00000348838	0	0	0	0	0.629	0.059	0	0.275	0.724
NCAPH	CDCA3	9606.ENSP00000240423	9606.ENSP00000442068	0	0	0	0	0.637	0	0	0.318	0.742
NCAPH	PLK1	9606.ENSP00000240423	9606.ENSP00000300093	0	0	0	0	0.568	0.091	0	0.417	0.751
NCAPH	NUF2	9606.ENSP00000240423	9606.ENSP00000271452	0	0	0	0	0.649	0	0	0.339	0.758
NCAPH	SPAG5	9606.ENSP00000240423	9606.ENSP00000323300	0	0	0	0	0.645	0	0	0.370	0.766
NCAPH	CDCA2	9606.ENSP00000240423	9606.ENSP00000328228	0	0	0	0	0.666	0	0	0.339	0.770
NCAPH	KIF14	9606.ENSP00000240423	9606.ENSP00000356319	0	0	0	0	0.370	0	0	0.653	0.772
NCAPH	NDC80	9606.ENSP00000240423	9606.ENSP00000261597	0	0	0	0	0.749	0	0	0.147	0.777
NCAPH	PBK	9606.ENSP00000240423	9606.ENSP00000428489	0	0	0	0	0.712	0.098	0	0.259	0.791
NCAPH	CDCA5	9606.ENSP00000240423	9606.ENSP00000275517	0	0	0	0	0.724	0	0	0.349	0.812
NCAPH	SKA3	9606.ENSP00000240423	9606.ENSP00000319417	0	0	0	0	0.670	0	0	0.461	0.814
NCAPH	CCNA2	9606.ENSP00000240423	9606.ENSP00000481380	0	0	0	0	0.727	0	0	0.349	0.815
NCAPH	DLGAP5	9606.ENSP00000240423	9606.ENSP00000247191	0	0	0	0	0.697	0	0	0.424	0.818
NCAPH	CDC20	9606.ENSP00000240423	9606.ENSP00000361540	0	0	0	0	0.751	0	0	0.375	0.838
NCAPH	KIF20A	9606.ENSP00000240423	9606.ENSP00000378356	0	0	0	0	0.588	0.071	0	0.620	0.842
NCAPH	BIRC5	9606.ENSP00000240423	9606.ENSP00000301633	0	0	0	0	0.620	0.100	0	0.590	0.847
NCAPH	TPX2	9606.ENSP00000240423	9606.ENSP00000300403	0	0	0	0	0.622	0	0	0.629	0.854
NCAPH	ASPM	9606.ENSP00000240423	9606.ENSP00000356379	0	0	0	0	0.667	0.099	0	0.579	0.862
NCAPH	KIF2C	9606.ENSP00000240423	9606.ENSP00000361298	0	0	0	0	0.706	0	0	0.608	0.880
NCAPH	TTK	9606.ENSP00000240423	9606.ENSP00000358813	0	0	0	0	0.687	0	0	0.652	0.886
NCAPH	CCNB1	9606.ENSP00000240423	9606.ENSP00000256442	0	0	0	0	0.584	0	0.400	0.592	0.889
NCAPH	TOP2A	9606.ENSP00000240423	9606.ENSP00000411532	0	0	0	0	0.642	0.408	0	0.528	0.891
NCAPH	KIF15	9606.ENSP00000240423	9606.ENSP00000324020	0	0	0	0	0.803	0	0	0.474	0.892
NCAPH	CCNB2	9606.ENSP00000240423	9606.ENSP00000288207	0	0	0	0	0.589	0	0.400	0.603	0.893
NCAPH	MELK	9606.ENSP00000240423	9606.ENSP00000298048	0	0	0	0	0.817	0	0	0.442	0.893
NCAPH	KIF11	9606.ENSP00000240423	9606.ENSP00000260731	0	0	0	0	0.853	0.067	0	0.385	0.908
NCAPH	CDCA8	9606.ENSP00000240423	9606.ENSP00000362146	0	0	0	0	0.842	0	0	0.446	0.908
NCAPH	AURKB	9606.ENSP00000240423	9606.ENSP00000313950	0	0	0	0	0.573	0.443	0	0.650	0.909
NCAPH	BUB1B	9606.ENSP00000240423	9606.ENSP00000287598	0	0	0	0	0.851	0	0	0.455	0.915
NCAPH	KIF4A	9606.ENSP00000240423	9606.ENSP00000363524	0	0	0	0	0.836	0.190	0	0.622	0.945
NCAPH	NCAPG	9606.ENSP00000240423	9606.ENSP00000251496	0	0	0	0	0.845	0.999	0.900	0.996	0.999
NDC80	CDC6	9606.ENSP00000261597	9606.ENSP00000209728	0	0	0	0	0.517	0	0	0.238	0.616
NDC80	MYBL2	9606.ENSP00000261597	9606.ENSP00000217026	0	0	0	0	0.325	0	0	0.238	0.464
NDC80	ORC6	9606.ENSP00000261597	9606.ENSP00000219097	0	0	0	0	0.277	0	0	0.298	0.470
NDC80	NCAPH	9606.ENSP00000261597	9606.ENSP00000240423	0	0	0	0	0.749	0	0	0.147	0.777
NDC80	DLGAP5	9606.ENSP00000261597	9606.ENSP00000247191	0	0	0	0	0.929	0	0	0.418	0.957
NDC80	E2F8	9606.ENSP00000261597	9606.ENSP00000250024	0	0	0	0	0.577	0	0	0.102	0.604
NDC80	NCAPG	9606.ENSP00000261597	9606.ENSP00000251496	0	0	0	0	0.935	0	0	0.245	0.949
NDC80	GINS2	9606.ENSP00000261597	9606.ENSP00000253462	0	0	0	0	0.412	0	0	0	0.412
NDC80	CCNB1	9606.ENSP00000261597	9606.ENSP00000256442	0	0	0	0	0.851	0.226	0.720	0.492	0.981
NDC80	TROAP	9606.ENSP00000261597	9606.ENSP00000257909	0	0	0	0	0.512	0	0	0.125	0.555
NDC80	ESPL1	9606.ENSP00000261597	9606.ENSP00000257934	0	0	0	0	0.666	0	0.500	0.588	0.925
NDC80	KIF11	9606.ENSP00000261597	9606.ENSP00000260731	0	0	0	0	0.927	0.094	0	0.620	0.972
NDC80	ARHGAP6	9606.ENSP00000261597	9606.ENSP00000338967	0	0	0	0	0.400	0	0	0	0.400
NDC80	UHRF1	9606.ENSP00000261597	9606.ENSP00000479617	0	0	0	0	0.373	0.089	0	0.055	0.413
NDC80	EZH2	9606.ENSP00000261597	9606.ENSP00000320147	0	0	0	0	0.378	0	0	0.108	0.421
NDC80	RAD54L	9606.ENSP00000261597	9606.ENSP00000361043	0	0	0	0	0.407	0.053	0	0.085	0.441
NDC80	CKAP2L	9606.ENSP00000261597	9606.ENSP00000305204	0	0	0	0	0.465	0	0	0	0.465
NDC80	CDH5	9606.ENSP00000261597	9606.ENSP00000497290	0	0	0	0	0	0	0	0.472	0.472
NDC80	TICRR	9606.ENSP00000261597	9606.ENSP00000268138	0	0	0	0	0.469	0	0	0.053	0.475
NDC80	UBE2T	9606.ENSP00000261597	9606.ENSP00000494957	0	0	0	0	0.430	0.063	0	0.108	0.482
NDC80	CDC25C	9606.ENSP00000261597	9606.ENSP00000321656	0	0	0	0	0.456	0	0	0.107	0.493
NDC80	NEIL3	9606.ENSP00000261597	9606.ENSP00000264596	0	0	0	0	0.509	0	0	0	0.509
NDC80	GTSE1	9606.ENSP00000261597	9606.ENSP00000415430	0	0	0	0	0.484	0	0	0.091	0.511
NDC80	STIL	9606.ENSP00000261597	9606.ENSP00000360944	0	0	0	0	0.449	0	0	0.152	0.513
NDC80	DEPDC1B	9606.ENSP00000261597	9606.ENSP00000265036	0	0	0	0	0.529	0	0	0.060	0.538
NDC80	MCM10	9606.ENSP00000261597	9606.ENSP00000418268	0	0	0	0	0.516	0	0	0.087	0.539
NDC80	KIF18B	9606.ENSP00000261597	9606.ENSP00000465992	0	0	0	0	0.445	0.128	0	0.210	0.584
NDC80	ERCC6L	9606.ENSP00000261597	9606.ENSP00000334675	0	0	0	0	0.474	0.053	0	0.240	0.588
NDC80	CHEK1	9606.ENSP00000261597	9606.ENSP00000391090	0	0	0	0	0.486	0	0	0.242	0.594
NDC80	ANLN	9606.ENSP00000261597	9606.ENSP00000265748	0	0	0	0	0.524	0	0	0.220	0.612
NDC80	DEPDC1	9606.ENSP00000261597	9606.ENSP00000412292	0	0	0	0	0.582	0	0	0.128	0.620
NDC80	CDCA2	9606.ENSP00000261597	9606.ENSP00000328228	0	0	0	0	0.534	0	0	0.314	0.667
NDC80	CDCA5	9606.ENSP00000261597	9606.ENSP00000275517	0	0	0	0	0.563	0	0	0.306	0.684
NDC80	CDC45	9606.ENSP00000261597	9606.ENSP00000405726	0	0	0	0	0.672	0	0	0.077	0.685
NDC80	FOXM1	9606.ENSP00000261597	9606.ENSP00000342307	0	0	0	0	0.636	0.066	0	0.181	0.698
NDC80	EXO1	9606.ENSP00000261597	9606.ENSP00000355506	0	0	0	0	0.640	0	0	0.255	0.720
NDC80	KIF14	9606.ENSP00000261597	9606.ENSP00000356319	0	0	0	0	0.667	0.092	0	0.198	0.736
NDC80	RRM2	9606.ENSP00000261597	9606.ENSP00000353770	0	0	0	0	0.684	0	0	0.229	0.745
NDC80	TPX2	9606.ENSP00000261597	9606.ENSP00000300403	0	0	0	0	0.663	0	0	0.398	0.788
NDC80	MKI67	9606.ENSP00000261597	9606.ENSP00000357643	0	0	0	0	0.749	0	0	0.222	0.796
NDC80	KIF4A	9606.ENSP00000261597	9606.ENSP00000363524	0	0	0	0	0.740	0	0	0.338	0.821
NDC80	CDCA3	9606.ENSP00000261597	9606.ENSP00000442068	0	0	0	0	0.809	0	0	0.107	0.822
NDC80	HMMR	9606.ENSP00000261597	9606.ENSP00000377492	0	0	0	0	0.797	0.173	0	0.094	0.835
NDC80	HJURP	9606.ENSP00000261597	9606.ENSP00000414109	0	0	0	0	0.807	0	0	0.336	0.866
NDC80	UBE2C	9606.ENSP00000261597	9606.ENSP00000348838	0	0	0	0	0.803	0.063	0	0.350	0.870
NDC80	CCNB2	9606.ENSP00000261597	9606.ENSP00000288207	0	0	0	0	0.675	0.160	0.400	0.329	0.875
NDC80	TOP2A	9606.ENSP00000261597	9606.ENSP00000411532	0	0	0	0	0.833	0.094	0	0.245	0.876
NDC80	BIRC5	9606.ENSP00000261597	9606.ENSP00000301633	0	0	0	0	0.831	0	0	0.344	0.885
NDC80	SPAG5	9606.ENSP00000261597	9606.ENSP00000323300	0	0	0	0	0.812	0.156	0	0.347	0.887
NDC80	CCNA2	9606.ENSP00000261597	9606.ENSP00000481380	0	0	0	0	0.841	0	0	0.355	0.893
NDC80	KIF20A	9606.ENSP00000261597	9606.ENSP00000378356	0	0	0	0	0.855	0	0	0.314	0.896
NDC80	KIF15	9606.ENSP00000261597	9606.ENSP00000324020	0	0	0	0	0.842	0.109	0	0.348	0.900
NDC80	CDCA8	9606.ENSP00000261597	9606.ENSP00000362146	0	0	0	0	0.800	0	0	0.554	0.907
NDC80	CEP55	9606.ENSP00000261597	9606.ENSP00000360540	0	0	0	0	0.840	0.126	0	0.432	0.914
NDC80	CENPA	9606.ENSP00000261597	9606.ENSP00000336868	0	0	0	0	0.680	0.095	0	0.737	0.917
NDC80	SGO1	9606.ENSP00000261597	9606.ENSP00000263753	0	0	0	0	0.754	0	0	0.737	0.932
NDC80	KIF2C	9606.ENSP00000261597	9606.ENSP00000361298	0	0	0	0	0.810	0	0	0.666	0.934
NDC80	PBK	9606.ENSP00000261597	9606.ENSP00000428489	0	0	0	0	0.913	0	0	0.275	0.934
NDC80	MELK	9606.ENSP00000261597	9606.ENSP00000298048	0	0	0	0	0.907	0	0	0.325	0.935
NDC80	SKA3	9606.ENSP00000261597	9606.ENSP00000319417	0	0	0	0	0.496	0	0.720	0.629	0.943
NDC80	PLK1	9606.ENSP00000261597	9606.ENSP00000300093	0	0	0	0	0.473	0.296	0.720	0.589	0.951
NDC80	CDC20	9606.ENSP00000261597	9606.ENSP00000361540	0	0	0	0	0.825	0	0.500	0.609	0.962
NDC80	ASPM	9606.ENSP00000261597	9606.ENSP00000356379	0	0	0	0	0.959	0.160	0	0.170	0.969
NDC80	AURKB	9606.ENSP00000261597	9606.ENSP00000313950	0	0	0	0	0.746	0.474	0	0.856	0.979
NDC80	NEK2	9606.ENSP00000261597	9606.ENSP00000355966	0	0	0	0	0.809	0.512	0	0.854	0.985
NDC80	CENPF	9606.ENSP00000261597	9606.ENSP00000355922	0	0	0	0	0.853	0	0.720	0.727	0.987
NDC80	ZWINT	9606.ENSP00000261597	9606.ENSP00000363055	0	0	0	0	0.507	0.912	0.540	0.608	0.991
NDC80	TTK	9606.ENSP00000261597	9606.ENSP00000358813	0	0	0	0	0.948	0.663	0	0.592	0.992
NDC80	BUB1B	9606.ENSP00000261597	9606.ENSP00000287598	0	0	0	0	0.856	0.238	0.720	0.793	0.992
NDC80	NUF2	9606.ENSP00000261597	9606.ENSP00000271452	0	0	0	0	0.958	0.997	0.900	0.998	0.999
NDST1	HS6ST2	9606.ENSP00000261797	9606.ENSP00000429473	0	0	0	0	0	0	0	0.652	0.652
NEIL3	CDC6	9606.ENSP00000264596	9606.ENSP00000209728	0	0	0	0	0.404	0	0	0.119	0.453
NEIL3	NCAPH	9606.ENSP00000264596	9606.ENSP00000240423	0	0	0	0	0.378	0	0	0.202	0.483
NEIL3	DLGAP5	9606.ENSP00000264596	9606.ENSP00000247191	0	0	0	0	0.642	0	0	0.120	0.672
NEIL3	E2F8	9606.ENSP00000264596	9606.ENSP00000250024	0	0	0	0	0.484	0	0	0.129	0.531
NEIL3	NCAPG	9606.ENSP00000264596	9606.ENSP00000251496	0	0	0	0	0.430	0	0	0.257	0.558
NEIL3	CCNB1	9606.ENSP00000264596	9606.ENSP00000256442	0	0	0	0	0.404	0	0	0.146	0.470
NEIL3	TROAP	9606.ENSP00000264596	9606.ENSP00000257909	0	0	0	0	0.307	0	0	0.411	0.574
NEIL3	BRIP1	9606.ENSP00000264596	9606.ENSP00000259008	0	0	0	0	0.421	0	0	0.379	0.625
NEIL3	KIF11	9606.ENSP00000264596	9606.ENSP00000260731	0	0	0	0	0.548	0	0	0.076	0.564
NEIL3	NDC80	9606.ENSP00000264596	9606.ENSP00000261597	0	0	0	0	0.509	0	0	0	0.509
NEIL3	SGO1	9606.ENSP00000264596	9606.ENSP00000263753	0	0	0	0	0.450	0	0	0.179	0.529
NEIL3	PPAT	9606.ENSP00000264596	9606.ENSP00000264220	0	0	0	0	0.128	0	0	0.349	0.408
NEIL3	POLQ	9606.ENSP00000264596	9606.ENSP00000264233	0.111	0	0	0	0.576	0	0	0.403	0.755
NEIL3	UBE2C	9606.ENSP00000264596	9606.ENSP00000348838	0	0	0	0	0.330	0	0	0.141	0.400
NEIL3	TICRR	9606.ENSP00000264596	9606.ENSP00000268138	0	0	0	0	0.373	0	0	0.095	0.408
NEIL3	CKAP2L	9606.ENSP00000264596	9606.ENSP00000305204	0	0	0	0	0.351	0	0	0.134	0.413
NEIL3	AURKB	9606.ENSP00000264596	9606.ENSP00000313950	0	0	0	0	0.357	0	0	0.124	0.413
NEIL3	FOXM1	9606.ENSP00000264596	9606.ENSP00000342307	0	0	0	0	0.380	0	0	0.093	0.414
NEIL3	RRM2	9606.ENSP00000264596	9606.ENSP00000353770	0	0	0	0	0.411	0	0	0.066	0.426
NEIL3	XRCC2	9606.ENSP00000264596	9606.ENSP00000352271	0	0	0	0	0.143	0	0	0.361	0.429
NEIL3	SPAG5	9606.ENSP00000264596	9606.ENSP00000323300	0	0	0	0	0.379	0	0	0.161	0.457
NEIL3	TPX2	9606.ENSP00000264596	9606.ENSP00000300403	0	0	0	0	0.368	0	0	0.189	0.465
NEIL3	RECQL4	9606.ENSP00000264596	9606.ENSP00000482313	0.098	0	0	0	0.147	0	0	0.365	0.469
NEIL3	CDC20	9606.ENSP00000264596	9606.ENSP00000361540	0	0	0	0	0.394	0	0	0.170	0.476
NEIL3	SKA3	9606.ENSP00000264596	9606.ENSP00000319417	0	0	0	0	0.451	0	0	0.132	0.503
NEIL3	ASPM	9606.ENSP00000264596	9606.ENSP00000356379	0	0	0	0	0.475	0	0	0.103	0.509
NEIL3	ERCC6L	9606.ENSP00000264596	9606.ENSP00000334675	0	0	0	0	0.378	0	0	0.260	0.521
NEIL3	CDC25C	9606.ENSP00000264596	9606.ENSP00000321656	0	0	0	0	0.440	0	0	0.186	0.525
NEIL3	MKI67	9606.ENSP00000264596	9606.ENSP00000357643	0	0	0	0	0.502	0	0	0.091	0.528
NEIL3	CENPF	9606.ENSP00000264596	9606.ENSP00000355922	0	0	0	0	0.430	0	0	0.219	0.536
NEIL3	CENPA	9606.ENSP00000264596	9606.ENSP00000336868	0	0	0	0	0.476	0	0	0.152	0.537
NEIL3	DEPDC1B	9606.ENSP00000264596	9606.ENSP00000265036	0	0	0	0	0.468	0	0	0.167	0.538
NEIL3	KIF18B	9606.ENSP00000264596	9606.ENSP00000465992	0	0	0	0	0.478	0	0	0.162	0.544
NEIL3	CEP55	9606.ENSP00000264596	9606.ENSP00000360540	0	0	0	0	0.504	0	0	0.125	0.548
NEIL3	NUF2	9606.ENSP00000264596	9606.ENSP00000271452	0	0	0	0	0.481	0	0	0.167	0.549
NEIL3	RAD54L	9606.ENSP00000264596	9606.ENSP00000361043	0	0	0	0	0.263	0	0	0.413	0.550
NEIL3	PBK	9606.ENSP00000264596	9606.ENSP00000428489	0	0	0	0	0.482	0	0	0.180	0.557
NEIL3	KIF2C	9606.ENSP00000264596	9606.ENSP00000361298	0	0	0	0	0.528	0	0	0.102	0.558
NEIL3	CDCA3	9606.ENSP00000264596	9606.ENSP00000442068	0	0	0	0	0.380	0	0	0.331	0.568
NEIL3	KIF20A	9606.ENSP00000264596	9606.ENSP00000378356	0	0	0	0	0.513	0	0	0.155	0.571
NEIL3	HJURP	9606.ENSP00000264596	9606.ENSP00000414109	0	0	0	0	0.510	0	0	0.165	0.574
NEIL3	HMMR	9606.ENSP00000264596	9606.ENSP00000377492	0	0	0	0	0.496	0	0	0.215	0.588
NEIL3	KIF14	9606.ENSP00000264596	9606.ENSP00000356319	0	0	0	0	0.572	0	0	0.125	0.610
NEIL3	CDC45	9606.ENSP00000264596	9606.ENSP00000405726	0	0	0	0	0.313	0	0	0.460	0.614
NEIL3	MCM10	9606.ENSP00000264596	9606.ENSP00000418268	0	0	0	0	0.484	0	0	0.290	0.618
NEIL3	CCNA2	9606.ENSP00000264596	9606.ENSP00000481380	0	0	0	0	0.586	0	0	0.120	0.620
NEIL3	TTK	9606.ENSP00000264596	9606.ENSP00000358813	0	0	0	0	0.606	0	0	0.100	0.630
NEIL3	BUB1B	9606.ENSP00000264596	9606.ENSP00000287598	0	0	0	0	0.579	0	0	0.173	0.637
NEIL3	KIF15	9606.ENSP00000264596	9606.ENSP00000324020	0	0	0	0	0.604	0	0	0.153	0.650
NEIL3	CHEK1	9606.ENSP00000264596	9606.ENSP00000391090	0	0	0	0	0.366	0	0	0.474	0.652
NEIL3	CDCA8	9606.ENSP00000264596	9606.ENSP00000362146	0	0	0	0	0.522	0	0	0.314	0.658
NEIL3	NEK2	9606.ENSP00000264596	9606.ENSP00000355966	0	0	0	0	0.513	0	0	0.418	0.704
NEIL3	MELK	9606.ENSP00000264596	9606.ENSP00000298048	0	0	0	0	0.495	0	0	0.454	0.712
NEIL3	DEPDC1	9606.ENSP00000264596	9606.ENSP00000412292	0	0	0	0	0.653	0	0	0.206	0.712
NEIL3	BIRC5	9606.ENSP00000264596	9606.ENSP00000301633	0	0	0	0	0.478	0	0	0.494	0.724
NEIL3	KIF4A	9606.ENSP00000264596	9606.ENSP00000363524	0	0	0	0	0.559	0	0	0.456	0.750
NEIL3	EXO1	9606.ENSP00000264596	9606.ENSP00000355506	0.102	0	0	0	0.651	0	0	0.560	0.850
NEIL3	TOP2A	9606.ENSP00000264596	9606.ENSP00000411532	0.057	0	0	0	0.441	0	0	0.835	0.905
NEK2	CDC6	9606.ENSP00000355966	9606.ENSP00000209728	0	0	0	0	0.446	0	0	0.392	0.648
NEK2	MYBL2	9606.ENSP00000355966	9606.ENSP00000217026	0	0	0	0	0.290	0	0	0.317	0.495
NEK2	ORC6	9606.ENSP00000355966	9606.ENSP00000219097	0	0	0	0	0.178	0	0	0.454	0.533
NEK2	NCAPH	9606.ENSP00000355966	9606.ENSP00000240423	0	0	0	0	0.373	0	0	0.541	0.700
NEK2	DLGAP5	9606.ENSP00000355966	9606.ENSP00000247191	0	0	0	0	0.886	0	0	0.691	0.963
NEK2	E2F8	9606.ENSP00000355966	9606.ENSP00000250024	0	0	0	0	0.602	0	0	0.404	0.753
NEK2	NCAPG	9606.ENSP00000355966	9606.ENSP00000251496	0	0	0	0	0.589	0	0	0.587	0.823
NEK2	GINS2	9606.ENSP00000355966	9606.ENSP00000253462	0	0	0	0	0.285	0	0	0.260	0.449
NEK2	CCNB1	9606.ENSP00000355966	9606.ENSP00000256442	0	0	0	0	0.782	0	0	0.606	0.910
NEK2	TROAP	9606.ENSP00000355966	9606.ENSP00000257909	0	0	0	0	0.478	0	0	0.423	0.686
NEK2	ESPL1	9606.ENSP00000355966	9606.ENSP00000257934	0	0	0	0	0.709	0	0	0.507	0.850
NEK2	KIF11	9606.ENSP00000355966	9606.ENSP00000260731	0	0	0	0	0.845	0.054	0	0.745	0.959
NEK2	NDC80	9606.ENSP00000355966	9606.ENSP00000261597	0	0	0	0	0.809	0.512	0	0.854	0.985
NEK2	PKMYT1	9606.ENSP00000355966	9606.ENSP00000262300	0	0	0	0.583	0.177	0	0	0.433	0.513
NEK2	GINS1	9606.ENSP00000355966	9606.ENSP00000262460	0	0	0	0	0.237	0	0	0.248	0.402
NEK2	SGO1	9606.ENSP00000355966	9606.ENSP00000263753	0	0	0	0	0.748	0	0	0.430	0.850
NEK2	NEIL3	9606.ENSP00000355966	9606.ENSP00000264596	0	0	0	0	0.513	0	0	0.418	0.704
NEK2	DEPDC1B	9606.ENSP00000355966	9606.ENSP00000265036	0	0	0	0	0.682	0	0	0.165	0.723
NEK2	ANLN	9606.ENSP00000355966	9606.ENSP00000265748	0	0	0	0	0.484	0.292	0	0.463	0.787
NEK2	TICRR	9606.ENSP00000355966	9606.ENSP00000268138	0	0	0	0	0.360	0.045	0	0.112	0.410
NEK2	NUF2	9606.ENSP00000355966	9606.ENSP00000271452	0	0	0	0	0.856	0	0	0.682	0.952
NEK2	CDCA5	9606.ENSP00000355966	9606.ENSP00000275517	0	0	0	0	0.518	0	0	0.447	0.722
NEK2	BUB1B	9606.ENSP00000355966	9606.ENSP00000287598	0	0	0	0	0.839	0.994	0.500	0.640	0.999
NEK2	CCNB2	9606.ENSP00000355966	9606.ENSP00000288207	0	0	0	0	0.670	0	0	0.717	0.902
NEK2	MELK	9606.ENSP00000355966	9606.ENSP00000298048	0	0	0	0.619	0.640	0.051	0	0.522	0.822
NEK2	PLK1	9606.ENSP00000355966	9606.ENSP00000300093	0	0	0	0.645	0.553	0	0.800	0.365	0.938
NEK2	TPX2	9606.ENSP00000355966	9606.ENSP00000300403	0	0	0	0	0.818	0	0	0.696	0.942
NEK2	BIRC5	9606.ENSP00000355966	9606.ENSP00000301633	0	0	0	0	0.817	0.098	0	0.665	0.940
NEK2	CKAP2L	9606.ENSP00000355966	9606.ENSP00000305204	0	0	0	0	0.540	0	0	0.205	0.618
NEK2	AURKB	9606.ENSP00000355966	9606.ENSP00000313950	0	0	0.120	0.688	0.585	0	0	0.455	0.783
NEK2	SKA3	9606.ENSP00000355966	9606.ENSP00000319417	0	0	0	0	0.391	0	0	0.262	0.532
NEK2	EZH2	9606.ENSP00000355966	9606.ENSP00000320147	0	0	0	0	0.209	0	0	0.510	0.596
NEK2	TUBB3	9606.ENSP00000355966	9606.ENSP00000320295	0	0	0	0	0.127	0	0	0.402	0.456
NEK2	CDC25C	9606.ENSP00000355966	9606.ENSP00000321656	0	0	0	0	0.652	0	0	0.486	0.814
NEK2	SPAG5	9606.ENSP00000355966	9606.ENSP00000323300	0	0	0	0	0.760	0.043	0	0.392	0.848
NEK2	KIF15	9606.ENSP00000355966	9606.ENSP00000324020	0	0	0	0	0.720	0	0	0.394	0.823
NEK2	CDCA2	9606.ENSP00000355966	9606.ENSP00000328228	0	0	0	0	0.485	0	0	0.399	0.678
NEK2	ERCC6L	9606.ENSP00000355966	9606.ENSP00000334675	0	0	0	0	0.405	0.066	0	0.254	0.549
NEK2	CENPA	9606.ENSP00000355966	9606.ENSP00000336868	0	0	0	0	0.691	0	0	0.535	0.850
NEK2	FOXM1	9606.ENSP00000355966	9606.ENSP00000342307	0	0	0	0	0.613	0	0	0.513	0.803
NEK2	UBE2C	9606.ENSP00000355966	9606.ENSP00000348838	0	0	0	0	0.653	0.093	0.500	0.571	0.923
NEK2	RRM2	9606.ENSP00000355966	9606.ENSP00000353770	0	0	0	0	0.521	0	0	0.447	0.724
NEK2	EXO1	9606.ENSP00000355966	9606.ENSP00000355506	0	0	0	0	0.478	0	0	0.288	0.612
NEK2	CENPF	9606.ENSP00000355966	9606.ENSP00000355922	0	0	0	0	0.882	0	0	0.759	0.970
NEK2	RCC1	9606.ENSP00000355966	9606.ENSP00000497402	0	0	0	0	0.086	0.056	0	0.403	0.440
NEK2	SRPK1	9606.ENSP00000355966	9606.ENSP00000362931	0	0	0	0	0.081	0	0	0.417	0.441
NEK2	RAD54L	9606.ENSP00000355966	9606.ENSP00000361043	0	0	0	0	0.362	0.052	0	0.210	0.481
NEK2	UHRF1	9606.ENSP00000355966	9606.ENSP00000479617	0	0	0	0	0.388	0	0	0.234	0.511
NEK2	KIF18B	9606.ENSP00000355966	9606.ENSP00000465992	0	0	0	0	0.447	0	0	0.201	0.539
NEK2	GTSE1	9606.ENSP00000355966	9606.ENSP00000415430	0	0	0	0	0.444	0	0	0.230	0.553
NEK2	MCM10	9606.ENSP00000355966	9606.ENSP00000418268	0	0	0	0	0.479	0	0	0.215	0.573
NEK2	UBE2T	9606.ENSP00000355966	9606.ENSP00000494957	0	0	0	0	0.438	0.093	0	0.246	0.582
NEK2	CDC45	9606.ENSP00000355966	9606.ENSP00000405726	0	0	0	0	0.478	0	0	0.370	0.657
NEK2	STIL	9606.ENSP00000355966	9606.ENSP00000360944	0	0	0	0	0.458	0	0	0.422	0.674
NEK2	CHEK1	9606.ENSP00000355966	9606.ENSP00000391090	0	0	0	0.568	0.512	0.307	0	0.196	0.704
NEK2	ZWINT	9606.ENSP00000355966	9606.ENSP00000363055	0	0	0	0	0.390	0	0	0.662	0.785
NEK2	HJURP	9606.ENSP00000355966	9606.ENSP00000414109	0	0	0	0	0.742	0	0	0.301	0.812
NEK2	TTK	9606.ENSP00000355966	9606.ENSP00000358813	0	0	0	0.597	0.800	0	0	0.258	0.845
NEK2	DEPDC1	9606.ENSP00000355966	9606.ENSP00000412292	0	0	0	0	0.789	0	0	0.303	0.847
NEK2	MKI67	9606.ENSP00000355966	9606.ENSP00000357643	0	0	0	0	0.659	0	0	0.581	0.851
NEK2	KIF4A	9606.ENSP00000355966	9606.ENSP00000363524	0	0	0	0	0.649	0	0	0.611	0.858
NEK2	HMMR	9606.ENSP00000355966	9606.ENSP00000377492	0	0	0	0	0.779	0.043	0	0.436	0.870
NEK2	PBK	9606.ENSP00000355966	9606.ENSP00000428489	0	0	0	0.578	0.748	0.092	0	0.517	0.880
NEK2	KIF14	9606.ENSP00000355966	9606.ENSP00000356319	0	0	0	0	0.796	0	0	0.446	0.882
NEK2	CDCA8	9606.ENSP00000355966	9606.ENSP00000362146	0	0	0	0	0.812	0.091	0	0.460	0.900
NEK2	CDCA3	9606.ENSP00000355966	9606.ENSP00000442068	0	0	0	0	0.810	0	0	0.554	0.911
NEK2	CEP55	9606.ENSP00000355966	9606.ENSP00000360540	0	0	0	0	0.816	0	0	0.541	0.912
NEK2	ASPM	9606.ENSP00000355966	9606.ENSP00000356379	0	0	0	0	0.837	0	0	0.507	0.916
NEK2	KIF2C	9606.ENSP00000355966	9606.ENSP00000361298	0	0	0	0	0.832	0	0	0.544	0.920
NEK2	TOP2A	9606.ENSP00000355966	9606.ENSP00000411532	0	0	0	0	0.780	0	0	0.685	0.928
NEK2	CCNA2	9606.ENSP00000355966	9606.ENSP00000481380	0	0	0	0	0.829	0	0	0.681	0.943
NEK2	KIF20A	9606.ENSP00000355966	9606.ENSP00000378356	0	0	0	0	0.847	0	0	0.677	0.948
NEK2	CDC20	9606.ENSP00000355966	9606.ENSP00000361540	0	0	0	0	0.833	0.994	0.500	0.667	0.999
NUF2	CDC6	9606.ENSP00000271452	9606.ENSP00000209728	0	0	0	0	0.566	0	0	0.374	0.717
NUF2	MYBL2	9606.ENSP00000271452	9606.ENSP00000217026	0	0	0	0	0.407	0.163	0	0.317	0.631
NUF2	ORC6	9606.ENSP00000271452	9606.ENSP00000219097	0	0	0	0	0.282	0	0	0.322	0.493
NUF2	NCAPH	9606.ENSP00000271452	9606.ENSP00000240423	0	0	0	0	0.649	0	0	0.339	0.758
NUF2	DLGAP5	9606.ENSP00000271452	9606.ENSP00000247191	0	0	0	0	0.911	0	0	0.615	0.964
NUF2	E2F8	9606.ENSP00000271452	9606.ENSP00000250024	0	0	0	0	0.477	0	0	0.234	0.582
NUF2	NCAPG	9606.ENSP00000271452	9606.ENSP00000251496	0	0	0	0	0.865	0	0	0.505	0.930
NUF2	GINS2	9606.ENSP00000271452	9606.ENSP00000253462	0	0	0	0	0.417	0	0	0.246	0.541
NUF2	CCNB1	9606.ENSP00000271452	9606.ENSP00000256442	0	0	0	0	0.848	0	0.400	0.668	0.967
NUF2	TROAP	9606.ENSP00000271452	9606.ENSP00000257909	0	0	0	0	0.375	0	0	0.254	0.514
NUF2	ESPL1	9606.ENSP00000271452	9606.ENSP00000257934	0	0	0	0	0.455	0	0.500	0.463	0.841
NUF2	KIF11	9606.ENSP00000271452	9606.ENSP00000260731	0	0	0	0	0.925	0.084	0	0.669	0.975
NUF2	NDC80	9606.ENSP00000271452	9606.ENSP00000261597	0	0	0	0	0.958	0.997	0.900	0.998	0.999
NUF2	PKMYT1	9606.ENSP00000271452	9606.ENSP00000262300	0	0	0	0	0.293	0	0	0.194	0.406
NUF2	GINS1	9606.ENSP00000271452	9606.ENSP00000262460	0	0	0	0	0.425	0	0	0.129	0.478
NUF2	SGO1	9606.ENSP00000271452	9606.ENSP00000263753	0	0	0	0	0.740	0	0	0.478	0.858
NUF2	NEIL3	9606.ENSP00000271452	9606.ENSP00000264596	0	0	0	0	0.481	0	0	0.167	0.549
NUF2	DEPDC1B	9606.ENSP00000271452	9606.ENSP00000265036	0	0	0	0	0.799	0	0	0.095	0.810
NUF2	ANLN	9606.ENSP00000271452	9606.ENSP00000265748	0	0	0	0	0.809	0	0	0.482	0.897
NUF2	TICRR	9606.ENSP00000271452	9606.ENSP00000268138	0	0	0	0	0.407	0	0	0.072	0.426
NUF2	EZH2	9606.ENSP00000271452	9606.ENSP00000320147	0	0	0	0	0.405	0.048	0	0.157	0.481
NUF2	RAD54L	9606.ENSP00000271452	9606.ENSP00000361043	0	0	0	0	0.410	0.053	0	0.187	0.506
NUF2	GTSE1	9606.ENSP00000271452	9606.ENSP00000415430	0	0	0	0	0.402	0	0	0.249	0.531
NUF2	MCM10	9606.ENSP00000271452	9606.ENSP00000418268	0	0	0	0	0.482	0	0	0.250	0.595
NUF2	STIL	9606.ENSP00000271452	9606.ENSP00000360944	0	0	0	0	0.446	0	0	0.317	0.606
NUF2	CDC25C	9606.ENSP00000271452	9606.ENSP00000321656	0	0	0	0	0.556	0	0	0.266	0.660
NUF2	FOXM1	9606.ENSP00000271452	9606.ENSP00000342307	0	0	0	0	0.559	0	0	0.323	0.689
NUF2	CHEK1	9606.ENSP00000271452	9606.ENSP00000391090	0	0	0	0	0.652	0	0	0.179	0.702
NUF2	KIF18B	9606.ENSP00000271452	9606.ENSP00000465992	0	0	0	0	0.386	0.060	0	0.568	0.729
NUF2	UHRF1	9606.ENSP00000271452	9606.ENSP00000479617	0	0	0	0	0.485	0.091	0	0.491	0.741
NUF2	ERCC6L	9606.ENSP00000271452	9606.ENSP00000334675	0	0	0	0	0.453	0.068	0	0.546	0.748
NUF2	MKI67	9606.ENSP00000271452	9606.ENSP00000357643	0	0	0	0	0.617	0	0	0.396	0.759
NUF2	CKAP2L	9606.ENSP00000271452	9606.ENSP00000305204	0	0	0	0	0.643	0	0	0.369	0.765
NUF2	RRM2	9606.ENSP00000271452	9606.ENSP00000353770	0	0	0	0	0.641	0	0	0.433	0.787
NUF2	SPAG5	9606.ENSP00000271452	9606.ENSP00000323300	0	0	0	0	0.648	0.076	0	0.447	0.804
NUF2	CDC45	9606.ENSP00000271452	9606.ENSP00000405726	0	0	0	0	0.723	0	0	0.363	0.816
NUF2	CDCA3	9606.ENSP00000271452	9606.ENSP00000442068	0	0	0	0	0.652	0	0	0.570	0.844
NUF2	PLK1	9606.ENSP00000271452	9606.ENSP00000300093	0	0	0	0	0.512	0	0.500	0.491	0.865
NUF2	KIF14	9606.ENSP00000271452	9606.ENSP00000356319	0	0	0	0	0.796	0	0	0.400	0.872
NUF2	HMMR	9606.ENSP00000271452	9606.ENSP00000377492	0	0	0	0	0.817	0.053	0	0.395	0.886
NUF2	CDCA2	9606.ENSP00000271452	9606.ENSP00000328228	0	0	0	0	0.743	0	0	0.576	0.886
NUF2	UBE2C	9606.ENSP00000271452	9606.ENSP00000348838	0	0	0	0	0.779	0	0	0.510	0.887
NUF2	HJURP	9606.ENSP00000271452	9606.ENSP00000414109	0	0	0	0	0.770	0	0	0.541	0.890
NUF2	SKA3	9606.ENSP00000271452	9606.ENSP00000319417	0	0	0	0	0.642	0	0	0.713	0.893
NUF2	DEPDC1	9606.ENSP00000271452	9606.ENSP00000412292	0	0	0	0	0.802	0	0	0.506	0.898
NUF2	EXO1	9606.ENSP00000271452	9606.ENSP00000355506	0	0	0	0	0.862	0	0	0.300	0.899
NUF2	UBE2T	9606.ENSP00000271452	9606.ENSP00000494957	0	0	0	0	0.801	0	0	0.521	0.901
NUF2	KIF4A	9606.ENSP00000271452	9606.ENSP00000363524	0	0	0	0	0.695	0	0	0.721	0.911
NUF2	CDCA8	9606.ENSP00000271452	9606.ENSP00000362146	0	0	0	0	0.795	0	0	0.655	0.926
NUF2	CDCA5	9606.ENSP00000271452	9606.ENSP00000275517	0	0	0	0	0.786	0	0	0.693	0.931
NUF2	CCNB2	9606.ENSP00000271452	9606.ENSP00000288207	0	0	0	0	0.744	0	0.400	0.594	0.932
NUF2	KIF2C	9606.ENSP00000271452	9606.ENSP00000361298	0	0	0	0	0.830	0	0	0.635	0.935
NUF2	KIF15	9606.ENSP00000271452	9606.ENSP00000324020	0	0	0	0	0.813	0	0	0.673	0.936
NUF2	TOP2A	9606.ENSP00000271452	9606.ENSP00000411532	0	0	0	0	0.819	0	0	0.661	0.936
NUF2	CENPA	9606.ENSP00000271452	9606.ENSP00000336868	0	0	0	0	0.618	0.058	0	0.836	0.936
NUF2	MELK	9606.ENSP00000271452	9606.ENSP00000298048	0	0	0	0	0.879	0.069	0	0.478	0.936
NUF2	CCNA2	9606.ENSP00000271452	9606.ENSP00000481380	0	0	0	0	0.910	0	0	0.370	0.940
NUF2	CEP55	9606.ENSP00000271452	9606.ENSP00000360540	0	0	0	0	0.835	0	0	0.693	0.947
NUF2	TPX2	9606.ENSP00000271452	9606.ENSP00000300403	0	0	0	0	0.838	0	0	0.686	0.947
NUF2	BIRC5	9606.ENSP00000271452	9606.ENSP00000301633	0	0	0	0	0.852	0	0	0.668	0.949
NUF2	AURKB	9606.ENSP00000271452	9606.ENSP00000313950	0	0	0	0	0.606	0.292	0	0.835	0.950
NUF2	NEK2	9606.ENSP00000271452	9606.ENSP00000355966	0	0	0	0	0.856	0	0	0.682	0.952
NUF2	CENPF	9606.ENSP00000271452	9606.ENSP00000355922	0	0	0	0	0.875	0	0	0.632	0.952
NUF2	KIF20A	9606.ENSP00000271452	9606.ENSP00000378356	0	0	0	0	0.846	0	0	0.721	0.955
NUF2	PBK	9606.ENSP00000271452	9606.ENSP00000428489	0	0	0	0	0.908	0	0	0.589	0.960
NUF2	CDC20	9606.ENSP00000271452	9606.ENSP00000361540	0	0	0	0	0.718	0	0.500	0.751	0.962
NUF2	BUB1B	9606.ENSP00000271452	9606.ENSP00000287598	0	0	0	0	0.853	0.189	0.500	0.717	0.980
NUF2	ASPM	9606.ENSP00000271452	9606.ENSP00000356379	0	0	0	0	0.944	0	0	0.665	0.980
NUF2	TTK	9606.ENSP00000271452	9606.ENSP00000358813	0	0	0	0	0.947	0.486	0	0.655	0.989
NUF2	ZWINT	9606.ENSP00000271452	9606.ENSP00000363055	0	0	0	0	0.641	0.887	0.540	0.606	0.991
ONECUT1	MNX1	9606.ENSP00000302630	9606.ENSP00000252971	0	0	0	0	0.061	0	0	0.585	0.594
ONECUT1	SOX17	9606.ENSP00000302630	9606.ENSP00000297316	0	0	0	0	0.048	0	0	0.576	0.579
ONECUT1	FOXM1	9606.ENSP00000302630	9606.ENSP00000342307	0	0	0	0	0.085	0	0	0.703	0.717
ORC6	CDC6	9606.ENSP00000219097	9606.ENSP00000209728	0	0	0	0	0.261	0.927	0.900	0.989	0.999
ORC6	CDCA5	9606.ENSP00000219097	9606.ENSP00000275517	0	0	0	0	0.262	0	0	0.220	0.400
ORC6	TOP2A	9606.ENSP00000219097	9606.ENSP00000411532	0	0	0	0	0.217	0	0	0.273	0.406
ORC6	FOXM1	9606.ENSP00000219097	9606.ENSP00000342307	0	0	0	0	0.183	0	0	0.304	0.407
ORC6	GTSE1	9606.ENSP00000219097	9606.ENSP00000415430	0	0	0	0	0.254	0	0	0.247	0.414
ORC6	KIF2C	9606.ENSP00000219097	9606.ENSP00000361298	0	0	0	0	0.222	0	0	0.298	0.430
ORC6	XRCC2	9606.ENSP00000219097	9606.ENSP00000352271	0	0	0	0	0.336	0	0	0.180	0.432
ORC6	PLK1	9606.ENSP00000219097	9606.ENSP00000300093	0	0	0	0	0.143	0	0	0.373	0.439
ORC6	ESPL1	9606.ENSP00000219097	9606.ENSP00000257934	0	0	0	0	0.273	0	0	0.260	0.440
ORC6	CENPA	9606.ENSP00000219097	9606.ENSP00000336868	0	0	0	0	0.185	0	0	0.345	0.444
ORC6	E2F8	9606.ENSP00000219097	9606.ENSP00000250024	0	0	0	0	0.258	0	0	0.295	0.455
ORC6	BIRC5	9606.ENSP00000219097	9606.ENSP00000301633	0	0	0	0	0.241	0	0	0.322	0.463
ORC6	CDCA3	9606.ENSP00000219097	9606.ENSP00000442068	0	0	0	0	0.176	0	0	0.377	0.465
ORC6	NDC80	9606.ENSP00000219097	9606.ENSP00000261597	0	0	0	0	0.277	0	0	0.298	0.470
ORC6	DLGAP5	9606.ENSP00000219097	9606.ENSP00000247191	0	0	0	0	0.230	0	0	0.349	0.477
ORC6	KIF11	9606.ENSP00000219097	9606.ENSP00000260731	0	0	0	0	0.256	0	0	0.329	0.480
ORC6	KIF20A	9606.ENSP00000219097	9606.ENSP00000378356	0	0	0	0	0.223	0	0	0.368	0.488
ORC6	TTK	9606.ENSP00000219097	9606.ENSP00000358813	0	0	0	0	0.271	0	0	0.328	0.489
ORC6	PBK	9606.ENSP00000219097	9606.ENSP00000428489	0	0	0	0	0.278	0	0	0.322	0.490
ORC6	NUF2	9606.ENSP00000219097	9606.ENSP00000271452	0	0	0	0	0.282	0	0	0.322	0.493
ORC6	CEP55	9606.ENSP00000219097	9606.ENSP00000360540	0	0	0	0	0.203	0	0	0.394	0.496
ORC6	GINS2	9606.ENSP00000219097	9606.ENSP00000253462	0	0	0	0	0.291	0	0	0.330	0.505
ORC6	CDCA8	9606.ENSP00000219097	9606.ENSP00000362146	0	0	0	0	0.249	0	0	0.380	0.514
ORC6	ASPM	9606.ENSP00000219097	9606.ENSP00000356379	0	0	0	0	0.260	0	0	0.370	0.514
ORC6	EXO1	9606.ENSP00000219097	9606.ENSP00000355506	0	0	0	0	0.370	0	0	0.261	0.515
ORC6	EZH2	9606.ENSP00000219097	9606.ENSP00000320147	0	0	0	0	0.229	0	0	0.408	0.524
ORC6	CENPF	9606.ENSP00000219097	9606.ENSP00000355922	0	0	0	0	0.234	0	0	0.413	0.531
ORC6	CCNB2	9606.ENSP00000219097	9606.ENSP00000288207	0	0	0	0	0.254	0	0	0.397	0.531
ORC6	NEK2	9606.ENSP00000219097	9606.ENSP00000355966	0	0	0	0	0.178	0	0	0.454	0.533
ORC6	MELK	9606.ENSP00000219097	9606.ENSP00000298048	0	0	0	0	0.262	0	0	0.401	0.540
ORC6	RAD54L	9606.ENSP00000219097	9606.ENSP00000361043	0	0	0	0	0.269	0	0	0.400	0.543
ORC6	CDC20	9606.ENSP00000219097	9606.ENSP00000361540	0	0	0	0	0.226	0	0	0.435	0.544
ORC6	GINS1	9606.ENSP00000219097	9606.ENSP00000262460	0	0	0	0	0.292	0	0	0.394	0.553
ORC6	TICRR	9606.ENSP00000219097	9606.ENSP00000268138	0	0	0	0	0.164	0	0	0.506	0.569
ORC6	RRM2	9606.ENSP00000219097	9606.ENSP00000353770	0	0	0	0	0.286	0	0	0.435	0.579
ORC6	SPAG5	9606.ENSP00000219097	9606.ENSP00000323300	0	0	0	0	0.216	0.453	0	0.108	0.584
ORC6	NCAPH	9606.ENSP00000219097	9606.ENSP00000240423	0	0	0	0	0.190	0	0	0.512	0.588
ORC6	BUB1B	9606.ENSP00000219097	9606.ENSP00000287598	0	0	0	0	0.338	0	0	0.436	0.611
ORC6	PKMYT1	9606.ENSP00000219097	9606.ENSP00000262300	0	0	0	0	0.171	0	0	0.601	0.656
ORC6	CCNA2	9606.ENSP00000219097	9606.ENSP00000481380	0	0	0	0	0.251	0	0.400	0.429	0.721
ORC6	CHEK1	9606.ENSP00000219097	9606.ENSP00000391090	0	0	0	0	0.294	0	0.500	0.303	0.732
ORC6	CCNB1	9606.ENSP00000219097	9606.ENSP00000256442	0	0	0	0	0.265	0	0.500	0.440	0.776
ORC6	MCM10	9606.ENSP00000219097	9606.ENSP00000418268	0	0	0	0	0.375	0	0.500	0.728	0.907
ORC6	CDC45	9606.ENSP00000219097	9606.ENSP00000405726	0	0	0	0	0.273	0.616	0.500	0.887	0.982
PAICS	CDC6	9606.ENSP00000382595	9606.ENSP00000209728	0	0	0	0	0.235	0	0	0.332	0.467
PAICS	PPAT	9606.ENSP00000382595	9606.ENSP00000264220	0.231	0	0.408	0	0.975	0.126	0.798	0.986	0.999
PAICS	TICRR	9606.ENSP00000382595	9606.ENSP00000268138	0.056	0	0	0	0.197	0	0	0.275	0.402
PAICS	EXO1	9606.ENSP00000382595	9606.ENSP00000355506	0	0	0	0	0.247	0	0	0.451	0.569
PAICS	ALDH18A1	9606.ENSP00000382595	9606.ENSP00000360268	0.257	0	0	0	0.181	0	0	0.398	0.601
PAICS	CDC20	9606.ENSP00000382595	9606.ENSP00000361540	0	0	0	0	0.187	0.046	0.246	0.339	0.562
PAICS	PSAT1	9606.ENSP00000382595	9606.ENSP00000365773	0.102	0	0	0	0.331	0	0	0.459	0.646
PAICS	PYCR1	9606.ENSP00000382595	9606.ENSP00000384949	0	0	0	0	0.128	0.162	0	0.281	0.428
PAICS	RECQL4	9606.ENSP00000382595	9606.ENSP00000482313	0	0	0	0	0.097	0.292	0	0.226	0.462
PAICS	CDC45	9606.ENSP00000382595	9606.ENSP00000405726	0	0	0	0	0.270	0	0	0.341	0.499
PAICS	CHEK1	9606.ENSP00000382595	9606.ENSP00000391090	0	0	0	0	0.393	0	0	0.253	0.527
PAICS	TOP2A	9606.ENSP00000382595	9606.ENSP00000411532	0.061	0	0	0	0.260	0	0	0.384	0.534
PBK	CDC6	9606.ENSP00000428489	9606.ENSP00000209728	0	0	0	0	0.601	0.092	0	0.299	0.724
PBK	MYBL2	9606.ENSP00000428489	9606.ENSP00000217026	0	0	0	0	0.452	0.068	0	0.214	0.563
PBK	ORC6	9606.ENSP00000428489	9606.ENSP00000219097	0	0	0	0	0.278	0	0	0.322	0.490
PBK	NCAPH	9606.ENSP00000428489	9606.ENSP00000240423	0	0	0	0	0.712	0.098	0	0.259	0.791
PBK	DLGAP5	9606.ENSP00000428489	9606.ENSP00000247191	0	0	0	0	0.926	0	0	0.732	0.979
PBK	E2F8	9606.ENSP00000428489	9606.ENSP00000250024	0	0	0	0	0.534	0	0	0.193	0.608
PBK	NCAPG	9606.ENSP00000428489	9606.ENSP00000251496	0	0	0	0	0.846	0	0	0.507	0.920
PBK	GINS2	9606.ENSP00000428489	9606.ENSP00000253462	0	0	0	0	0.480	0	0	0.113	0.519
PBK	CCNB1	9606.ENSP00000428489	9606.ENSP00000256442	0	0	0	0	0.858	0.098	0	0.729	0.962
PBK	TROAP	9606.ENSP00000428489	9606.ENSP00000257909	0	0	0	0	0.473	0	0	0.174	0.546
PBK	ESPL1	9606.ENSP00000428489	9606.ENSP00000257934	0	0	0	0	0.527	0	0	0.182	0.597
PBK	KIF11	9606.ENSP00000428489	9606.ENSP00000260731	0	0	0	0	0.908	0.045	0	0.533	0.955
PBK	NDC80	9606.ENSP00000428489	9606.ENSP00000261597	0	0	0	0	0.913	0	0	0.275	0.934
PBK	PKMYT1	9606.ENSP00000428489	9606.ENSP00000262300	0	0	0	0	0.263	0.090	0	0.243	0.448
PBK	GINS1	9606.ENSP00000428489	9606.ENSP00000262460	0	0	0	0	0.381	0	0	0.283	0.537
PBK	SGO1	9606.ENSP00000428489	9606.ENSP00000263753	0	0	0	0	0.695	0.071	0	0.207	0.755
PBK	NEIL3	9606.ENSP00000428489	9606.ENSP00000264596	0	0	0	0	0.482	0	0	0.180	0.557
PBK	DEPDC1B	9606.ENSP00000428489	9606.ENSP00000265036	0	0	0	0	0.599	0	0	0.380	0.741
PBK	ANLN	9606.ENSP00000428489	9606.ENSP00000265748	0	0	0	0	0.696	0.052	0	0.397	0.811
PBK	TICRR	9606.ENSP00000428489	9606.ENSP00000268138	0	0	0	0	0.400	0.117	0	0.223	0.553
PBK	NUF2	9606.ENSP00000428489	9606.ENSP00000271452	0	0	0	0	0.908	0	0	0.589	0.960
PBK	CDCA5	9606.ENSP00000428489	9606.ENSP00000275517	0	0	0	0	0.644	0	0	0.289	0.736
PBK	BUB1B	9606.ENSP00000428489	9606.ENSP00000287598	0	0	0	0	0.853	0.062	0	0.579	0.937
PBK	CCNB2	9606.ENSP00000428489	9606.ENSP00000288207	0	0	0	0	0.763	0.098	0	0.486	0.880
PBK	MELK	9606.ENSP00000428489	9606.ENSP00000298048	0	0	0	0	0.903	0.095	0	0.612	0.963
PBK	PLK1	9606.ENSP00000428489	9606.ENSP00000300093	0	0	0	0	0.593	0	0	0.425	0.756
PBK	TPX2	9606.ENSP00000428489	9606.ENSP00000300403	0	0	0	0	0.829	0.068	0	0.683	0.945
PBK	BIRC5	9606.ENSP00000428489	9606.ENSP00000301633	0	0	0	0	0.932	0.092	0	0.683	0.978
PBK	CKAP2L	9606.ENSP00000428489	9606.ENSP00000305204	0	0	0	0	0.767	0	0	0.074	0.775
PBK	AURKB	9606.ENSP00000428489	9606.ENSP00000313950	0	0	0	0	0.660	0.067	0	0.394	0.791
PBK	SKA3	9606.ENSP00000428489	9606.ENSP00000319417	0	0	0	0	0.604	0	0	0.213	0.675
PBK	EZH2	9606.ENSP00000428489	9606.ENSP00000320147	0	0	0	0	0.324	0.077	0	0.267	0.503
PBK	CDC25C	9606.ENSP00000428489	9606.ENSP00000321656	0	0	0	0	0.557	0.088	0	0.233	0.663
PBK	SPAG5	9606.ENSP00000428489	9606.ENSP00000323300	0	0	0	0	0.781	0.095	0	0.440	0.879
PBK	KIF15	9606.ENSP00000428489	9606.ENSP00000324020	0	0	0	0	0.807	0	0	0.371	0.873
PBK	CDCA2	9606.ENSP00000428489	9606.ENSP00000328228	0	0	0	0	0.804	0	0	0.317	0.860
PBK	ERCC6L	9606.ENSP00000428489	9606.ENSP00000334675	0	0	0	0	0.461	0.059	0	0.132	0.521
PBK	CENPA	9606.ENSP00000428489	9606.ENSP00000336868	0	0	0	0	0.821	0.095	0	0.577	0.925
PBK	FOXM1	9606.ENSP00000428489	9606.ENSP00000342307	0	0	0	0	0.548	0.094	0	0.652	0.845
PBK	UBE2C	9606.ENSP00000428489	9606.ENSP00000348838	0	0	0	0	0.864	0.088	0	0.599	0.946
PBK	RRM2	9606.ENSP00000428489	9606.ENSP00000353770	0	0	0	0	0.783	0	0	0.690	0.930
PBK	IQGAP3	9606.ENSP00000428489	9606.ENSP00000354451	0	0	0	0	0.402	0	0	0.158	0.475
PBK	EXO1	9606.ENSP00000428489	9606.ENSP00000355506	0	0	0	0	0.716	0.060	0	0.219	0.773
PBK	CENPF	9606.ENSP00000428489	9606.ENSP00000355922	0	0	0	0	0.836	0	0	0.704	0.949
PBK	NEK2	9606.ENSP00000428489	9606.ENSP00000355966	0	0	0	0.578	0.748	0.092	0	0.517	0.880
PBK	KIF14	9606.ENSP00000428489	9606.ENSP00000356319	0	0	0	0	0.538	0.046	0	0.538	0.779
PBK	ASPM	9606.ENSP00000428489	9606.ENSP00000356379	0	0	0	0	0.841	0.046	0	0.703	0.951
PBK	MKI67	9606.ENSP00000428489	9606.ENSP00000357643	0	0	0	0	0.664	0	0	0.321	0.762
PBK	TTK	9606.ENSP00000428489	9606.ENSP00000358813	0	0	0	0	0.903	0	0	0.700	0.969
PBK	CEP55	9606.ENSP00000428489	9606.ENSP00000360540	0	0	0	0	0.842	0	0	0.740	0.957
PBK	STIL	9606.ENSP00000428489	9606.ENSP00000360944	0	0	0	0	0.383	0.074	0	0.149	0.471
PBK	RAD54L	9606.ENSP00000428489	9606.ENSP00000361043	0	0	0	0	0.426	0.059	0	0.399	0.647
PBK	KIF2C	9606.ENSP00000428489	9606.ENSP00000361298	0	0	0	0	0.854	0	0	0.404	0.909
PBK	CDC20	9606.ENSP00000428489	9606.ENSP00000361540	0	0	0	0	0.882	0.067	0	0.661	0.959
PBK	CDCA8	9606.ENSP00000428489	9606.ENSP00000362146	0	0	0	0	0.850	0.045	0	0.435	0.912
PBK	ZWINT	9606.ENSP00000428489	9606.ENSP00000363055	0	0	0	0	0.729	0	0	0.365	0.821
PBK	KIF4A	9606.ENSP00000428489	9606.ENSP00000363524	0	0	0	0	0.840	0	0	0.629	0.938
PBK	HMMR	9606.ENSP00000428489	9606.ENSP00000377492	0	0	0	0	0.804	0.095	0	0.448	0.893
PBK	KIF20A	9606.ENSP00000428489	9606.ENSP00000378356	0	0	0	0	0.843	0.049	0	0.725	0.955
PBK	CHEK1	9606.ENSP00000428489	9606.ENSP00000391090	0	0	0	0	0.641	0.067	0	0.273	0.735
PBK	CDC45	9606.ENSP00000428489	9606.ENSP00000405726	0	0	0	0	0.838	0.045	0	0.250	0.874
PBK	TOP2A	9606.ENSP00000428489	9606.ENSP00000411532	0	0	0	0	0.839	0	0	0.753	0.958
PBK	DEPDC1	9606.ENSP00000428489	9606.ENSP00000412292	0	0	0	0	0.785	0	0	0.328	0.849
PBK	HJURP	9606.ENSP00000428489	9606.ENSP00000414109	0	0	0	0	0.791	0	0	0.523	0.896
PBK	GTSE1	9606.ENSP00000428489	9606.ENSP00000415430	0	0	0	0	0.393	0	0	0.249	0.524
PBK	MCM10	9606.ENSP00000428489	9606.ENSP00000418268	0	0	0	0	0.595	0	0	0.370	0.734
PBK	RECQL4	9606.ENSP00000428489	9606.ENSP00000482313	0	0	0	0	0.190	0.292	0	0.091	0.433
PBK	KIF18B	9606.ENSP00000428489	9606.ENSP00000465992	0	0	0	0	0.464	0.083	0	0.293	0.622
PBK	UHRF1	9606.ENSP00000428489	9606.ENSP00000479617	0	0	0	0	0.526	0.045	0	0.508	0.758
PBK	UBE2T	9606.ENSP00000428489	9606.ENSP00000494957	0	0	0	0	0.644	0.088	0	0.449	0.805
PBK	CCNA2	9606.ENSP00000428489	9606.ENSP00000481380	0	0	0	0	0.868	0.046	0	0.585	0.943
PBK	CDCA3	9606.ENSP00000428489	9606.ENSP00000442068	0	0	0	0	0.911	0	0	0.419	0.946
PECAM1	CD93	9606.ENSP00000457421	9606.ENSP00000246006	0	0	0	0	0.512	0.107	0	0.562	0.792
PECAM1	FABP4	9606.ENSP00000457421	9606.ENSP00000256104	0	0	0	0	0.178	0	0	0.447	0.526
PECAM1	LYVE1	9606.ENSP00000457421	9606.ENSP00000256178	0	0	0	0	0.145	0	0	0.800	0.822
PECAM1	LMO2	9606.ENSP00000457421	9606.ENSP00000257818	0	0	0	0	0.163	0.054	0	0.323	0.417
PECAM1	MMP13	9606.ENSP00000457421	9606.ENSP00000260302	0	0	0	0	0.055	0.092	0	0.371	0.414
PECAM1	FOXF1	9606.ENSP00000457421	9606.ENSP00000262426	0	0	0	0	0.048	0.067	0	0.527	0.543
PECAM1	EPAS1	9606.ENSP00000457421	9606.ENSP00000263734	0	0	0	0	0.072	0	0	0.476	0.492
PECAM1	EMCN	9606.ENSP00000457421	9606.ENSP00000296420	0	0	0	0	0.324	0	0	0.721	0.803
PECAM1	SOX17	9606.ENSP00000457421	9606.ENSP00000297316	0	0	0	0	0.143	0	0	0.464	0.521
PECAM1	ROBO4	9606.ENSP00000457421	9606.ENSP00000304945	0	0	0	0	0.173	0.122	0	0.397	0.524
PECAM1	S1PR1	9606.ENSP00000457421	9606.ENSP00000305416	0	0	0	0	0.235	0.091	0	0.360	0.516
PECAM1	AOC3	9606.ENSP00000457421	9606.ENSP00000312326	0	0	0	0	0.166	0	0	0.506	0.570
PECAM1	PTPRB	9606.ENSP00000457421	9606.ENSP00000334928	0	0	0	0	0.180	0.069	0	0.553	0.629
PECAM1	CAV1	9606.ENSP00000457421	9606.ENSP00000339191	0	0	0	0	0.049	0	0	0.686	0.689
PECAM1	CLEC14A	9606.ENSP00000457421	9606.ENSP00000353013	0	0	0	0	0.256	0.107	0	0.234	0.446
PECAM1	MKI67	9606.ENSP00000457421	9606.ENSP00000357643	0	0	0	0	0	0	0	0.521	0.521
PECAM1	EDNRB	9606.ENSP00000457421	9606.ENSP00000366416	0	0	0	0	0.115	0.091	0	0.323	0.408
PECAM1	TEK	9606.ENSP00000457421	9606.ENSP00000369375	0	0	0	0	0.262	0.045	0	0.794	0.842
PECAM1	ACVRL1	9606.ENSP00000457421	9606.ENSP00000373574	0	0	0	0	0.178	0.081	0	0.328	0.448
PECAM1	SPP1	9606.ENSP00000457421	9606.ENSP00000378517	0	0	0	0	0	0	0	0.595	0.595
PECAM1	SLC2A1	9606.ENSP00000457421	9606.ENSP00000416293	0	0	0	0	0	0.091	0	0.485	0.512
PECAM1	CCNA2	9606.ENSP00000457421	9606.ENSP00000481380	0	0	0.206	0	0.056	0.045	0	0.270	0.407
PECAM1	CDH5	9606.ENSP00000457421	9606.ENSP00000497290	0	0	0	0	0.501	0.045	0.800	0.999	0.999
PITX2	SALL4	9606.ENSP00000495061	9606.ENSP00000217086	0	0	0	0	0.067	0	0	0.473	0.487
PITX2	FOXF1	9606.ENSP00000495061	9606.ENSP00000262426	0	0	0	0	0.061	0.052	0	0.460	0.477
PITX2	SOX17	9606.ENSP00000495061	9606.ENSP00000297316	0	0	0	0	0	0.042	0	0.430	0.430
PITX2	LGR4	9606.ENSP00000495061	9606.ENSP00000368516	0	0	0	0	0.062	0	0	0.595	0.604
PITX2	TFAP2A	9606.ENSP00000495061	9606.ENSP00000501092	0	0	0	0	0.072	0.067	0.500	0.391	0.701
PKMYT1	CDC6	9606.ENSP00000262300	9606.ENSP00000209728	0	0	0	0	0.397	0	0	0.500	0.686
PKMYT1	MYBL2	9606.ENSP00000262300	9606.ENSP00000217026	0	0	0	0	0.434	0	0	0.357	0.621
PKMYT1	ORC6	9606.ENSP00000262300	9606.ENSP00000219097	0	0	0	0	0.171	0	0	0.601	0.656
PKMYT1	NCAPH	9606.ENSP00000262300	9606.ENSP00000240423	0	0	0	0	0.268	0	0	0.539	0.648
PKMYT1	E2F8	9606.ENSP00000262300	9606.ENSP00000250024	0	0	0	0	0.266	0	0	0.249	0.426
PKMYT1	GINS2	9606.ENSP00000262300	9606.ENSP00000253462	0	0	0	0	0.336	0	0	0.278	0.500
PKMYT1	CCNB1	9606.ENSP00000262300	9606.ENSP00000256442	0	0	0	0	0.312	0.867	0.400	0.517	0.970
PKMYT1	TROAP	9606.ENSP00000262300	9606.ENSP00000257909	0	0	0	0	0.493	0	0	0.310	0.635
PKMYT1	ESPL1	9606.ENSP00000262300	9606.ENSP00000257934	0	0	0	0	0.364	0	0	0.470	0.649
PKMYT1	KIF11	9606.ENSP00000262300	9606.ENSP00000260731	0	0	0	0	0.228	0	0	0.305	0.441
PKMYT1	HJURP	9606.ENSP00000262300	9606.ENSP00000414109	0	0	0	0	0.386	0	0	0.070	0.404
PKMYT1	NUF2	9606.ENSP00000262300	9606.ENSP00000271452	0	0	0	0	0.293	0	0	0.194	0.406
PKMYT1	MKI67	9606.ENSP00000262300	9606.ENSP00000357643	0	0	0	0	0.288	0	0	0.208	0.413
PKMYT1	TPX2	9606.ENSP00000262300	9606.ENSP00000300403	0	0	0	0	0.377	0	0	0.101	0.416
PKMYT1	KIF4A	9606.ENSP00000262300	9606.ENSP00000363524	0	0	0	0	0.265	0	0	0.248	0.424
PKMYT1	CENPF	9606.ENSP00000262300	9606.ENSP00000355922	0	0	0	0	0.231	0	0	0.294	0.434
PKMYT1	KIF20A	9606.ENSP00000262300	9606.ENSP00000378356	0	0	0	0	0.284	0	0	0.257	0.446
PKMYT1	TEDC2	9606.ENSP00000262300	9606.ENSP00000355022	0	0	0	0	0.448	0	0	0	0.448
PKMYT1	PBK	9606.ENSP00000262300	9606.ENSP00000428489	0	0	0	0	0.263	0.090	0	0.243	0.448
PKMYT1	MCM10	9606.ENSP00000262300	9606.ENSP00000418268	0	0	0	0	0.381	0	0	0.173	0.466
PKMYT1	UHRF1	9606.ENSP00000262300	9606.ENSP00000479617	0	0	0	0	0.350	0.052	0	0.203	0.466
PKMYT1	MELK	9606.ENSP00000262300	9606.ENSP00000298048	0	0	0	0.581	0.366	0.094	0	0.154	0.472
PKMYT1	CDCA8	9606.ENSP00000262300	9606.ENSP00000362146	0	0	0	0	0.348	0	0	0.240	0.484
PKMYT1	CDCA3	9606.ENSP00000262300	9606.ENSP00000442068	0	0	0	0	0.356	0	0	0.233	0.485
PKMYT1	TOP2A	9606.ENSP00000262300	9606.ENSP00000411532	0	0	0	0	0.297	0	0	0.322	0.503
PKMYT1	NEK2	9606.ENSP00000262300	9606.ENSP00000355966	0	0	0	0.583	0.177	0	0	0.433	0.513
PKMYT1	EXO1	9606.ENSP00000262300	9606.ENSP00000355506	0	0	0	0	0.362	0.065	0	0.274	0.529
PKMYT1	BIRC5	9606.ENSP00000262300	9606.ENSP00000301633	0	0	0	0	0.365	0.069	0	0.271	0.532
PKMYT1	RRM2	9606.ENSP00000262300	9606.ENSP00000353770	0	0	0	0	0.299	0	0	0.366	0.536
PKMYT1	EZH2	9606.ENSP00000262300	9606.ENSP00000320147	0	0	0	0	0.194	0	0	0.454	0.541
PKMYT1	AURKB	9606.ENSP00000262300	9606.ENSP00000313950	0	0	0.129	0.595	0.369	0.071	0	0.216	0.547
PKMYT1	KIF2C	9606.ENSP00000262300	9606.ENSP00000361298	0	0	0	0	0.402	0.076	0	0.255	0.553
PKMYT1	GTSE1	9606.ENSP00000262300	9606.ENSP00000415430	0	0	0	0	0.336	0	0	0.381	0.572
PKMYT1	FOXM1	9606.ENSP00000262300	9606.ENSP00000342307	0	0	0	0	0.445	0.094	0	0.251	0.590
PKMYT1	CDCA5	9606.ENSP00000262300	9606.ENSP00000275517	0	0	0	0	0.481	0	0	0.264	0.601
PKMYT1	UBE2C	9606.ENSP00000262300	9606.ENSP00000348838	0	0	0	0	0.413	0.096	0	0.336	0.617
PKMYT1	RECQL4	9606.ENSP00000262300	9606.ENSP00000482313	0	0	0	0	0.521	0.113	0	0.179	0.621
PKMYT1	BUB1B	9606.ENSP00000262300	9606.ENSP00000287598	0	0	0	0	0.317	0.104	0	0.463	0.642
PKMYT1	SPAG5	9606.ENSP00000262300	9606.ENSP00000323300	0	0	0	0	0.275	0.290	0	0.374	0.650
PKMYT1	RAD54L	9606.ENSP00000262300	9606.ENSP00000361043	0	0	0	0	0.466	0.062	0	0.417	0.683
PKMYT1	CHEK1	9606.ENSP00000262300	9606.ENSP00000391090	0	0	0	0	0.267	0.300	0	0.489	0.715
PKMYT1	CDC45	9606.ENSP00000262300	9606.ENSP00000405726	0	0	0	0	0.528	0	0	0.464	0.736
PKMYT1	CDC25C	9606.ENSP00000262300	9606.ENSP00000321656	0	0	0	0	0.283	0.474	0	0.567	0.822
PKMYT1	CDC20	9606.ENSP00000262300	9606.ENSP00000361540	0	0	0	0	0.385	0.182	0	0.689	0.830
PKMYT1	CCNA2	9606.ENSP00000262300	9606.ENSP00000481380	0	0	0	0	0.398	0.790	0.400	0.462	0.953
PKMYT1	CCNB2	9606.ENSP00000262300	9606.ENSP00000288207	0	0	0	0	0.322	0.788	0.500	0.504	0.959
PKMYT1	PLK1	9606.ENSP00000262300	9606.ENSP00000300093	0	0	0	0.581	0.317	0.644	0.900	0.557	0.987
PLAC9	CLEC3B	9606.ENSP00000361337	9606.ENSP00000296130	0	0	0	0	0.425	0	0	0	0.424
PLK1	CDC6	9606.ENSP00000300093	9606.ENSP00000209728	0	0	0	0	0.328	0.292	0	0.631	0.809
PLK1	MYBL2	9606.ENSP00000300093	9606.ENSP00000217026	0	0	0	0	0.542	0	0.500	0.507	0.877
PLK1	ORC6	9606.ENSP00000300093	9606.ENSP00000219097	0	0	0	0	0.143	0	0	0.373	0.439
PLK1	NCAPH	9606.ENSP00000300093	9606.ENSP00000240423	0	0	0	0	0.568	0.091	0	0.417	0.751
PLK1	DLGAP5	9606.ENSP00000300093	9606.ENSP00000247191	0	0	0	0	0.646	0	0	0.479	0.807
PLK1	E2F8	9606.ENSP00000300093	9606.ENSP00000250024	0	0	0	0	0.245	0	0	0.268	0.424
PLK1	NCAPG	9606.ENSP00000300093	9606.ENSP00000251496	0	0	0	0	0.444	0	0	0.470	0.693
PLK1	CCNB1	9606.ENSP00000300093	9606.ENSP00000256442	0	0	0	0	0.781	0.588	0.900	0.982	0.999
PLK1	TROAP	9606.ENSP00000300093	9606.ENSP00000257909	0	0	0	0	0.788	0	0	0.117	0.805
PLK1	ESPL1	9606.ENSP00000300093	9606.ENSP00000257934	0	0	0	0	0.741	0.746	0.500	0.853	0.994
PLK1	BRIP1	9606.ENSP00000300093	9606.ENSP00000259008	0	0	0	0	0.192	0	0	0.538	0.611
PLK1	KIF11	9606.ENSP00000300093	9606.ENSP00000260731	0	0	0	0	0.644	0.071	0	0.776	0.919
PLK1	NDC80	9606.ENSP00000300093	9606.ENSP00000261597	0	0	0	0	0.473	0.296	0.720	0.589	0.951
PLK1	PKMYT1	9606.ENSP00000300093	9606.ENSP00000262300	0	0	0	0.581	0.317	0.644	0.900	0.557	0.987
PLK1	SGO1	9606.ENSP00000300093	9606.ENSP00000263753	0	0	0	0	0.389	0.294	0.800	0.728	0.973
PLK1	DEPDC1B	9606.ENSP00000300093	9606.ENSP00000265036	0	0	0	0	0.389	0	0	0.147	0.457
PLK1	ANLN	9606.ENSP00000300093	9606.ENSP00000265748	0	0	0	0	0.392	0	0	0.531	0.703
PLK1	TICRR	9606.ENSP00000300093	9606.ENSP00000268138	0	0	0	0	0.289	0	0	0.287	0.472
PLK1	NUF2	9606.ENSP00000300093	9606.ENSP00000271452	0	0	0	0	0.512	0	0.500	0.491	0.865
PLK1	CDCA5	9606.ENSP00000300093	9606.ENSP00000275517	0	0	0	0	0.454	0.292	0.500	0.511	0.893
PLK1	BUB1B	9606.ENSP00000300093	9606.ENSP00000287598	0	0	0	0	0.838	0.845	0.720	0.932	0.999
PLK1	CCNB2	9606.ENSP00000300093	9606.ENSP00000288207	0	0	0	0	0.680	0.278	0.900	0.844	0.995
PLK1	MELK	9606.ENSP00000300093	9606.ENSP00000298048	0	0	0	0.630	0.753	0.095	0	0.215	0.809
PLK1	UBE2T	9606.ENSP00000300093	9606.ENSP00000494957	0	0	0	0	0.274	0.052	0	0.203	0.404
PLK1	ALDH18A1	9606.ENSP00000300093	9606.ENSP00000360268	0	0	0	0	0.108	0	0	0.384	0.427
PLK1	IQGAP3	9606.ENSP00000300093	9606.ENSP00000354451	0	0	0	0	0.283	0	0	0.237	0.430
PLK1	RCC1	9606.ENSP00000300093	9606.ENSP00000497402	0	0	0	0	0.222	0	0	0.327	0.454
PLK1	UHRF1	9606.ENSP00000300093	9606.ENSP00000479617	0	0	0	0	0.326	0	0	0.244	0.469
PLK1	TUBB3	9606.ENSP00000300093	9606.ENSP00000320295	0	0.002	0	0	0.131	0.311	0	0.193	0.475
PLK1	EZH2	9606.ENSP00000300093	9606.ENSP00000320147	0	0	0	0	0.203	0.061	0	0.396	0.508
PLK1	CKAP2L	9606.ENSP00000300093	9606.ENSP00000305204	0	0	0	0	0.429	0	0	0.204	0.526
PLK1	CHEK1	9606.ENSP00000300093	9606.ENSP00000391090	0	0	0	0.613	0.298	0	0	0.365	0.535
PLK1	STIL	9606.ENSP00000300093	9606.ENSP00000360944	0	0	0	0	0.225	0	0	0.453	0.558
PLK1	KIF15	9606.ENSP00000300093	9606.ENSP00000324020	0	0	0	0	0.381	0	0	0.345	0.577
PLK1	RAD54L	9606.ENSP00000300093	9606.ENSP00000361043	0	0	0	0	0.366	0.061	0	0.350	0.579
PLK1	MCM10	9606.ENSP00000300093	9606.ENSP00000418268	0	0	0	0	0.378	0	0	0.365	0.588
PLK1	DEPDC1	9606.ENSP00000300093	9606.ENSP00000412292	0	0	0	0	0.477	0	0	0.267	0.600
PLK1	KIF14	9606.ENSP00000300093	9606.ENSP00000356319	0	0	0	0	0.391	0	0	0.387	0.611
PLK1	RGCC	9606.ENSP00000300093	9606.ENSP00000368664	0	0	0	0	0	0.292	0	0.502	0.632
PLK1	RECQL4	9606.ENSP00000300093	9606.ENSP00000482313	0	0	0	0	0.206	0.415	0	0.275	0.634
PLK1	TTK	9606.ENSP00000300093	9606.ENSP00000358813	0	0	0	0.573	0.479	0.119	0	0.305	0.653
PLK1	KIF18B	9606.ENSP00000300093	9606.ENSP00000465992	0	0	0	0	0.489	0.066	0	0.384	0.681
PLK1	HMMR	9606.ENSP00000300093	9606.ENSP00000377492	0	0	0	0	0.491	0.087	0	0.372	0.683
PLK1	ASPM	9606.ENSP00000300093	9606.ENSP00000356379	0	0	0	0	0.455	0.091	0	0.451	0.704
PLK1	CDCA2	9606.ENSP00000300093	9606.ENSP00000328228	0	0	0	0	0.558	0	0	0.399	0.723
PLK1	PBK	9606.ENSP00000300093	9606.ENSP00000428489	0	0	0	0	0.593	0	0	0.425	0.756
PLK1	EXO1	9606.ENSP00000300093	9606.ENSP00000355506	0	0	0	0	0.479	0.091	0	0.568	0.777
PLK1	CDC45	9606.ENSP00000300093	9606.ENSP00000405726	0	0	0	0	0.450	0	0	0.611	0.777
PLK1	KIF4A	9606.ENSP00000300093	9606.ENSP00000363524	0	0	0	0	0.624	0	0	0.545	0.821
PLK1	MKI67	9606.ENSP00000300093	9606.ENSP00000357643	0	0	0	0	0.579	0.067	0	0.604	0.831
PLK1	CEP55	9606.ENSP00000300093	9606.ENSP00000360540	0	0	0	0	0.407	0	0	0.737	0.837
PLK1	HJURP	9606.ENSP00000300093	9606.ENSP00000414109	0	0	0	0	0.652	0	0	0.613	0.859
PLK1	RRM2	9606.ENSP00000300093	9606.ENSP00000353770	0	0	0	0	0.478	0.329	0	0.667	0.873
PLK1	CDCA3	9606.ENSP00000300093	9606.ENSP00000442068	0	0	0	0	0.847	0	0	0.398	0.904
PLK1	UBE2C	9606.ENSP00000300093	9606.ENSP00000348838	0	0	0	0	0.610	0.052	0.400	0.712	0.927
PLK1	ZWINT	9606.ENSP00000300093	9606.ENSP00000363055	0	0	0	0	0.302	0	0.800	0.544	0.930
PLK1	TOP2A	9606.ENSP00000300093	9606.ENSP00000411532	0	0	0	0	0.612	0.292	0	0.768	0.931
PLK1	SKA3	9606.ENSP00000300093	9606.ENSP00000319417	0	0	0	0	0.450	0.292	0.720	0.467	0.934
PLK1	NEK2	9606.ENSP00000300093	9606.ENSP00000355966	0	0	0	0.645	0.553	0	0.800	0.365	0.938
PLK1	AURKB	9606.ENSP00000300093	9606.ENSP00000313950	0	0	0	0.744	0.789	0.212	0.500	0.351	0.939
PLK1	SPAG5	9606.ENSP00000300093	9606.ENSP00000323300	0	0	0	0	0.712	0.455	0	0.660	0.942
PLK1	TPX2	9606.ENSP00000300093	9606.ENSP00000300403	0	0	0	0	0.805	0	0	0.727	0.944
PLK1	CCNA2	9606.ENSP00000300093	9606.ENSP00000481380	0	0	0	0	0.757	0	0	0.836	0.958
PLK1	CENPF	9606.ENSP00000300093	9606.ENSP00000355922	0	0	0	0	0.508	0	0.800	0.748	0.973
PLK1	CDCA8	9606.ENSP00000300093	9606.ENSP00000362146	0	0	0	0	0.645	0	0.500	0.866	0.974
PLK1	BIRC5	9606.ENSP00000300093	9606.ENSP00000301633	0	0	0	0	0.852	0	0.500	0.756	0.980
PLK1	GTSE1	9606.ENSP00000300093	9606.ENSP00000415430	0	0	0	0	0.628	0.292	0.900	0.400	0.982
PLK1	CENPA	9606.ENSP00000300093	9606.ENSP00000336868	0	0	0	0	0.648	0.107	0.800	0.837	0.988
PLK1	KIF20A	9606.ENSP00000300093	9606.ENSP00000378356	0	0	0	0	0.769	0.127	0.750	0.830	0.990
PLK1	KIF2C	9606.ENSP00000300093	9606.ENSP00000361298	0	0	0	0	0.854	0.318	0.800	0.777	0.994
PLK1	FOXM1	9606.ENSP00000300093	9606.ENSP00000342307	0	0	0	0	0.685	0.306	0.900	0.806	0.995
PLK1	ERCC6L	9606.ENSP00000300093	9606.ENSP00000334675	0	0	0	0	0.332	0.858	0.800	0.948	0.998
PLK1	CDC20	9606.ENSP00000300093	9606.ENSP00000361540	0	0	0	0	0.951	0.994	0.800	0.910	0.999
PLK1	CDC25C	9606.ENSP00000300093	9606.ENSP00000321656	0	0	0	0	0.646	0.850	0.900	0.951	0.999
PLPP2	ALDH18A1	9606.ENSP00000329697	9606.ENSP00000360268	0.121	0	0	0	0.069	0	0	0.359	0.431
PNPLA6	ALDH18A1	9606.ENSP00000407509	9606.ENSP00000360268	0.053	0	0	0	0.063	0	0.401	0.233	0.538
POLQ	DLGAP5	9606.ENSP00000264233	9606.ENSP00000247191	0	0	0	0	0.431	0	0	0	0.431
POLQ	NCAPG	9606.ENSP00000264233	9606.ENSP00000251496	0	0	0	0	0.515	0	0	0.114	0.552
POLQ	TROAP	9606.ENSP00000264233	9606.ENSP00000257909	0	0	0	0	0.443	0	0	0.118	0.487
POLQ	ESPL1	9606.ENSP00000264233	9606.ENSP00000257934	0	0	0	0	0.441	0	0	0	0.441
POLQ	BRIP1	9606.ENSP00000264233	9606.ENSP00000259008	0	0	0	0	0.449	0	0	0.399	0.655
POLQ	KIF11	9606.ENSP00000264233	9606.ENSP00000260731	0	0	0	0	0.517	0	0	0	0.517
POLQ	CDCA5	9606.ENSP00000264233	9606.ENSP00000275517	0	0	0	0	0.413	0	0	0	0.412
POLQ	CCNA2	9606.ENSP00000264233	9606.ENSP00000481380	0	0	0	0	0.387	0	0	0.086	0.416
POLQ	XRCC2	9606.ENSP00000264233	9606.ENSP00000352271	0	0	0	0	0.194	0.060	0	0.291	0.417
POLQ	SKA3	9606.ENSP00000264233	9606.ENSP00000319417	0	0	0	0	0.393	0	0	0.087	0.422
POLQ	FOXM1	9606.ENSP00000264233	9606.ENSP00000342307	0	0	0	0	0.401	0	0	0.077	0.424
POLQ	TTK	9606.ENSP00000264233	9606.ENSP00000358813	0	0	0	0	0.432	0	0	0	0.432
POLQ	RMI2	9606.ENSP00000264233	9606.ENSP00000310356	0	0	0	0	0.219	0	0	0.304	0.433
POLQ	CEP55	9606.ENSP00000264233	9606.ENSP00000360540	0	0	0	0	0.413	0	0	0.091	0.443
POLQ	KIF4A	9606.ENSP00000264233	9606.ENSP00000363524	0	0	0	0	0.443	0	0	0	0.443
POLQ	HMMR	9606.ENSP00000264233	9606.ENSP00000377492	0	0	0	0	0.452	0	0	0.052	0.458
POLQ	MKI67	9606.ENSP00000264233	9606.ENSP00000357643	0	0	0	0	0.451	0	0	0.060	0.462
POLQ	KIF2C	9606.ENSP00000264233	9606.ENSP00000361298	0	0	0	0	0.474	0	0	0	0.474
POLQ	ERCC6L	9606.ENSP00000264233	9606.ENSP00000334675	0.047	0	0	0	0.444	0.060	0	0.090	0.486
POLQ	KIF14	9606.ENSP00000264233	9606.ENSP00000356319	0	0	0	0	0.493	0	0	0	0.493
POLQ	CKAP2L	9606.ENSP00000264233	9606.ENSP00000305204	0	0	0	0	0.440	0	0	0.135	0.494
POLQ	MELK	9606.ENSP00000264233	9606.ENSP00000298048	0	0	0	0	0.494	0	0	0.052	0.499
POLQ	RECQL4	9606.ENSP00000264233	9606.ENSP00000482313	0.045	0	0	0.547	0.361	0	0	0.249	0.502
POLQ	RAD54L	9606.ENSP00000264233	9606.ENSP00000361043	0.047	0	0	0	0.406	0.060	0	0.178	0.504
POLQ	BUB1B	9606.ENSP00000264233	9606.ENSP00000287598	0	0	0	0	0.502	0	0	0.053	0.508
POLQ	CHEK1	9606.ENSP00000264233	9606.ENSP00000391090	0	0	0	0	0.337	0	0	0.310	0.523
POLQ	ASPM	9606.ENSP00000264233	9606.ENSP00000356379	0	0	0	0	0.533	0	0	0	0.533
POLQ	CENPF	9606.ENSP00000264233	9606.ENSP00000355922	0	0	0	0	0.546	0	0	0	0.546
POLQ	HJURP	9606.ENSP00000264233	9606.ENSP00000414109	0	0	0	0	0.530	0	0	0.073	0.546
POLQ	TICRR	9606.ENSP00000264233	9606.ENSP00000268138	0.045	0	0	0	0.519	0	0	0.129	0.565
POLQ	TOP2A	9606.ENSP00000264233	9606.ENSP00000411532	0.061	0	0	0	0.421	0	0	0.276	0.572
POLQ	MCM10	9606.ENSP00000264233	9606.ENSP00000418268	0	0	0	0	0.552	0	0	0.120	0.589
POLQ	CDC45	9606.ENSP00000264233	9606.ENSP00000405726	0	0	0	0	0.483	0.065	0	0.263	0.613
POLQ	KIF15	9606.ENSP00000264233	9606.ENSP00000324020	0	0	0	0	0.645	0	0	0.069	0.656
POLQ	NEIL3	9606.ENSP00000264233	9606.ENSP00000264596	0.111	0	0	0	0.576	0	0	0.403	0.755
POLQ	STIL	9606.ENSP00000264233	9606.ENSP00000360944	0	0	0	0	0.784	0	0	0	0.784
POLQ	EXO1	9606.ENSP00000264233	9606.ENSP00000355506	0.059	0	0	0	0.494	0	0	0.625	0.805
PPAT	BRIP1	9606.ENSP00000264220	9606.ENSP00000259008	0.105	0	0	0	0.151	0	0	0.277	0.403
PPAT	NEIL3	9606.ENSP00000264220	9606.ENSP00000264596	0	0	0	0	0.128	0	0	0.349	0.408
PPAT	XDH	9606.ENSP00000264220	9606.ENSP00000368727	0	0	0	0	0	0	0	0.447	0.447
PPAT	TOP2A	9606.ENSP00000264220	9606.ENSP00000411532	0	0	0	0	0.197	0	0	0.348	0.454
PPAT	RECQL4	9606.ENSP00000264220	9606.ENSP00000482313	0.078	0	0	0	0.083	0.292	0	0.203	0.459
PPAT	ALDH18A1	9606.ENSP00000264220	9606.ENSP00000360268	0.088	0	0	0	0.156	0	0	0.398	0.496
PPAT	PSAT1	9606.ENSP00000264220	9606.ENSP00000365773	0.042	0	0	0	0.208	0	0	0.529	0.612
PPAT	PAICS	9606.ENSP00000264220	9606.ENSP00000382595	0.231	0	0.408	0	0.975	0.126	0.798	0.986	0.999
PPP1R14B	PPP1R14D	9606.ENSP00000310117	9606.ENSP00000398342	0	0	0	0	0	0	0	0.882	0.882
PPP1R14D	PPP1R14B	9606.ENSP00000398342	9606.ENSP00000310117	0	0	0	0	0	0	0	0.882	0.882
PRAME	EZH2	9606.ENSP00000445675	9606.ENSP00000320147	0	0	0	0	0.133	0	0	0.565	0.607
PRAME	ZYG11A	9606.ENSP00000445675	9606.ENSP00000360583	0	0	0	0	0.049	0	0.540	0.198	0.618
PRAME	HMMR	9606.ENSP00000445675	9606.ENSP00000377492	0	0	0	0	0.124	0	0	0.576	0.613
PRKCE	TRPM8	9606.ENSP00000306124	9606.ENSP00000323926	0	0	0	0	0.054	0	0	0.413	0.420
PSAT1	PPAT	9606.ENSP00000365773	9606.ENSP00000264220	0.042	0	0	0	0.208	0	0	0.529	0.612
PSAT1	GPT2	9606.ENSP00000365773	9606.ENSP00000345282	0.061	0	0	0	0.360	0.090	0	0.555	0.724
PSAT1	ALDH18A1	9606.ENSP00000365773	9606.ENSP00000360268	0.356	0	0	0	0.321	0	0	0.668	0.842
PSAT1	PTPN21	9606.ENSP00000365773	9606.ENSP00000452414	0	0	0	0	0	0	0	0.415	0.414
PSAT1	PYCR1	9606.ENSP00000365773	9606.ENSP00000384949	0.080	0	0	0	0.164	0	0	0.518	0.596
PSAT1	PAICS	9606.ENSP00000365773	9606.ENSP00000382595	0.102	0	0	0	0.331	0	0	0.459	0.646
PTPN21	PSAT1	9606.ENSP00000452414	9606.ENSP00000365773	0	0	0	0	0	0	0	0.415	0.414
PTPRB	CD93	9606.ENSP00000334928	9606.ENSP00000246006	0	0	0	0	0.189	0.106	0	0.429	0.549
PTPRB	CCM2L	9606.ENSP00000334928	9606.ENSP00000262659	0	0	0	0	0.276	0.106	0	0.174	0.418
PTPRB	FGD5	9606.ENSP00000334928	9606.ENSP00000285046	0	0	0	0	0.177	0	0	0.303	0.402
PTPRB	EMCN	9606.ENSP00000334928	9606.ENSP00000296420	0	0	0	0	0.452	0	0	0.243	0.567
PTPRB	ROBO4	9606.ENSP00000334928	9606.ENSP00000304945	0	0	0	0	0.356	0.056	0	0.330	0.557
PTPRB	MMRN2	9606.ENSP00000334928	9606.ENSP00000361097	0	0	0	0	0.365	0.053	0	0.278	0.528
PTPRB	PECAM1	9606.ENSP00000334928	9606.ENSP00000457421	0	0	0	0	0.180	0.069	0	0.553	0.629
PTPRB	MDK	9606.ENSP00000334928	9606.ENSP00000385451	0	0	0	0	0	0	0	0.825	0.825
PTPRB	TEK	9606.ENSP00000334928	9606.ENSP00000369375	0	0	0	0	0.460	0.170	0	0.787	0.896
PTPRB	CDH5	9606.ENSP00000334928	9606.ENSP00000497290	0	0	0	0	0.509	0.345	0	0.949	0.982
PYCR1	GPT2	9606.ENSP00000384949	9606.ENSP00000345282	0.045	0	0	0	0.238	0	0	0.356	0.490
PYCR1	ALDH18A1	9606.ENSP00000384949	9606.ENSP00000360268	0.272	0	0	0	0.454	0.095	0	0.956	0.982
PYCR1	PSAT1	9606.ENSP00000384949	9606.ENSP00000365773	0.080	0	0	0	0.164	0	0	0.518	0.596
PYCR1	PAICS	9606.ENSP00000384949	9606.ENSP00000382595	0	0	0	0	0.128	0.162	0	0.281	0.428
PYCR1	RECQL4	9606.ENSP00000384949	9606.ENSP00000482313	0.047	0	0	0	0.138	0.292	0	0.091	0.400
RAD54L	CDC6	9606.ENSP00000361043	9606.ENSP00000209728	0	0	0	0	0.430	0.091	0	0.292	0.601
RAD54L	MYBL2	9606.ENSP00000361043	9606.ENSP00000217026	0	0	0	0	0.443	0.058	0	0.445	0.683
RAD54L	ORC6	9606.ENSP00000361043	9606.ENSP00000219097	0	0	0	0	0.269	0	0	0.400	0.543
RAD54L	NCAPH	9606.ENSP00000361043	9606.ENSP00000240423	0	0	0	0	0.453	0.067	0	0.399	0.666
RAD54L	DLGAP5	9606.ENSP00000361043	9606.ENSP00000247191	0	0	0	0	0.464	0.045	0	0.428	0.682
RAD54L	E2F8	9606.ENSP00000361043	9606.ENSP00000250024	0	0	0	0	0.417	0	0	0.183	0.503
RAD54L	NCAPG	9606.ENSP00000361043	9606.ENSP00000251496	0	0	0	0	0.526	0.067	0	0.313	0.669
RAD54L	GINS2	9606.ENSP00000361043	9606.ENSP00000253462	0	0	0	0	0.354	0.046	0	0.284	0.520
RAD54L	CCNB1	9606.ENSP00000361043	9606.ENSP00000256442	0	0	0	0	0.382	0.094	0	0.271	0.556
RAD54L	TROAP	9606.ENSP00000361043	9606.ENSP00000257909	0	0	0	0	0.478	0	0	0.087	0.503
RAD54L	ESPL1	9606.ENSP00000361043	9606.ENSP00000257934	0	0	0	0	0.455	0.067	0	0.228	0.574
RAD54L	BRIP1	9606.ENSP00000361043	9606.ENSP00000259008	0	0	0	0	0.218	0.071	0	0.343	0.482
RAD54L	KIF11	9606.ENSP00000361043	9606.ENSP00000260731	0	0	0	0	0.488	0.068	0	0.339	0.657
RAD54L	NDC80	9606.ENSP00000361043	9606.ENSP00000261597	0	0	0	0	0.407	0.053	0	0.085	0.441
RAD54L	PKMYT1	9606.ENSP00000361043	9606.ENSP00000262300	0	0	0	0	0.466	0.062	0	0.417	0.683
RAD54L	POLQ	9606.ENSP00000361043	9606.ENSP00000264233	0.047	0	0	0	0.406	0.060	0	0.178	0.504
RAD54L	NEIL3	9606.ENSP00000361043	9606.ENSP00000264596	0	0	0	0	0.263	0	0	0.413	0.550
RAD54L	ANLN	9606.ENSP00000361043	9606.ENSP00000265748	0	0	0	0	0.353	0	0	0.319	0.541
RAD54L	TICRR	9606.ENSP00000361043	9606.ENSP00000268138	0	0	0	0	0.549	0.047	0	0.267	0.658
RAD54L	NUF2	9606.ENSP00000361043	9606.ENSP00000271452	0	0	0	0	0.410	0.053	0	0.187	0.506
RAD54L	CDCA5	9606.ENSP00000361043	9606.ENSP00000275517	0	0	0	0	0.508	0	0	0.264	0.622
RAD54L	BUB1B	9606.ENSP00000361043	9606.ENSP00000287598	0	0	0	0	0.526	0.092	0	0.454	0.745
RAD54L	CCNB2	9606.ENSP00000361043	9606.ENSP00000288207	0	0	0	0	0.400	0.094	0	0.345	0.613
RAD54L	MELK	9606.ENSP00000361043	9606.ENSP00000298048	0	0	0	0	0.527	0.048	0	0.283	0.649
RAD54L	PLK1	9606.ENSP00000361043	9606.ENSP00000300093	0	0	0	0	0.366	0.061	0	0.350	0.579
RAD54L	TPX2	9606.ENSP00000361043	9606.ENSP00000300403	0	0	0	0	0.457	0.045	0	0.350	0.633
RAD54L	BIRC5	9606.ENSP00000361043	9606.ENSP00000301633	0	0	0	0	0.407	0.066	0	0.427	0.655
RAD54L	CKAP2L	9606.ENSP00000361043	9606.ENSP00000305204	0	0	0	0	0.339	0	0	0.227	0.467
RAD54L	RMI2	9606.ENSP00000361043	9606.ENSP00000310356	0	0	0	0	0.321	0	0	0.442	0.605
RAD54L	AURKB	9606.ENSP00000361043	9606.ENSP00000313950	0	0	0	0	0.462	0.051	0	0.216	0.564
RAD54L	SKA3	9606.ENSP00000361043	9606.ENSP00000319417	0	0	0	0	0.493	0.046	0	0.230	0.595
RAD54L	EZH2	9606.ENSP00000361043	9606.ENSP00000320147	0	0	0	0	0.328	0.112	0	0.181	0.469
RAD54L	CDC25C	9606.ENSP00000361043	9606.ENSP00000321656	0	0	0	0	0.425	0.067	0	0.270	0.574
RAD54L	SPAG5	9606.ENSP00000361043	9606.ENSP00000323300	0	0	0	0	0.562	0.099	0	0.216	0.664
RAD54L	KIF15	9606.ENSP00000361043	9606.ENSP00000324020	0	0	0	0	0.541	0.045	0	0.376	0.703
RAD54L	CDCA2	9606.ENSP00000361043	9606.ENSP00000328228	0	0	0	0	0.512	0	0	0.185	0.586
RAD54L	ERCC6L	9606.ENSP00000361043	9606.ENSP00000334675	0	0	0.179	0.707	0.383	0.167	0	0.110	0.575
RAD54L	CENPA	9606.ENSP00000361043	9606.ENSP00000336868	0	0	0	0	0.361	0.150	0	0.239	0.551
RAD54L	FOXM1	9606.ENSP00000361043	9606.ENSP00000342307	0	0	0	0	0.493	0.073	0	0.298	0.642
RAD54L	UBE2C	9606.ENSP00000361043	9606.ENSP00000348838	0	0	0	0	0.418	0.099	0	0.243	0.569
RAD54L	XRCC2	9606.ENSP00000361043	9606.ENSP00000352271	0	0	0	0	0.132	0	0	0.595	0.634
RAD54L	RRM2	9606.ENSP00000361043	9606.ENSP00000353770	0	0	0	0	0.383	0.053	0	0.373	0.602
RAD54L	TEDC2	9606.ENSP00000361043	9606.ENSP00000355022	0	0	0	0	0.526	0.065	0	0	0.537
RAD54L	EXO1	9606.ENSP00000361043	9606.ENSP00000355506	0	0	0	0	0.567	0.098	0	0.604	0.832
RAD54L	CENPF	9606.ENSP00000361043	9606.ENSP00000355922	0	0	0	0	0.382	0	0	0.382	0.602
RAD54L	NEK2	9606.ENSP00000361043	9606.ENSP00000355966	0	0	0	0	0.362	0.052	0	0.210	0.481
RAD54L	KIF14	9606.ENSP00000361043	9606.ENSP00000356319	0	0	0	0	0.359	0	0	0.306	0.537
RAD54L	ASPM	9606.ENSP00000361043	9606.ENSP00000356379	0	0	0	0	0.436	0	0	0.434	0.667
RAD54L	MKI67	9606.ENSP00000361043	9606.ENSP00000357643	0	0	0	0	0.413	0	0	0.213	0.518
RAD54L	TTK	9606.ENSP00000361043	9606.ENSP00000358813	0	0	0	0	0.412	0.067	0	0.370	0.624
RAD54L	CEP55	9606.ENSP00000361043	9606.ENSP00000360540	0	0	0	0	0.400	0	0	0.391	0.619
RAD54L	STIL	9606.ENSP00000361043	9606.ENSP00000360944	0	0	0	0	0.361	0.045	0	0.122	0.418
RAD54L	DEPDC1	9606.ENSP00000361043	9606.ENSP00000412292	0	0	0	0	0.343	0.059	0	0.152	0.430
RAD54L	UHRF1	9606.ENSP00000361043	9606.ENSP00000479617	0	0	0	0	0.367	0.045	0	0.191	0.468
RAD54L	ZWINT	9606.ENSP00000361043	9606.ENSP00000363055	0	0	0	0	0.393	0	0	0.261	0.532
RAD54L	HMMR	9606.ENSP00000361043	9606.ENSP00000377492	0	0	0	0	0.378	0.099	0	0.232	0.532
RAD54L	KIF18B	9606.ENSP00000361043	9606.ENSP00000465992	0	0	0	0	0.259	0.066	0	0.409	0.555
RAD54L	UBE2T	9606.ENSP00000361043	9606.ENSP00000494957	0	0	0	0	0.342	0.099	0	0.331	0.569
RAD54L	CCNA2	9606.ENSP00000361043	9606.ENSP00000481380	0	0	0	0	0.461	0	0	0.269	0.589
RAD54L	KIF4A	9606.ENSP00000361043	9606.ENSP00000363524	0	0	0	0	0.416	0.065	0	0.325	0.599
RAD54L	HJURP	9606.ENSP00000361043	9606.ENSP00000414109	0	0	0	0	0.472	0	0	0.303	0.616
RAD54L	GTSE1	9606.ENSP00000361043	9606.ENSP00000415430	0.042	0	0	0	0.471	0.071	0	0.286	0.619
RAD54L	PBK	9606.ENSP00000361043	9606.ENSP00000428489	0	0	0	0	0.426	0.059	0	0.399	0.647
RAD54L	KIF20A	9606.ENSP00000361043	9606.ENSP00000378356	0	0	0	0	0.428	0.070	0	0.416	0.662
RAD54L	CDC20	9606.ENSP00000361043	9606.ENSP00000361540	0	0	0	0	0.482	0.100	0	0.377	0.685
RAD54L	TOP2A	9606.ENSP00000361043	9606.ENSP00000411532	0	0	0	0	0.450	0.108	0	0.413	0.687
RAD54L	KIF2C	9606.ENSP00000361043	9606.ENSP00000361298	0	0	0	0	0.569	0	0	0.311	0.691
RAD54L	CDCA3	9606.ENSP00000361043	9606.ENSP00000442068	0	0	0	0	0.515	0	0	0.403	0.698
RAD54L	MCM10	9606.ENSP00000361043	9606.ENSP00000418268	0	0	0	0	0.555	0.067	0	0.411	0.734
RAD54L	CDCA8	9606.ENSP00000361043	9606.ENSP00000362146	0	0	0	0	0.550	0.095	0	0.459	0.761
RAD54L	CHEK1	9606.ENSP00000361043	9606.ENSP00000391090	0	0	0	0	0.451	0.071	0	0.634	0.797
RAD54L	RECQL4	9606.ENSP00000361043	9606.ENSP00000482313	0.048	0	0	0	0.462	0.401	0	0.482	0.820
RAD54L	CDC45	9606.ENSP00000361043	9606.ENSP00000405726	0	0	0	0	0.782	0.067	0	0.346	0.856
RAMP2	RAMP3	9606.ENSP00000253796	9606.ENSP00000242249	0	0	0	0.773	0.250	0	0.900	0.897	0.991
RAMP2	TEK	9606.ENSP00000253796	9606.ENSP00000369375	0	0	0	0	0.222	0	0	0.264	0.403
RAMP2	CDH5	9606.ENSP00000253796	9606.ENSP00000497290	0	0	0	0	0.239	0	0	0.270	0.421
RAMP2	ROBO4	9606.ENSP00000253796	9606.ENSP00000304945	0	0	0	0	0.363	0	0	0.166	0.447
RAMP2	MMRN2	9606.ENSP00000253796	9606.ENSP00000361097	0	0	0	0	0.363	0	0	0.175	0.452
RAMP2	ECSCR	9606.ENSP00000253796	9606.ENSP00000479243	0	0	0	0	0.453	0	0	0.118	0.497
RAMP2	ADM2	9606.ENSP00000253796	9606.ENSP00000379087	0	0	0	0	0	0	0.400	0.880	0.924
RAMP2	VIPR1	9606.ENSP00000253796	9606.ENSP00000327246	0	0	0	0	0.066	0	0	0.940	0.942
RAMP2	CALCRL	9606.ENSP00000253796	9606.ENSP00000376177	0	0	0	0	0.128	0.946	0.900	0.999	0.999
RAMP3	EMCN	9606.ENSP00000242249	9606.ENSP00000296420	0	0	0	0	0.222	0	0	0.276	0.413
RAMP3	VIPR1	9606.ENSP00000242249	9606.ENSP00000327246	0	0	0	0	0.081	0	0	0.743	0.753
RAMP3	RAMP2	9606.ENSP00000242249	9606.ENSP00000253796	0	0	0	0.773	0.250	0	0.900	0.897	0.991
RAMP3	ADM2	9606.ENSP00000242249	9606.ENSP00000379087	0	0	0	0	0	0.900	0.400	0.922	0.994
RAMP3	CALCRL	9606.ENSP00000242249	9606.ENSP00000376177	0	0	0	0	0.083	0.926	0.900	0.999	0.999
RASIP1	MMRN2	9606.ENSP00000222145	9606.ENSP00000361097	0	0	0	0	0.171	0.107	0	0.255	0.400
RASIP1	CLEC14A	9606.ENSP00000222145	9606.ENSP00000353013	0	0	0	0	0.400	0.114	0	0.047	0.449
RASIP1	CDH5	9606.ENSP00000222145	9606.ENSP00000497290	0	0	0	0	0.225	0.051	0	0.339	0.472
RASIP1	ROBO4	9606.ENSP00000222145	9606.ENSP00000304945	0	0	0	0	0.359	0	0	0.268	0.511
RASIP1	CCM2L	9606.ENSP00000222145	9606.ENSP00000262659	0	0	0	0	0.227	0.114	0	0.506	0.633
RCC1	CDC6	9606.ENSP00000497402	9606.ENSP00000209728	0	0	0	0	0.322	0	0	0.183	0.422
RCC1	NCAPH	9606.ENSP00000497402	9606.ENSP00000240423	0	0	0	0	0.300	0	0	0.217	0.429
RCC1	DLGAP5	9606.ENSP00000497402	9606.ENSP00000247191	0	0	0	0	0.282	0.709	0	0.399	0.863
RCC1	CCNB1	9606.ENSP00000497402	9606.ENSP00000256442	0	0	0	0	0.214	0	0	0.446	0.546
RCC1	KIF11	9606.ENSP00000497402	9606.ENSP00000260731	0	0	0	0	0.258	0.045	0	0.347	0.498
RCC1	SGO1	9606.ENSP00000497402	9606.ENSP00000263753	0	0	0	0	0.112	0	0	0.392	0.437
RCC1	BUB1B	9606.ENSP00000497402	9606.ENSP00000287598	0	0	0	0	0.194	0	0	0.307	0.418
RCC1	PLK1	9606.ENSP00000497402	9606.ENSP00000300093	0	0	0	0	0.222	0	0	0.327	0.454
RCC1	TPX2	9606.ENSP00000497402	9606.ENSP00000300403	0	0	0	0	0.286	0	0	0.349	0.515
RCC1	AURKB	9606.ENSP00000497402	9606.ENSP00000313950	0	0	0	0	0.239	0	0	0.428	0.546
RCC1	CENPA	9606.ENSP00000497402	9606.ENSP00000336868	0	0	0	0	0.153	0.286	0	0.405	0.609
RCC1	NEK2	9606.ENSP00000497402	9606.ENSP00000355966	0	0	0	0	0.086	0.056	0	0.403	0.440
RCC1	KIF14	9606.ENSP00000497402	9606.ENSP00000356319	0	0	0	0	0.105	0.292	0	0.226	0.467
RCC1	ASPM	9606.ENSP00000497402	9606.ENSP00000356379	0	0	0	0	0.173	0	0	0.374	0.461
RCC1	KIF2C	9606.ENSP00000497402	9606.ENSP00000361298	0	0	0	0	0.223	0	0	0.274	0.412
RCC1	CDC20	9606.ENSP00000497402	9606.ENSP00000361540	0	0	0	0	0.322	0	0	0.271	0.485
RCC1	CDCA8	9606.ENSP00000497402	9606.ENSP00000362146	0	0	0	0	0.227	0	0	0.526	0.618
RCC1	TOP2A	9606.ENSP00000497402	9606.ENSP00000411532	0	0	0	0	0.205	0	0	0.480	0.569
RCC1	CCNA2	9606.ENSP00000497402	9606.ENSP00000481380	0	0	0	0	0.261	0	0	0.450	0.576
RCC1	RECQL4	9606.ENSP00000497402	9606.ENSP00000482313	0	0	0	0	0.173	0.292	0	0.066	0.405
RECQL4	CDC6	9606.ENSP00000482313	9606.ENSP00000209728	0	0	0	0	0.381	0	0	0.501	0.678
RECQL4	MYBL2	9606.ENSP00000482313	9606.ENSP00000217026	0	0	0	0	0.345	0	0	0.129	0.406
RECQL4	NCAPG	9606.ENSP00000482313	9606.ENSP00000251496	0	0	0	0	0.301	0.292	0	0	0.484
RECQL4	GINS2	9606.ENSP00000482313	9606.ENSP00000253462	0	0	0	0	0.262	0.292	0	0.218	0.556
RECQL4	CCNB1	9606.ENSP00000482313	9606.ENSP00000256442	0	0	0	0	0.184	0.333	0	0.463	0.682
RECQL4	TROAP	9606.ENSP00000482313	9606.ENSP00000257909	0	0	0	0	0.380	0	0	0.125	0.434
RECQL4	ESPL1	9606.ENSP00000482313	9606.ENSP00000257934	0	0	0	0	0.465	0	0	0.200	0.554
RECQL4	BRIP1	9606.ENSP00000482313	9606.ENSP00000259008	0.047	0	0	0	0.117	0	0	0.622	0.654
RECQL4	PKMYT1	9606.ENSP00000482313	9606.ENSP00000262300	0	0	0	0	0.521	0.113	0	0.179	0.621
RECQL4	GINS1	9606.ENSP00000482313	9606.ENSP00000262460	0	0	0	0	0.210	0.292	0	0.151	0.483
RECQL4	PPAT	9606.ENSP00000482313	9606.ENSP00000264220	0.078	0	0	0	0.083	0.292	0	0.203	0.459
RECQL4	POLQ	9606.ENSP00000482313	9606.ENSP00000264233	0.045	0	0	0.547	0.361	0	0	0.249	0.502
RECQL4	NEIL3	9606.ENSP00000482313	9606.ENSP00000264596	0.098	0	0	0	0.147	0	0	0.365	0.469
RECQL4	TICRR	9606.ENSP00000482313	9606.ENSP00000268138	0.045	0	0	0	0.356	0	0	0.958	0.972
RECQL4	CDCA5	9606.ENSP00000482313	9606.ENSP00000275517	0	0	0	0	0.432	0	0	0.199	0.526
RECQL4	PLK1	9606.ENSP00000482313	9606.ENSP00000300093	0	0	0	0	0.206	0.415	0	0.275	0.634
RECQL4	BIRC5	9606.ENSP00000482313	9606.ENSP00000301633	0	0	0	0	0.363	0	0	0.152	0.437
RECQL4	RMI2	9606.ENSP00000482313	9606.ENSP00000310356	0	0	0	0	0.149	0	0	0.484	0.542
RECQL4	AURKB	9606.ENSP00000482313	9606.ENSP00000313950	0	0	0	0	0.270	0.096	0	0.203	0.429
RECQL4	FOXM1	9606.ENSP00000482313	9606.ENSP00000342307	0	0	0	0	0.443	0	0	0.082	0.467
RECQL4	UBE2C	9606.ENSP00000482313	9606.ENSP00000348838	0	0	0	0	0.330	0.096	0	0.135	0.431
RECQL4	XRCC2	9606.ENSP00000482313	9606.ENSP00000352271	0	0	0	0	0.148	0	0	0.401	0.467
RECQL4	EXO1	9606.ENSP00000482313	9606.ENSP00000355506	0.050	0	0	0	0.666	0.763	0	0.782	0.981
RECQL4	KIF14	9606.ENSP00000482313	9606.ENSP00000356319	0	0	0	0	0.138	0.292	0	0.114	0.412
RECQL4	TTK	9606.ENSP00000482313	9606.ENSP00000358813	0	0	0	0	0.154	0.292	0	0.187	0.471
RECQL4	ALDH18A1	9606.ENSP00000482313	9606.ENSP00000360268	0.086	0	0	0	0.218	0.292	0	0.244	0.566
RECQL4	RAD54L	9606.ENSP00000482313	9606.ENSP00000361043	0.048	0	0	0	0.462	0.401	0	0.482	0.820
RECQL4	CDC20	9606.ENSP00000482313	9606.ENSP00000361540	0	0	0	0	0.262	0	0	0.229	0.407
RECQL4	CDCA8	9606.ENSP00000482313	9606.ENSP00000362146	0	0	0	0	0.358	0	0	0.202	0.466
RECQL4	HMMR	9606.ENSP00000482313	9606.ENSP00000377492	0	0	0	0	0.172	0	0	0.431	0.509
RECQL4	PAICS	9606.ENSP00000482313	9606.ENSP00000382595	0	0	0	0	0.097	0.292	0	0.226	0.462
RECQL4	PYCR1	9606.ENSP00000482313	9606.ENSP00000384949	0.047	0	0	0	0.138	0.292	0	0.091	0.400
RECQL4	CHEK1	9606.ENSP00000482313	9606.ENSP00000391090	0	0	0	0	0.191	0.299	0	0.583	0.743
RECQL4	CDC45	9606.ENSP00000482313	9606.ENSP00000405726	0	0	0	0	0.520	0.510	0	0.930	0.982
RECQL4	TOP2A	9606.ENSP00000482313	9606.ENSP00000411532	0.069	0	0	0	0.223	0.281	0	0.387	0.638
RECQL4	MCM10	9606.ENSP00000482313	9606.ENSP00000418268	0	0	0	0	0.479	0.526	0	0.961	0.989
RECQL4	PBK	9606.ENSP00000482313	9606.ENSP00000428489	0	0	0	0	0.190	0.292	0	0.091	0.433
RECQL4	RCC1	9606.ENSP00000482313	9606.ENSP00000497402	0	0	0	0	0.173	0.292	0	0.066	0.405
RECQL4	UBE2T	9606.ENSP00000482313	9606.ENSP00000494957	0	0	0	0	0.240	0.096	0	0.226	0.423
RGCC	CCNB1	9606.ENSP00000368664	9606.ENSP00000256442	0	0	0	0	0	0	0	0.810	0.810
RGCC	PLK1	9606.ENSP00000368664	9606.ENSP00000300093	0	0	0	0	0	0.292	0	0.502	0.632
RGS17	SPTBN2	9606.ENSP00000206262	9606.ENSP00000432568	0	0	0	0	0.055	0.053	0	0.428	0.443
RGS17	S1PR1	9606.ENSP00000206262	9606.ENSP00000305416	0	0	0	0	0.046	0	0	0.454	0.457
RHBDL2	CLEC14A	9606.ENSP00000289248	9606.ENSP00000353013	0	0	0	0	0.049	0.053	0	0.454	0.466
RMI2	GINS2	9606.ENSP00000310356	9606.ENSP00000253462	0	0	0	0	0.320	0	0	0.246	0.465
RMI2	CCNB1	9606.ENSP00000310356	9606.ENSP00000256442	0	0	0	0	0.365	0	0	0.119	0.416
RMI2	BRIP1	9606.ENSP00000310356	9606.ENSP00000259008	0	0	0	0	0.161	0	0.500	0.457	0.752
RMI2	POLQ	9606.ENSP00000310356	9606.ENSP00000264233	0	0	0	0	0.219	0	0	0.304	0.433
RMI2	CDCA5	9606.ENSP00000310356	9606.ENSP00000275517	0	0	0	0	0.439	0	0	0.106	0.477
RMI2	MELK	9606.ENSP00000310356	9606.ENSP00000298048	0	0	0	0	0.380	0	0	0.085	0.409
RMI2	TPX2	9606.ENSP00000310356	9606.ENSP00000300403	0	0	0	0	0.378	0	0	0.088	0.408
RMI2	UBE2C	9606.ENSP00000310356	9606.ENSP00000348838	0	0	0	0	0.337	0	0	0.135	0.402
RMI2	CCNA2	9606.ENSP00000310356	9606.ENSP00000481380	0	0	0	0	0.326	0	0	0.170	0.417
RMI2	CDCA8	9606.ENSP00000310356	9606.ENSP00000362146	0	0	0	0	0.411	0	0	0.082	0.436
RMI2	MKI67	9606.ENSP00000310356	9606.ENSP00000357643	0	0	0	0	0.242	0.292	0	0	0.440
RMI2	MCM10	9606.ENSP00000310356	9606.ENSP00000418268	0	0	0	0	0.326	0	0	0.227	0.457
RMI2	TOP2A	9606.ENSP00000310356	9606.ENSP00000411532	0	0	0	0	0.342	0	0	0.291	0.514
RMI2	RECQL4	9606.ENSP00000310356	9606.ENSP00000482313	0	0	0	0	0.149	0	0	0.484	0.542
RMI2	ERCC6L	9606.ENSP00000310356	9606.ENSP00000334675	0	0	0	0	0.204	0	0	0.480	0.568
RMI2	RAD54L	9606.ENSP00000310356	9606.ENSP00000361043	0	0	0	0	0.321	0	0	0.442	0.605
RMI2	CDC45	9606.ENSP00000310356	9606.ENSP00000405726	0	0	0	0	0.454	0	0	0.329	0.618
RMI2	XRCC2	9606.ENSP00000310356	9606.ENSP00000352271	0	0	0	0	0.084	0	0.500	0.255	0.629
RMI2	UBE2T	9606.ENSP00000310356	9606.ENSP00000494957	0	0	0	0	0.462	0	0	0.455	0.694
RMI2	CHEK1	9606.ENSP00000310356	9606.ENSP00000391090	0	0	0	0	0.255	0	0.500	0.370	0.744
RMI2	EXO1	9606.ENSP00000310356	9606.ENSP00000355506	0	0	0.214	0	0.364	0	0.500	0.601	0.887
ROBO4	RASIP1	9606.ENSP00000304945	9606.ENSP00000222145	0	0	0	0	0.359	0	0	0.268	0.511
ROBO4	CD93	9606.ENSP00000304945	9606.ENSP00000246006	0	0	0	0	0.213	0	0	0.488	0.580
ROBO4	USHBP1	9606.ENSP00000304945	9606.ENSP00000252597	0	0	0	0	0.405	0	0	0.140	0.467
ROBO4	RAMP2	9606.ENSP00000304945	9606.ENSP00000253796	0	0	0	0	0.363	0	0	0.166	0.447
ROBO4	CCM2L	9606.ENSP00000304945	9606.ENSP00000262659	0	0	0	0	0.423	0	0	0.156	0.492
ROBO4	EMCN	9606.ENSP00000304945	9606.ENSP00000296420	0	0	0	0	0.489	0	0	0.425	0.694
ROBO4	SOX7	9606.ENSP00000304945	9606.ENSP00000301921	0	0	0	0	0.189	0	0	0.371	0.469
ROBO4	PECAM1	9606.ENSP00000304945	9606.ENSP00000457421	0	0	0	0	0.173	0.122	0	0.397	0.524
ROBO4	PTPRB	9606.ENSP00000304945	9606.ENSP00000334928	0	0	0	0	0.356	0.056	0	0.330	0.557
ROBO4	ECSCR	9606.ENSP00000304945	9606.ENSP00000479243	0	0	0	0	0.303	0	0	0.419	0.577
ROBO4	TEK	9606.ENSP00000304945	9606.ENSP00000369375	0	0	0	0	0.347	0.050	0	0.444	0.625
ROBO4	CLEC14A	9606.ENSP00000304945	9606.ENSP00000353013	0	0	0.252	0	0.345	0	0	0.420	0.691
ROBO4	CDH5	9606.ENSP00000304945	9606.ENSP00000497290	0	0	0	0	0.424	0	0	0.512	0.707
ROBO4	MMRN2	9606.ENSP00000304945	9606.ENSP00000361097	0	0	0	0	0.635	0.053	0	0.298	0.736
RRM2	CDC6	9606.ENSP00000353770	9606.ENSP00000209728	0	0	0	0	0.745	0	0	0.734	0.929
RRM2	MYBL2	9606.ENSP00000353770	9606.ENSP00000217026	0	0	0	0	0.553	0	0	0.453	0.745
RRM2	ORC6	9606.ENSP00000353770	9606.ENSP00000219097	0	0	0	0	0.286	0	0	0.435	0.579
RRM2	NCAPH	9606.ENSP00000353770	9606.ENSP00000240423	0	0	0	0	0.620	0	0	0.297	0.721
RRM2	DLGAP5	9606.ENSP00000353770	9606.ENSP00000247191	0	0	0	0	0.848	0	0	0.683	0.950
RRM2	E2F8	9606.ENSP00000353770	9606.ENSP00000250024	0	0	0	0	0.688	0	0	0.401	0.805
RRM2	NCAPG	9606.ENSP00000353770	9606.ENSP00000251496	0	0	0	0	0.802	0	0	0.475	0.892
RRM2	GINS2	9606.ENSP00000353770	9606.ENSP00000253462	0	0	0	0	0.467	0	0	0.289	0.605
RRM2	CCNB1	9606.ENSP00000353770	9606.ENSP00000256442	0	0	0	0	0.653	0	0	0.739	0.905
RRM2	TROAP	9606.ENSP00000353770	9606.ENSP00000257909	0	0	0	0	0.407	0	0	0.185	0.496
RRM2	ESPL1	9606.ENSP00000353770	9606.ENSP00000257934	0	0	0	0	0.471	0	0	0.328	0.629
RRM2	KIF11	9606.ENSP00000353770	9606.ENSP00000260731	0	0	0	0	0.863	0	0	0.634	0.947
RRM2	NDC80	9606.ENSP00000353770	9606.ENSP00000261597	0	0	0	0	0.684	0	0	0.229	0.745
RRM2	PKMYT1	9606.ENSP00000353770	9606.ENSP00000262300	0	0	0	0	0.299	0	0	0.366	0.536
RRM2	GINS1	9606.ENSP00000353770	9606.ENSP00000262460	0	0	0	0	0.614	0	0	0.551	0.819
RRM2	SGO1	9606.ENSP00000353770	9606.ENSP00000263753	0	0	0	0	0.350	0	0	0.223	0.473
RRM2	NEIL3	9606.ENSP00000353770	9606.ENSP00000264596	0	0	0	0	0.411	0	0	0.066	0.426
RRM2	DEPDC1B	9606.ENSP00000353770	9606.ENSP00000265036	0	0	0	0	0.474	0	0	0.203	0.563
RRM2	ANLN	9606.ENSP00000353770	9606.ENSP00000265748	0	0	0	0	0.420	0	0	0.645	0.785
RRM2	TICRR	9606.ENSP00000353770	9606.ENSP00000268138	0	0	0	0	0.337	0	0	0.197	0.445
RRM2	NUF2	9606.ENSP00000353770	9606.ENSP00000271452	0	0	0	0	0.641	0	0	0.433	0.787
RRM2	CDCA5	9606.ENSP00000353770	9606.ENSP00000275517	0	0	0	0	0.516	0	0	0.375	0.684
RRM2	BUB1B	9606.ENSP00000353770	9606.ENSP00000287598	0	0	0	0	0.823	0	0	0.576	0.922
RRM2	CCNB2	9606.ENSP00000353770	9606.ENSP00000288207	0	0	0	0	0.566	0	0	0.808	0.913
RRM2	MELK	9606.ENSP00000353770	9606.ENSP00000298048	0	0	0	0	0.811	0.060	0	0.656	0.933
RRM2	PLK1	9606.ENSP00000353770	9606.ENSP00000300093	0	0	0	0	0.478	0.329	0	0.667	0.873
RRM2	TPX2	9606.ENSP00000353770	9606.ENSP00000300403	0	0	0	0	0.812	0	0	0.713	0.943
RRM2	BIRC5	9606.ENSP00000353770	9606.ENSP00000301633	0	0	0	0	0.758	0	0	0.584	0.895
RRM2	CKAP2L	9606.ENSP00000353770	9606.ENSP00000305204	0	0	0	0	0.393	0	0	0.199	0.493
RRM2	AURKB	9606.ENSP00000353770	9606.ENSP00000313950	0	0	0	0	0.621	0	0	0.596	0.840
RRM2	SKA3	9606.ENSP00000353770	9606.ENSP00000319417	0	0	0	0	0.472	0	0	0.066	0.485
RRM2	EZH2	9606.ENSP00000353770	9606.ENSP00000320147	0	0	0	0	0.502	0.091	0	0.290	0.650
RRM2	CDC25C	9606.ENSP00000353770	9606.ENSP00000321656	0	0	0	0	0.409	0	0	0.453	0.663
RRM2	SPAG5	9606.ENSP00000353770	9606.ENSP00000323300	0	0	0	0	0.602	0.049	0	0.225	0.681
RRM2	KIF15	9606.ENSP00000353770	9606.ENSP00000324020	0	0	0	0	0.612	0	0	0.220	0.684
RRM2	CDCA2	9606.ENSP00000353770	9606.ENSP00000328228	0	0	0	0	0.420	0	0	0.194	0.513
RRM2	CENPA	9606.ENSP00000353770	9606.ENSP00000336868	0	0	0	0	0.554	0	0	0.608	0.818
RRM2	FOXM1	9606.ENSP00000353770	9606.ENSP00000342307	0	0	0	0	0.681	0	0	0.505	0.835
RRM2	UBE2C	9606.ENSP00000353770	9606.ENSP00000348838	0	0	0	0	0.730	0.068	0	0.749	0.931
RRM2	IQGAP3	9606.ENSP00000353770	9606.ENSP00000354451	0	0	0	0	0.328	0	0	0.204	0.442
RRM2	STIL	9606.ENSP00000353770	9606.ENSP00000360944	0	0	0	0	0.378	0.102	0	0.129	0.472
RRM2	UBE2T	9606.ENSP00000353770	9606.ENSP00000494957	0	0	0	0	0.368	0.068	0	0.347	0.582
RRM2	RAD54L	9606.ENSP00000353770	9606.ENSP00000361043	0	0	0	0	0.383	0.053	0	0.373	0.602
RRM2	KIF14	9606.ENSP00000353770	9606.ENSP00000356319	0	0	0	0	0.452	0	0	0.309	0.606
RRM2	GTSE1	9606.ENSP00000353770	9606.ENSP00000415430	0	0	0	0	0.384	0	0	0.400	0.614
RRM2	DEPDC1	9606.ENSP00000353770	9606.ENSP00000412292	0	0	0	0	0.453	0	0	0.327	0.616
RRM2	KIF18B	9606.ENSP00000353770	9606.ENSP00000465992	0	0	0	0	0.602	0	0	0.252	0.690
RRM2	NEK2	9606.ENSP00000353770	9606.ENSP00000355966	0	0	0	0	0.521	0	0	0.447	0.724
RRM2	KIF2C	9606.ENSP00000353770	9606.ENSP00000361298	0	0	0	0	0.561	0	0	0.473	0.758
RRM2	CDCA3	9606.ENSP00000353770	9606.ENSP00000442068	0	0	0	0	0.605	0	0	0.414	0.759
RRM2	EXO1	9606.ENSP00000353770	9606.ENSP00000355506	0	0	0	0	0.600	0.071	0	0.475	0.788
RRM2	HMMR	9606.ENSP00000353770	9606.ENSP00000377492	0	0	0	0	0.681	0.049	0	0.414	0.807
RRM2	MCM10	9606.ENSP00000353770	9606.ENSP00000418268	0	0	0	0	0.683	0	0	0.453	0.820
RRM2	TTK	9606.ENSP00000353770	9606.ENSP00000358813	0	0	0	0	0.689	0	0	0.447	0.820
RRM2	CENPF	9606.ENSP00000353770	9606.ENSP00000355922	0	0	0	0	0.530	0	0	0.638	0.822
RRM2	UHRF1	9606.ENSP00000353770	9606.ENSP00000479617	0	0	0	0	0.785	0	0	0.329	0.850
RRM2	CHEK1	9606.ENSP00000353770	9606.ENSP00000391090	0	0	0	0	0.463	0.079	0	0.725	0.852
RRM2	ASPM	9606.ENSP00000353770	9606.ENSP00000356379	0	0	0	0	0.626	0	0	0.627	0.854
RRM2	CDCA8	9606.ENSP00000353770	9606.ENSP00000362146	0	0	0	0	0.611	0	0	0.659	0.861
RRM2	HJURP	9606.ENSP00000353770	9606.ENSP00000414109	0	0	0	0	0.706	0	0	0.564	0.866
RRM2	CDC45	9606.ENSP00000353770	9606.ENSP00000405726	0	0	0	0	0.708	0	0	0.573	0.870
RRM2	CDC20	9606.ENSP00000353770	9606.ENSP00000361540	0	0	0	0	0.770	0.049	0	0.609	0.907
RRM2	ENTPD8	9606.ENSP00000353770	9606.ENSP00000360561	0	0	0	0	0	0	0.914	0	0.914
RRM2	KIF4A	9606.ENSP00000353770	9606.ENSP00000363524	0	0	0	0	0.804	0	0	0.642	0.927
RRM2	PBK	9606.ENSP00000353770	9606.ENSP00000428489	0	0	0	0	0.783	0	0	0.690	0.930
RRM2	KIF20A	9606.ENSP00000353770	9606.ENSP00000378356	0	0	0	0	0.814	0	0	0.665	0.935
RRM2	CCNA2	9606.ENSP00000353770	9606.ENSP00000481380	0	0	0	0	0.842	0	0	0.628	0.939
RRM2	ZWINT	9606.ENSP00000353770	9606.ENSP00000363055	0	0	0	0	0.900	0	0	0.446	0.942
RRM2	MKI67	9606.ENSP00000353770	9606.ENSP00000357643	0	0	0	0	0.822	0	0	0.708	0.945
RRM2	CEP55	9606.ENSP00000353770	9606.ENSP00000360540	0	0	0	0	0.801	0	0	0.739	0.945
RRM2	TOP2A	9606.ENSP00000353770	9606.ENSP00000411532	0	0.035	0	0	0.807	0	0	0.785	0.956
RXFP1	LGR4	9606.ENSP00000405841	9606.ENSP00000368516	0	0	0	0.594	0.063	0.071	0	0.394	0.427
RXFP1	CALCRL	9606.ENSP00000405841	9606.ENSP00000376177	0	0	0	0	0.060	0	0	0.453	0.464
S1PR1	RGS17	9606.ENSP00000305416	9606.ENSP00000206262	0	0	0	0	0.046	0	0	0.454	0.457
S1PR1	CAV1	9606.ENSP00000305416	9606.ENSP00000339191	0	0	0	0	0.053	0.294	0	0.204	0.422
S1PR1	ALDH18A1	9606.ENSP00000305416	9606.ENSP00000360268	0	0	0	0	0	0	0	0.462	0.462
S1PR1	CDH5	9606.ENSP00000305416	9606.ENSP00000497290	0	0	0	0	0.181	0	0	0.419	0.504
S1PR1	PECAM1	9606.ENSP00000305416	9606.ENSP00000457421	0	0	0	0	0.235	0.091	0	0.360	0.516
SALL4	MYBL2	9606.ENSP00000217086	9606.ENSP00000217026	0	0	0	0	0.144	0	0	0.509	0.561
SALL4	SOX7	9606.ENSP00000217086	9606.ENSP00000301921	0	0	0	0	0	0.069	0	0.383	0.401
SALL4	PITX2	9606.ENSP00000217086	9606.ENSP00000495061	0	0	0	0	0.067	0	0	0.473	0.487
SALL4	SOX17	9606.ENSP00000217086	9606.ENSP00000297316	0	0	0	0	0.042	0.069	0	0.546	0.560
SALL4	EPAS1	9606.ENSP00000217086	9606.ENSP00000263734	0	0	0	0	0	0	0.500	0.169	0.566
SALL4	EZH2	9606.ENSP00000217086	9606.ENSP00000320147	0	0	0	0	0.105	0.054	0.500	0.349	0.688
SAPCD2	CDCA5	9606.ENSP00000386348	9606.ENSP00000275517	0	0	0	0	0.462	0	0	0	0.462
SEMA3G	CDH5	9606.ENSP00000231721	9606.ENSP00000497290	0	0	0	0	0.296	0	0	0.201	0.414
SEMA3G	LYVE1	9606.ENSP00000231721	9606.ENSP00000256178	0	0	0	0	0.157	0.045	0	0.419	0.491
SEMA3G	ARHGEF15	9606.ENSP00000231721	9606.ENSP00000355026	0	0	0	0	0.256	0	0	0.489	0.603
SGO1	CDC6	9606.ENSP00000263753	9606.ENSP00000209728	0	0	0	0	0.380	0	0	0.252	0.516
SGO1	MYBL2	9606.ENSP00000263753	9606.ENSP00000217026	0	0	0	0	0.328	0.045	0	0.190	0.435
SGO1	NCAPH	9606.ENSP00000263753	9606.ENSP00000240423	0	0	0	0	0.393	0	0	0.336	0.580
SGO1	DLGAP5	9606.ENSP00000263753	9606.ENSP00000247191	0	0	0	0	0.778	0	0	0.348	0.849
SGO1	E2F8	9606.ENSP00000263753	9606.ENSP00000250024	0	0	0	0	0.323	0.046	0	0.172	0.419
SGO1	NCAPG	9606.ENSP00000263753	9606.ENSP00000251496	0	0	0	0	0.555	0.047	0	0.392	0.719
SGO1	CCNB1	9606.ENSP00000263753	9606.ENSP00000256442	0	0	0	0	0.492	0.045	0.400	0.397	0.801
SGO1	TROAP	9606.ENSP00000263753	9606.ENSP00000257909	0	0	0	0	0.412	0	0	0.077	0.434
SGO1	ESPL1	9606.ENSP00000263753	9606.ENSP00000257934	0	0	0	0	0.589	0	0.500	0.893	0.976
SGO1	KIF11	9606.ENSP00000263753	9606.ENSP00000260731	0	0	0	0	0.714	0	0	0.467	0.841
SGO1	NDC80	9606.ENSP00000263753	9606.ENSP00000261597	0	0	0	0	0.754	0	0	0.737	0.932
SGO1	GINS1	9606.ENSP00000263753	9606.ENSP00000262460	0	0	0	0	0.221	0	0	0.419	0.528
SGO1	ARHGEF39	9606.ENSP00000263753	9606.ENSP00000367638	0	0	0	0	0.403	0	0	0	0.403
SGO1	CLEC14A	9606.ENSP00000263753	9606.ENSP00000353013	0	0	0.402	0	0.059	0.050	0	0	0.418
SGO1	ZWINT	9606.ENSP00000263753	9606.ENSP00000363055	0	0	0	0	0.127	0	0	0.363	0.420
SGO1	CHEK1	9606.ENSP00000263753	9606.ENSP00000391090	0	0	0	0	0.319	0	0	0.193	0.427
SGO1	RCC1	9606.ENSP00000263753	9606.ENSP00000497402	0	0	0	0	0.112	0	0	0.392	0.437
SGO1	CDC45	9606.ENSP00000263753	9606.ENSP00000405726	0	0	0	0	0.309	0	0	0.230	0.445
SGO1	TICRR	9606.ENSP00000263753	9606.ENSP00000268138	0	0	0	0	0.398	0	0	0.146	0.464
SGO1	HMMR	9606.ENSP00000263753	9606.ENSP00000377492	0	0	0	0	0.385	0	0	0.170	0.468
SGO1	RRM2	9606.ENSP00000263753	9606.ENSP00000353770	0	0	0	0	0.350	0	0	0.223	0.473
SGO1	DEPDC1B	9606.ENSP00000263753	9606.ENSP00000265036	0	0	0	0	0.450	0	0	0.097	0.482
SGO1	DEPDC1	9606.ENSP00000263753	9606.ENSP00000412292	0	0	0	0	0.427	0	0	0.160	0.498
SGO1	MCM10	9606.ENSP00000263753	9606.ENSP00000418268	0	0	0	0	0.406	0	0	0.205	0.507
SGO1	NEIL3	9606.ENSP00000263753	9606.ENSP00000264596	0	0	0	0	0.450	0	0	0.179	0.529
SGO1	FOXM1	9606.ENSP00000263753	9606.ENSP00000342307	0	0	0	0	0.448	0.054	0	0.184	0.537
SGO1	CDC25C	9606.ENSP00000263753	9606.ENSP00000321656	0	0	0	0	0.462	0	0	0.191	0.546
SGO1	UBE2C	9606.ENSP00000263753	9606.ENSP00000348838	0	0	0	0	0.488	0.045	0	0.202	0.575
SGO1	KIF18B	9606.ENSP00000263753	9606.ENSP00000465992	0	0	0	0	0.383	0.068	0	0.348	0.592
SGO1	EXO1	9606.ENSP00000263753	9606.ENSP00000355506	0	0	0	0	0.523	0	0	0.181	0.593
SGO1	GTSE1	9606.ENSP00000263753	9606.ENSP00000415430	0	0	0	0	0.485	0.046	0	0.246	0.597
SGO1	KIF14	9606.ENSP00000263753	9606.ENSP00000356319	0	0	0	0	0.447	0	0	0.311	0.603
SGO1	MKI67	9606.ENSP00000263753	9606.ENSP00000357643	0	0	0	0	0.534	0.045	0	0.194	0.610
SGO1	TPX2	9606.ENSP00000263753	9606.ENSP00000300403	0	0	0	0	0.457	0	0	0.314	0.611
SGO1	TOP2A	9606.ENSP00000263753	9606.ENSP00000411532	0	0	0	0	0.556	0	0	0.301	0.676
SGO1	KIF4A	9606.ENSP00000263753	9606.ENSP00000363524	0	0	0	0	0.519	0	0	0.397	0.698
SGO1	SKA3	9606.ENSP00000263753	9606.ENSP00000319417	0	0	0	0	0.490	0.171	0	0.381	0.716
SGO1	CDCA3	9606.ENSP00000263753	9606.ENSP00000442068	0	0	0	0	0.636	0	0	0.254	0.717
SGO1	KIF15	9606.ENSP00000263753	9606.ENSP00000324020	0	0	0	0	0.620	0.043	0	0.300	0.723
SGO1	MELK	9606.ENSP00000263753	9606.ENSP00000298048	0	0	0	0	0.657	0.045	0	0.250	0.733
SGO1	ASPM	9606.ENSP00000263753	9606.ENSP00000356379	0	0	0	0	0.634	0	0	0.305	0.734
SGO1	CEP55	9606.ENSP00000263753	9606.ENSP00000360540	0	0	0	0	0.623	0	0	0.355	0.746
SGO1	CENPF	9606.ENSP00000263753	9606.ENSP00000355922	0	0	0	0	0.580	0	0	0.419	0.746
SGO1	CKAP2L	9606.ENSP00000263753	9606.ENSP00000305204	0	0	0	0	0.647	0	0	0.314	0.747
SGO1	ERCC6L	9606.ENSP00000263753	9606.ENSP00000334675	0	0	0	0	0.470	0.071	0	0.529	0.748
SGO1	CDCA2	9606.ENSP00000263753	9606.ENSP00000328228	0	0	0.265	0	0.534	0	0	0.329	0.750
SGO1	PBK	9606.ENSP00000263753	9606.ENSP00000428489	0	0	0	0	0.695	0.071	0	0.207	0.755
SGO1	HJURP	9606.ENSP00000263753	9606.ENSP00000414109	0	0	0	0	0.510	0	0	0.533	0.761
SGO1	BIRC5	9606.ENSP00000263753	9606.ENSP00000301633	0	0	0	0	0.693	0.045	0	0.295	0.775
SGO1	CCNA2	9606.ENSP00000263753	9606.ENSP00000481380	0	0	0	0	0.698	0	0	0.317	0.785
SGO1	KIF20A	9606.ENSP00000263753	9606.ENSP00000378356	0	0	0	0	0.714	0	0	0.300	0.791
SGO1	SPAG5	9606.ENSP00000263753	9606.ENSP00000323300	0	0	0	0	0.657	0.099	0	0.420	0.805
SGO1	CCNB2	9606.ENSP00000263753	9606.ENSP00000288207	0	0	0	0	0.526	0.045	0.400	0.464	0.835
SGO1	TTK	9606.ENSP00000263753	9606.ENSP00000358813	0	0	0	0	0.731	0	0	0.419	0.837
SGO1	NEK2	9606.ENSP00000263753	9606.ENSP00000355966	0	0	0	0	0.748	0	0	0.430	0.850
SGO1	NUF2	9606.ENSP00000263753	9606.ENSP00000271452	0	0	0	0	0.740	0	0	0.478	0.858
SGO1	CENPA	9606.ENSP00000263753	9606.ENSP00000336868	0	0	0	0	0.574	0.042	0	0.730	0.880
SGO1	KIF2C	9606.ENSP00000263753	9606.ENSP00000361298	0	0	0	0	0.676	0.189	0	0.748	0.928
SGO1	CDCA5	9606.ENSP00000263753	9606.ENSP00000275517	0	0	0	0	0.558	0.292	0	0.800	0.932
SGO1	AURKB	9606.ENSP00000263753	9606.ENSP00000313950	0	0	0	0	0.542	0.292	0	0.912	0.969
SGO1	PLK1	9606.ENSP00000263753	9606.ENSP00000300093	0	0	0	0	0.389	0.294	0.800	0.728	0.973
SGO1	BUB1B	9606.ENSP00000263753	9606.ENSP00000287598	0	0	0	0	0.735	0.294	0.500	0.759	0.974
SGO1	CDC20	9606.ENSP00000263753	9606.ENSP00000361540	0	0	0	0	0.578	0.066	0.800	0.852	0.986
SGO1	CDCA8	9606.ENSP00000263753	9606.ENSP00000362146	0	0	0	0	0.859	0.294	0	0.966	0.996
SH2D3C	CSRNP1	9606.ENSP00000317817	9606.ENSP00000273153	0	0	0	0	0.054	0	0	0.405	0.413
SH2D3C	CAV1	9606.ENSP00000317817	9606.ENSP00000339191	0	0	0	0	0	0.188	0	0.414	0.503
SKA3	CDC6	9606.ENSP00000319417	9606.ENSP00000209728	0	0	0	0	0.465	0	0	0.174	0.539
SKA3	MYBL2	9606.ENSP00000319417	9606.ENSP00000217026	0	0	0	0	0.465	0	0	0.184	0.545
SKA3	NCAPH	9606.ENSP00000319417	9606.ENSP00000240423	0	0	0	0	0.670	0	0	0.461	0.814
SKA3	DLGAP5	9606.ENSP00000319417	9606.ENSP00000247191	0	0	0	0	0.733	0	0	0.287	0.801
SKA3	NCAPG	9606.ENSP00000319417	9606.ENSP00000251496	0	0	0	0	0.690	0	0	0.316	0.779
SKA3	CCNB1	9606.ENSP00000319417	9606.ENSP00000256442	0	0	0	0	0.566	0	0.720	0.327	0.911
SKA3	TROAP	9606.ENSP00000319417	9606.ENSP00000257909	0	0	0	0	0.404	0	0	0.199	0.502
SKA3	ESPL1	9606.ENSP00000319417	9606.ENSP00000257934	0	0	0	0	0.328	0	0	0.200	0.439
SKA3	KIF11	9606.ENSP00000319417	9606.ENSP00000260731	0	0	0	0	0.559	0	0	0.292	0.675
SKA3	NDC80	9606.ENSP00000319417	9606.ENSP00000261597	0	0	0	0	0.496	0	0.720	0.629	0.943
SKA3	GINS1	9606.ENSP00000319417	9606.ENSP00000262460	0	0	0	0	0.345	0	0	0.187	0.445
SKA3	SGO1	9606.ENSP00000319417	9606.ENSP00000263753	0	0	0	0	0.490	0.171	0	0.381	0.716
SKA3	POLQ	9606.ENSP00000319417	9606.ENSP00000264233	0	0	0	0	0.393	0	0	0.087	0.422
SKA3	NEIL3	9606.ENSP00000319417	9606.ENSP00000264596	0	0	0	0	0.451	0	0	0.132	0.503
SKA3	DEPDC1B	9606.ENSP00000319417	9606.ENSP00000265036	0	0	0	0	0.567	0	0	0.117	0.601
SKA3	ANLN	9606.ENSP00000319417	9606.ENSP00000265748	0	0	0	0	0.450	0	0	0.311	0.604
SKA3	TICRR	9606.ENSP00000319417	9606.ENSP00000268138	0	0	0	0	0.525	0	0	0.090	0.550
SKA3	NUF2	9606.ENSP00000319417	9606.ENSP00000271452	0	0	0	0	0.642	0	0	0.713	0.893
SKA3	CDCA5	9606.ENSP00000319417	9606.ENSP00000275517	0	0	0	0	0.545	0	0	0.270	0.653
SKA3	BUB1B	9606.ENSP00000319417	9606.ENSP00000287598	0	0	0	0	0.558	0.171	0.900	0.443	0.976
SKA3	CCNB2	9606.ENSP00000319417	9606.ENSP00000288207	0	0	0	0	0.568	0	0	0.225	0.651
SKA3	MELK	9606.ENSP00000319417	9606.ENSP00000298048	0	0	0	0	0.568	0	0	0.373	0.718
SKA3	PLK1	9606.ENSP00000319417	9606.ENSP00000300093	0	0	0	0	0.450	0.292	0.720	0.467	0.934
SKA3	TPX2	9606.ENSP00000319417	9606.ENSP00000300403	0	0	0	0	0.529	0	0	0.576	0.791
SKA3	BIRC5	9606.ENSP00000319417	9606.ENSP00000301633	0	0	0	0	0.464	0	0	0.273	0.594
SKA3	CKAP2L	9606.ENSP00000319417	9606.ENSP00000305204	0	0	0	0	0.764	0	0	0.125	0.784
SKA3	AURKB	9606.ENSP00000319417	9606.ENSP00000313950	0	0	0	0	0.469	0.292	0	0.475	0.785
SKA3	CHEK1	9606.ENSP00000319417	9606.ENSP00000391090	0	0	0	0	0.402	0	0	0.103	0.441
SKA3	STIL	9606.ENSP00000319417	9606.ENSP00000360944	0	0	0	0	0.416	0	0	0.117	0.463
SKA3	UHRF1	9606.ENSP00000319417	9606.ENSP00000479617	0	0	0	0	0.350	0	0	0.234	0.481
SKA3	RRM2	9606.ENSP00000319417	9606.ENSP00000353770	0	0	0	0	0.472	0	0	0.066	0.485
SKA3	KIF14	9606.ENSP00000319417	9606.ENSP00000356319	0	0	0	0	0.458	0	0	0.122	0.504
SKA3	KIF18B	9606.ENSP00000319417	9606.ENSP00000465992	0	0	0	0	0.361	0	0	0.271	0.514
SKA3	NEK2	9606.ENSP00000319417	9606.ENSP00000355966	0	0	0	0	0.391	0	0	0.262	0.532
SKA3	UBE2T	9606.ENSP00000319417	9606.ENSP00000494957	0	0	0	0	0.461	0	0	0.169	0.533
SKA3	SPAG5	9606.ENSP00000319417	9606.ENSP00000323300	0	0	0	0	0.437	0	0	0.263	0.568
SKA3	CDCA3	9606.ENSP00000319417	9606.ENSP00000442068	0	0	0	0	0.499	0	0	0.208	0.586
SKA3	MKI67	9606.ENSP00000319417	9606.ENSP00000357643	0	0	0	0	0.513	0	0	0.187	0.587
SKA3	CDC25C	9606.ENSP00000319417	9606.ENSP00000321656	0	0	0	0	0.513	0	0	0.189	0.588
SKA3	RAD54L	9606.ENSP00000319417	9606.ENSP00000361043	0	0	0	0	0.493	0.046	0	0.230	0.595
SKA3	CDC45	9606.ENSP00000319417	9606.ENSP00000405726	0	0	0	0	0.533	0	0	0.183	0.602
SKA3	HJURP	9606.ENSP00000319417	9606.ENSP00000414109	0	0	0	0	0.491	0	0	0.264	0.610
SKA3	GTSE1	9606.ENSP00000319417	9606.ENSP00000415430	0	0	0.203	0	0.424	0	0	0.235	0.618
SKA3	CEP55	9606.ENSP00000319417	9606.ENSP00000360540	0	0	0	0	0.543	0	0	0.220	0.628
SKA3	KIF15	9606.ENSP00000319417	9606.ENSP00000324020	0	0	0	0	0.585	0	0	0.160	0.636
SKA3	TOP2A	9606.ENSP00000319417	9606.ENSP00000411532	0	0	0	0	0.516	0	0	0.292	0.643
SKA3	KIF20A	9606.ENSP00000319417	9606.ENSP00000378356	0	0	0	0	0.524	0	0	0.291	0.648
SKA3	CDCA8	9606.ENSP00000319417	9606.ENSP00000362146	0	0	0	0	0.514	0	0	0.309	0.650
SKA3	CENPA	9606.ENSP00000319417	9606.ENSP00000336868	0	0	0	0	0.470	0	0	0.380	0.657
SKA3	CDC20	9606.ENSP00000319417	9606.ENSP00000361540	0	0	0	0	0.531	0	0	0.318	0.666
SKA3	ASPM	9606.ENSP00000319417	9606.ENSP00000356379	0	0	0	0	0.546	0	0	0.310	0.673
SKA3	PBK	9606.ENSP00000319417	9606.ENSP00000428489	0	0	0	0	0.604	0	0	0.213	0.675
SKA3	FOXM1	9606.ENSP00000319417	9606.ENSP00000342307	0	0	0	0	0.384	0	0	0.506	0.683
SKA3	DEPDC1	9606.ENSP00000319417	9606.ENSP00000412292	0	0	0	0	0.512	0	0	0.439	0.714
SKA3	UBE2C	9606.ENSP00000319417	9606.ENSP00000348838	0	0	0	0	0.546	0	0	0.405	0.719
SKA3	MCM10	9606.ENSP00000319417	9606.ENSP00000418268	0	0	0	0	0.536	0	0	0.428	0.724
SKA3	ZWINT	9606.ENSP00000319417	9606.ENSP00000363055	0	0	0	0	0.495	0.172	0	0.398	0.726
SKA3	ERCC6L	9606.ENSP00000319417	9606.ENSP00000334675	0	0	0	0	0.642	0.046	0	0.309	0.743
SKA3	CCNA2	9606.ENSP00000319417	9606.ENSP00000481380	0	0	0	0	0.528	0	0	0.559	0.783
SKA3	EXO1	9606.ENSP00000319417	9606.ENSP00000355506	0	0	0	0	0.771	0	0	0.161	0.800
SKA3	KIF4A	9606.ENSP00000319417	9606.ENSP00000363524	0	0	0	0	0.676	0	0	0.445	0.813
SKA3	KIF2C	9606.ENSP00000319417	9606.ENSP00000361298	0	0	0	0	0.788	0	0	0.402	0.867
SKA3	TTK	9606.ENSP00000319417	9606.ENSP00000358813	0	0	0	0	0.802	0	0	0.374	0.870
SKA3	HMMR	9606.ENSP00000319417	9606.ENSP00000377492	0	0	0	0	0.652	0	0	0.642	0.870
SKA3	CDCA2	9606.ENSP00000319417	9606.ENSP00000328228	0	0	0	0	0.821	0	0	0.329	0.874
SKA3	CENPF	9606.ENSP00000319417	9606.ENSP00000355922	0	0	0	0	0.461	0	0.900	0.458	0.968
SLC2A1	EPAS1	9606.ENSP00000416293	9606.ENSP00000263734	0	0	0	0	0.056	0.067	0	0.883	0.888
SLC2A1	ADRB2	9606.ENSP00000416293	9606.ENSP00000305372	0	0	0	0	0	0	0	0.411	0.410
SLC2A1	MDK	9606.ENSP00000416293	9606.ENSP00000385451	0	0	0	0	0.075	0	0	0.639	0.652
SLC2A1	PECAM1	9606.ENSP00000416293	9606.ENSP00000457421	0	0	0	0	0	0.091	0	0.485	0.512
SLC6A4	STX1A	9606.ENSP00000261707	9606.ENSP00000222812	0	0	0	0	0	0.532	0	0.858	0.931
SLC6A4	ADRB2	9606.ENSP00000261707	9606.ENSP00000305372	0	0	0	0	0.054	0	0	0.461	0.469
SLC6A4	HTR3A	9606.ENSP00000261707	9606.ENSP00000347754	0	0	0	0	0	0	0	0.726	0.726
SMAD6	ACVRL1	9606.ENSP00000288840	9606.ENSP00000373574	0	0	0	0	0.121	0.190	0	0.520	0.628
SOX17	SALL4	9606.ENSP00000297316	9606.ENSP00000217086	0	0	0	0	0.042	0.069	0	0.546	0.560
SOX17	MNX1	9606.ENSP00000297316	9606.ENSP00000252971	0	0	0	0	0.059	0.067	0	0.433	0.459
SOX17	FOXF1	9606.ENSP00000297316	9606.ENSP00000262426	0	0	0	0	0.075	0.061	0	0.470	0.499
SOX17	TAL1	9606.ENSP00000297316	9606.ENSP00000294339	0	0	0	0	0.057	0	0	0.454	0.464
SOX17	EMCN	9606.ENSP00000297316	9606.ENSP00000296420	0	0	0	0	0.360	0	0	0.354	0.569
SOX17	TUBB3	9606.ENSP00000297316	9606.ENSP00000320295	0	0	0	0	0.055	0	0	0.402	0.411
SOX17	PITX2	9606.ENSP00000297316	9606.ENSP00000495061	0	0	0	0	0	0.042	0	0.430	0.430
SOX17	TEK	9606.ENSP00000297316	9606.ENSP00000369375	0	0	0	0	0.252	0	0	0.321	0.470
SOX17	ACVRL1	9606.ENSP00000297316	9606.ENSP00000373574	0	0	0	0	0.168	0.054	0	0.387	0.476
SOX17	EZH2	9606.ENSP00000297316	9606.ENSP00000320147	0	0	0	0	0	0.301	0	0.323	0.506
SOX17	PECAM1	9606.ENSP00000297316	9606.ENSP00000457421	0	0	0	0	0.143	0	0	0.464	0.521
SOX17	ONECUT1	9606.ENSP00000297316	9606.ENSP00000302630	0	0	0	0	0.048	0	0	0.576	0.579
SOX17	SOX7	9606.ENSP00000297316	9606.ENSP00000301921	0	0	0.090	0.818	0.282	0	0	0.471	0.624
SOX17	CDH5	9606.ENSP00000297316	9606.ENSP00000497290	0	0	0	0	0.395	0	0	0.470	0.665
SOX7	SALL4	9606.ENSP00000301921	9606.ENSP00000217086	0	0	0	0	0	0.069	0	0.383	0.401
SOX7	LMO2	9606.ENSP00000301921	9606.ENSP00000257818	0	0	0	0	0.044	0	0	0.398	0.400
SOX7	TAL1	9606.ENSP00000301921	9606.ENSP00000294339	0	0	0	0	0.051	0	0	0.410	0.416
SOX7	SOX17	9606.ENSP00000301921	9606.ENSP00000297316	0	0	0.090	0.818	0.282	0	0	0.471	0.624
SOX7	ROBO4	9606.ENSP00000301921	9606.ENSP00000304945	0	0	0	0	0.189	0	0	0.371	0.469
SOX7	CDH5	9606.ENSP00000301921	9606.ENSP00000497290	0	0	0	0	0.285	0	0	0.472	0.607
SPAG4	SPAG5	9606.ENSP00000363391	9606.ENSP00000323300	0	0	0	0	0.075	0.072	0	0.737	0.754
SPAG5	CDC6	9606.ENSP00000323300	9606.ENSP00000209728	0	0	0	0	0.480	0	0	0.193	0.562
SPAG5	MYBL2	9606.ENSP00000323300	9606.ENSP00000217026	0	0	0	0	0.450	0.054	0	0.234	0.567
SPAG5	ORC6	9606.ENSP00000323300	9606.ENSP00000219097	0	0	0	0	0.216	0.453	0	0.108	0.584
SPAG5	NCAPH	9606.ENSP00000323300	9606.ENSP00000240423	0	0	0	0	0.645	0	0	0.370	0.766
SPAG5	DLGAP5	9606.ENSP00000323300	9606.ENSP00000247191	0	0	0	0	0.872	0.072	0	0.447	0.928
SPAG5	E2F8	9606.ENSP00000323300	9606.ENSP00000250024	0	0	0	0	0.710	0	0	0.124	0.735
SPAG5	NCAPG	9606.ENSP00000323300	9606.ENSP00000251496	0	0	0	0	0.607	0	0	0.372	0.742
SPAG5	GINS2	9606.ENSP00000323300	9606.ENSP00000253462	0	0	0	0	0.324	0	0	0.155	0.405
SPAG5	CCNB1	9606.ENSP00000323300	9606.ENSP00000256442	0	0	0	0	0.787	0.146	0	0.318	0.865
SPAG5	TROAP	9606.ENSP00000323300	9606.ENSP00000257909	0	0	0	0	0.732	0	0	0.332	0.813
SPAG5	ESPL1	9606.ENSP00000323300	9606.ENSP00000257934	0	0	0	0	0.847	0	0	0.514	0.922
SPAG5	KIF11	9606.ENSP00000323300	9606.ENSP00000260731	0	0	0	0	0.883	0.071	0	0.613	0.954
SPAG5	NDC80	9606.ENSP00000323300	9606.ENSP00000261597	0	0	0	0	0.812	0.156	0	0.347	0.887
SPAG5	PKMYT1	9606.ENSP00000323300	9606.ENSP00000262300	0	0	0	0	0.275	0.290	0	0.374	0.650
SPAG5	GINS1	9606.ENSP00000323300	9606.ENSP00000262460	0	0	0	0	0.256	0.057	0	0.229	0.411
SPAG5	SGO1	9606.ENSP00000323300	9606.ENSP00000263753	0	0	0	0	0.657	0.099	0	0.420	0.805
SPAG5	NEIL3	9606.ENSP00000323300	9606.ENSP00000264596	0	0	0	0	0.379	0	0	0.161	0.457
SPAG5	DEPDC1B	9606.ENSP00000323300	9606.ENSP00000265036	0	0	0	0	0.510	0.049	0	0.091	0.539
SPAG5	ANLN	9606.ENSP00000323300	9606.ENSP00000265748	0	0	0	0	0.437	0.292	0	0.302	0.697
SPAG5	TICRR	9606.ENSP00000323300	9606.ENSP00000268138	0	0	0	0	0.452	0.091	0	0.047	0.484
SPAG5	NUF2	9606.ENSP00000323300	9606.ENSP00000271452	0	0	0	0	0.648	0.076	0	0.447	0.804
SPAG5	CDCA5	9606.ENSP00000323300	9606.ENSP00000275517	0	0	0	0	0.633	0	0	0.447	0.788
SPAG5	BUB1B	9606.ENSP00000323300	9606.ENSP00000287598	0	0	0	0	0.912	0.115	0	0.419	0.951
SPAG5	CCNB2	9606.ENSP00000323300	9606.ENSP00000288207	0	0	0	0	0.586	0.146	0	0.376	0.760
SPAG5	MELK	9606.ENSP00000323300	9606.ENSP00000298048	0	0	0	0	0.612	0.065	0	0.328	0.735
SPAG5	PLK1	9606.ENSP00000323300	9606.ENSP00000300093	0	0	0	0	0.712	0.455	0	0.660	0.942
SPAG5	TPX2	9606.ENSP00000323300	9606.ENSP00000300403	0	0	0	0	0.745	0.091	0	0.421	0.854
SPAG5	BIRC5	9606.ENSP00000323300	9606.ENSP00000301633	0	0	0	0	0.863	0.071	0	0.400	0.917
SPAG5	CKAP2L	9606.ENSP00000323300	9606.ENSP00000305204	0	0	0	0	0.338	0	0	0.296	0.514
SPAG5	AURKB	9606.ENSP00000323300	9606.ENSP00000313950	0	0	0	0	0.731	0.294	0	0.407	0.878
SPAG5	SKA3	9606.ENSP00000323300	9606.ENSP00000319417	0	0	0	0	0.437	0	0	0.263	0.568
SPAG5	EZH2	9606.ENSP00000323300	9606.ENSP00000320147	0	0	0	0	0.372	0.106	0	0.141	0.476
SPAG5	CDC25C	9606.ENSP00000323300	9606.ENSP00000321656	0	0	0	0	0.464	0	0	0.287	0.602
SPAG5	STIL	9606.ENSP00000323300	9606.ENSP00000360944	0	0	0	0	0.369	0	0	0.190	0.467
SPAG5	MCM10	9606.ENSP00000323300	9606.ENSP00000418268	0	0	0	0	0.372	0	0	0.257	0.513
SPAG5	CHEK1	9606.ENSP00000323300	9606.ENSP00000391090	0	0	0	0	0.361	0.066	0	0.251	0.514
SPAG5	GTSE1	9606.ENSP00000323300	9606.ENSP00000415430	0	0	0	0	0.395	0	0	0.264	0.535
SPAG5	ERCC6L	9606.ENSP00000323300	9606.ENSP00000334675	0	0	0	0	0.323	0.112	0	0.300	0.542
SPAG5	IQGAP3	9606.ENSP00000323300	9606.ENSP00000354451	0	0	0	0	0.509	0	0	0.137	0.558
SPAG5	UHRF1	9606.ENSP00000323300	9606.ENSP00000479617	0	0	0	0	0.504	0.048	0	0.205	0.592
SPAG5	EXO1	9606.ENSP00000323300	9606.ENSP00000355506	0	0	0	0	0.483	0.060	0	0.240	0.598
SPAG5	DEPDC1	9606.ENSP00000323300	9606.ENSP00000412292	0	0	0	0	0.507	0.049	0	0.223	0.604
SPAG5	UBE2T	9606.ENSP00000323300	9606.ENSP00000494957	0	0	0	0	0.613	0.080	0	0.050	0.632
SPAG5	CDCA2	9606.ENSP00000323300	9606.ENSP00000328228	0	0	0	0	0.481	0	0	0.322	0.633
SPAG5	RAD54L	9606.ENSP00000323300	9606.ENSP00000361043	0	0	0	0	0.562	0.099	0	0.216	0.664
SPAG5	ZWINT	9606.ENSP00000323300	9606.ENSP00000363055	0	0	0	0	0.554	0	0	0.282	0.666
SPAG5	RRM2	9606.ENSP00000323300	9606.ENSP00000353770	0	0	0	0	0.602	0.049	0	0.225	0.681
SPAG5	HMMR	9606.ENSP00000323300	9606.ENSP00000377492	0	0	0	0	0.647	0	0	0.186	0.701
SPAG5	KIF18B	9606.ENSP00000323300	9606.ENSP00000465992	0	0	0	0	0.563	0.057	0	0.370	0.718
SPAG5	CDC45	9606.ENSP00000323300	9606.ENSP00000405726	0	0	0	0	0.651	0.070	0	0.214	0.723
SPAG5	KIF14	9606.ENSP00000323300	9606.ENSP00000356319	0	0	0	0	0.435	0.292	0	0.365	0.724
SPAG5	SPAG4	9606.ENSP00000323300	9606.ENSP00000363391	0	0	0	0	0.075	0.072	0	0.737	0.754
SPAG5	CENPA	9606.ENSP00000323300	9606.ENSP00000336868	0	0	0	0	0.746	0.094	0	0.300	0.825
SPAG5	NEK2	9606.ENSP00000323300	9606.ENSP00000355966	0	0	0	0	0.760	0.043	0	0.392	0.848
SPAG5	KIF15	9606.ENSP00000323300	9606.ENSP00000324020	0	0	0	0	0.781	0.104	0	0.346	0.860
SPAG5	MKI67	9606.ENSP00000323300	9606.ENSP00000357643	0	0	0	0	0.822	0	0	0.298	0.869
SPAG5	CEP55	9606.ENSP00000323300	9606.ENSP00000360540	0	0	0	0	0.743	0	0	0.537	0.876
SPAG5	CDCA3	9606.ENSP00000323300	9606.ENSP00000442068	0	0	0	0	0.840	0	0	0.264	0.877
SPAG5	PBK	9606.ENSP00000323300	9606.ENSP00000428489	0	0	0	0	0.781	0.095	0	0.440	0.879
SPAG5	UBE2C	9606.ENSP00000323300	9606.ENSP00000348838	0	0	0	0	0.827	0.080	0	0.334	0.884
SPAG5	KIF4A	9606.ENSP00000323300	9606.ENSP00000363524	0	0	0	0	0.809	0.091	0	0.406	0.887
SPAG5	TTK	9606.ENSP00000323300	9606.ENSP00000358813	0	0	0	0	0.807	0.138	0	0.393	0.890
SPAG5	FOXM1	9606.ENSP00000323300	9606.ENSP00000342307	0	0	0	0	0.785	0.074	0	0.539	0.900
SPAG5	CCNA2	9606.ENSP00000323300	9606.ENSP00000481380	0	0	0	0	0.828	0	0	0.451	0.901
SPAG5	CENPF	9606.ENSP00000323300	9606.ENSP00000355922	0	0	0	0	0.838	0.045	0	0.436	0.905
SPAG5	CDC20	9606.ENSP00000323300	9606.ENSP00000361540	0	0	0	0	0.823	0.099	0	0.557	0.923
SPAG5	KIF20A	9606.ENSP00000323300	9606.ENSP00000378356	0	0	0	0	0.886	0.045	0	0.365	0.925
SPAG5	HJURP	9606.ENSP00000323300	9606.ENSP00000414109	0	0	0	0	0.834	0	0	0.573	0.926
SPAG5	KIF2C	9606.ENSP00000323300	9606.ENSP00000361298	0	0	0	0	0.874	0	0	0.435	0.926
SPAG5	CDCA8	9606.ENSP00000323300	9606.ENSP00000362146	0	0	0	0	0.887	0	0	0.399	0.929
SPAG5	TOP2A	9606.ENSP00000323300	9606.ENSP00000411532	0	0	0	0	0.838	0.046	0	0.648	0.941
SPAG5	ASPM	9606.ENSP00000323300	9606.ENSP00000356379	0	0	0	0	0.855	0.043	0	0.640	0.945
SPINK1	ETV4	9606.ENSP00000296695	9606.ENSP00000321835	0	0	0	0	0.050	0	0	0.404	0.409
SPINK1	GOLM1	9606.ENSP00000296695	9606.ENSP00000373364	0	0	0	0	0.042	0	0	0.581	0.581
SPP1	FABP4	9606.ENSP00000378517	9606.ENSP00000256104	0	0	0	0	0.060	0	0	0.480	0.490
SPP1	LYVE1	9606.ENSP00000378517	9606.ENSP00000256178	0	0	0	0	0.067	0.047	0	0.608	0.621
SPP1	MMP13	9606.ENSP00000378517	9606.ENSP00000260302	0	0	0	0	0.104	0	0	0.621	0.646
SPP1	EPAS1	9606.ENSP00000378517	9606.ENSP00000263734	0	0	0	0	0.067	0	0	0.385	0.401
SPP1	COL10A1	9606.ENSP00000378517	9606.ENSP00000327368	0	0	0	0	0.100	0	0	0.520	0.549
SPP1	COL11A1	9606.ENSP00000378517	9606.ENSP00000359114	0	0	0	0	0.105	0	0	0.516	0.549
SPP1	TEK	9606.ENSP00000378517	9606.ENSP00000369375	0	0	0	0	0.074	0	0	0.607	0.620
SPP1	CDH5	9606.ENSP00000378517	9606.ENSP00000497290	0	0	0	0	0.062	0	0	0.392	0.405
SPP1	GREM1	9606.ENSP00000378517	9606.ENSP00000498748	0	0	0	0	0.072	0	0	0.428	0.446
SPP1	PECAM1	9606.ENSP00000378517	9606.ENSP00000457421	0	0	0	0	0	0	0	0.595	0.595
SPP1	MDK	9606.ENSP00000378517	9606.ENSP00000385451	0	0	0	0	0.067	0	0	0.666	0.675
SPTBN1	ANLN	9606.ENSP00000349259	9606.ENSP00000265748	0	0	0	0	0.044	0.416	0	0.161	0.490
SPTBN1	IQANK1	9606.ENSP00000349259	9606.ENSP00000489685	0	0	0	0	0.059	0.423	0	0.108	0.473
SPTBN1	SPTBN2	9606.ENSP00000349259	9606.ENSP00000432568	0	0	0.057	0.967	0.063	0	0.720	0.067	0.738
SPTBN2	RGS17	9606.ENSP00000432568	9606.ENSP00000206262	0	0	0	0	0.055	0.053	0	0.428	0.443
SPTBN2	SPTBN1	9606.ENSP00000432568	9606.ENSP00000349259	0	0	0.057	0.967	0.063	0	0.720	0.067	0.738
SPTBN2	KIF14	9606.ENSP00000432568	9606.ENSP00000356319	0	0	0	0	0.045	0.292	0	0.444	0.591
SPTBN2	COL11A1	9606.ENSP00000432568	9606.ENSP00000359114	0	0	0	0	0	0	0	0.444	0.444
SRPK1	NCAPH	9606.ENSP00000362931	9606.ENSP00000240423	0	0	0	0	0.129	0	0	0.354	0.413
SRPK1	MELK	9606.ENSP00000362931	9606.ENSP00000298048	0	0	0	0	0.166	0.113	0	0.256	0.402
SRPK1	EZH2	9606.ENSP00000362931	9606.ENSP00000320147	0	0	0	0	0.140	0	0	0.492	0.544
SRPK1	NEK2	9606.ENSP00000362931	9606.ENSP00000355966	0	0	0	0	0.081	0	0	0.417	0.441
SRPK1	TOP2A	9606.ENSP00000362931	9606.ENSP00000411532	0	0	0	0	0.127	0.394	0	0.143	0.507
SRPK1	GRK5	9606.ENSP00000362931	9606.ENSP00000376609	0	0	0	0	0	0.292	0	0.376	0.539
STARD13	MMP13	9606.ENSP00000338785	9606.ENSP00000260302	0	0	0	0	0.055	0	0	0.395	0.404
STARD13	ANLN	9606.ENSP00000338785	9606.ENSP00000265748	0	0	0	0	0	0	0	0.458	0.457
STIL	CDC6	9606.ENSP00000360944	9606.ENSP00000209728	0	0	0	0	0.367	0	0	0.158	0.445
STIL	NCAPH	9606.ENSP00000360944	9606.ENSP00000240423	0	0	0	0	0.332	0	0	0.254	0.480
STIL	DLGAP5	9606.ENSP00000360944	9606.ENSP00000247191	0	0	0	0	0.488	0	0	0.095	0.517
STIL	E2F8	9606.ENSP00000360944	9606.ENSP00000250024	0	0	0	0	0.379	0	0	0.120	0.431
STIL	NCAPG	9606.ENSP00000360944	9606.ENSP00000251496	0	0	0	0	0.651	0	0	0.199	0.708
STIL	CCNB1	9606.ENSP00000360944	9606.ENSP00000256442	0	0	0	0	0.397	0	0	0.247	0.527
STIL	LMO2	9606.ENSP00000360944	9606.ENSP00000257818	0	0	0	0	0	0.045	0	0.435	0.437
STIL	ESPL1	9606.ENSP00000360944	9606.ENSP00000257934	0	0	0	0	0.433	0	0	0.361	0.622
STIL	KIF11	9606.ENSP00000360944	9606.ENSP00000260731	0	0	0	0	0.802	0	0	0.311	0.858
STIL	NDC80	9606.ENSP00000360944	9606.ENSP00000261597	0	0	0	0	0.449	0	0	0.152	0.513
STIL	GINS1	9606.ENSP00000360944	9606.ENSP00000262460	0	0	0	0	0.414	0	0	0.065	0.429
STIL	POLQ	9606.ENSP00000360944	9606.ENSP00000264233	0	0	0	0	0.784	0	0	0	0.784
STIL	DEPDC1B	9606.ENSP00000360944	9606.ENSP00000265036	0	0	0	0	0.434	0	0	0.091	0.464
STIL	TICRR	9606.ENSP00000360944	9606.ENSP00000268138	0	0	0	0	0.381	0	0	0.116	0.430
STIL	NUF2	9606.ENSP00000360944	9606.ENSP00000271452	0	0	0	0	0.446	0	0	0.317	0.606
STIL	CDCA5	9606.ENSP00000360944	9606.ENSP00000275517	0	0	0	0	0.339	0	0	0.136	0.404
STIL	BUB1B	9606.ENSP00000360944	9606.ENSP00000287598	0	0	0	0	0.496	0	0	0.305	0.635
STIL	CCNB2	9606.ENSP00000360944	9606.ENSP00000288207	0	0	0	0	0.383	0	0	0.167	0.464
STIL	TAL1	9606.ENSP00000360944	9606.ENSP00000294339	0	0.069	0	0	0.047	0	0	0.821	0.827
STIL	MELK	9606.ENSP00000360944	9606.ENSP00000298048	0	0	0	0	0.786	0	0	0.186	0.819
STIL	PLK1	9606.ENSP00000360944	9606.ENSP00000300093	0	0	0	0	0.225	0	0	0.453	0.558
STIL	TPX2	9606.ENSP00000360944	9606.ENSP00000300403	0	0	0	0	0.411	0	0	0.310	0.577
STIL	CKAP2L	9606.ENSP00000360944	9606.ENSP00000305204	0	0	0	0	0.435	0	0	0.094	0.466
STIL	AURKB	9606.ENSP00000360944	9606.ENSP00000313950	0	0	0	0	0.297	0	0	0.255	0.454
STIL	SKA3	9606.ENSP00000360944	9606.ENSP00000319417	0	0	0	0	0.416	0	0	0.117	0.463
STIL	SPAG5	9606.ENSP00000360944	9606.ENSP00000323300	0	0	0	0	0.369	0	0	0.190	0.467
STIL	KIF15	9606.ENSP00000360944	9606.ENSP00000324020	0	0	0	0	0.489	0	0	0.160	0.552
STIL	ERCC6L	9606.ENSP00000360944	9606.ENSP00000334675	0	0	0	0	0.475	0.045	0	0.094	0.506
STIL	CENPA	9606.ENSP00000360944	9606.ENSP00000336868	0	0	0	0	0.354	0	0	0.138	0.419
STIL	FOXM1	9606.ENSP00000360944	9606.ENSP00000342307	0	0	0	0	0.472	0.045	0	0.159	0.539
STIL	RRM2	9606.ENSP00000360944	9606.ENSP00000353770	0	0	0	0	0.378	0.102	0	0.129	0.472
STIL	EXO1	9606.ENSP00000360944	9606.ENSP00000355506	0	0	0	0	0.392	0	0	0.071	0.411
STIL	CENPF	9606.ENSP00000360944	9606.ENSP00000355922	0	0	0	0	0.425	0	0	0.512	0.708
STIL	NEK2	9606.ENSP00000360944	9606.ENSP00000355966	0	0	0	0	0.458	0	0	0.422	0.674
STIL	KIF14	9606.ENSP00000360944	9606.ENSP00000356319	0	0	0	0	0.510	0.095	0	0.538	0.777
STIL	ASPM	9606.ENSP00000360944	9606.ENSP00000356379	0	0	0	0	0.477	0.164	0	0.942	0.972
STIL	MKI67	9606.ENSP00000360944	9606.ENSP00000357643	0	0	0	0	0.367	0	0	0.167	0.450
STIL	TTK	9606.ENSP00000360944	9606.ENSP00000358813	0	0	0	0	0.610	0	0	0.167	0.662
STIL	CEP55	9606.ENSP00000360944	9606.ENSP00000360540	0	0	0	0	0.468	0	0	0.205	0.559
STIL	RAD54L	9606.ENSP00000360944	9606.ENSP00000361043	0	0	0	0	0.361	0.045	0	0.122	0.418
STIL	HMMR	9606.ENSP00000360944	9606.ENSP00000377492	0	0	0	0	0.360	0	0	0.160	0.440
STIL	CDCA8	9606.ENSP00000360944	9606.ENSP00000362146	0	0	0	0	0.373	0	0	0.179	0.463
STIL	PBK	9606.ENSP00000360944	9606.ENSP00000428489	0	0	0	0	0.383	0.074	0	0.149	0.471
STIL	HJURP	9606.ENSP00000360944	9606.ENSP00000414109	0	0	0	0	0.460	0	0	0.063	0.473
STIL	TOP2A	9606.ENSP00000360944	9606.ENSP00000411532	0	0	0	0	0.400	0	0	0.162	0.476
STIL	DEPDC1	9606.ENSP00000360944	9606.ENSP00000412292	0	0	0	0	0.466	0	0	0.111	0.506
STIL	CDCA3	9606.ENSP00000360944	9606.ENSP00000442068	0	0	0	0	0.352	0	0	0.298	0.526
STIL	KIF20A	9606.ENSP00000360944	9606.ENSP00000378356	0	0	0	0	0.436	0	0	0.197	0.528
STIL	KIF4A	9606.ENSP00000360944	9606.ENSP00000363524	0	0	0	0	0.457	0	0	0.178	0.535
STIL	CHEK1	9606.ENSP00000360944	9606.ENSP00000391090	0	0	0	0	0.476	0	0	0.165	0.544
STIL	CCNA2	9606.ENSP00000360944	9606.ENSP00000481380	0	0	0	0	0.449	0.065	0	0.210	0.558
STIL	CDC20	9606.ENSP00000360944	9606.ENSP00000361540	0	0	0	0	0.436	0.045	0	0.274	0.574
STIL	MCM10	9606.ENSP00000360944	9606.ENSP00000418268	0	0	0	0	0.542	0	0	0.112	0.576
STIL	KIF2C	9606.ENSP00000360944	9606.ENSP00000361298	0	0	0	0	0.488	0	0	0.215	0.581
STX11	STX1A	9606.ENSP00000356540	9606.ENSP00000222812	0	0	0	0.799	0	0.074	0.540	0.122	0.593
STX11	STX12	9606.ENSP00000356540	9606.ENSP00000363054	0	0	0	0	0.056	0.125	0.540	0.641	0.845
STX12	STX1A	9606.ENSP00000363054	9606.ENSP00000222812	0	0	0	0.638	0	0.159	0.900	0.323	0.938
STX12	STX11	9606.ENSP00000363054	9606.ENSP00000356540	0	0	0	0	0.056	0.125	0.540	0.641	0.845
STX1A	SYT12	9606.ENSP00000222812	9606.ENSP00000377520	0	0	0	0	0.062	0.091	0	0.405	0.449
STX1A	STX11	9606.ENSP00000222812	9606.ENSP00000356540	0	0	0	0.799	0	0.074	0.540	0.122	0.593
STX1A	SLC6A4	9606.ENSP00000222812	9606.ENSP00000261707	0	0	0	0	0	0.532	0	0.858	0.931
STX1A	STX12	9606.ENSP00000222812	9606.ENSP00000363054	0	0	0	0.638	0	0.159	0.900	0.323	0.938
SYT12	STX1A	9606.ENSP00000377520	9606.ENSP00000222812	0	0	0	0	0.062	0.091	0	0.405	0.449
TAL1	MYBL2	9606.ENSP00000294339	9606.ENSP00000217026	0	0	0	0	0	0	0	0.468	0.468
TAL1	LMO2	9606.ENSP00000294339	9606.ENSP00000257818	0	0	0	0	0.179	0.977	0.500	0.999	0.999
TAL1	TEK	9606.ENSP00000294339	9606.ENSP00000369375	0	0	0	0	0.134	0	0	0.345	0.408
TAL1	SOX7	9606.ENSP00000294339	9606.ENSP00000301921	0	0	0	0	0.051	0	0	0.410	0.416
TAL1	GYPE	9606.ENSP00000294339	9606.ENSP00000351430	0	0	0	0	0.187	0	0	0.332	0.434
TAL1	SOX17	9606.ENSP00000294339	9606.ENSP00000297316	0	0	0	0	0.057	0	0	0.454	0.464
TAL1	CDH5	9606.ENSP00000294339	9606.ENSP00000497290	0	0	0	0	0.062	0	0	0.476	0.487
TAL1	STIL	9606.ENSP00000294339	9606.ENSP00000360944	0	0.069	0	0	0.047	0	0	0.821	0.827
TAL1	LDB2	9606.ENSP00000294339	9606.ENSP00000306772	0	0	0	0	0.049	0.087	0	0.995	0.995
TEDC2	GINS2	9606.ENSP00000355022	9606.ENSP00000253462	0	0	0	0	0.417	0	0	0.166	0.492
TEDC2	PKMYT1	9606.ENSP00000355022	9606.ENSP00000262300	0	0	0	0	0.448	0	0	0	0.448
TEDC2	CDCA5	9606.ENSP00000355022	9606.ENSP00000275517	0	0	0	0	0.370	0	0	0.230	0.494
TEDC2	CENPF	9606.ENSP00000355022	9606.ENSP00000355922	0	0	0.351	0	0.164	0	0	0	0.434
TEDC2	RAD54L	9606.ENSP00000355022	9606.ENSP00000361043	0	0	0	0	0.526	0.065	0	0	0.537
TEDC2	FGL1	9606.ENSP00000355022	9606.ENSP00000381133	0	0	0	0	0.084	0.525	0	0	0.546
TEDC2	CDC45	9606.ENSP00000355022	9606.ENSP00000405726	0	0	0	0	0.534	0	0	0.183	0.603
TEK	RAMP2	9606.ENSP00000369375	9606.ENSP00000253796	0	0	0	0	0.222	0	0	0.264	0.403
TEK	LYVE1	9606.ENSP00000369375	9606.ENSP00000256178	0	0	0	0	0.220	0.052	0	0.550	0.638
TEK	EPAS1	9606.ENSP00000369375	9606.ENSP00000263734	0	0	0	0	0.208	0	0	0.516	0.601
TEK	FGD5	9606.ENSP00000369375	9606.ENSP00000285046	0	0	0	0	0.326	0	0	0.292	0.502
TEK	TAL1	9606.ENSP00000369375	9606.ENSP00000294339	0	0	0	0	0.134	0	0	0.345	0.408
TEK	EMCN	9606.ENSP00000369375	9606.ENSP00000296420	0	0	0	0	0.500	0	0	0.528	0.754
TEK	SOX17	9606.ENSP00000369375	9606.ENSP00000297316	0	0	0	0	0.252	0	0	0.321	0.470
TEK	ROBO4	9606.ENSP00000369375	9606.ENSP00000304945	0	0	0	0	0.347	0.050	0	0.444	0.625
TEK	LDB2	9606.ENSP00000369375	9606.ENSP00000306772	0	0	0	0	0.344	0	0	0.127	0.404
TEK	PTPRB	9606.ENSP00000369375	9606.ENSP00000334928	0	0	0	0	0.460	0.170	0	0.787	0.896
TEK	CAV1	9606.ENSP00000369375	9606.ENSP00000339191	0	0	0	0	0.088	0.306	0	0.367	0.564
TEK	CLEC14A	9606.ENSP00000369375	9606.ENSP00000353013	0	0	0	0	0.316	0	0	0.205	0.433
TEK	EFNA3	9606.ENSP00000369375	9606.ENSP00000357393	0	0	0	0	0	0	0.650	0.179	0.700
TEK	ACVRL1	9606.ENSP00000369375	9606.ENSP00000373574	0	0	0	0.571	0.195	0.074	0	0.268	0.407
TEK	SPP1	9606.ENSP00000369375	9606.ENSP00000378517	0	0	0	0	0.074	0	0	0.607	0.620
TEK	EFNA4	9606.ENSP00000369375	9606.ENSP00000414378	0	0	0	0	0	0	0.650	0.141	0.686
TEK	PECAM1	9606.ENSP00000369375	9606.ENSP00000457421	0	0	0	0	0.262	0.045	0	0.794	0.842
TEK	CDH5	9606.ENSP00000369375	9606.ENSP00000497290	0	0	0	0	0.272	0.045	0	0.869	0.901
TEK	ANGPT4	9606.ENSP00000369375	9606.ENSP00000371347	0	0	0	0	0.126	0.582	0.900	0.995	0.999
TFAP2A	MYBL2	9606.ENSP00000501092	9606.ENSP00000217026	0	0	0	0	0.108	0	0.750	0.353	0.843
TFAP2A	EPN3	9606.ENSP00000501092	9606.ENSP00000268933	0	0	0	0	0.075	0	0	0.516	0.533
TFAP2A	PITX2	9606.ENSP00000501092	9606.ENSP00000495061	0	0	0	0	0.072	0.067	0.500	0.391	0.701
TFR2	EPAS1	9606.ENSP00000420525	9606.ENSP00000263734	0	0	0	0	0.057	0	0	0.401	0.411
TFR2	GPT2	9606.ENSP00000420525	9606.ENSP00000345282	0	0	0	0	0.055	0	0	0.421	0.430
TICRR	CDC6	9606.ENSP00000268138	9606.ENSP00000209728	0	0	0	0	0.377	0	0	0.711	0.812
TICRR	MYBL2	9606.ENSP00000268138	9606.ENSP00000217026	0	0	0	0	0.402	0	0	0.129	0.457
TICRR	ORC6	9606.ENSP00000268138	9606.ENSP00000219097	0	0	0	0	0.164	0	0	0.506	0.569
TICRR	NCAPH	9606.ENSP00000268138	9606.ENSP00000240423	0	0	0	0	0.519	0	0	0.148	0.573
TICRR	DLGAP5	9606.ENSP00000268138	9606.ENSP00000247191	0	0	0	0	0.548	0	0	0.091	0.572
TICRR	E2F8	9606.ENSP00000268138	9606.ENSP00000250024	0	0	0	0	0.404	0	0	0	0.404
TICRR	NCAPG	9606.ENSP00000268138	9606.ENSP00000251496	0	0	0	0	0.444	0	0	0.146	0.506
TICRR	GINS2	9606.ENSP00000268138	9606.ENSP00000253462	0	0	0	0	0.273	0.053	0	0.480	0.610
TICRR	CCNB1	9606.ENSP00000268138	9606.ENSP00000256442	0	0	0	0	0.383	0.066	0	0.162	0.475
TICRR	TROAP	9606.ENSP00000268138	9606.ENSP00000257909	0	0	0	0	0.449	0	0	0.500	0.713
TICRR	ESPL1	9606.ENSP00000268138	9606.ENSP00000257934	0	0	0	0	0.601	0	0	0.104	0.627
TICRR	BRIP1	9606.ENSP00000268138	9606.ENSP00000259008	0	0	0	0	0.242	0	0	0.448	0.564
TICRR	KIF11	9606.ENSP00000268138	9606.ENSP00000260731	0	0	0	0	0.574	0	0	0.104	0.602
TICRR	NDC80	9606.ENSP00000268138	9606.ENSP00000261597	0	0	0	0	0.469	0	0	0.053	0.475
TICRR	GINS1	9606.ENSP00000268138	9606.ENSP00000262460	0	0	0	0	0.251	0	0	0.526	0.630
TICRR	SGO1	9606.ENSP00000268138	9606.ENSP00000263753	0	0	0	0	0.398	0	0	0.146	0.464
TICRR	POLQ	9606.ENSP00000268138	9606.ENSP00000264233	0.045	0	0	0	0.519	0	0	0.129	0.565
TICRR	NEIL3	9606.ENSP00000268138	9606.ENSP00000264596	0	0	0	0	0.373	0	0	0.095	0.408
TICRR	DEPDC1B	9606.ENSP00000268138	9606.ENSP00000265036	0	0	0	0	0.412	0	0	0	0.412
TICRR	ANLN	9606.ENSP00000268138	9606.ENSP00000265748	0	0	0	0	0.318	0	0	0.167	0.408
TICRR	PAICS	9606.ENSP00000268138	9606.ENSP00000382595	0.056	0	0	0	0.197	0	0	0.275	0.402
TICRR	CKAP2L	9606.ENSP00000268138	9606.ENSP00000305204	0	0	0	0	0.409	0	0	0	0.408
TICRR	NEK2	9606.ENSP00000268138	9606.ENSP00000355966	0	0	0	0	0.360	0.045	0	0.112	0.410
TICRR	CENPA	9606.ENSP00000268138	9606.ENSP00000336868	0	0	0	0	0.331	0.045	0	0.153	0.412
TICRR	NUF2	9606.ENSP00000268138	9606.ENSP00000271452	0	0	0	0	0.407	0	0	0.072	0.426
TICRR	STIL	9606.ENSP00000268138	9606.ENSP00000360944	0	0	0	0	0.381	0	0	0.116	0.430
TICRR	RRM2	9606.ENSP00000268138	9606.ENSP00000353770	0	0	0	0	0.337	0	0	0.197	0.445
TICRR	BIRC5	9606.ENSP00000268138	9606.ENSP00000301633	0	0	0	0	0.423	0.062	0	0.060	0.448
TICRR	UBE2C	9606.ENSP00000268138	9606.ENSP00000348838	0	0	0	0	0.401	0.066	0	0.114	0.461
TICRR	CDCA3	9606.ENSP00000268138	9606.ENSP00000442068	0	0	0	0	0.430	0	0	0.108	0.469
TICRR	HMMR	9606.ENSP00000268138	9606.ENSP00000377492	0	0	0	0	0.379	0.091	0	0.135	0.469
TICRR	PLK1	9606.ENSP00000268138	9606.ENSP00000300093	0	0	0	0	0.289	0	0	0.287	0.472
TICRR	CCNB2	9606.ENSP00000268138	9606.ENSP00000288207	0	0	0	0	0.405	0.066	0	0.129	0.474
TICRR	SPAG5	9606.ENSP00000268138	9606.ENSP00000323300	0	0	0	0	0.452	0.091	0	0.047	0.484
TICRR	ERCC6L	9606.ENSP00000268138	9606.ENSP00000334675	0	0	0	0	0.480	0.047	0	0.044	0.485
TICRR	AURKB	9606.ENSP00000268138	9606.ENSP00000313950	0	0	0	0	0.439	0	0	0.128	0.490
TICRR	FOXM1	9606.ENSP00000268138	9606.ENSP00000342307	0	0	0	0	0.464	0	0	0.091	0.492
TICRR	GTSE1	9606.ENSP00000268138	9606.ENSP00000415430	0.042	0	0	0	0.429	0	0	0.150	0.494
TICRR	TPX2	9606.ENSP00000268138	9606.ENSP00000300403	0	0	0	0	0.466	0	0	0.106	0.502
TICRR	CDCA5	9606.ENSP00000268138	9606.ENSP00000275517	0	0	0	0	0.452	0	0	0.129	0.503
TICRR	MELK	9606.ENSP00000268138	9606.ENSP00000298048	0	0	0	0	0.409	0.060	0	0.181	0.506
TICRR	CDC25C	9606.ENSP00000268138	9606.ENSP00000321656	0	0	0	0	0.428	0	0	0.176	0.509
TICRR	HJURP	9606.ENSP00000268138	9606.ENSP00000414109	0	0	0	0	0.480	0	0	0.107	0.516
TICRR	KIF20A	9606.ENSP00000268138	9606.ENSP00000378356	0	0	0	0	0.520	0	0	0.065	0.533
TICRR	CENPF	9606.ENSP00000268138	9606.ENSP00000355922	0	0	0	0	0.488	0	0	0.134	0.537
TICRR	CDCA8	9606.ENSP00000268138	9606.ENSP00000362146	0	0	0	0	0.454	0.045	0	0.190	0.541
TICRR	SKA3	9606.ENSP00000268138	9606.ENSP00000319417	0	0	0	0	0.525	0	0	0.090	0.550
TICRR	ASPM	9606.ENSP00000268138	9606.ENSP00000356379	0	0	0	0	0.551	0	0	0	0.551
TICRR	PBK	9606.ENSP00000268138	9606.ENSP00000428489	0	0	0	0	0.400	0.117	0	0.223	0.553
TICRR	CDC20	9606.ENSP00000268138	9606.ENSP00000361540	0	0	0	0	0.474	0.094	0	0.150	0.559
TICRR	KIF15	9606.ENSP00000268138	9606.ENSP00000324020	0	0	0	0	0.548	0	0	0.067	0.560
TICRR	TTK	9606.ENSP00000268138	9606.ENSP00000358813	0	0	0	0	0.553	0	0	0.063	0.563
TICRR	BUB1B	9606.ENSP00000268138	9606.ENSP00000287598	0	0	0	0	0.525	0.046	0	0.118	0.566
TICRR	CDCA2	9606.ENSP00000268138	9606.ENSP00000328228	0	0	0	0	0.537	0	0	0.148	0.589
TICRR	KIF2C	9606.ENSP00000268138	9606.ENSP00000361298	0	0	0	0	0.520	0	0	0.200	0.600
TICRR	KIF4A	9606.ENSP00000268138	9606.ENSP00000363524	0	0	0	0	0.526	0	0	0.224	0.617
TICRR	TOP2A	9606.ENSP00000268138	9606.ENSP00000411532	0.042	0	0	0	0.462	0.045	0	0.331	0.627
TICRR	RAD54L	9606.ENSP00000268138	9606.ENSP00000361043	0	0	0	0	0.549	0.047	0	0.267	0.658
TICRR	MKI67	9606.ENSP00000268138	9606.ENSP00000357643	0	0	0	0	0.638	0.292	0	0	0.733
TICRR	EXO1	9606.ENSP00000268138	9606.ENSP00000355506	0.042	0	0	0	0.673	0.053	0	0.347	0.781
TICRR	CCNA2	9606.ENSP00000268138	9606.ENSP00000481380	0	0	0	0	0.510	0.465	0	0.375	0.822
TICRR	CHEK1	9606.ENSP00000268138	9606.ENSP00000391090	0	0	0	0	0.340	0	0	0.820	0.876
TICRR	RECQL4	9606.ENSP00000268138	9606.ENSP00000482313	0.045	0	0	0	0.356	0	0	0.958	0.972
TICRR	MCM10	9606.ENSP00000268138	9606.ENSP00000418268	0	0	0	0	0.546	0	0	0.941	0.972
TICRR	CDC45	9606.ENSP00000268138	9606.ENSP00000405726	0	0	0	0	0.513	0	0	0.977	0.988
TMEM100	FCN3	9606.ENSP00000465638	9606.ENSP00000270879	0	0	0	0	0.121	0	0	0.496	0.538
TMEM100	ACVRL1	9606.ENSP00000465638	9606.ENSP00000373574	0	0	0	0	0.114	0	0	0.432	0.475
TMPRSS11E	TMPRSS4	9606.ENSP00000307519	9606.ENSP00000416037	0	0	0.162	0.748	0.078	0.126	0	0.246	0.423
TMPRSS4	TMPRSS11E	9606.ENSP00000416037	9606.ENSP00000307519	0	0	0.162	0.748	0.078	0.126	0	0.246	0.423
TMPRSS4	GJB2	9606.ENSP00000416037	9606.ENSP00000372295	0	0	0	0	0.094	0	0	0.646	0.665
TNS1	KANK2	9606.ENSP00000171887	9606.ENSP00000468002	0	0	0	0	0.283	0.068	0	0.230	0.441
TOP2A	CDC6	9606.ENSP00000411532	9606.ENSP00000209728	0	0	0	0	0.484	0.162	0	0.568	0.797
TOP2A	MYBL2	9606.ENSP00000411532	9606.ENSP00000217026	0	0	0	0	0.512	0	0	0.446	0.718
TOP2A	ORC6	9606.ENSP00000411532	9606.ENSP00000219097	0	0	0	0	0.217	0	0	0.273	0.406
TOP2A	NCAPH	9606.ENSP00000411532	9606.ENSP00000240423	0	0	0	0	0.642	0.408	0	0.528	0.891
TOP2A	DLGAP5	9606.ENSP00000411532	9606.ENSP00000247191	0	0	0	0	0.916	0	0	0.754	0.978
TOP2A	E2F8	9606.ENSP00000411532	9606.ENSP00000250024	0	0	0	0	0.728	0	0	0.323	0.808
TOP2A	NCAPG	9606.ENSP00000411532	9606.ENSP00000251496	0	0	0	0	0.850	0.088	0	0.780	0.967
TOP2A	GINS2	9606.ENSP00000411532	9606.ENSP00000253462	0	0	0	0	0.600	0	0	0.306	0.711
TOP2A	CCNB1	9606.ENSP00000411532	9606.ENSP00000256442	0	0	0	0	0.859	0.052	0	0.925	0.989
TOP2A	TROAP	9606.ENSP00000411532	9606.ENSP00000257909	0	0	0	0	0.636	0	0	0.431	0.784
TOP2A	ESPL1	9606.ENSP00000411532	9606.ENSP00000257934	0	0	0	0	0.781	0.133	0	0.560	0.909
TOP2A	KIF11	9606.ENSP00000411532	9606.ENSP00000260731	0	0	0	0	0.910	0	0	0.735	0.975
TOP2A	NDC80	9606.ENSP00000411532	9606.ENSP00000261597	0	0	0	0	0.833	0.094	0	0.245	0.876
TOP2A	PKMYT1	9606.ENSP00000411532	9606.ENSP00000262300	0	0	0	0	0.297	0	0	0.322	0.503
TOP2A	GINS1	9606.ENSP00000411532	9606.ENSP00000262460	0	0	0	0	0.280	0.094	0	0.576	0.699
TOP2A	SGO1	9606.ENSP00000411532	9606.ENSP00000263753	0	0	0	0	0.556	0	0	0.301	0.676
TOP2A	PPAT	9606.ENSP00000411532	9606.ENSP00000264220	0	0	0	0	0.197	0	0	0.348	0.454
TOP2A	POLQ	9606.ENSP00000411532	9606.ENSP00000264233	0.061	0	0	0	0.421	0	0	0.276	0.572
TOP2A	NEIL3	9606.ENSP00000411532	9606.ENSP00000264596	0.057	0	0	0	0.441	0	0	0.835	0.905
TOP2A	DEPDC1B	9606.ENSP00000411532	9606.ENSP00000265036	0	0	0	0	0.532	0	0	0.355	0.685
TOP2A	ANLN	9606.ENSP00000411532	9606.ENSP00000265748	0	0	0	0	0.613	0.292	0	0.533	0.861
TOP2A	TICRR	9606.ENSP00000411532	9606.ENSP00000268138	0.042	0	0	0	0.462	0.045	0	0.331	0.627
TOP2A	NUF2	9606.ENSP00000411532	9606.ENSP00000271452	0	0	0	0	0.819	0	0	0.661	0.936
TOP2A	CDCA5	9606.ENSP00000411532	9606.ENSP00000275517	0	0	0	0	0.781	0	0	0.638	0.917
TOP2A	BUB1B	9606.ENSP00000411532	9606.ENSP00000287598	0	0	0	0	0.925	0	0	0.747	0.980
TOP2A	CCNB2	9606.ENSP00000411532	9606.ENSP00000288207	0	0	0	0	0.875	0.052	0	0.809	0.975
TOP2A	MELK	9606.ENSP00000411532	9606.ENSP00000298048	0	0	0	0	0.835	0	0	0.740	0.955
TOP2A	PLK1	9606.ENSP00000411532	9606.ENSP00000300093	0	0	0	0	0.612	0.292	0	0.768	0.931
TOP2A	TPX2	9606.ENSP00000411532	9606.ENSP00000300403	0	0	0	0	0.854	0	0	0.623	0.942
TOP2A	BIRC5	9606.ENSP00000411532	9606.ENSP00000301633	0	0	0	0	0.868	0	0	0.828	0.976
TOP2A	CKAP2L	9606.ENSP00000411532	9606.ENSP00000305204	0	0	0	0	0.766	0	0	0.306	0.830
TOP2A	RMI2	9606.ENSP00000411532	9606.ENSP00000310356	0	0	0	0	0.342	0	0	0.291	0.514
TOP2A	AURKB	9606.ENSP00000411532	9606.ENSP00000313950	0	0	0	0	0.831	0.314	0	0.761	0.970
TOP2A	SKA3	9606.ENSP00000411532	9606.ENSP00000319417	0	0	0	0	0.516	0	0	0.292	0.643
TOP2A	EZH2	9606.ENSP00000411532	9606.ENSP00000320147	0	0	0	0	0.428	0	0	0.373	0.626
TOP2A	TUBB3	9606.ENSP00000411532	9606.ENSP00000320295	0	0	0	0	0.094	0	0	0.423	0.455
TOP2A	CDC25C	9606.ENSP00000411532	9606.ENSP00000321656	0	0	0	0	0.495	0.071	0	0.603	0.797
TOP2A	SPAG5	9606.ENSP00000411532	9606.ENSP00000323300	0	0	0	0	0.838	0.046	0	0.648	0.941
TOP2A	KIF15	9606.ENSP00000411532	9606.ENSP00000324020	0	0	0	0	0.896	0	0	0.590	0.955
TOP2A	CDCA2	9606.ENSP00000411532	9606.ENSP00000328228	0	0	0	0	0.707	0	0	0.310	0.789
TOP2A	ERCC6L	9606.ENSP00000411532	9606.ENSP00000334675	0	0	0	0	0.322	0.114	0	0.593	0.734
TOP2A	CENPA	9606.ENSP00000411532	9606.ENSP00000336868	0	0	0	0	0.810	0.145	0	0.545	0.919
TOP2A	FOXM1	9606.ENSP00000411532	9606.ENSP00000342307	0	0	0	0	0.665	0.292	0	0.718	0.927
TOP2A	UBE2C	9606.ENSP00000411532	9606.ENSP00000348838	0	0	0	0	0.842	0.068	0	0.837	0.973
TOP2A	RRM2	9606.ENSP00000411532	9606.ENSP00000353770	0	0.035	0	0	0.807	0	0	0.785	0.956
TOP2A	IQGAP3	9606.ENSP00000411532	9606.ENSP00000354451	0	0	0	0	0.580	0	0	0.223	0.660
TOP2A	EXO1	9606.ENSP00000411532	9606.ENSP00000355506	0.058	0	0	0	0.591	0	0	0.515	0.797
TOP2A	CENPF	9606.ENSP00000411532	9606.ENSP00000355922	0	0	0	0	0.876	0	0	0.804	0.974
TOP2A	NEK2	9606.ENSP00000411532	9606.ENSP00000355966	0	0	0	0	0.780	0	0	0.685	0.928
TOP2A	KIF14	9606.ENSP00000411532	9606.ENSP00000356319	0	0	0	0	0.786	0.292	0	0.557	0.927
TOP2A	ASPM	9606.ENSP00000411532	9606.ENSP00000356379	0	0	0	0	0.983	0	0	0.804	0.996
TOP2A	MKI67	9606.ENSP00000411532	9606.ENSP00000357643	0	0	0	0	0.957	0	0	0.845	0.993
TOP2A	TTK	9606.ENSP00000411532	9606.ENSP00000358813	0	0	0	0	0.858	0	0	0.719	0.958
TOP2A	HMGB3	9606.ENSP00000411532	9606.ENSP00000359393	0	0	0	0	0.296	0.125	0	0.231	0.485
TOP2A	ALDH18A1	9606.ENSP00000411532	9606.ENSP00000360268	0.098	0	0	0	0.139	0	0	0.353	0.453
TOP2A	CEP55	9606.ENSP00000411532	9606.ENSP00000360540	0	0	0	0	0.829	0	0	0.596	0.928
TOP2A	STIL	9606.ENSP00000411532	9606.ENSP00000360944	0	0	0	0	0.400	0	0	0.162	0.476
TOP2A	RAD54L	9606.ENSP00000411532	9606.ENSP00000361043	0	0	0	0	0.450	0.108	0	0.413	0.687
TOP2A	KIF2C	9606.ENSP00000411532	9606.ENSP00000361298	0	0	0	0	0.842	0	0	0.618	0.937
TOP2A	CDC20	9606.ENSP00000411532	9606.ENSP00000361540	0	0	0	0	0.908	0	0	0.797	0.980
TOP2A	CDCA8	9606.ENSP00000411532	9606.ENSP00000362146	0	0	0	0	0.796	0	0	0.624	0.920
TOP2A	SRPK1	9606.ENSP00000411532	9606.ENSP00000362931	0	0	0	0	0.127	0.394	0	0.143	0.507
TOP2A	ZWINT	9606.ENSP00000411532	9606.ENSP00000363055	0	0	0	0	0.653	0	0	0.655	0.875
TOP2A	KIF4A	9606.ENSP00000411532	9606.ENSP00000363524	0	0	0	0	0.825	0	0	0.537	0.915
TOP2A	HMMR	9606.ENSP00000411532	9606.ENSP00000377492	0	0	0	0	0.798	0.046	0	0.534	0.902
TOP2A	KIF20A	9606.ENSP00000411532	9606.ENSP00000378356	0	0	0	0	0.866	0.292	0	0.750	0.974
TOP2A	PAICS	9606.ENSP00000411532	9606.ENSP00000382595	0.061	0	0	0	0.260	0	0	0.384	0.534
TOP2A	CHEK1	9606.ENSP00000411532	9606.ENSP00000391090	0	0	0	0	0.520	0.194	0	0.736	0.889
TOP2A	CDC45	9606.ENSP00000411532	9606.ENSP00000405726	0	0	0	0	0.685	0	0	0.746	0.917
TOP2A	RCC1	9606.ENSP00000411532	9606.ENSP00000497402	0	0	0	0	0.205	0	0	0.480	0.569
TOP2A	RECQL4	9606.ENSP00000411532	9606.ENSP00000482313	0.069	0	0	0	0.223	0.281	0	0.387	0.638
TOP2A	UBE2T	9606.ENSP00000411532	9606.ENSP00000494957	0	0	0	0	0.445	0.068	0	0.417	0.672
TOP2A	KIF18B	9606.ENSP00000411532	9606.ENSP00000465992	0	0	0	0	0.573	0	0	0.273	0.677
TOP2A	GTSE1	9606.ENSP00000411532	9606.ENSP00000415430	0.042	0	0	0	0.541	0	0	0.402	0.714
TOP2A	DEPDC1	9606.ENSP00000411532	9606.ENSP00000412292	0	0	0	0	0.608	0	0	0.348	0.733
TOP2A	MCM10	9606.ENSP00000411532	9606.ENSP00000418268	0	0	0	0	0.484	0	0	0.512	0.737
TOP2A	UHRF1	9606.ENSP00000411532	9606.ENSP00000479617	0	0	0	0	0.509	0.301	0	0.613	0.855
TOP2A	CDCA3	9606.ENSP00000411532	9606.ENSP00000442068	0	0	0	0	0.728	0	0	0.564	0.876
TOP2A	HJURP	9606.ENSP00000411532	9606.ENSP00000414109	0	0	0	0	0.854	0	0	0.417	0.911
TOP2A	PBK	9606.ENSP00000411532	9606.ENSP00000428489	0	0	0	0	0.839	0	0	0.753	0.958
TOP2A	CCNA2	9606.ENSP00000411532	9606.ENSP00000481380	0	0	0	0	0.869	0	0	0.868	0.982
TPX2	CDC6	9606.ENSP00000300403	9606.ENSP00000209728	0	0	0	0	0.539	0	0	0.338	0.681
TPX2	MYBL2	9606.ENSP00000300403	9606.ENSP00000217026	0	0	0	0	0.527	0.046	0	0.484	0.747
TPX2	NCAPH	9606.ENSP00000300403	9606.ENSP00000240423	0	0	0	0	0.622	0	0	0.629	0.854
TPX2	DLGAP5	9606.ENSP00000300403	9606.ENSP00000247191	0	0	0	0	0.880	0	0	0.831	0.978
TPX2	E2F8	9606.ENSP00000300403	9606.ENSP00000250024	0	0	0	0	0.484	0	0	0.223	0.582
TPX2	NCAPG	9606.ENSP00000300403	9606.ENSP00000251496	0	0	0	0	0.827	0	0	0.720	0.949
TPX2	GINS2	9606.ENSP00000300403	9606.ENSP00000253462	0	0	0	0	0.368	0	0	0.278	0.524
TPX2	CCNB1	9606.ENSP00000300403	9606.ENSP00000256442	0	0	0	0	0.836	0.045	0	0.703	0.949
TPX2	TROAP	9606.ENSP00000300403	9606.ENSP00000257909	0	0	0	0	0.572	0	0	0.274	0.676
TPX2	ESPL1	9606.ENSP00000300403	9606.ENSP00000257934	0	0	0	0	0.563	0	0	0.584	0.810
TPX2	KIF11	9606.ENSP00000300403	9606.ENSP00000260731	0	0	0	0	0.843	0	0	0.790	0.965
TPX2	NDC80	9606.ENSP00000300403	9606.ENSP00000261597	0	0	0	0	0.663	0	0	0.398	0.788
TPX2	PKMYT1	9606.ENSP00000300403	9606.ENSP00000262300	0	0	0	0	0.377	0	0	0.101	0.416
TPX2	GINS1	9606.ENSP00000300403	9606.ENSP00000262460	0	0	0	0	0.396	0	0	0.407	0.626
TPX2	SGO1	9606.ENSP00000300403	9606.ENSP00000263753	0	0	0	0	0.457	0	0	0.314	0.611
TPX2	NEIL3	9606.ENSP00000300403	9606.ENSP00000264596	0	0	0	0	0.368	0	0	0.189	0.465
TPX2	DEPDC1B	9606.ENSP00000300403	9606.ENSP00000265036	0	0	0	0	0.649	0	0	0.067	0.659
TPX2	ANLN	9606.ENSP00000300403	9606.ENSP00000265748	0	0	0	0	0.774	0	0	0.673	0.923
TPX2	TICRR	9606.ENSP00000300403	9606.ENSP00000268138	0	0	0	0	0.466	0	0	0.106	0.502
TPX2	NUF2	9606.ENSP00000300403	9606.ENSP00000271452	0	0	0	0	0.838	0	0	0.686	0.947
TPX2	CDCA5	9606.ENSP00000300403	9606.ENSP00000275517	0	0	0	0	0.785	0	0	0.478	0.883
TPX2	BUB1B	9606.ENSP00000300403	9606.ENSP00000287598	0	0	0	0	0.849	0	0	0.595	0.936
TPX2	CCNB2	9606.ENSP00000300403	9606.ENSP00000288207	0	0	0	0	0.835	0.045	0	0.725	0.953
TPX2	MELK	9606.ENSP00000300403	9606.ENSP00000298048	0	0	0	0	0.840	0.070	0	0.739	0.958
TPX2	PLK1	9606.ENSP00000300403	9606.ENSP00000300093	0	0	0	0	0.805	0	0	0.727	0.944
TPX2	RMI2	9606.ENSP00000300403	9606.ENSP00000310356	0	0	0	0	0.378	0	0	0.088	0.408
TPX2	IQGAP3	9606.ENSP00000300403	9606.ENSP00000354451	0	0	0	0	0.371	0	0	0.160	0.450
TPX2	EZH2	9606.ENSP00000300403	9606.ENSP00000320147	0	0	0	0	0.378	0	0	0.213	0.490
TPX2	RCC1	9606.ENSP00000300403	9606.ENSP00000497402	0	0	0	0	0.286	0	0	0.349	0.515
TPX2	STIL	9606.ENSP00000300403	9606.ENSP00000360944	0	0	0	0	0.411	0	0	0.310	0.577
TPX2	RAD54L	9606.ENSP00000300403	9606.ENSP00000361043	0	0	0	0	0.457	0.045	0	0.350	0.633
TPX2	CDC25C	9606.ENSP00000300403	9606.ENSP00000321656	0	0	0	0	0.541	0	0	0.256	0.644
TPX2	ERCC6L	9606.ENSP00000300403	9606.ENSP00000334675	0	0	0	0	0.510	0.045	0	0.321	0.654
TPX2	CHEK1	9606.ENSP00000300403	9606.ENSP00000391090	0	0	0	0	0.584	0	0	0.223	0.663
TPX2	KIF18B	9606.ENSP00000300403	9606.ENSP00000465992	0	0	0	0	0.420	0	0	0.476	0.683
TPX2	GTSE1	9606.ENSP00000300403	9606.ENSP00000415430	0	0	0	0	0.525	0	0	0.370	0.687
TPX2	UHRF1	9606.ENSP00000300403	9606.ENSP00000479617	0	0	0	0	0.471	0	0	0.455	0.699
TPX2	CKAP2L	9606.ENSP00000300403	9606.ENSP00000305204	0	0	0	0	0.630	0	0	0.368	0.756
TPX2	CDC45	9606.ENSP00000300403	9606.ENSP00000405726	0	0	0	0	0.635	0	0	0.387	0.766
TPX2	SKA3	9606.ENSP00000300403	9606.ENSP00000319417	0	0	0	0	0.529	0	0	0.576	0.791
TPX2	MCM10	9606.ENSP00000300403	9606.ENSP00000418268	0	0	0	0	0.569	0	0	0.544	0.795
TPX2	UBE2T	9606.ENSP00000300403	9606.ENSP00000494957	0	0	0	0	0.559	0.042	0	0.562	0.799
TPX2	EXO1	9606.ENSP00000300403	9606.ENSP00000355506	0	0	0	0	0.614	0	0	0.522	0.807
TPX2	CDCA2	9606.ENSP00000300403	9606.ENSP00000328228	0	0	0	0	0.738	0	0	0.305	0.810
TPX2	SPAG5	9606.ENSP00000300403	9606.ENSP00000323300	0	0	0	0	0.745	0.091	0	0.421	0.854
TPX2	CDCA3	9606.ENSP00000300403	9606.ENSP00000442068	0	0	0	0	0.835	0	0	0.308	0.881
TPX2	CENPA	9606.ENSP00000300403	9606.ENSP00000336868	0	0	0	0	0.791	0	0	0.460	0.882
TPX2	HJURP	9606.ENSP00000300403	9606.ENSP00000414109	0	0	0	0	0.813	0	0	0.447	0.892
TPX2	KIF14	9606.ENSP00000300403	9606.ENSP00000356319	0	0	0	0	0.778	0.292	0	0.431	0.903
TPX2	DEPDC1	9606.ENSP00000300403	9606.ENSP00000412292	0	0	0	0	0.782	0	0	0.573	0.903
TPX2	ZWINT	9606.ENSP00000300403	9606.ENSP00000363055	0	0	0	0	0.771	0	0	0.639	0.913
TPX2	CDCA8	9606.ENSP00000300403	9606.ENSP00000362146	0	0	0	0	0.814	0	0	0.584	0.919
TPX2	FOXM1	9606.ENSP00000300403	9606.ENSP00000342307	0	0	0	0	0.788	0.052	0	0.688	0.932
TPX2	TTK	9606.ENSP00000300403	9606.ENSP00000358813	0	0	0	0	0.848	0	0	0.592	0.935
TPX2	AURKB	9606.ENSP00000300403	9606.ENSP00000313950	0	0	0	0	0.687	0.297	0	0.750	0.940
TPX2	TOP2A	9606.ENSP00000300403	9606.ENSP00000411532	0	0	0	0	0.854	0	0	0.623	0.942
TPX2	NEK2	9606.ENSP00000300403	9606.ENSP00000355966	0	0	0	0	0.818	0	0	0.696	0.942
TPX2	RRM2	9606.ENSP00000300403	9606.ENSP00000353770	0	0	0	0	0.812	0	0	0.713	0.943
TPX2	CEP55	9606.ENSP00000300403	9606.ENSP00000360540	0	0	0	0	0.804	0	0	0.727	0.944
TPX2	PBK	9606.ENSP00000300403	9606.ENSP00000428489	0	0	0	0	0.829	0.068	0	0.683	0.945
TPX2	KIF15	9606.ENSP00000300403	9606.ENSP00000324020	0	0	0	0	0.802	0	0	0.749	0.948
TPX2	ASPM	9606.ENSP00000300403	9606.ENSP00000356379	0	0	0	0	0.827	0	0	0.717	0.949
TPX2	BIRC5	9606.ENSP00000300403	9606.ENSP00000301633	0	0	0	0	0.852	0.102	0	0.672	0.952
TPX2	CENPF	9606.ENSP00000300403	9606.ENSP00000355922	0	0	0	0	0.829	0	0	0.746	0.954
TPX2	MKI67	9606.ENSP00000300403	9606.ENSP00000357643	0	0	0	0	0.810	0.292	0	0.687	0.954
TPX2	CCNA2	9606.ENSP00000300403	9606.ENSP00000481380	0	0	0	0	0.860	0	0	0.691	0.954
TPX2	CDC20	9606.ENSP00000300403	9606.ENSP00000361540	0	0	0	0	0.858	0	0	0.736	0.961
TPX2	KIF4A	9606.ENSP00000300403	9606.ENSP00000363524	0	0	0	0	0.861	0	0	0.764	0.965
TPX2	UBE2C	9606.ENSP00000300403	9606.ENSP00000348838	0	0	0	0	0.866	0.042	0	0.751	0.965
TPX2	KIF20A	9606.ENSP00000300403	9606.ENSP00000378356	0	0	0	0	0.865	0.292	0	0.734	0.972
TPX2	HMMR	9606.ENSP00000300403	9606.ENSP00000377492	0	0	0	0	0.799	0.328	0	0.856	0.979
TPX2	KIF2C	9606.ENSP00000300403	9606.ENSP00000361298	0	0	0	0	0.999	0	0	0.658	0.999
TROAP	MYBL2	9606.ENSP00000257909	9606.ENSP00000217026	0	0	0	0	0.407	0	0	0.233	0.526
TROAP	NCAPH	9606.ENSP00000257909	9606.ENSP00000240423	0	0	0	0	0.439	0	0	0.212	0.539
TROAP	DLGAP5	9606.ENSP00000257909	9606.ENSP00000247191	0	0	0.230	0	0.607	0	0	0.301	0.770
TROAP	NCAPG	9606.ENSP00000257909	9606.ENSP00000251496	0	0	0	0	0.544	0	0	0.348	0.690
TROAP	GINS2	9606.ENSP00000257909	9606.ENSP00000253462	0	0	0	0	0.293	0	0	0.219	0.424
TROAP	CCNB1	9606.ENSP00000257909	9606.ENSP00000256442	0	0	0	0	0.545	0	0	0.211	0.626
TROAP	MCM10	9606.ENSP00000257909	9606.ENSP00000418268	0	0	0	0	0.348	0	0	0.125	0.405
TROAP	UBE2T	9606.ENSP00000257909	9606.ENSP00000494957	0	0	0	0	0.324	0	0	0.164	0.411
TROAP	RECQL4	9606.ENSP00000257909	9606.ENSP00000482313	0	0	0	0	0.380	0	0	0.125	0.434
TROAP	SGO1	9606.ENSP00000257909	9606.ENSP00000263753	0	0	0	0	0.412	0	0	0.077	0.434
TROAP	DEPDC1B	9606.ENSP00000257909	9606.ENSP00000265036	0	0	0	0	0.369	0	0	0.149	0.440
TROAP	POLQ	9606.ENSP00000257909	9606.ENSP00000264233	0	0	0	0	0.443	0	0	0.118	0.487
TROAP	DEPDC1	9606.ENSP00000257909	9606.ENSP00000412292	0	0	0	0	0.433	0	0	0.145	0.494
TROAP	RRM2	9606.ENSP00000257909	9606.ENSP00000353770	0	0	0	0	0.407	0	0	0.185	0.496
TROAP	SKA3	9606.ENSP00000257909	9606.ENSP00000319417	0	0	0	0	0.404	0	0	0.199	0.502
TROAP	CHEK1	9606.ENSP00000257909	9606.ENSP00000391090	0	0	0	0	0.246	0	0	0.368	0.503
TROAP	RAD54L	9606.ENSP00000257909	9606.ENSP00000361043	0	0	0	0	0.478	0	0	0.087	0.503
TROAP	NUF2	9606.ENSP00000257909	9606.ENSP00000271452	0	0	0	0	0.375	0	0	0.254	0.514
TROAP	PBK	9606.ENSP00000257909	9606.ENSP00000428489	0	0	0	0	0.473	0	0	0.174	0.546
TROAP	CDC45	9606.ENSP00000257909	9606.ENSP00000405726	0	0	0	0	0.478	0	0	0.180	0.554
TROAP	HMMR	9606.ENSP00000257909	9606.ENSP00000377492	0	0	0	0	0.516	0	0	0.118	0.555
TROAP	NDC80	9606.ENSP00000257909	9606.ENSP00000261597	0	0	0	0	0.512	0	0	0.125	0.555
TROAP	NEIL3	9606.ENSP00000257909	9606.ENSP00000264596	0	0	0	0	0.307	0	0	0.411	0.574
TROAP	IQGAP3	9606.ENSP00000257909	9606.ENSP00000354451	0	0	0	0	0.523	0	0	0.187	0.595
TROAP	KIF11	9606.ENSP00000257909	9606.ENSP00000260731	0	0	0	0	0.554	0	0	0.136	0.598
TROAP	CEP55	9606.ENSP00000257909	9606.ENSP00000360540	0	0	0	0	0.487	0	0	0.274	0.612
TROAP	CDCA5	9606.ENSP00000257909	9606.ENSP00000275517	0	0	0	0	0.521	0	0	0.265	0.633
TROAP	PKMYT1	9606.ENSP00000257909	9606.ENSP00000262300	0	0	0	0	0.493	0	0	0.310	0.635
TROAP	CKAP2L	9606.ENSP00000257909	9606.ENSP00000305204	0	0	0	0	0.478	0	0	0.330	0.635
TROAP	CENPA	9606.ENSP00000257909	9606.ENSP00000336868	0	0	0	0	0.586	0	0	0.203	0.656
TROAP	CDC25C	9606.ENSP00000257909	9606.ENSP00000321656	0	0	0	0	0.553	0	0	0.265	0.657
TROAP	TTK	9606.ENSP00000257909	9606.ENSP00000358813	0	0	0	0	0.475	0	0	0.374	0.658
TROAP	KIF14	9606.ENSP00000257909	9606.ENSP00000356319	0	0	0	0	0.482	0.292	0	0.142	0.658
TROAP	CCNA2	9606.ENSP00000257909	9606.ENSP00000481380	0	0	0	0	0.601	0	0	0.185	0.661
TROAP	CCNB2	9606.ENSP00000257909	9606.ENSP00000288207	0	0	0	0	0.564	0	0	0.282	0.674
TROAP	TPX2	9606.ENSP00000257909	9606.ENSP00000300403	0	0	0	0	0.572	0	0	0.274	0.676
TROAP	NEK2	9606.ENSP00000257909	9606.ENSP00000355966	0	0	0	0	0.478	0	0	0.423	0.686
TROAP	GTSE1	9606.ENSP00000257909	9606.ENSP00000415430	0	0	0	0	0.620	0	0	0.243	0.700
TROAP	KIF15	9606.ENSP00000257909	9606.ENSP00000324020	0	0	0	0	0.651	0	0	0.174	0.700
TROAP	MKI67	9606.ENSP00000257909	9606.ENSP00000357643	0	0	0	0	0.651	0	0	0.188	0.704
TROAP	CDCA2	9606.ENSP00000257909	9606.ENSP00000328228	0	0	0.285	0	0.511	0	0	0.223	0.705
TROAP	TICRR	9606.ENSP00000257909	9606.ENSP00000268138	0	0	0	0	0.449	0	0	0.500	0.713
TROAP	MELK	9606.ENSP00000257909	9606.ENSP00000298048	0	0	0	0	0.523	0	0	0.436	0.719
TROAP	BUB1B	9606.ENSP00000257909	9606.ENSP00000287598	0	0	0	0	0.687	0	0	0.242	0.753
TROAP	BIRC5	9606.ENSP00000257909	9606.ENSP00000301633	0	0	0	0	0.706	0	0	0.197	0.754
TROAP	CENPF	9606.ENSP00000257909	9606.ENSP00000355922	0	0	0	0	0.669	0	0	0.315	0.764
TROAP	ASPM	9606.ENSP00000257909	9606.ENSP00000356379	0	0	0	0	0.648	0	0	0.358	0.764
TROAP	UBE2C	9606.ENSP00000257909	9606.ENSP00000348838	0	0	0	0	0.711	0	0	0.266	0.778
TROAP	TOP2A	9606.ENSP00000257909	9606.ENSP00000411532	0	0	0	0	0.636	0	0	0.431	0.784
TROAP	CDCA8	9606.ENSP00000257909	9606.ENSP00000362146	0	0	0	0	0.755	0	0	0.194	0.794
TROAP	PLK1	9606.ENSP00000257909	9606.ENSP00000300093	0	0	0	0	0.788	0	0	0.117	0.805
TROAP	SPAG5	9606.ENSP00000257909	9606.ENSP00000323300	0	0	0	0	0.732	0	0	0.332	0.813
TROAP	CDC20	9606.ENSP00000257909	9606.ENSP00000361540	0	0	0	0	0.768	0	0	0.288	0.827
TROAP	FOXM1	9606.ENSP00000257909	9606.ENSP00000342307	0	0	0	0	0.810	0	0	0.128	0.828
TROAP	KIF20A	9606.ENSP00000257909	9606.ENSP00000378356	0	0	0	0	0.751	0	0	0.349	0.831
TROAP	KIF2C	9606.ENSP00000257909	9606.ENSP00000361298	0	0	0	0	0.764	0	0	0.322	0.833
TROAP	KIF4A	9606.ENSP00000257909	9606.ENSP00000363524	0	0	0	0	0.668	0	0	0.527	0.836
TROAP	AURKB	9606.ENSP00000257909	9606.ENSP00000313950	0	0	0	0	0.801	0	0	0.212	0.836
TROAP	ESPL1	9606.ENSP00000257909	9606.ENSP00000257934	0	0	0	0	0.831	0	0	0.125	0.846
TROAP	CDCA3	9606.ENSP00000257909	9606.ENSP00000442068	0	0	0	0	0.806	0	0	0.293	0.857
TROAP	KIF18B	9606.ENSP00000257909	9606.ENSP00000465992	0	0	0	0	0.860	0	0	0.356	0.906
TROAP	HJURP	9606.ENSP00000257909	9606.ENSP00000414109	0	0	0.324	0	0.805	0	0	0.428	0.918
TRPM8	PRKCE	9606.ENSP00000323926	9606.ENSP00000306124	0	0	0	0	0.054	0	0	0.413	0.420
TTK	CDC6	9606.ENSP00000358813	9606.ENSP00000209728	0	0	0	0	0.643	0	0	0.462	0.799
TTK	MYBL2	9606.ENSP00000358813	9606.ENSP00000217026	0	0	0	0	0.515	0	0	0.280	0.635
TTK	ORC6	9606.ENSP00000358813	9606.ENSP00000219097	0	0	0	0	0.271	0	0	0.328	0.489
TTK	NCAPH	9606.ENSP00000358813	9606.ENSP00000240423	0	0	0	0	0.687	0	0	0.652	0.886
TTK	DLGAP5	9606.ENSP00000358813	9606.ENSP00000247191	0	0	0	0	0.947	0	0	0.582	0.977
TTK	E2F8	9606.ENSP00000358813	9606.ENSP00000250024	0	0	0	0	0.661	0	0	0.395	0.786
TTK	NCAPG	9606.ENSP00000358813	9606.ENSP00000251496	0	0	0	0	0.923	0	0	0.667	0.973
TTK	GINS2	9606.ENSP00000358813	9606.ENSP00000253462	0	0	0	0	0.358	0	0	0.266	0.509
TTK	CCNB1	9606.ENSP00000358813	9606.ENSP00000256442	0	0	0	0	0.783	0.071	0	0.706	0.936
TTK	TROAP	9606.ENSP00000358813	9606.ENSP00000257909	0	0	0	0	0.475	0	0	0.374	0.658
TTK	ESPL1	9606.ENSP00000358813	9606.ENSP00000257934	0	0	0	0	0.772	0.421	0	0.615	0.945
TTK	BRIP1	9606.ENSP00000358813	9606.ENSP00000259008	0	0	0	0	0.267	0	0	0.290	0.457
TTK	KIF11	9606.ENSP00000358813	9606.ENSP00000260731	0	0	0	0	0.958	0.139	0	0.611	0.984
TTK	NDC80	9606.ENSP00000358813	9606.ENSP00000261597	0	0	0	0	0.948	0.663	0	0.592	0.992
TTK	GINS1	9606.ENSP00000358813	9606.ENSP00000262460	0	0	0	0	0.308	0	0	0.398	0.565
TTK	SGO1	9606.ENSP00000358813	9606.ENSP00000263753	0	0	0	0	0.731	0	0	0.419	0.837
TTK	POLQ	9606.ENSP00000358813	9606.ENSP00000264233	0	0	0	0	0.432	0	0	0	0.432
TTK	NEIL3	9606.ENSP00000358813	9606.ENSP00000264596	0	0	0	0	0.606	0	0	0.100	0.630
TTK	DEPDC1B	9606.ENSP00000358813	9606.ENSP00000265036	0	0	0	0	0.609	0	0	0.067	0.620
TTK	ANLN	9606.ENSP00000358813	9606.ENSP00000265748	0	0	0	0	0.546	0	0	0.374	0.704
TTK	TICRR	9606.ENSP00000358813	9606.ENSP00000268138	0	0	0	0	0.553	0	0	0.063	0.563
TTK	NUF2	9606.ENSP00000358813	9606.ENSP00000271452	0	0	0	0	0.947	0.486	0	0.655	0.989
TTK	CDCA5	9606.ENSP00000358813	9606.ENSP00000275517	0	0	0	0	0.622	0	0	0.325	0.734
TTK	BUB1B	9606.ENSP00000358813	9606.ENSP00000287598	0	0	0	0	0.865	0.292	0	0.918	0.991
TTK	CCNB2	9606.ENSP00000358813	9606.ENSP00000288207	0	0	0	0	0.852	0.071	0	0.736	0.960
TTK	MELK	9606.ENSP00000358813	9606.ENSP00000298048	0	0	0	0.574	0.911	0	0	0.254	0.931
TTK	PLK1	9606.ENSP00000358813	9606.ENSP00000300093	0	0	0	0.573	0.479	0.119	0	0.305	0.653
TTK	TPX2	9606.ENSP00000358813	9606.ENSP00000300403	0	0	0	0	0.848	0	0	0.592	0.935
TTK	BIRC5	9606.ENSP00000358813	9606.ENSP00000301633	0	0	0	0	0.826	0	0	0.647	0.936
TTK	CKAP2L	9606.ENSP00000358813	9606.ENSP00000305204	0	0	0	0	0.426	0	0	0.419	0.652
TTK	AURKB	9606.ENSP00000358813	9606.ENSP00000313950	0	0	0	0.641	0.614	0.261	0	0.303	0.784
TTK	SKA3	9606.ENSP00000358813	9606.ENSP00000319417	0	0	0	0	0.802	0	0	0.374	0.870
TTK	EZH2	9606.ENSP00000358813	9606.ENSP00000320147	0	0	0	0	0.371	0	0	0.208	0.481
TTK	CDC25C	9606.ENSP00000358813	9606.ENSP00000321656	0	0	0	0	0.665	0	0	0.391	0.787
TTK	SPAG5	9606.ENSP00000358813	9606.ENSP00000323300	0	0	0	0	0.807	0.138	0	0.393	0.890
TTK	KIF15	9606.ENSP00000358813	9606.ENSP00000324020	0	0	0	0	0.896	0	0	0.640	0.961
TTK	CDCA2	9606.ENSP00000358813	9606.ENSP00000328228	0	0	0	0	0.834	0	0	0.260	0.872
TTK	ERCC6L	9606.ENSP00000358813	9606.ENSP00000334675	0	0	0	0	0.696	0.067	0	0.368	0.805
TTK	CENPA	9606.ENSP00000358813	9606.ENSP00000336868	0	0	0	0	0.733	0	0	0.661	0.905
TTK	ARHGAP6	9606.ENSP00000358813	9606.ENSP00000338967	0	0	0	0	0.438	0	0	0	0.438
TTK	FOXM1	9606.ENSP00000358813	9606.ENSP00000342307	0	0	0	0	0.629	0.066	0	0.378	0.766
TTK	UBE2C	9606.ENSP00000358813	9606.ENSP00000348838	0	0	0	0	0.830	0	0	0.497	0.911
TTK	RRM2	9606.ENSP00000358813	9606.ENSP00000353770	0	0	0	0	0.689	0	0	0.447	0.820
TTK	IQGAP3	9606.ENSP00000358813	9606.ENSP00000354451	0	0	0	0	0.467	0	0	0.127	0.515
TTK	EXO1	9606.ENSP00000358813	9606.ENSP00000355506	0	0	0	0	0.833	0	0	0.402	0.896
TTK	CENPF	9606.ENSP00000358813	9606.ENSP00000355922	0	0	0	0	0.886	0	0	0.723	0.967
TTK	NEK2	9606.ENSP00000358813	9606.ENSP00000355966	0	0	0	0.597	0.800	0	0	0.258	0.845
TTK	KIF14	9606.ENSP00000358813	9606.ENSP00000356319	0	0	0	0	0.790	0.292	0	0.410	0.904
TTK	ASPM	9606.ENSP00000358813	9606.ENSP00000356379	0	0	0	0	0.912	0	0	0.530	0.957
TTK	MKI67	9606.ENSP00000358813	9606.ENSP00000357643	0	0	0	0	0.795	0	0	0.368	0.865
TTK	RECQL4	9606.ENSP00000358813	9606.ENSP00000482313	0	0	0	0	0.154	0.292	0	0.187	0.471
TTK	UHRF1	9606.ENSP00000358813	9606.ENSP00000479617	0	0	0	0	0.432	0	0	0.247	0.554
TTK	UBE2T	9606.ENSP00000358813	9606.ENSP00000494957	0	0	0	0	0.453	0	0	0.237	0.565
TTK	GTSE1	9606.ENSP00000358813	9606.ENSP00000415430	0	0	0	0	0.359	0	0	0.360	0.572
TTK	RAD54L	9606.ENSP00000358813	9606.ENSP00000361043	0	0	0	0	0.412	0.067	0	0.370	0.624
TTK	CHEK1	9606.ENSP00000358813	9606.ENSP00000391090	0	0	0	0.562	0.560	0	0	0.213	0.639
TTK	STIL	9606.ENSP00000358813	9606.ENSP00000360944	0	0	0	0	0.610	0	0	0.167	0.662
TTK	KIF18B	9606.ENSP00000358813	9606.ENSP00000465992	0	0	0	0	0.410	0	0	0.450	0.662
TTK	MCM10	9606.ENSP00000358813	9606.ENSP00000418268	0	0	0	0	0.597	0	0	0.370	0.735
TTK	ZWINT	9606.ENSP00000358813	9606.ENSP00000363055	0	0	0	0	0.644	0	0	0.371	0.766
TTK	CDC45	9606.ENSP00000358813	9606.ENSP00000405726	0	0	0	0	0.631	0	0	0.448	0.787
TTK	CDCA3	9606.ENSP00000358813	9606.ENSP00000442068	0	0	0	0	0.813	0	0	0.271	0.858
TTK	HMMR	9606.ENSP00000358813	9606.ENSP00000377492	0	0	0	0	0.798	0.099	0	0.401	0.881
TTK	KIF4A	9606.ENSP00000358813	9606.ENSP00000363524	0	0	0	0	0.856	0	0	0.475	0.921
TTK	KIF20A	9606.ENSP00000358813	9606.ENSP00000378356	0	0	0	0	0.846	0	0	0.521	0.923
TTK	HJURP	9606.ENSP00000358813	9606.ENSP00000414109	0	0	0	0	0.801	0	0	0.660	0.929
TTK	DEPDC1	9606.ENSP00000358813	9606.ENSP00000412292	0	0	0	0	0.806	0	0	0.660	0.931
TTK	CCNA2	9606.ENSP00000358813	9606.ENSP00000481380	0	0	0	0	0.886	0	0	0.492	0.939
TTK	CEP55	9606.ENSP00000358813	9606.ENSP00000360540	0	0	0	0	0.846	0	0	0.660	0.945
TTK	CDCA8	9606.ENSP00000358813	9606.ENSP00000362146	0	0	0	0	0.853	0.292	0	0.522	0.946
TTK	KIF2C	9606.ENSP00000358813	9606.ENSP00000361298	0	0	0	0	0.904	0	0	0.559	0.955
TTK	TOP2A	9606.ENSP00000358813	9606.ENSP00000411532	0	0	0	0	0.858	0	0	0.719	0.958
TTK	PBK	9606.ENSP00000358813	9606.ENSP00000428489	0	0	0	0	0.903	0	0	0.700	0.969
TTK	CDC20	9606.ENSP00000358813	9606.ENSP00000361540	0	0	0	0	0.905	0.327	0	0.869	0.990
TUBB3	KIF11	9606.ENSP00000320295	9606.ENSP00000260731	0	0	0	0	0.096	0.438	0	0.252	0.587
TUBB3	SOX17	9606.ENSP00000320295	9606.ENSP00000297316	0	0	0	0	0.055	0	0	0.402	0.411
TUBB3	PLK1	9606.ENSP00000320295	9606.ENSP00000300093	0	0.002	0	0	0.131	0.311	0	0.193	0.475
TUBB3	CENPA	9606.ENSP00000320295	9606.ENSP00000336868	0	0	0	0	0.098	0.125	0	0.346	0.439
TUBB3	TOP2A	9606.ENSP00000320295	9606.ENSP00000411532	0	0	0	0	0.094	0	0	0.423	0.455
TUBB3	NEK2	9606.ENSP00000320295	9606.ENSP00000355966	0	0	0	0	0.127	0	0	0.402	0.456
UBE2C	CDC6	9606.ENSP00000348838	9606.ENSP00000209728	0	0	0	0	0.486	0.077	0.400	0.488	0.835
UBE2C	MYBL2	9606.ENSP00000348838	9606.ENSP00000217026	0	0	0	0	0.539	0.060	0	0.517	0.773
UBE2C	NCAPH	9606.ENSP00000348838	9606.ENSP00000240423	0	0	0	0	0.629	0.059	0	0.275	0.724
UBE2C	DLGAP5	9606.ENSP00000348838	9606.ENSP00000247191	0	0	0	0	0.892	0.046	0	0.720	0.968
UBE2C	E2F8	9606.ENSP00000348838	9606.ENSP00000250024	0	0	0	0	0.514	0	0	0.337	0.664
UBE2C	NCAPG	9606.ENSP00000348838	9606.ENSP00000251496	0	0	0	0	0.724	0.059	0	0.507	0.860
UBE2C	GINS2	9606.ENSP00000348838	9606.ENSP00000253462	0	0	0	0	0.433	0	0	0.293	0.582
UBE2C	CCNB1	9606.ENSP00000348838	9606.ENSP00000256442	0	0	0	0	0.859	0.072	0.500	0.877	0.990
UBE2C	TROAP	9606.ENSP00000348838	9606.ENSP00000257909	0	0	0	0	0.711	0	0	0.266	0.778
UBE2C	ESPL1	9606.ENSP00000348838	9606.ENSP00000257934	0	0	0	0	0.733	0	0.500	0.499	0.927
UBE2C	KIF11	9606.ENSP00000348838	9606.ENSP00000260731	0	0	0	0	0.835	0	0	0.511	0.916
UBE2C	NDC80	9606.ENSP00000348838	9606.ENSP00000261597	0	0	0	0	0.803	0.063	0	0.350	0.870
UBE2C	PKMYT1	9606.ENSP00000348838	9606.ENSP00000262300	0	0	0	0	0.413	0.096	0	0.336	0.617
UBE2C	GINS1	9606.ENSP00000348838	9606.ENSP00000262460	0	0	0	0	0.384	0	0	0.534	0.701
UBE2C	SGO1	9606.ENSP00000348838	9606.ENSP00000263753	0	0	0	0	0.488	0.045	0	0.202	0.575
UBE2C	NEIL3	9606.ENSP00000348838	9606.ENSP00000264596	0	0	0	0	0.330	0	0	0.141	0.400
UBE2C	DEPDC1B	9606.ENSP00000348838	9606.ENSP00000265036	0	0	0	0	0.493	0	0	0.124	0.537
UBE2C	ANLN	9606.ENSP00000348838	9606.ENSP00000265748	0	0	0	0	0.476	0	0	0.584	0.773
UBE2C	TICRR	9606.ENSP00000348838	9606.ENSP00000268138	0	0	0	0	0.401	0.066	0	0.114	0.461
UBE2C	NUF2	9606.ENSP00000348838	9606.ENSP00000271452	0	0	0	0	0.779	0	0	0.510	0.887
UBE2C	CDCA5	9606.ENSP00000348838	9606.ENSP00000275517	0	0	0	0	0.696	0	0	0.480	0.835
UBE2C	BUB1B	9606.ENSP00000348838	9606.ENSP00000287598	0	0	0	0	0.832	0.287	0.720	0.768	0.991
UBE2C	CCNB2	9606.ENSP00000348838	9606.ENSP00000288207	0	0	0	0	0.861	0.072	0	0.774	0.968
UBE2C	MELK	9606.ENSP00000348838	9606.ENSP00000298048	0	0	0	0	0.816	0.079	0	0.719	0.948
UBE2C	PLK1	9606.ENSP00000348838	9606.ENSP00000300093	0	0	0	0	0.610	0.052	0.400	0.712	0.927
UBE2C	TPX2	9606.ENSP00000348838	9606.ENSP00000300403	0	0	0	0	0.866	0.042	0	0.751	0.965
UBE2C	BIRC5	9606.ENSP00000348838	9606.ENSP00000301633	0	0	0	0	0.956	0.091	0	0.819	0.992
UBE2C	CKAP2L	9606.ENSP00000348838	9606.ENSP00000305204	0	0	0	0	0.427	0	0	0.290	0.575
UBE2C	RMI2	9606.ENSP00000348838	9606.ENSP00000310356	0	0	0	0	0.337	0	0	0.135	0.402
UBE2C	AURKB	9606.ENSP00000348838	9606.ENSP00000313950	0	0	0	0	0.766	0.053	0.400	0.704	0.955
UBE2C	SKA3	9606.ENSP00000348838	9606.ENSP00000319417	0	0	0	0	0.546	0	0	0.405	0.719
UBE2C	EZH2	9606.ENSP00000348838	9606.ENSP00000320147	0	0	0	0	0.360	0.070	0	0.304	0.550
UBE2C	CDC25C	9606.ENSP00000348838	9606.ENSP00000321656	0	0	0	0	0.635	0.048	0	0.514	0.816
UBE2C	SPAG5	9606.ENSP00000348838	9606.ENSP00000323300	0	0	0	0	0.827	0.080	0	0.334	0.884
UBE2C	KIF15	9606.ENSP00000348838	9606.ENSP00000324020	0	0	0	0	0.668	0	0	0.551	0.844
UBE2C	CDCA2	9606.ENSP00000348838	9606.ENSP00000328228	0	0	0	0	0.519	0	0	0.364	0.681
UBE2C	ERCC6L	9606.ENSP00000348838	9606.ENSP00000334675	0	0	0	0	0.326	0.099	0	0.266	0.516
UBE2C	CENPA	9606.ENSP00000348838	9606.ENSP00000336868	0	0	0	0	0.845	0.095	0	0.594	0.938
UBE2C	FOXM1	9606.ENSP00000348838	9606.ENSP00000342307	0	0	0	0	0.663	0.074	0	0.688	0.894
UBE2C	HMGB3	9606.ENSP00000348838	9606.ENSP00000359393	0	0	0	0	0.267	0.051	0	0.239	0.425
UBE2C	RECQL4	9606.ENSP00000348838	9606.ENSP00000482313	0	0	0	0	0.330	0.096	0	0.135	0.431
UBE2C	IQGAP3	9606.ENSP00000348838	9606.ENSP00000354451	0	0	0	0	0.378	0	0	0.323	0.561
UBE2C	RAD54L	9606.ENSP00000348838	9606.ENSP00000361043	0	0	0	0	0.418	0.099	0	0.243	0.569
UBE2C	MCM10	9606.ENSP00000348838	9606.ENSP00000418268	0	0	0	0	0.447	0	0	0.344	0.622
UBE2C	KIF14	9606.ENSP00000348838	9606.ENSP00000356319	0	0	0	0	0.494	0	0	0.327	0.645
UBE2C	UHRF1	9606.ENSP00000348838	9606.ENSP00000479617	0	0	0	0	0.441	0	0	0.453	0.681
UBE2C	DEPDC1	9606.ENSP00000348838	9606.ENSP00000412292	0	0	0	0	0.534	0	0	0.353	0.686
UBE2C	CHEK1	9606.ENSP00000348838	9606.ENSP00000391090	0	0	0	0	0.349	0.071	0	0.530	0.691
UBE2C	EXO1	9606.ENSP00000348838	9606.ENSP00000355506	0	0	0	0	0.576	0.068	0	0.290	0.695
UBE2C	GTSE1	9606.ENSP00000348838	9606.ENSP00000415430	0	0	0	0	0.486	0	0	0.460	0.710
UBE2C	UBE2T	9606.ENSP00000348838	9606.ENSP00000494957	0	0	0	0.809	0.562	0.071	0.400	0.254	0.794
UBE2C	CDC45	9606.ENSP00000348838	9606.ENSP00000405726	0	0	0	0	0.738	0	0	0.402	0.836
UBE2C	KIF18B	9606.ENSP00000348838	9606.ENSP00000465992	0	0	0	0	0.633	0.045	0	0.589	0.843
UBE2C	ZWINT	9606.ENSP00000348838	9606.ENSP00000363055	0	0	0	0	0.775	0	0	0.478	0.878
UBE2C	HMMR	9606.ENSP00000348838	9606.ENSP00000377492	0	0	0	0	0.790	0.080	0	0.503	0.896
UBE2C	KIF4A	9606.ENSP00000348838	9606.ENSP00000363524	0	0	0	0	0.746	0.070	0	0.632	0.905
UBE2C	TTK	9606.ENSP00000348838	9606.ENSP00000358813	0	0	0	0	0.830	0	0	0.497	0.911
UBE2C	MKI67	9606.ENSP00000348838	9606.ENSP00000357643	0	0	0	0	0.810	0	0	0.576	0.916
UBE2C	NEK2	9606.ENSP00000348838	9606.ENSP00000355966	0	0	0	0	0.653	0.093	0.500	0.571	0.923
UBE2C	HJURP	9606.ENSP00000348838	9606.ENSP00000414109	0	0	0	0	0.806	0	0	0.626	0.924
UBE2C	RRM2	9606.ENSP00000348838	9606.ENSP00000353770	0	0	0	0	0.730	0.068	0	0.749	0.931
UBE2C	CEP55	9606.ENSP00000348838	9606.ENSP00000360540	0	0	0	0	0.810	0	0	0.691	0.938
UBE2C	CENPF	9606.ENSP00000348838	9606.ENSP00000355922	0	0	0	0	0.769	0	0	0.753	0.940
UBE2C	ASPM	9606.ENSP00000348838	9606.ENSP00000356379	0	0	0	0	0.835	0	0	0.673	0.943
UBE2C	PBK	9606.ENSP00000348838	9606.ENSP00000428489	0	0	0	0	0.864	0.088	0	0.599	0.946
UBE2C	KIF2C	9606.ENSP00000348838	9606.ENSP00000361298	0	0	0	0	0.845	0	0	0.716	0.954
UBE2C	KIF20A	9606.ENSP00000348838	9606.ENSP00000378356	0	0	0	0	0.862	0	0	0.728	0.961
UBE2C	CDCA3	9606.ENSP00000348838	9606.ENSP00000442068	0	0	0	0	0.937	0	0	0.433	0.962
UBE2C	CDCA8	9606.ENSP00000348838	9606.ENSP00000362146	0	0	0	0	0.902	0.068	0	0.660	0.966
UBE2C	TOP2A	9606.ENSP00000348838	9606.ENSP00000411532	0	0	0	0	0.842	0.068	0	0.837	0.973
UBE2C	CCNA2	9606.ENSP00000348838	9606.ENSP00000481380	0	0	0	0	0.926	0.081	0.500	0.858	0.994
UBE2C	CDC20	9606.ENSP00000348838	9606.ENSP00000361540	0	0	0	0	0.951	0.957	0.540	0.891	0.999
UBE2T	CDC6	9606.ENSP00000494957	9606.ENSP00000209728	0	0	0	0	0.346	0.077	0	0.327	0.558
UBE2T	MYBL2	9606.ENSP00000494957	9606.ENSP00000217026	0	0	0	0	0.257	0.060	0	0.215	0.404
UBE2T	NCAPH	9606.ENSP00000494957	9606.ENSP00000240423	0	0	0	0	0.370	0.059	0	0.153	0.454
UBE2T	DLGAP5	9606.ENSP00000494957	9606.ENSP00000247191	0	0	0	0	0.538	0.051	0	0.200	0.619
UBE2T	NCAPG	9606.ENSP00000494957	9606.ENSP00000251496	0	0	0	0	0.503	0.059	0	0.162	0.574
UBE2T	GINS2	9606.ENSP00000494957	9606.ENSP00000253462	0	0	0	0	0.464	0	0	0.244	0.577
UBE2T	CCNB1	9606.ENSP00000494957	9606.ENSP00000256442	0	0	0	0	0.790	0.072	0	0.296	0.851
UBE2T	TROAP	9606.ENSP00000494957	9606.ENSP00000257909	0	0	0	0	0.324	0	0	0.164	0.411
UBE2T	BRIP1	9606.ENSP00000494957	9606.ENSP00000259008	0	0	0	0	0.200	0.051	0	0.687	0.742
UBE2T	KIF11	9606.ENSP00000494957	9606.ENSP00000260731	0	0	0	0	0.438	0	0	0.179	0.519
UBE2T	NDC80	9606.ENSP00000494957	9606.ENSP00000261597	0	0	0	0	0.430	0.063	0	0.108	0.482
UBE2T	DEPDC1B	9606.ENSP00000494957	9606.ENSP00000265036	0	0	0	0	0.466	0.292	0	0.286	0.706
UBE2T	ANLN	9606.ENSP00000494957	9606.ENSP00000265748	0	0	0	0	0.430	0	0	0.416	0.653
UBE2T	NUF2	9606.ENSP00000494957	9606.ENSP00000271452	0	0	0	0	0.801	0	0	0.521	0.901
UBE2T	CDCA5	9606.ENSP00000494957	9606.ENSP00000275517	0	0	0	0	0.773	0	0	0.256	0.823
UBE2T	BUB1B	9606.ENSP00000494957	9606.ENSP00000287598	0	0	0	0	0.460	0	0	0.271	0.590
UBE2T	CCNB2	9606.ENSP00000494957	9606.ENSP00000288207	0	0	0	0	0.487	0.072	0	0.346	0.662
UBE2T	MELK	9606.ENSP00000494957	9606.ENSP00000298048	0	0	0	0	0.511	0.079	0	0.398	0.706
UBE2T	PLK1	9606.ENSP00000494957	9606.ENSP00000300093	0	0	0	0	0.274	0.052	0	0.203	0.404
UBE2T	TPX2	9606.ENSP00000494957	9606.ENSP00000300403	0	0	0	0	0.559	0.042	0	0.562	0.799
UBE2T	BIRC5	9606.ENSP00000494957	9606.ENSP00000301633	0	0	0	0	0.576	0.091	0	0.333	0.720
UBE2T	CKAP2L	9606.ENSP00000494957	9606.ENSP00000305204	0	0	0	0	0.478	0	0	0.119	0.520
UBE2T	RMI2	9606.ENSP00000494957	9606.ENSP00000310356	0	0	0	0	0.462	0	0	0.455	0.694
UBE2T	AURKB	9606.ENSP00000494957	9606.ENSP00000313950	0	0	0	0	0.309	0.067	0	0.193	0.435
UBE2T	SKA3	9606.ENSP00000494957	9606.ENSP00000319417	0	0	0	0	0.461	0	0	0.169	0.533
UBE2T	CDC25C	9606.ENSP00000494957	9606.ENSP00000321656	0	0	0	0	0.343	0.048	0	0.164	0.432
UBE2T	SPAG5	9606.ENSP00000494957	9606.ENSP00000323300	0	0	0	0	0.613	0.080	0	0.050	0.632
UBE2T	KIF15	9606.ENSP00000494957	9606.ENSP00000324020	0	0	0	0	0.479	0	0	0.197	0.564
UBE2T	CDCA2	9606.ENSP00000494957	9606.ENSP00000328228	0	0	0	0	0.462	0	0	0.056	0.470
UBE2T	ERCC6L	9606.ENSP00000494957	9606.ENSP00000334675	0	0	0	0	0.276	0.101	0	0.199	0.433
UBE2T	CENPA	9606.ENSP00000494957	9606.ENSP00000336868	0	0	0	0	0.362	0.116	0	0.159	0.484
UBE2T	FOXM1	9606.ENSP00000494957	9606.ENSP00000342307	0	0	0	0	0.338	0.074	0	0.382	0.588
UBE2T	UBE2C	9606.ENSP00000494957	9606.ENSP00000348838	0	0	0	0.809	0.562	0.071	0.400	0.254	0.794
UBE2T	XRCC2	9606.ENSP00000494957	9606.ENSP00000352271	0	0	0	0	0.085	0	0	0.439	0.465
UBE2T	RRM2	9606.ENSP00000494957	9606.ENSP00000353770	0	0	0	0	0.368	0.068	0	0.347	0.582
UBE2T	EXO1	9606.ENSP00000494957	9606.ENSP00000355506	0	0	0	0	0.461	0.068	0	0.395	0.669
UBE2T	CENPF	9606.ENSP00000494957	9606.ENSP00000355922	0	0	0	0	0.788	0	0	0.333	0.853
UBE2T	NEK2	9606.ENSP00000494957	9606.ENSP00000355966	0	0	0	0	0.438	0.093	0	0.246	0.582
UBE2T	KIF14	9606.ENSP00000494957	9606.ENSP00000356319	0	0	0	0	0.372	0	0	0.227	0.494
UBE2T	ASPM	9606.ENSP00000494957	9606.ENSP00000356379	0	0	0	0	0.780	0	0	0.246	0.827
UBE2T	MKI67	9606.ENSP00000494957	9606.ENSP00000357643	0	0	0	0	0.269	0	0	0.222	0.407
UBE2T	TTK	9606.ENSP00000494957	9606.ENSP00000358813	0	0	0	0	0.453	0	0	0.237	0.565
UBE2T	CEP55	9606.ENSP00000494957	9606.ENSP00000360540	0	0	0	0	0.465	0	0	0.585	0.768
UBE2T	RAD54L	9606.ENSP00000494957	9606.ENSP00000361043	0	0	0	0	0.342	0.099	0	0.331	0.569
UBE2T	KIF2C	9606.ENSP00000494957	9606.ENSP00000361298	0	0	0	0	0.444	0	0	0.280	0.583
UBE2T	CDC20	9606.ENSP00000494957	9606.ENSP00000361540	0	0	0	0	0.468	0.108	0	0.377	0.679
UBE2T	CDCA8	9606.ENSP00000494957	9606.ENSP00000362146	0	0	0	0	0.572	0.068	0	0.280	0.687
UBE2T	ZWINT	9606.ENSP00000494957	9606.ENSP00000363055	0	0	0	0	0.630	0	0	0.300	0.730
UBE2T	KIF4A	9606.ENSP00000494957	9606.ENSP00000363524	0	0	0	0	0.387	0.070	0	0.510	0.696
UBE2T	HMMR	9606.ENSP00000494957	9606.ENSP00000377492	0	0	0	0	0.495	0.080	0	0.168	0.579
UBE2T	KIF20A	9606.ENSP00000494957	9606.ENSP00000378356	0	0	0	0	0.440	0	0	0.465	0.687
UBE2T	CHEK1	9606.ENSP00000494957	9606.ENSP00000391090	0	0	0	0	0.378	0.314	0	0.380	0.712
UBE2T	CDC45	9606.ENSP00000494957	9606.ENSP00000405726	0	0	0	0	0.651	0	0	0.315	0.751
UBE2T	TOP2A	9606.ENSP00000494957	9606.ENSP00000411532	0	0	0	0	0.445	0.068	0	0.417	0.672
UBE2T	DEPDC1	9606.ENSP00000494957	9606.ENSP00000412292	0	0	0	0	0.373	0	0	0.182	0.466
UBE2T	HJURP	9606.ENSP00000494957	9606.ENSP00000414109	0	0	0	0	0.402	0	0	0.164	0.479
UBE2T	PBK	9606.ENSP00000494957	9606.ENSP00000428489	0	0	0	0	0.644	0.088	0	0.449	0.805
UBE2T	CDCA3	9606.ENSP00000494957	9606.ENSP00000442068	0	0	0	0	0.549	0	0	0.110	0.581
UBE2T	UHRF1	9606.ENSP00000494957	9606.ENSP00000479617	0	0	0	0	0.370	0	0	0.557	0.709
UBE2T	CCNA2	9606.ENSP00000494957	9606.ENSP00000481380	0	0	0	0	0.474	0.101	0	0.294	0.637
UBE2T	RECQL4	9606.ENSP00000494957	9606.ENSP00000482313	0	0	0	0	0.240	0.096	0	0.226	0.423
UHRF1	CDC6	9606.ENSP00000479617	9606.ENSP00000209728	0	0	0	0	0.547	0	0	0.244	0.643
UHRF1	MYBL2	9606.ENSP00000479617	9606.ENSP00000217026	0	0	0	0	0.367	0	0	0.254	0.507
UHRF1	NCAPH	9606.ENSP00000479617	9606.ENSP00000240423	0	0	0	0	0.369	0.068	0	0.223	0.503
UHRF1	DLGAP5	9606.ENSP00000479617	9606.ENSP00000247191	0	0	0	0	0.514	0	0	0.247	0.618
UHRF1	E2F8	9606.ENSP00000479617	9606.ENSP00000250024	0	0	0	0	0.548	0	0	0.348	0.692
UHRF1	NCAPG	9606.ENSP00000479617	9606.ENSP00000251496	0	0	0	0	0.494	0	0	0.400	0.683
UHRF1	GINS2	9606.ENSP00000479617	9606.ENSP00000253462	0	0	0	0	0.405	0	0	0.349	0.596
UHRF1	CCNB1	9606.ENSP00000479617	9606.ENSP00000256442	0	0	0	0	0.415	0	0	0.289	0.567
UHRF1	ESPL1	9606.ENSP00000479617	9606.ENSP00000257934	0	0	0	0	0.480	0	0	0.172	0.551
UHRF1	KIF11	9606.ENSP00000479617	9606.ENSP00000260731	0	0	0	0	0.587	0.069	0	0.301	0.708
UHRF1	NDC80	9606.ENSP00000479617	9606.ENSP00000261597	0	0	0	0	0.373	0.089	0	0.055	0.413
UHRF1	PKMYT1	9606.ENSP00000479617	9606.ENSP00000262300	0	0	0	0	0.350	0.052	0	0.203	0.466
UHRF1	GINS1	9606.ENSP00000479617	9606.ENSP00000262460	0	0	0	0	0.359	0	0	0.107	0.403
UHRF1	DEPDC1B	9606.ENSP00000479617	9606.ENSP00000265036	0	0	0	0	0.482	0	0	0.181	0.558
UHRF1	ANLN	9606.ENSP00000479617	9606.ENSP00000265748	0	0	0	0	0.429	0	0	0.229	0.541
UHRF1	NUF2	9606.ENSP00000479617	9606.ENSP00000271452	0	0	0	0	0.485	0.091	0	0.491	0.741
UHRF1	CDCA5	9606.ENSP00000479617	9606.ENSP00000275517	0	0	0	0	0.646	0	0	0.356	0.762
UHRF1	BUB1B	9606.ENSP00000479617	9606.ENSP00000287598	0	0	0	0	0.557	0.091	0	0.262	0.677
UHRF1	CCNB2	9606.ENSP00000479617	9606.ENSP00000288207	0	0	0	0	0.331	0	0	0.314	0.522
UHRF1	MELK	9606.ENSP00000479617	9606.ENSP00000298048	0	0	0	0	0.505	0.054	0	0.207	0.597
UHRF1	PLK1	9606.ENSP00000479617	9606.ENSP00000300093	0	0	0	0	0.326	0	0	0.244	0.469
UHRF1	TPX2	9606.ENSP00000479617	9606.ENSP00000300403	0	0	0	0	0.471	0	0	0.455	0.699
UHRF1	BIRC5	9606.ENSP00000479617	9606.ENSP00000301633	0	0	0	0	0.604	0	0	0.290	0.707
UHRF1	CKAP2L	9606.ENSP00000479617	9606.ENSP00000305204	0	0	0	0	0.393	0	0	0.108	0.435
UHRF1	AURKB	9606.ENSP00000479617	9606.ENSP00000313950	0	0	0	0	0.458	0	0	0.321	0.616
UHRF1	SKA3	9606.ENSP00000479617	9606.ENSP00000319417	0	0	0	0	0.350	0	0	0.234	0.481
UHRF1	EZH2	9606.ENSP00000479617	9606.ENSP00000320147	0	0	0	0	0.301	0.302	0	0.642	0.810
UHRF1	SPAG5	9606.ENSP00000479617	9606.ENSP00000323300	0	0	0	0	0.504	0.048	0	0.205	0.592
UHRF1	KIF15	9606.ENSP00000479617	9606.ENSP00000324020	0	0	0	0	0.475	0	0	0.179	0.551
UHRF1	CDCA2	9606.ENSP00000479617	9606.ENSP00000328228	0	0	0	0	0.384	0	0	0.233	0.508
UHRF1	ERCC6L	9606.ENSP00000479617	9606.ENSP00000334675	0	0	0	0	0.267	0.045	0	0.250	0.429
UHRF1	CENPA	9606.ENSP00000479617	9606.ENSP00000336868	0	0	0	0	0.303	0.170	0	0.223	0.511
UHRF1	FOXM1	9606.ENSP00000479617	9606.ENSP00000342307	0	0	0	0	0.570	0.068	0	0.341	0.713
UHRF1	UBE2C	9606.ENSP00000479617	9606.ENSP00000348838	0	0	0	0	0.441	0	0	0.453	0.681
UHRF1	RRM2	9606.ENSP00000479617	9606.ENSP00000353770	0	0	0	0	0.785	0	0	0.329	0.850
UHRF1	EXO1	9606.ENSP00000479617	9606.ENSP00000355506	0	0	0	0	0.418	0	0	0.256	0.549
UHRF1	CENPF	9606.ENSP00000479617	9606.ENSP00000355922	0	0	0	0	0.438	0	0	0.280	0.578
UHRF1	NEK2	9606.ENSP00000479617	9606.ENSP00000355966	0	0	0	0	0.388	0	0	0.234	0.511
UHRF1	KIF14	9606.ENSP00000479617	9606.ENSP00000356319	0	0	0	0	0.360	0	0	0.194	0.462
UHRF1	ASPM	9606.ENSP00000479617	9606.ENSP00000356379	0	0	0	0	0.474	0	0	0.213	0.569
UHRF1	MKI67	9606.ENSP00000479617	9606.ENSP00000357643	0	0	0	0	0.565	0.292	0	0.175	0.724
UHRF1	TTK	9606.ENSP00000479617	9606.ENSP00000358813	0	0	0	0	0.432	0	0	0.247	0.554
UHRF1	CEP55	9606.ENSP00000479617	9606.ENSP00000360540	0	0	0	0	0.557	0	0	0.480	0.760
UHRF1	RAD54L	9606.ENSP00000479617	9606.ENSP00000361043	0	0	0	0	0.367	0.045	0	0.191	0.468
UHRF1	KIF2C	9606.ENSP00000479617	9606.ENSP00000361298	0	0	0	0	0.559	0	0	0.238	0.650
UHRF1	CDC20	9606.ENSP00000479617	9606.ENSP00000361540	0	0	0	0	0.553	0.049	0	0.319	0.685
UHRF1	CDCA8	9606.ENSP00000479617	9606.ENSP00000362146	0	0	0	0	0.684	0	0	0.221	0.743
UHRF1	ZWINT	9606.ENSP00000479617	9606.ENSP00000363055	0	0	0	0	0.637	0	0	0.213	0.702
UHRF1	KIF4A	9606.ENSP00000479617	9606.ENSP00000363524	0	0	0	0	0.390	0.057	0	0.445	0.653
UHRF1	HMMR	9606.ENSP00000479617	9606.ENSP00000377492	0	0	0	0	0.366	0.048	0	0.198	0.474
UHRF1	KIF20A	9606.ENSP00000479617	9606.ENSP00000378356	0	0	0	0	0.557	0.051	0	0.484	0.764
UHRF1	CHEK1	9606.ENSP00000479617	9606.ENSP00000391090	0	0	0	0	0.381	0	0	0.259	0.522
UHRF1	CDC45	9606.ENSP00000479617	9606.ENSP00000405726	0	0	0	0	0.469	0	0	0.305	0.615
UHRF1	TOP2A	9606.ENSP00000479617	9606.ENSP00000411532	0	0	0	0	0.509	0.301	0	0.613	0.855
UHRF1	HJURP	9606.ENSP00000479617	9606.ENSP00000414109	0	0	0	0	0.503	0	0	0.195	0.583
UHRF1	MCM10	9606.ENSP00000479617	9606.ENSP00000418268	0	0	0	0	0.490	0	0	0.225	0.588
UHRF1	PBK	9606.ENSP00000479617	9606.ENSP00000428489	0	0	0	0	0.526	0.045	0	0.508	0.758
UHRF1	CDCA3	9606.ENSP00000479617	9606.ENSP00000442068	0	0	0	0	0.448	0	0	0.261	0.575
UHRF1	KIF18B	9606.ENSP00000479617	9606.ENSP00000465992	0	0	0	0	0.446	0.048	0	0.127	0.499
UHRF1	UBE2T	9606.ENSP00000479617	9606.ENSP00000494957	0	0	0	0	0.370	0	0	0.557	0.709
UHRF1	CCNA2	9606.ENSP00000479617	9606.ENSP00000481380	0	0	0	0	0.626	0	0	0.338	0.742
USHBP1	ROBO4	9606.ENSP00000252597	9606.ENSP00000304945	0	0	0	0	0.405	0	0	0.140	0.467
USHBP1	MMRN2	9606.ENSP00000252597	9606.ENSP00000361097	0	0	0	0	0.645	0	0	0.335	0.754
VIPR1	RAMP3	9606.ENSP00000327246	9606.ENSP00000242249	0	0	0	0	0.081	0	0	0.743	0.753
VIPR1	RAMP2	9606.ENSP00000327246	9606.ENSP00000253796	0	0	0	0	0.066	0	0	0.940	0.942
XDH	PPAT	9606.ENSP00000368727	9606.ENSP00000264220	0	0	0	0	0	0	0	0.447	0.447
XRCC2	ORC6	9606.ENSP00000352271	9606.ENSP00000219097	0	0	0	0	0.336	0	0	0.180	0.432
XRCC2	ESPL1	9606.ENSP00000352271	9606.ENSP00000257934	0	0	0	0	0.097	0	0	0.396	0.431
XRCC2	BRIP1	9606.ENSP00000352271	9606.ENSP00000259008	0	0	0	0	0.179	0	0.500	0.561	0.804
XRCC2	KIF11	9606.ENSP00000352271	9606.ENSP00000260731	0	0	0	0	0.123	0	0	0.385	0.437
XRCC2	POLQ	9606.ENSP00000352271	9606.ENSP00000264233	0	0	0	0	0.194	0.060	0	0.291	0.417
XRCC2	NEIL3	9606.ENSP00000352271	9606.ENSP00000264596	0	0	0	0	0.143	0	0	0.361	0.429
XRCC2	RMI2	9606.ENSP00000352271	9606.ENSP00000310356	0	0	0	0	0.084	0	0.500	0.255	0.629
XRCC2	UBE2T	9606.ENSP00000352271	9606.ENSP00000494957	0	0	0	0	0.085	0	0	0.439	0.465
XRCC2	RECQL4	9606.ENSP00000352271	9606.ENSP00000482313	0	0	0	0	0.148	0	0	0.401	0.467
XRCC2	RAD54L	9606.ENSP00000352271	9606.ENSP00000361043	0	0	0	0	0.132	0	0	0.595	0.634
XRCC2	CHEK1	9606.ENSP00000352271	9606.ENSP00000391090	0	0	0	0	0.143	0	0	0.627	0.667
XRCC2	EXO1	9606.ENSP00000352271	9606.ENSP00000355506	0	0	0	0	0.122	0	0.500	0.599	0.809
ZWINT	CDC6	9606.ENSP00000363055	9606.ENSP00000209728	0	0	0	0	0.630	0	0	0.248	0.710
ZWINT	MYBL2	9606.ENSP00000363055	9606.ENSP00000217026	0	0	0	0	0.445	0	0	0.207	0.541
ZWINT	NCAPH	9606.ENSP00000363055	9606.ENSP00000240423	0	0	0	0	0.556	0	0	0.362	0.705
ZWINT	DLGAP5	9606.ENSP00000363055	9606.ENSP00000247191	0	0	0	0	0.787	0	0	0.643	0.920
ZWINT	E2F8	9606.ENSP00000363055	9606.ENSP00000250024	0	0	0	0	0.639	0	0	0.378	0.766
ZWINT	NCAPG	9606.ENSP00000363055	9606.ENSP00000251496	0	0	0	0	0.657	0	0	0.587	0.852
ZWINT	GINS2	9606.ENSP00000363055	9606.ENSP00000253462	0	0	0	0	0.507	0	0	0.337	0.659
ZWINT	CCNB1	9606.ENSP00000363055	9606.ENSP00000256442	0	0	0	0	0.775	0	0.400	0.660	0.950
ZWINT	ESPL1	9606.ENSP00000363055	9606.ENSP00000257934	0	0	0	0	0.349	0	0.500	0.566	0.846
ZWINT	KIF11	9606.ENSP00000363055	9606.ENSP00000260731	0	0	0	0	0.794	0	0	0.665	0.928
ZWINT	NDC80	9606.ENSP00000363055	9606.ENSP00000261597	0	0	0	0	0.507	0.912	0.540	0.608	0.991
ZWINT	GINS1	9606.ENSP00000363055	9606.ENSP00000262460	0	0	0	0	0.768	0	0	0.376	0.849
ZWINT	SGO1	9606.ENSP00000363055	9606.ENSP00000263753	0	0	0	0	0.127	0	0	0.363	0.420
ZWINT	DEPDC1B	9606.ENSP00000363055	9606.ENSP00000265036	0	0	0	0	0.450	0	0	0.175	0.527
ZWINT	ANLN	9606.ENSP00000363055	9606.ENSP00000265748	0	0	0	0	0.340	0	0	0.260	0.490
ZWINT	NUF2	9606.ENSP00000363055	9606.ENSP00000271452	0	0	0	0	0.641	0.887	0.540	0.606	0.991
ZWINT	CDCA5	9606.ENSP00000363055	9606.ENSP00000275517	0	0	0	0	0.775	0	0	0.612	0.908
ZWINT	BUB1B	9606.ENSP00000363055	9606.ENSP00000287598	0	0	0	0	0.787	0.823	0.500	0.814	0.996
ZWINT	CCNB2	9606.ENSP00000363055	9606.ENSP00000288207	0	0	0	0	0.539	0	0.400	0.735	0.920
ZWINT	MELK	9606.ENSP00000363055	9606.ENSP00000298048	0	0	0	0	0.777	0	0	0.584	0.903
ZWINT	PLK1	9606.ENSP00000363055	9606.ENSP00000300093	0	0	0	0	0.302	0	0.800	0.544	0.930
ZWINT	TPX2	9606.ENSP00000363055	9606.ENSP00000300403	0	0	0	0	0.771	0	0	0.639	0.913
ZWINT	BIRC5	9606.ENSP00000363055	9606.ENSP00000301633	0	0	0	0	0.770	0	0	0.657	0.917
ZWINT	CKAP2L	9606.ENSP00000363055	9606.ENSP00000305204	0	0	0	0	0.320	0	0	0.175	0.415
ZWINT	AURKB	9606.ENSP00000363055	9606.ENSP00000313950	0	0	0	0	0.435	0	0	0.877	0.927
ZWINT	SKA3	9606.ENSP00000363055	9606.ENSP00000319417	0	0	0	0	0.495	0.172	0	0.398	0.726
ZWINT	EZH2	9606.ENSP00000363055	9606.ENSP00000320147	0	0	0	0	0.444	0	0	0.167	0.517
ZWINT	CDC25C	9606.ENSP00000363055	9606.ENSP00000321656	0	0	0	0	0.382	0	0	0.248	0.515
ZWINT	SPAG5	9606.ENSP00000363055	9606.ENSP00000323300	0	0	0	0	0.554	0	0	0.282	0.666
ZWINT	KIF15	9606.ENSP00000363055	9606.ENSP00000324020	0	0	0	0	0.552	0	0	0.558	0.793
ZWINT	CDCA2	9606.ENSP00000363055	9606.ENSP00000328228	0	0	0	0	0.449	0	0	0.330	0.615
ZWINT	CENPA	9606.ENSP00000363055	9606.ENSP00000336868	0	0	0	0	0.500	0	0	0.825	0.908
ZWINT	FOXM1	9606.ENSP00000363055	9606.ENSP00000342307	0	0	0	0	0.510	0	0	0.250	0.616
ZWINT	UBE2C	9606.ENSP00000363055	9606.ENSP00000348838	0	0	0	0	0.775	0	0	0.478	0.878
ZWINT	RRM2	9606.ENSP00000363055	9606.ENSP00000353770	0	0	0	0	0.900	0	0	0.446	0.942
ZWINT	EXO1	9606.ENSP00000363055	9606.ENSP00000355506	0	0	0	0	0.459	0	0	0.511	0.724
ZWINT	CENPF	9606.ENSP00000363055	9606.ENSP00000355922	0	0	0	0	0.638	0	0	0.877	0.953
ZWINT	NEK2	9606.ENSP00000363055	9606.ENSP00000355966	0	0	0	0	0.390	0	0	0.662	0.785
ZWINT	KIF14	9606.ENSP00000363055	9606.ENSP00000356319	0	0	0	0	0.401	0	0	0.270	0.544
ZWINT	ASPM	9606.ENSP00000363055	9606.ENSP00000356379	0	0	0	0	0.527	0	0	0.632	0.818
ZWINT	MKI67	9606.ENSP00000363055	9606.ENSP00000357643	0	0	0	0	0.742	0	0	0.609	0.894
ZWINT	TTK	9606.ENSP00000363055	9606.ENSP00000358813	0	0	0	0	0.644	0	0	0.371	0.766
ZWINT	CEP55	9606.ENSP00000363055	9606.ENSP00000360540	0	0	0	0	0.781	0	0	0.418	0.867
ZWINT	RAD54L	9606.ENSP00000363055	9606.ENSP00000361043	0	0	0	0	0.393	0	0	0.261	0.532
ZWINT	KIF2C	9606.ENSP00000363055	9606.ENSP00000361298	0	0	0	0	0.502	0	0	0.668	0.827
ZWINT	CDC20	9606.ENSP00000363055	9606.ENSP00000361540	0	0	0	0	0.574	0.292	0.800	0.543	0.968
ZWINT	CDCA8	9606.ENSP00000363055	9606.ENSP00000362146	0	0	0	0	0.652	0	0	0.394	0.780
ZWINT	KIF18B	9606.ENSP00000363055	9606.ENSP00000465992	0	0	0	0	0.358	0.065	0	0.100	0.413
ZWINT	GTSE1	9606.ENSP00000363055	9606.ENSP00000415430	0	0	0	0	0.338	0	0	0.167	0.424
ZWINT	DEPDC1	9606.ENSP00000363055	9606.ENSP00000412292	0	0	0	0	0.425	0	0	0.202	0.521
ZWINT	CDCA3	9606.ENSP00000363055	9606.ENSP00000442068	0	0	0	0	0.405	0	0	0.272	0.548
ZWINT	MCM10	9606.ENSP00000363055	9606.ENSP00000418268	0	0	0	0	0.543	0	0	0.201	0.619
ZWINT	UHRF1	9606.ENSP00000363055	9606.ENSP00000479617	0	0	0	0	0.637	0	0	0.213	0.702
ZWINT	CHEK1	9606.ENSP00000363055	9606.ENSP00000391090	0	0	0	0	0.437	0	0	0.527	0.722
ZWINT	UBE2T	9606.ENSP00000363055	9606.ENSP00000494957	0	0	0	0	0.630	0	0	0.300	0.730
ZWINT	HJURP	9606.ENSP00000363055	9606.ENSP00000414109	0	0	0	0	0.474	0	0	0.586	0.773
ZWINT	PBK	9606.ENSP00000363055	9606.ENSP00000428489	0	0	0	0	0.729	0	0	0.365	0.821
ZWINT	CDC45	9606.ENSP00000363055	9606.ENSP00000405726	0	0	0	0	0.789	0	0	0.284	0.842
ZWINT	KIF4A	9606.ENSP00000363055	9606.ENSP00000363524	0	0	0	0	0.745	0	0	0.430	0.848
ZWINT	TOP2A	9606.ENSP00000363055	9606.ENSP00000411532	0	0	0	0	0.653	0	0	0.655	0.875
ZWINT	KIF20A	9606.ENSP00000363055	9606.ENSP00000378356	0	0	0	0	0.652	0	0	0.689	0.887
ZWINT	HMMR	9606.ENSP00000363055	9606.ENSP00000377492	0	0	0	0	0.772	0	0	0.543	0.891
ZWINT	CCNA2	9606.ENSP00000363055	9606.ENSP00000481380	0	0	0	0	0.774	0	0	0.580	0.901
ZYG11A	PRAME	9606.ENSP00000360583	9606.ENSP00000445675	0	0	0	0	0.049	0	0.540	0.198	0.618
