"gene_name","gene_id","baseMean","log2FoldChange","lfcSE","stat","pvalue","padj"
"TSPAN6","ENSG00000000003",3038.51129391882,1.10900129076745,0.101800314652394,10.8938886343743,1.23262212012196e-27,1.09184691066051e-26
"TNMD","ENSG00000000005",6.77817503787128,1.60650523482929,0.470075911033876,3.41754426704396,0.000631888172722124,0.00102850678381852
"C1orf112","ENSG00000000460",372.08216507417,1.74718492306579,0.0994193004041536,17.5739008015872,3.90383099954209e-69,2.36783891779006e-67
"FGR","ENSG00000000938",1341.65854278321,-2.09572008215754,0.13685278698729,-15.3136821565218,6.19548990652505e-53,1.94143434146152e-51
"GCLC","ENSG00000001084",4274.9593471112,2.2318958397089,0.214388383747573,10.4105259841727,2.219916971705e-25,1.73076141066307e-24
"CFTR","ENSG00000001626",1073.44774239514,-1.22711227832355,0.247658525561064,-4.95485578598014,7.23839550974792e-07,1.56251189354469e-06
"HS3ST1","ENSG00000002587",1102.51205142406,1.52303673881575,0.164702379781808,9.24720541884958,2.30438614734989e-20,1.33179526274327e-19
"AOC1","ENSG00000002726",1816.55290265558,4.97902629073856,0.298474552522759,16.6815772019924,1.78444715463565e-62,8.08331973111284e-61
"WNT16","ENSG00000002745",35.032010226507,1.90089915313634,0.289135440973099,6.57442459056134,4.88416751904154e-11,1.50004135630296e-10
"HECW1","ENSG00000002746",81.4296272314185,2.39411729124792,0.190192988568128,12.5878314930118,2.46348289224341e-36,3.46533800243014e-35
"CYP26B1","ENSG00000003137",294.94988333562,-1.09063257212461,0.172882045157802,-6.3085358061857,2.81687568693237e-10,8.13860110871642e-10
"ICA1","ENSG00000003147",2002.91877549155,1.16661992503696,0.0973283332768201,11.9864368962209,4.18523647471766e-33,4.96594404788614e-32
"DBNDD1","ENSG00000003249",1422.24319294387,1.97605881564535,0.124068134584923,15.9272066292957,4.10280449355128e-57,1.53259876415685e-55
"MTMR7","ENSG00000003987",219.675862074727,1.31070385045314,0.239485457312628,5.47299976024068,4.42480711562473e-08,1.06544305907514e-07
"SLC7A2","ENSG00000003989",5538.70781140366,1.03357370927173,0.259582084180913,3.98168353002126,6.8428852742342e-05,0.000123864184331687
"FKBP4","ENSG00000004478",4022.24870746916,1.12551320959619,0.116859599330379,9.63132867171832,5.89620817145209e-22,3.7841051941102e-21
"HSPB6","ENSG00000004776",125.15919972957,-2.51134736877369,0.202435970120673,-12.4056380260715,2.4356484397344e-35,3.25717918775543e-34
"ARHGAP33","ENSG00000004777",410.988209195927,1.29502877221949,0.159351571245405,8.12686540897119,4.40534059027135e-16,1.92396287971016e-15
"PDK4","ENSG00000004799",3222.24383252177,-2.38195010619916,0.190603743402322,-12.4968694931212,7.76492235101759e-36,1.06302796960029e-34
"ZMYND10","ENSG00000004838",448.639852725081,-1.96739944143212,0.249784835321025,-7.87637663793164,3.37011337926411e-15,1.38369524312007e-14
"ARX","ENSG00000004848",176.470355889211,1.63236366655489,0.313270453068223,5.21071697176433,1.88112240115791e-07,4.27523474201936e-07
"SLC25A13","ENSG00000004864",1663.59787325185,1.06586434099542,0.0863964774320775,12.3368958165381,5.73236113276451e-35,7.48679837580697e-34
"SLC4A1","ENSG00000004939",9.2869577136293,-3.39410705519033,0.226535245415411,-14.9826886715414,9.52830520019137e-51,2.74099622101325e-49
"CALCR","ENSG00000004948",44.6652678759879,1.59921843967679,0.272386336654546,5.87114045189793,4.32807395788174e-09,1.13087364673449e-08
"PRSS22","ENSG00000005001",1288.73711614788,1.65699347041833,0.162416507302668,10.2021247589721,1.93981558650637e-24,1.44541200561428e-23
"HOXA11","ENSG00000005073",22.147458327773,4.06815608461396,0.475325669183084,8.55867113510969,1.14175898961514e-17,5.54847734958819e-17
"MEOX1","ENSG00000005102",66.0685219529915,-1.17197897096911,0.213434342704117,-5.49105151551839,3.99547782544262e-08,9.66095739603309e-08
"REXO5","ENSG00000005189",215.761445289697,1.03489657831402,0.104317817132254,9.92061190277765,3.38673474699912e-23,2.35518246514012e-22
"PON1","ENSG00000005421",87.8948999363153,1.70966646723043,0.245261284720774,6.97079634552537,3.15151910998895e-12,1.0554020481945e-11
"ABCB4","ENSG00000005471",103.459737485626,2.14507205441405,0.196170765279299,10.9347182866927,7.86498769478966e-28,7.05758399312294e-27
"ITGAL","ENSG00000005844",1819.83287335046,-1.20061354951714,0.13580661506852,-8.84061169561867,9.51959655515722e-19,4.94869672171494e-18
"CRLF1","ENSG00000006016",5662.16173332732,4.05457600099376,0.335263715404251,12.0936916662898,1.14044614106177e-33,1.39575942558264e-32
"YBX2","ENSG00000006047",251.953726517747,4.7448515293719,0.27923782462681,16.9921518895701,9.38808443754928e-65,4.69220655980641e-63
"TMEM132A","ENSG00000006118",2413.79757053308,2.01739402916673,0.147991663156525,13.6318086177125,2.59078961902927e-42,4.89514241323027e-41
"CX3CL1","ENSG00000006210",5060.61940582735,-1.08060974940583,0.19370361439616,-5.57867623056216,2.423558585044e-08,5.95751253773765e-08
"CACNA1G","ENSG00000006283",53.8864111717501,1.22421651341021,0.231047832394537,5.29854143500356,1.16731389279004e-07,2.7076416235017e-07
"DLX6","ENSG00000006377",43.6786592913396,5.03276878727266,0.442721776410198,11.3677913656761,6.04990807520537e-30,6.14364388136491e-29
"BAIAP2L1","ENSG00000006453",3188.35161939246,1.23431715872501,0.102368372295885,12.057602666157,1.76856148830796e-33,2.14250986528737e-32
"ETV1","ENSG00000006468",2222.16840729913,-1.13880232769107,0.157746352390382,-7.21919911576033,5.22946374498329e-13,1.85252018984332e-12
"CCL26","ENSG00000006606",25.463536456479,1.25848927191619,0.240225661598486,5.23877950233156,1.61642025729518e-07,3.69052030927429e-07
"USH1C","ENSG00000006611",210.663328283735,3.55642134463323,0.365024307676451,9.74297127572545,1.97687904527344e-22,1.3120288114643e-21
"GGCT","ENSG00000006625",1230.93284663849,1.70713063855066,0.108740984524106,15.699054464347,1.53513088951281e-55,5.42847766918039e-54
"DBF4","ENSG00000006634",638.543544797294,1.42044822052234,0.109389730206877,12.985206361109,1.48437548660103e-38,2.32370346297045e-37
"TBXA2R","ENSG00000006638",138.593024975047,-1.00994113138752,0.11460985622588,-8.81199195815294,1.22941447023069e-18,6.35777835717853e-18
"ARHGAP44","ENSG00000006740",1016.36919857822,-1.64948790888035,0.146820246399609,-11.2347441809275,2.75290084870046e-29,2.68434086571103e-28
"SCIN","ENSG00000006747",2027.20397720318,1.53347207103739,0.218541099921642,7.01685894134887,2.26911483372193e-12,7.68090649258164e-12
"PROM1","ENSG00000007062",1509.3902670779,1.45247364757674,0.30486475252636,4.76432134426938,1.89490320419017e-06,3.94708999215073e-06
"CEACAM21","ENSG00000007129",156.839137789641,-1.61598062964276,0.15470185011751,-10.4457744261964,1.53199852143993e-25,1.20391138299855e-24
"DNAH9","ENSG00000007174",413.50578635979,-1.9844070584272,0.341353025444647,-5.81335717133987,6.12322185086026e-09,1.58030879240506e-08
"GAS7","ENSG00000007237",1768.17231909252,-1.08667462429387,0.125337618451125,-8.66997983305077,4.32196928116436e-18,2.1559240688005e-17
"MATK","ENSG00000007264",252.431145688754,-1.11613777762155,0.15041807833005,-7.42023691575493,1.16911015940062e-13,4.32655389496491e-13
"CEACAM7","ENSG00000007306",130.209296411499,3.54400930756345,0.300615027754229,11.7891954172726,4.43760090954637e-32,5.02444336640878e-31
"SCN4A","ENSG00000007314",91.7100454606718,3.06195345050941,0.305641684393906,10.0181146972192,1.26900451202966e-23,8.99972165427928e-23
"PAX6","ENSG00000007372",4.1838020773984,1.70300362542546,0.411673794278004,4.13677928762066,3.52214595089191e-05,6.56613435083445e-05
"CACNA2D2","ENSG00000007402",3326.26920472006,-2.37014225182867,0.245859277363006,-9.64023923461387,5.40618349475503e-22,3.47959860689395e-21
"SELE","ENSG00000007908",224.767003252454,-2.9492494336865,0.223028855073448,-13.2236227133716,6.41006572054813e-40,1.07493257673634e-38
"FMO3","ENSG00000007933",599.451691031561,-1.13177511751262,0.161401757584063,-7.01216104739852,2.34664857184834e-12,7.93585010320967e-12
"NOX1","ENSG00000007952",84.4175758017133,1.32861125946111,0.147574614911125,9.00297968089734,2.19673013768981e-19,1.18570414339921e-18
"E2F2","ENSG00000007968",309.844338006782,2.34390363481011,0.146138942904223,16.0388708733596,6.83864165712312e-58,2.64856742794164e-56
"CDKL5","ENSG00000008086",1085.54662810207,-1.0447781645931,0.111560478176021,-9.365128060357,7.59581236899597e-21,4.52135298464554e-20
"TFAP2D","ENSG00000008197",58.3502292867243,7.01825945740075,0.577972033344828,12.1429049374324,6.25646899866101e-34,7.75793484359262e-33
"DLEC1","ENSG00000008226",305.577255811481,-1.05686976672205,0.23948120940335,-4.41316364384147,1.01870935607658e-05,1.98906225537738e-05
"CELSR3","ENSG00000008300",768.03939917128,3.40701943469937,0.175781080368262,19.3821737103997,1.09138147180621e-83,1.14871109853109e-81
"PLEKHG6","ENSG00000008323",607.127296220384,1.6807951936583,0.152275397820215,11.0378644069789,2.50926141589138e-28,2.32152091595369e-27
"PGLYRP1","ENSG00000008438",5.57480579267582,-2.0093301425231,0.240495880346056,-8.35494620378452,6.54625391293416e-17,3.00878811364323e-16
"NFIX","ENSG00000008441",4270.36631300483,-1.44756925099813,0.146510772278903,-9.88029227122279,5.06848621270867e-23,3.49077843741325e-22
"MAPK8IP2","ENSG00000008735",446.562667593495,1.45304150600069,0.205207676139239,7.08083407666855,1.43289384571338e-12,4.93337879187023e-12
"TENM1","ENSG00000009694",429.478507449105,2.21293571104807,0.314316338565777,7.04047305063961,1.91588263840375e-12,6.53467175923718e-12
"PAX7","ENSG00000009709",440.387717655878,8.01164224694315,0.580437779710055,13.8027580681347,2.45285420593042e-43,4.86034554891618e-42
"IYD","ENSG00000009765",622.256658434025,1.39615871468236,0.273836559951207,5.09851100572957,3.42335632414764e-07,7.596938448217e-07
"NCAPD2","ENSG00000010292",3923.4210937395,1.02539470676648,0.109279851185591,9.38320006517068,6.40001843594351e-21,3.82966147405678e-20
"SEMA3G","ENSG00000010319",705.294871964909,-3.22059469116848,0.138903466093397,-23.1858482854776,6.32595269226804e-119,6.65825126604424e-116
"SLC6A13","ENSG00000010379",21.0643813974023,-2.64771538336977,0.226385876612519,-11.6955855329332,1.34257977139176e-31,1.48563882804655e-30
"PRSS3","ENSG00000010438",101.783623469181,4.86486955450305,0.364380812661485,13.3510585230035,1.16777632869686e-40,2.0465251566477e-39
"BTK","ENSG00000010671",755.060416710082,-1.38490138953103,0.128966020344046,-10.7384982946398,6.71273615605931e-27,5.72775336387073e-26
"FMO1","ENSG00000010932",150.536901452463,1.29967547011181,0.186690166458595,6.96167074445273,3.3626067790995e-12,1.12252095332887e-11
"SLC6A7","ENSG00000011083",9.54859719097532,1.05521377652685,0.198783139638293,5.30836658706025,1.10612003536539e-07,2.57337222634156e-07
"ANOS1","ENSG00000011201",2457.11118171508,-2.78772215539228,0.164596295347934,-16.9367247877567,2.4118419842104e-64,1.18233119516375e-62
"DPF1","ENSG00000011332",32.8273187846986,1.14754460248049,0.197361816549026,5.81442055279945,6.08442736706085e-09,1.57142983370121e-08
"SYT7","ENSG00000011347",3097.08882009433,3.43321613257592,0.199351354752978,17.2219352952485,1.81805928663698e-66,9.76892937411274e-65
"ANLN","ENSG00000011426",2000.03352473671,3.76905961330856,0.173059602779061,21.7789683599378,3.6724902798332e-105,1.46026374615679e-102
"DCN","ENSG00000011465",21567.6133613715,-1.46112184764858,0.144991927381133,-10.0772634314171,6.96386171867315e-24,5.02437006984753e-23
"TYROBP","ENSG00000011600",4263.08600633628,-1.48533728270907,0.149290989269854,-9.94927617516293,2.54024064362213e-23,1.77826783397225e-22
"GABRA3","ENSG00000011677",112.279928294829,6.02940164227947,0.506619882459222,11.9012337475026,1.16610308458558e-32,1.35487548652531e-31
"BRCA1","ENSG00000012048",757.885353773398,1.47937944830028,0.129228485177837,11.4477813948251,2.41240903221461e-30,2.50814844935596e-29
"SEMA3B","ENSG00000012171",2128.01028667217,-1.54341148851534,0.199171710017436,-7.74915015983058,9.25095727455609e-15,3.70224510207184e-14
"LTF","ENSG00000012223",5473.90426459902,1.26950642019514,0.280762930577539,4.5216311768214,6.13649131663708e-06,1.22181413601066e-05
"NR1H4","ENSG00000012504",21.8299156117999,1.08798920024632,0.413300222132231,2.63244281513651,0.00847732925908973,0.0120864424249317
"ALOX5","ENSG00000012779",2981.1095966174,-1.82506486574224,0.139121633264704,-13.1184836097325,2.58046675981652e-39,4.18227280193813e-38
"CALCOCO1","ENSG00000012822",3900.12196793894,-1.20858352941534,0.0834911239355691,-14.475593002533,1.72828741742199e-47,4.15648477956072e-46
"CLDN11","ENSG00000013297",237.53450901968,-1.23937600034822,0.208613469598816,-5.94101619004594,2.83260634285754e-09,7.52432085699969e-09
"SLC25A39","ENSG00000013306",7905.1718033181,1.20718443501995,0.0938788892964561,12.8589552354826,7.66050551131e-38,1.15572871090953e-36
"DDX11","ENSG00000013573",1156.30421923102,1.47466536685825,0.123290938098757,11.9608577045382,5.69704093656944e-33,6.72852498204865e-32
"GPRC5A","ENSG00000013588",31823.6022239856,-1.32690763123807,0.154936133571111,-8.56422321026271,1.08806876219599e-17,5.29331548721394e-17
"TACC3","ENSG00000013810",2280.74951638724,1.66211844021075,0.118922184755733,13.9765212321381,2.16830491675027e-44,4.5536948210578e-43
"MTMR11","ENSG00000014914",1223.00045196146,1.41533825984894,0.140869656435764,10.0471478078342,9.45648086023035e-24,6.77361137038037e-23
"DPEP1","ENSG00000015413",125.217286626803,1.9943337584165,0.224539227808099,8.88189461540745,6.57310937504641e-19,3.45208823151469e-18
"MATR3","ENSG00000015479",152.294762280693,1.00511521276058,0.187881830429432,5.34972014304541,8.80903463877259e-08,2.06877617524029e-07
"NPC1L1","ENSG00000015520",174.494461522356,4.10151203500149,0.331791802015122,12.3617039664367,4.21133995921769e-35,5.55294811276951e-34
"ISL1","ENSG00000016082",45.770399422102,4.28678902463095,0.474266746513185,9.03877207530885,1.5844153662885e-19,8.63800857678248e-19
"IL20RA","ENSG00000016402",512.908028344806,-1.72422741051999,0.191444242137987,-9.00642083180133,2.12891010934857e-19,1.15118128094814e-18
"CLCA1","ENSG00000016490",5.89328858949882,1.81643270085358,0.594697967709602,3.0543785240251,0.00225527327766623,0.00345256714213569
"SLC11A1","ENSG00000018280",1930.61348801603,-1.8164497438151,0.149703446102983,-12.1336535069844,7.005282958439e-34,8.66244146339661e-33
"WWTR1","ENSG00000018408",4438.89210247651,-1.02900523836097,0.0944949876869177,-10.8895219053342,1.29317348415501e-27,1.1437841399894e-26
"ATP1A2","ENSG00000018625",144.965402811631,-2.2767099126859,0.208077464986538,-10.9416457607901,7.28650377869407e-28,6.54833812718096e-27
"VSIG2","ENSG00000019102",1439.57047364006,-1.3737914509769,0.249561508819737,-5.50482106585281,3.69543410366929e-08,8.95846124061166e-08
"MARCO","ENSG00000019169",4618.02264801437,-3.0173075701591,0.224925396532424,-13.4147037936827,4.95910517850948e-41,8.88220910501203e-40
"CYP24A1","ENSG00000019186",4144.50617664334,6.68336960503676,0.316856558856264,21.0927292436719,9.27530783183864e-99,2.21284110713452e-96
"PRDM11","ENSG00000019485",517.497441487689,-1.18700678224892,0.0925178091071915,-12.8300355758927,1.11313052360446e-37,1.66811092620222e-36
"SYT13","ENSG00000019505",739.342327676811,4.1435634920254,0.401913851431744,10.3095812131498,6.37786316864843e-25,4.85819947537788e-24
"SLC7A9","ENSG00000021488",40.6736999500062,2.66616765478716,0.287889503033238,9.26107977781789,2.02375136406288e-20,1.17453724155618e-19
"CPS1","ENSG00000021826",10291.9115505611,6.61773920655634,0.424736459482483,15.5808126635035,9.82970823280822e-55,3.36296308622634e-53
"C8B","ENSG00000021852",185.933637688959,-2.64519278548965,0.341366178729772,-7.74884259282057,9.27338842321609e-15,3.70956268850001e-14
"FHL1","ENSG00000022267",3061.38278942667,-3.40761993158785,0.173969393822799,-19.5874679833556,1.97785106438205e-85,2.37514691912671e-83
"NLRP2","ENSG00000022556",1196.9378547513,1.16174493824949,0.275749188041587,4.21304935292966,2.51945984881148e-05,4.75986644227472e-05
"GRAMD1B","ENSG00000023171",718.881812583511,1.31835055537511,0.231933843680055,5.68416637458798,1.31452261907132e-08,3.30347657627009e-08
"ABCC2","ENSG00000023839",976.029369825922,4.80821968516699,0.356304849108751,13.4946793376349,1.68084877090367e-41,3.08465918541327e-40
"GCLM","ENSG00000023909",2502.61109737142,1.04150140909315,0.152884296160421,6.81235048497264,9.60168282911327e-12,3.10001643560671e-11
"EHD2","ENSG00000024422",7976.39395381104,-1.28562993746196,0.126486521599514,-10.1641654873914,2.86565425783772e-24,2.10835327448562e-23
"DEPDC1","ENSG00000024526",424.730969884277,3.78107622368803,0.180104420244258,20.9938002552082,7.47257632885489e-98,1.67133510315251e-95
"HSD17B6","ENSG00000025423",1509.08154620031,-2.2658810335043,0.226119820398487,-10.0207095048598,1.23612345786918e-23,8.77348553417424e-23
"VIM","ENSG00000026025",21185.9408494554,-1.14686892879218,0.11362785537796,-10.0932022784146,5.92059184327682e-24,4.2906905569766e-23
"RTEL1-TNFRSF6B","ENSG00000026036",111.548218159964,1.40081238816159,0.164072246150837,8.53777784497312,1.36827663627549e-17,6.602635882653e-17
"CD44","ENSG00000026508",16705.4765707135,-1.00490733692053,0.121713909796001,-8.25630643699477,1.50249576400066e-16,6.76841810303722e-16
"KCNG1","ENSG00000026559",21.0226933166043,1.418476081392,0.266705897623129,5.31850286789082,1.04624571377548e-07,2.44010356576965e-07
"AGPAT4","ENSG00000026652",508.053553671784,-1.09084682627021,0.124571420263483,-8.75679850131712,2.00874289099431e-18,1.02429286259792e-17
"SLAMF7","ENSG00000026751",2142.72831951742,1.15159696416227,0.171064049263351,6.73196366578109,1.67388447925184e-11,5.31325438837202e-11
"PRKCH","ENSG00000027075",1550.4477457786,-1.05361642090666,0.078746076821653,-13.3799227013293,7.92297271522843e-41,1.40362129498596e-39
"INSRR","ENSG00000027644",6.70049822028187,2.06212549765924,0.290249481562735,7.10466556755428,1.20614248225284e-12,4.17841383058084e-12
"ARNTL2","ENSG00000029153",1545.12042271285,2.47945231504833,0.195608451962276,12.6755888622159,8.07499829501281e-37,1.16709163564349e-35
"ANK1","ENSG00000029534",129.27003629206,1.22044069087455,0.224189705764284,5.44378559539098,5.2159997439968e-08,1.24772571416223e-07
"IBSP","ENSG00000029559",93.4246128888446,4.74811826240597,0.335364703393741,14.1580739247665,1.66495173803311e-45,3.67336392708094e-44
"HMGB3","ENSG00000029993",12675.5884936027,3.49661701839577,0.176991554148132,19.7558410921082,7.14553683254976e-87,9.40110959888329e-85
"MUSK","ENSG00000030304",53.4166008479155,-1.84264011136314,0.236771214390118,-7.78236542017772,7.11809088723557e-15,2.87179256471941e-14
"ARHGAP31","ENSG00000031081",2404.9118170952,-2.11982993302821,0.123660151733483,-17.1423850230829,7.16504328762713e-66,3.73772943281377e-64
"PNPLA6","ENSG00000032444",3461.09194628467,-1.57159016031107,0.0859793303164944,-18.2786973860574,1.22312518596632e-74,9.19553737499804e-73
"FUT8","ENSG00000033170",2878.90525740822,1.44486211264327,0.113365328855572,12.7451852098805,3.31602361885528e-37,4.86740037835747e-36
"GAB2","ENSG00000033327",2253.90593056792,-1.02400140429756,0.104851555296836,-9.7662013825031,1.57237220135726e-22,1.05096958531511e-21
"APBA2","ENSG00000034053",842.379705924781,2.00685842703308,0.184911667152926,10.8530654551579,1.92847013863346e-27,1.68651594284304e-26
"EFCAB1","ENSG00000034239",273.79496832328,-2.06521198307995,0.297952856665631,-6.93133808546623,4.16878412848363e-12,1.38159019097902e-11
"MYOC","ENSG00000034971",33.0885889819408,-4.50726060521955,0.308423687689773,-14.6138600409744,2.29157931261247e-48,5.80782275362251e-47
"FAM136A","ENSG00000035141",1969.57107208795,1.1783754414639,0.0723526268112041,16.2865606046169,1.229522145982e-59,4.99996358137636e-58
"DEPDC1B","ENSG00000035499",330.53640065232,3.62489519936514,0.17204914018982,21.0689527152873,1.53284084082709e-98,3.56196378765184e-96
"DAPK2","ENSG00000035664",1147.86888468196,-1.91526740527675,0.142970258001545,-13.3962645941091,6.3583716411428e-41,1.13543257260447e-39
"MYOM2","ENSG00000036448",93.6579272306648,-1.52839196305524,0.160603387000578,-9.51656121081517,1.79004540585277e-21,1.11174184126774e-20
"OTC","ENSG00000036473",8.06090605714056,-3.66586280897044,0.297324895932537,-12.3294848804125,6.28471966614894e-35,8.19624555294482e-34
"USP2","ENSG00000036672",200.741900637405,-1.01939219125091,0.172635853337562,-5.90486953632774,3.52925930425451e-09,9.30715353441797e-09
"CASR","ENSG00000036828",42.0667617598087,1.51399570383624,0.377602310509369,4.00949798690035,6.08479717848879e-05,0.00011064560560437
"FLT4","ENSG00000037280",1054.73925906264,-1.34374640660109,0.121704140564577,-11.0410903061107,2.42077710846204e-28,2.24197540381528e-27
"NSUN2","ENSG00000037474",4020.52752192846,1.0215694135311,0.0841891384106945,12.1342186511951,6.95708932001922e-34,8.60879662538754e-33
"METTL1","ENSG00000037897",837.905940440479,1.36977311915335,0.113338441855193,12.0856886395478,1.25712436099591e-33,1.53227017651907e-32
"HOXC8","ENSG00000037965",52.2026776981808,2.7063565764889,0.297313758684818,9.10269537629408,8.81173045832639e-20,4.88742384038543e-19
"TLL1","ENSG00000038295",164.369230153818,-1.55098193326678,0.162182953392276,-9.56316247069062,1.14212251279272e-21,7.18565334789033e-21
"VCAN","ENSG00000038427",10314.5660126671,1.78059193795554,0.177383234439475,10.0381072855174,1.03643714134884e-23,7.40022736239219e-23
"MSR1","ENSG00000038945",4051.29839381339,-2.29165315467003,0.162259920081687,-14.1233469948484,2.72724363273584e-45,5.95577894264903e-44
"CDH1","ENSG00000039068",18559.5733595929,1.00257095616283,0.101103994695448,9.91623485484266,3.53853368454539e-23,2.45978955779218e-22
"RIPOR1","ENSG00000039523",2021.06698288164,-1.21438156012729,0.0991857659879671,-12.2435063946031,1.81996720672467e-34,2.32107435708657e-33
"C6","ENSG00000039537",239.60203043742,-2.0062510953735,0.299545255076574,-6.69765606823125,2.11788994279866e-11,6.68231436192847e-11
"SOX30","ENSG00000039600",38.4103206558505,1.57267355908096,0.245831017952388,6.39737642621467,1.58069311127258e-10,4.6618331696061e-10
"SPDL1","ENSG00000040275",539.446261166613,1.30625136345336,0.0961529212804852,13.5851448511162,4.90560504543314e-42,9.18158902488862e-41
"CDH10","ENSG00000040731",14.0901643537947,-1.02104148661634,0.33849274830105,-3.01643533499939,0.00255765764748027,0.00388853498906997
"MYO16","ENSG00000041515",98.2335760204802,1.01273105675723,0.236260063823308,4.28650970616269,1.81502275660216e-05,3.46560689188799e-05
"TNC","ENSG00000041982",14747.2587584442,1.58806350135922,0.21306130193086,7.45355203862671,9.08601359257196e-14,3.38418070799105e-13
"ZPBP","ENSG00000042813",1.5753141829023,-1.06918664321861,0.320150092463892,-3.33964183795823,0.00083886501326815,0.00134750082434752
"ADAM28","ENSG00000042980",1668.09411228471,2.30712811830912,0.168775586281882,13.669797683036,1.53822265010858e-42,2.93739785254992e-41
"BARX2","ENSG00000043039",493.487867387512,3.86876962945732,0.245296889766819,15.7717842779621,4.86555686107491e-56,1.75523001845188e-54
"ZIC2","ENSG00000043355",80.0969832273403,5.26052528996416,0.382846659846091,13.7405542262768,5.80298614015968e-43,1.13354619002049e-41
"ADRB1","ENSG00000043591",307.202019428893,-3.14516093789485,0.231534904694243,-13.5839602328998,4.98561731112462e-42,9.31186331398256e-41
"DSG2","ENSG00000046604",8707.49638084902,1.45422223128016,0.133684036973592,10.8780544349317,1.46659784628144e-27,1.2933383569992e-26
"GPM6B","ENSG00000046653",551.799469781626,-1.94508565396396,0.1498128931712,-12.9834329528714,1.51915710074769e-38,2.37192652737159e-37
"MAGEC2","ENSG00000046774",79.1755534592652,7.03278289746136,0.723360959384164,9.72237000936399,2.42080205873049e-22,1.59953512691524e-21
"PREX2","ENSG00000046889",521.351334003295,-1.77882214930607,0.172677735951083,-10.3013983795223,6.94443733599412e-25,5.27629797252411e-24
"ARAP2","ENSG00000047365",1605.20373940435,-1.14118271424152,0.119120549475909,-9.58006590183092,9.6983033946767e-22,6.11889078423661e-21
"CP","ENSG00000047457",15088.2611437025,3.49747391873735,0.22085746059493,15.8358875870261,1.75958616778225e-56,6.45169575822292e-55
"ANO2","ENSG00000047617",49.7339671815159,-2.05360423029778,0.171331253391958,-11.986162417196,4.19912338931095e-33,4.97911960271311e-32
"ARHGAP6","ENSG00000047648",284.09295333905,-2.33611912043283,0.129176482150542,-18.0847092407294,4.20580174643793e-73,2.9396254159771e-71
"TNFRSF17","ENSG00000048462",175.449350950226,1.84903097590139,0.212517001572159,8.70062612507529,3.30057991664918e-18,1.65844640406076e-17
"CELF2","ENSG00000048740",3995.72612063482,-1.18801351788724,0.125514897529559,-9.46511960946676,2.9322527820209e-21,1.79435017198016e-20
"COL9A2","ENSG00000049089",1304.28327995986,1.94772104586631,0.202074657929431,9.63862102167457,5.49207685598357e-22,3.53234116405873e-21
"UTS2","ENSG00000049247",19.4944308316627,1.13102262859685,0.267700887714639,4.22494911485871,2.38994774291988e-05,4.52234929823027e-05
"TNFRSF9","ENSG00000049249",343.651743172548,1.38629725704986,0.180506332692047,7.68004776549836,1.59029281978572e-14,6.25387020317053e-14
"EPN3","ENSG00000049283",715.80103858047,3.06167937382024,0.161399923621142,18.9695218258404,3.04665240411785e-80,2.79557699830157e-78
"FOXP3","ENSG00000049768",229.068311118255,1.84948018318457,0.140915885684035,13.1247103490626,2.37689817697308e-39,3.86986706829657e-38
"DKK3","ENSG00000050165",4103.36473749493,-1.11088779422644,0.137402908791073,-8.08489284543163,6.22188769134355e-16,2.69364230489258e-15
"NFE2L3","ENSG00000050344",1280.16864217033,1.46734330300464,0.139643994187776,10.5077437203031,7.95745370084416e-26,6.35921032019672e-25
"LAMC3","ENSG00000050555",979.107644717078,-1.67649348534017,0.164593578627678,-10.185655475251,2.29805907487942e-24,1.70265718537547e-23
"HOMER3","ENSG00000051128",449.296429621732,1.01782294833594,0.113097652624044,8.99950551334038,2.26736588909859e-19,1.22309248880438e-18
"RAD51","ENSG00000051180",300.981729344286,2.19643761435722,0.139250700384517,15.7732608043775,4.75311289491008e-56,1.7216082799317e-54
"POLQ","ENSG00000051341",288.893046560314,3.3229914827904,0.171574347529843,19.3676474987754,1.44720506051212e-83,1.51431813729493e-81
"MPHOSPH9","ENSG00000051825",740.540249837356,1.0215395989704,0.105775105243074,9.65765618122405,4.56181223568995e-22,2.95740964975363e-21
"MSMO1","ENSG00000052802",4129.3216862121,-1.09704747360186,0.105196747608764,-10.4285303351951,1.83707653257801e-25,1.43666129359346e-24
"ALX4","ENSG00000052850",10.7099121982726,1.26860635930175,0.331157651589304,3.83082303311854,0.000127715339706064,0.000224040252290255
"FSTL4","ENSG00000053108",835.26595983781,2.52277233606105,0.28465447094858,8.86257759329824,7.81853592170328e-19,4.09295094344754e-18
"ENTPD2","ENSG00000054179",186.44382122914,2.14280204937761,0.218887921151177,9.78949426769724,1.24919125871745e-22,8.40608469057217e-22
"PTPRN","ENSG00000054356",108.143562608063,3.59718968849379,0.316589194209814,11.3623261762681,6.44064686494746e-30,6.51824063091091e-29
"CBLN4","ENSG00000054803",39.8540733799438,-1.23506405341375,0.235577359527926,-5.24271116667873,1.58234135990624e-07,3.61686688206468e-07
"CHRDL2","ENSG00000054938",193.828984868476,1.39069087830841,0.230195330925815,6.04135137196412,1.52828749114644e-09,4.14705005748911e-09
"KCNH2","ENSG00000055118",500.302129541744,1.47182208877994,0.2482598784608,5.9285539729785,3.05613963826947e-09,8.10006022034596e-09
"CCDC85A","ENSG00000055813",62.08755063395,-2.7529014666594,0.178481786311618,-15.4239910051831,1.12905949944066e-53,3.67313847699848e-52
"NPFFR2","ENSG00000056291",31.8194068724427,3.40127121804497,0.430658979966005,7.8978295502243,2.83801880678747e-15,1.1746627460062e-14
"PHF21B","ENSG00000056487",9.15736912208327,1.47159523261704,0.302414460398039,4.86615365773226,1.13791060633621e-06,2.41841483301745e-06
"GYG2","ENSG00000056998",554.6436554687,2.22944810913386,0.156885300380217,14.2106883419334,7.8648616633651e-46,1.76127621705371e-44
"DCBLD2","ENSG00000057019",6279.85913193516,1.14459581876577,0.181462270730444,6.30762424694902,2.83351096143315e-10,8.18534253033958e-10
"SERPINB3","ENSG00000057149",142.930953986839,1.92450335960748,0.44639210883225,4.31123965126071,1.62341839992468e-05,3.11538239273406e-05
"PKP2","ENSG00000057294",895.547292461546,1.41991962747585,0.229559303757252,6.18541529023516,6.19391892462454e-10,1.74065951497262e-09
"F7","ENSG00000057593",48.3718221987823,2.8618894595641,0.323856230143283,8.83691339918926,9.83993560653113e-19,5.11225225922362e-18
"RASGRF1","ENSG00000058335",956.683563744067,-2.04452240819161,0.246458075882965,-8.29561945116574,1.08020819467165e-16,4.90687109095196e-16
"CAMK2B","ENSG00000058404",102.194370145434,2.55870504612761,0.297539951357337,8.59953439682686,8.00401520915982e-18,3.92372175719169e-17
"ZC3H11A","ENSG00000058673",12.2322877817321,1.49252144078541,0.238917289085311,6.24702149643287,4.18353502877891e-10,1.1925455455511e-09
"NDC1","ENSG00000058804",1630.43151230883,1.02085215764314,0.0930559454905701,10.970305575441,5.30926588178228e-28,4.79791385973385e-27
"ALDH18A1","ENSG00000059573",4898.49706877444,1.62122271525711,0.0778894367479432,20.8144105663971,3.20461954950879e-96,6.66747181387917e-94
"SLC2A3","ENSG00000059804",3450.85781248889,-1.08025833994587,0.161324452349604,-6.69618476438317,2.13931210650528e-11,6.74395904187791e-11
"PSD","ENSG00000059915",188.326196310126,1.08761941896082,0.138872493618618,7.83178432690723,4.80994131639708e-15,1.95645101100916e-14
"STYK1","ENSG00000060140",438.514050662677,2.59916220930541,0.158779379734676,16.3696458170366,3.15041991345781e-60,1.304871840544e-58
"RIMBP2","ENSG00000060709",140.888447114055,2.48670462826438,0.358675660586362,6.93301749050695,4.11957247577259e-12,1.36654635352241e-11
"COL11A1","ENSG00000060718",3150.21751800855,6.26532687232904,0.296159259061262,21.1552625171615,2.46811822972693e-99,6.13361659507e-97
"SPAG4","ENSG00000061656",690.595533235294,2.90018349882349,0.142705065512041,20.3229190808141,8.06360922772034e-92,1.41453097952549e-89
"CDH3","ENSG00000062038",5218.25478147571,2.78474307911256,0.205254378568403,13.5672773391507,6.26046043245268e-42,1.16685852622787e-40
"ARSF","ENSG00000062096",2.29548353832628,-1.45592884592565,0.219038577794037,-6.64690604088321,2.99317964281635e-11,9.35329433267778e-11
"VMP1","ENSG00000062716",12862.5940555805,1.38307144596387,0.111287162198098,12.4279514244592,1.84296868784947e-35,2.47941644599177e-34
"AHRR","ENSG00000063438",10.6300898800289,1.3217512105758,0.276309949586006,4.78358167180073,1.72198876549224e-06,3.59905910301982e-06
"LIMCH1","ENSG00000064042",8496.26418272356,-1.59768647426403,0.128428331952858,-12.4402960777416,1.57917472397482e-35,2.1309331324345e-34
"DLX3","ENSG00000064195",173.53021071549,2.17183559048477,0.237182760991098,9.15680204332507,5.3458015217651e-20,3.0126748544549e-19
"TSPAN32","ENSG00000064201",94.7591052532772,-1.11051921964181,0.161165645255405,-6.89054554946823,5.55788265986523e-12,1.82639475542642e-11
"CCN5","ENSG00000064205",660.261251007721,-2.17245657012236,0.166857590001359,-13.0198246906519,9.43873559538434e-39,1.48930596127171e-37
"DMRT3","ENSG00000064218",20.538024554245,1.86423060437178,0.368073844789006,5.06482769901901,4.08769900700324e-07,9.01308667064806e-07
"EYA2","ENSG00000064655",736.314356550175,1.82516270402081,0.264659204539862,6.89627518224444,5.33837401879618e-12,1.75781240924402e-11
"FAR2","ENSG00000064763",443.640925149669,-1.17476461102467,0.148974968459091,-7.88565101356114,3.12899937359857e-15,1.28854282604831e-14
"BCAS1","ENSG00000064787",1428.51957999896,2.26271880017156,0.277286192975806,8.16022888081192,3.34390335784856e-16,1.46900227797654e-15
"POU1F1","ENSG00000064835",3.43805999950983,-1.23739779571894,0.207451378553751,-5.96476053495267,2.44993069189909e-09,6.54082510745306e-09
"CHI3L2","ENSG00000064886",1070.73673772529,-1.73282352697144,0.216260019928817,-8.0126855048927,1.1223037036539e-15,4.76879130122994e-15
"CALCRL","ENSG00000064989",2445.64442204827,-2.72564786392844,0.133287458566936,-20.4493948135386,6.0825115216173e-93,1.15781253889679e-90
"ANKS1A","ENSG00000064999",2913.62256691324,-1.09033551292846,0.0754489198488885,-14.4513071242401,2.45973104423261e-47,5.86044841204448e-46
"GLP2R","ENSG00000065325",30.3280719343882,-1.16197328379675,0.320667463605558,-3.62360830354167,0.000290521470901824,0.000490683469779719
"MCM10","ENSG00000065328",403.566703923509,3.53392716593468,0.175508554463933,20.1353556624552,3.61707054918118e-90,5.88365848513626e-88
"MYLK","ENSG00000065534",4738.5011048051,-1.21029076232423,0.129915864302466,-9.31595820743237,1.20856654712618e-20,7.10410027192137e-20
"COL17A1","ENSG00000065618",2950.56367803705,4.63480799401715,0.2999396034075,15.4524709020178,7.26059116542769e-54,2.38812054637863e-52
"SEC61A2","ENSG00000065665",314.7146977142,1.03771257390717,0.100139051697434,10.3627162062865,3.66406518192057e-25,2.82834850302437e-24
"PRKCQ","ENSG00000065675",273.769160159223,-1.57563763047606,0.146733171441883,-10.7381147356999,6.74067817110113e-27,5.74885388539145e-26
"MTHFD2","ENSG00000065911",2908.6436608797,1.50836944851579,0.12580136442167,11.9900881476923,4.00478772130798e-33,4.75498783658684e-32
"SLC9A7","ENSG00000065923",1415.50498339291,1.22974050043089,0.114571673248735,10.7333729669909,7.09578738507706e-27,6.04594874672304e-26
"CTNNA2","ENSG00000066032",10.775953308049,1.20497681690437,0.364383358797605,3.30689310532887,0.000943368832371233,0.00150711593907308
"TIE1","ENSG00000066056",1530.44381498391,-1.97500136660056,0.119548928326408,-16.5204439240824,2.61466483137977e-61,1.13278929365323e-59
"SLC9A3","ENSG00000066230",61.0379610625062,2.07608382679614,0.217892554026323,9.52801639355391,1.60317112452778e-21,9.98452521099044e-21
"NGEF","ENSG00000066248",464.225928937733,2.97891975556547,0.215551752167595,13.8199746724829,1.93137789725073e-43,3.85263597720259e-42
"ASPM","ENSG00000066279",987.570692221637,3.74367006579748,0.171118061550736,21.8777026333219,4.23653533568241e-106,1.84888601856989e-103
"SPI1","ENSG00000066336",2243.16336095369,-1.58569841369757,0.137449526320455,-11.5365869650261,8.62811694189322e-31,9.15132758988117e-30
"CLDN18","ENSG00000066405",9261.91019686868,-3.5285565819544,0.356612178870168,-9.89466089782379,4.39095979684725e-23,3.03349203262501e-22
"FGFR2","ENSG00000066468",1471.02061757385,-1.78133436097094,0.173709228942787,-10.2546903915948,1.12736703727186e-24,8.4756211755905e-24
"EML1","ENSG00000066629",696.752835925531,-1.68677727921849,0.126150109025809,-13.3711916085098,8.91018828113809e-41,1.57695350063703e-39
"KIF26A","ENSG00000066735",247.741395766273,-1.46132941414663,0.192544066359066,-7.58958425351562,3.20933538128484e-14,1.23334703559557e-13
"ACSM2B","ENSG00000066813",2.17327260181359,-1.22187821047582,0.380220455816531,-3.21360461222901,0.0013108003841837,0.00206244735087926
"MTFR1","ENSG00000066855",1730.70100127784,1.26931790276034,0.107005654000171,11.8621573282316,1.8611701088924e-32,2.14574205917601e-31
"STAG3","ENSG00000066923",246.484403082699,1.21768383120769,0.186134852616492,6.54194426294027,6.07241362128286e-11,1.85099994762546e-10
"PFKP","ENSG00000067057",6086.0936596306,2.12230869962219,0.14806998495472,14.3331459125305,1.35825737363795e-46,3.15627262162388e-45
"KLF6","ENSG00000067082",10042.9433938475,-1.7855279269971,0.106715677935757,-16.7316364524433,7.70907531422859e-63,3.55511558240959e-61
"PHKA1","ENSG00000067177",1115.50649739339,1.64438802018464,0.0973402693669474,16.8931936482087,5.04942341775475e-64,2.44187387064556e-62
"SYT1","ENSG00000067715",445.116236274242,1.6350795829547,0.247270207793199,6.61252157122858,3.77828037873425e-11,1.17165980618184e-10
"PDZD4","ENSG00000067840",192.87974112718,-1.07067744693586,0.197319463091735,-5.4261116980543,5.75949241658501e-08,1.37314587355038e-07
"HYAL2","ENSG00000068001",3141.75637198662,-1.23935566288839,0.0872500363625557,-14.2046435114184,8.57378445001117e-46,1.91763406455062e-44
"PRR11","ENSG00000068489",923.996096845951,2.22103250577992,0.15032187839901,14.7751779676706,2.11797022379148e-49,5.72459837074032e-48
"REEP1","ENSG00000068615",207.546458107414,-1.64839234309316,0.214107032620397,-7.69891732615666,1.37223912679859e-14,5.41541126947667e-14
"RASGRP2","ENSG00000068831",383.37217883066,-1.16291943792333,0.15113937414502,-7.69435128669706,1.42213842341015e-14,5.60368262719177e-14
"PYGM","ENSG00000068976",65.1235112267385,-1.20541892636707,0.154001366610639,-7.82732616532376,4.98354999341909e-15,2.02568514384934e-14
"PAGE1","ENSG00000068985",10.7042364441388,3.73356668991342,0.757606058478333,4.92811092009,8.30284793012773e-07,1.78197022926443e-06
"PITX1","ENSG00000069011",681.455076143252,4.53154823688996,0.263237589527401,17.2146700060033,2.06119251706349e-66,1.10092291665126e-64
"TRPC7","ENSG00000069018",1.11175718570558,2.30623945113919,0.544645294273566,4.2343879133578,2.29175054955579e-05,4.34618893303676e-05
"ADGRF5","ENSG00000069122",12700.8780766,-1.09523963081583,0.18155943416907,-6.03240275465903,1.61539555252046e-09,4.37545755695559e-09
"ADAM7","ENSG00000069206",0.992723621663542,2.03874869773912,0.688566080283329,2.96086135538396,0.00306780005900198,0.00462171814900416
"KCNAB2","ENSG00000069424",1891.16954633219,-1.05466020894184,0.111719891053984,-9.44021873806002,3.72002003395854e-21,2.26325462317648e-20
"GAL","ENSG00000069482",112.132820304144,4.83138225628375,0.359253009416947,13.44841136926,3.14557773614518e-41,5.68523458917634e-40
"MAOB","ENSG00000069535",1063.24460818917,-1.52530087167485,0.166658846593019,-9.15223465694342,5.57677906797911e-20,3.13593047967788e-19
"TGFBR3","ENSG00000069702",1134.1770603601,-2.5430286659731,0.161457727638345,-15.7504301786615,6.82156956105726e-56,2.44116688311995e-54
"PLA2G10","ENSG00000069764",255.54436341399,1.29786667775401,0.257755500773727,5.03526277366764,4.77193765799682e-07,1.04637598669776e-06
"GUCY2C","ENSG00000070019",41.4224509052424,2.24765432118176,0.255851090007213,8.7850097535969,1.56350969972236e-18,8.02981603247191e-18
"PFN2","ENSG00000070087",3940.07179308867,1.45409540510387,0.172313854775757,8.43864474505646,3.2103822365636e-17,1.50928453386318e-16
"SPTB","ENSG00000070182",1364.29966488387,3.32667201778923,0.26074171833071,12.7584954148759,2.79548446530604e-37,4.12023093391441e-36
"FGF10","ENSG00000070193",66.4436390791095,-2.97512514698452,0.255495542423501,-11.6445285845851,2.44670813073071e-31,2.67434017001617e-30
"POLB","ENSG00000070501",1344.52864867474,1.15879379911366,0.113574773283031,10.2029153624275,1.92408531445291e-24,1.43448577214608e-23
"ST6GALNAC1","ENSG00000070526",3007.40766576401,1.94337823255469,0.204981991488481,9.4807266650246,2.5251837690043e-21,1.55321805358522e-20
"FRMPD1","ENSG00000070601",14.2547486715728,-1.42695327248195,0.259065338354228,-5.50808256151518,3.62763272825358e-08,8.80244540366711e-08
"NDST1","ENSG00000070614",5494.3729008084,-1.59898652518237,0.0856386082479911,-18.671327779546,8.47201282072239e-78,7.15045874533895e-76
"ASNS","ENSG00000070669",42.7341515714285,1.30950220762918,0.158364105843451,8.2689331692604,1.35163004722854e-16,6.1134268036047e-16
"CNGB1","ENSG00000070729",120.448531511741,2.99168736672291,0.254434301371997,11.758191999234,6.40920495913493e-32,7.20351157875636e-31
"ST6GALNAC2","ENSG00000070731",178.993566090982,-1.66171302910189,0.175434045405678,-9.47200998106897,2.74509793258569e-21,1.68443200643881e-20
"CHAT","ENSG00000070748",26.0189949201398,4.68612598893344,0.542443183410803,8.63892501970025,5.67444000664783e-18,2.80399765365782e-17
"PABPC1","ENSG00000070756",68229.0954820209,1.04190413823554,0.0973643257613336,10.7010871804272,1.00590999308736e-26,8.4859724216465e-26
"PTPN21","ENSG00000070778",1154.45614487098,-2.43916564513984,0.107541211270074,-22.6812178915693,6.86622892943705e-114,5.58442882883714e-111
"CAMK2A","ENSG00000070808",32.777988359664,-1.51966425124006,0.171381585303804,-8.86713848833983,7.50495498335671e-19,3.93339658808441e-18
"EPHA8","ENSG00000070886",6.54113678695162,3.45093993724944,0.42013123888711,8.21395701588548,2.14016219990973e-16,9.52111443137363e-16
"TRPM5","ENSG00000070985",20.2698290308456,2.12658004475721,0.317213248745673,6.70394459615463,2.02867206273157e-11,6.40533425418316e-11
"VASH1","ENSG00000071246",846.129574340032,-1.11863743550903,0.103476803660433,-10.8105140083368,3.06945325212725e-27,2.66093638761206e-26
"LMCD1","ENSG00000071282",1850.94273532066,-1.74581920630862,0.101182833339614,-17.2541047595384,1.04224589352959e-66,5.651183567553e-65
"TRIP13","ENSG00000071539",959.011339726855,2.63981228118087,0.169744298825574,15.5516992290474,1.54939804192191e-54,5.23082625737899e-53
"PRLH","ENSG00000071677",1.0733506204184,-2.04237649669748,0.3926312064354,-5.20176813055616,1.97401413856176e-07,4.47611645942031e-07
"MYO3B","ENSG00000071909",137.552398751917,3.52956939070401,0.273926974113473,12.8850742141294,5.46229348177542e-38,8.28278112452607e-37
"CYBRD1","ENSG00000071967",7810.4248345463,-1.76207340027203,0.143933488349333,-12.2422753764947,1.84778745608809e-34,2.35487613616696e-33
"CDH19","ENSG00000071991",42.5538379202434,-2.21565966690342,0.286246261558006,-7.74039686961791,9.91069646436733e-15,3.95124981811329e-14
"SLC6A15","ENSG00000072041",38.4914758040606,3.12016151224733,0.448157396132369,6.96220019835564,3.34998973775013e-12,1.11851775289351e-11
"SPP2","ENSG00000072080",37.6194248188576,6.8394183068558,0.444023242472251,15.40328895572,1.55552163492893e-53,5.00592600967326e-52
"LIMS2","ENSG00000072163",1194.32926862418,-2.80635113549492,0.131373751206787,-21.3615818206912,3.04329391149129e-101,8.64343777116089e-99
"TFRC","ENSG00000072274",8262.66440281231,-1.02296662758448,0.139814814808869,-7.31658250223987,2.54365662317892e-13,9.20956049343188e-13
"TRPC5","ENSG00000072315",3.4248885786329,2.18037825383624,0.523214002341404,4.16727810050755,3.08258340407355e-05,5.77798709921307e-05
"HMMR","ENSG00000072571",593.615913253817,3.01615089430708,0.158149833795908,19.071476851499,4.35821233597751e-81,4.1479517727471e-79
"TRHDE","ENSG00000072657",99.9228552259043,-2.63424533200959,0.301347900859571,-8.74154200011221,2.29950009841796e-18,1.16657088916906e-17
"CYP2W1","ENSG00000073067",17.5757941053315,1.32211445121122,0.328852472465307,4.02038774803707,5.8102429741032e-05,0.000105879089047386
"MCM2","ENSG00000073111",1225.27087615648,1.95951718091995,0.144796009800842,13.5329501387168,9.99312827188456e-42,1.85100459802102e-40
"MOV10L1","ENSG00000073146",35.4106357538649,1.27048264111018,0.211268978099207,6.01357876835846,1.81471689691219e-09,4.89533083619023e-09
"PANX2","ENSG00000073150",716.225126430429,2.4451939487836,0.192718366318286,12.6879134329378,6.89995858905348e-37,1.00049399541275e-35
"TP63","ENSG00000073282",685.616861624103,1.02108839633311,0.27237511391603,3.74883146133496,0.000177660421716791,0.000306871119391692
"GSDMB","ENSG00000073605",1238.55345479077,1.73312120665919,0.148074668822679,11.7043733437933,1.21050212903898e-31,1.34031649720882e-30
"ADAM11","ENSG00000073670",27.8047105973764,1.15614515443708,0.183156511740214,6.31233442618159,2.74857464088919e-10,7.94511244740393e-10
"FERMT2","ENSG00000073712",2526.60057096359,-1.40337897592967,0.0924824739081353,-15.1745397438619,5.21422066314046e-52,1.57598057982386e-50
"ABCB11","ENSG00000073734",14.6429798472478,1.35546627954797,0.268601990949504,5.04637465551322,4.50272053773944e-07,9.89647200365703e-07
"CD5L","ENSG00000073754",21.7683966753666,-4.0331094925204,0.256348667248489,-15.7329060291581,8.99845914135864e-56,3.20098269217356e-54
"FRY","ENSG00000073910",1763.729888698,-1.47761363949731,0.123010068243911,-12.0121357592243,3.06817296257734e-33,3.66970714033398e-32
"PPP2R2C","ENSG00000074211",509.561228166215,4.98311190305504,0.337514374532779,14.7641471861847,2.49457722870292e-49,6.73234846955978e-48
"CDHR2","ENSG00000074276",115.216986032276,3.46623183525525,0.301856039892815,11.4830627092506,1.60492755922412e-30,1.69022771143009e-29
"SNCB","ENSG00000074317",4.73224124938082,1.14407849143774,0.295894034167306,3.86651422242209,0.000110402028358191,0.000194867660116037
"CA12","ENSG00000074410",2517.63803557269,1.59523451050172,0.265547167407564,6.00734899971023,1.88581299322117e-09,5.07716700085861e-09
"NTN4","ENSG00000074527",2968.96234310123,-1.6423995666408,0.132895547498746,-12.3585748172361,4.3785059166336e-35,5.76487169730133e-34
"SCARF1","ENSG00000074660",999.900341326313,-1.10391904753258,0.130579686467944,-8.45398757948142,2.81519279495132e-17,1.33013585107114e-16
"IPCEF1","ENSG00000074706",540.497578700377,1.20886265334834,0.199400282044973,6.062492193846,1.34028315294999e-09,3.66020855551498e-09
"ENO1","ENSG00000074800",83238.5984337542,1.1887367250111,0.0955809138497625,12.4369675611137,1.64636334075733e-35,2.2199230788373e-34
"KCNQ2","ENSG00000075043",36.7504534552679,4.31094119754546,0.431016712840273,10.0017959144499,1.49657963330931e-23,1.05926817162988e-22
"SEMA3A","ENSG00000075213",1063.49203723026,1.73960384702555,0.220944255101042,7.87349662578915,3.44864388531211e-15,1.41463973039637e-14
"GTSE1","ENSG00000075218",470.142795792174,3.09432382990031,0.155484320093834,19.9011953619047,3.97338935905599e-88,5.68766846412711e-86
"WNT8B","ENSG00000075290",10.7838846611072,1.22179096277808,0.213387938002966,5.72567959657164,1.03020493522852e-08,2.61023179071707e-08
"CACNG5","ENSG00000075429",8.06144629153562,3.46509594158652,0.386304167419292,8.96986425162099,2.96880095496658e-19,1.59234878558804e-18
"WDR62","ENSG00000075702",570.207124634936,2.35012956279832,0.158366130751541,14.8398496044929,8.09372113120554e-50,2.22801464924094e-48
"TUBA3D","ENSG00000075886",15.0764451539491,1.21336872116233,0.161354314841808,7.51990253469154,5.48170916281052e-14,2.0767355928471e-13
"MCM6","ENSG00000076003",2435.63204732608,1.46221452638027,0.105367086843681,13.8773365590866,8.69139811760193e-44,1.76721802861649e-42
"RBMS2","ENSG00000076067",3544.07538303448,-1.23661809874543,0.0843681295796049,-14.6574080154121,1.20796931364944e-48,3.12343857357363e-47
"SPAG5","ENSG00000076382",1129.58534895369,3.07891703524161,0.145202733670761,21.2042635658836,8.7225107322418e-100,2.19819555678877e-97
"TPD52","ENSG00000076554",4673.93392700324,1.11281790552906,0.124035478023095,8.97177100669419,2.91784529364585e-19,1.56548743146042e-18
"ACACB","ENSG00000076555",751.163794969931,-1.32101433967168,0.11771153593022,-11.2224713511069,3.16305493059548e-29,3.07589901484484e-28
"TRAF4","ENSG00000076604",3989.52723176293,1.31742368442951,0.0892382316089018,14.7629963153382,2.5375206588439e-49,6.83793029347799e-48
"NMRK2","ENSG00000077009",3.16848471825195,-1.23023942124047,0.350082343755237,-3.51414301002454,0.000441175226925455,0.000729704967219186
"UBE2T","ENSG00000077152",825.365575023928,3.31626148665296,0.146265366757785,22.672909931882,8.29273738726533e-114,6.45138913349298e-111
"PAK3","ENSG00000077264",264.962393712824,1.83223971169751,0.275308070099966,6.65523430182129,2.82849093510118e-11,8.85412671479451e-11
"DCX","ENSG00000077279",2.31073383205953,1.36766735723194,0.453517125926884,3.01569065211539,0.00256394694456092,0.00389776573313751
"SPAG6","ENSG00000077327",401.736926476264,-1.58704238540106,0.306577342818911,-5.17664603264077,2.25910238979477e-07,5.10058284676313e-07
"EXOSC5","ENSG00000077348",925.758072708726,1.19232682837549,0.113873633663511,10.4706136970981,1.17876308727108e-25,9.3119681768395e-25
"TYR","ENSG00000077498",1.01873882176504,1.95496449005749,0.551154454804234,3.5470356322383,0.000389591894904514,0.000649005472072105
"ACTN2","ENSG00000077522",54.0693538084849,-2.77213744057325,0.204192810089567,-13.5760776266181,5.55210701099904e-42,1.03591085242759e-40
"SMC1B","ENSG00000077935",97.9759533752911,3.50541848949512,0.281676703142742,12.4448293038943,1.49203008030036e-35,2.01638173918538e-34
"FBLN1","ENSG00000077942",8615.91622645841,-1.36160912934826,0.146164450679671,-9.31559707587393,1.21268526319006e-20,7.1236301425672e-20
"ITGA8","ENSG00000077943",1045.85745202011,-2.0885835315735,0.157838563594951,-13.232403311356,5.70340434495957e-40,9.64565349190563e-39
"AMPH","ENSG00000078053",124.179711740244,1.28377283712832,0.241581435784276,5.31403761617963,1.07222469745377e-07,2.49711265281014e-07
"LAMP3","ENSG00000078081",7678.95378912486,-2.77609230527064,0.184783540358628,-15.0234826104252,5.15278067640288e-51,1.49430639615684e-49
"FAP","ENSG00000078098",916.173238302686,2.33199436208272,0.17137702784258,13.6073917924682,3.61931232600109e-42,6.79542029896512e-41
"NEBL","ENSG00000078114",3550.51479393441,-1.60970095465801,0.137806242371389,-11.680900131649,1.59596436742662e-31,1.75949417291217e-30
"SYNJ2","ENSG00000078269",1353.62998524772,1.5483037212398,0.0996931881639879,15.5306871989384,2.1506272987808e-54,7.23330343178287e-53
"RBFOX1","ENSG00000078328",25.2399590350654,3.2432190529984,0.44835845164327,7.23354057699088,4.70561765619646e-13,1.67224660818914e-12
"HOXA9","ENSG00000078399",17.0888526805628,1.05468255407672,0.24726333914083,4.26542227303668,1.99524468562441e-05,3.79918198998377e-05
"EDN1","ENSG00000078401",1520.08479138335,-2.01282812128116,0.167567304349346,-12.0120576570522,3.07107248394637e-33,3.67072143989662e-32
"ADCYAP1R1","ENSG00000078549",43.1616963234003,-2.14312637832894,0.178290234573061,-12.0204361358373,2.77502859407863e-33,3.32575931907897e-32
"FGF20","ENSG00000078579",10.3704782268207,2.22085675799341,0.313604455651704,7.08171302406476,1.42383280874184e-12,4.90312556713197e-12
"ITM2A","ENSG00000078596",1097.50620233919,-2.03192814847585,0.135669180050695,-14.9770798918117,1.03673027838716e-50,2.97756257964391e-49
"BRINP1","ENSG00000078725",384.995704047152,1.25855125090803,0.36070472683778,3.48914543466475,0.000484567431889917,0.000798229152900597
"BPIFB2","ENSG00000078898",426.601506113797,4.71211900402247,0.439660181437629,10.7176387650446,8.41235185358595e-27,7.1101658817295e-26
"RUNX1T1","ENSG00000079102",292.446956694211,-1.2250451897176,0.156633011219129,-7.82111752932954,5.23564328559012e-15,2.12718813145014e-14
"CDH17","ENSG00000079112",586.690531860751,5.2917554580332,0.353581386786062,14.9661595768191,1.22175656959539e-50,3.49774244796325e-49
"OSBPL6","ENSG00000079156",391.805978217405,-1.51335487344274,0.17642727620592,-8.57778290289085,9.67192763712946e-18,4.72453729760189e-17
"TNS1","ENSG00000079308",15239.6132541359,-2.16704511782727,0.120670954210839,-17.9582993438584,4.13277139129679e-72,2.81169880245146e-70
"CDC14A","ENSG00000079335",389.127030952865,-1.01215540501318,0.112030461862349,-9.03464457958588,1.64536237846506e-19,8.95391394095963e-19
"CEACAM1","ENSG00000079385",2226.87964706442,2.05482562373174,0.147684129841327,13.9136522383242,5.23372051724455e-44,1.07270287760661e-42
"DUSP13","ENSG00000079393",109.857046432292,6.10945483920164,0.389945311872761,15.6674658040129,2.52445938578965e-55,8.82229527147152e-54
"PAFAH1B3","ENSG00000079462",1148.82514006846,2.26460530619997,0.129693563986278,17.4612003602551,2.82922068586778e-68,1.64361187442313e-66
"AFM","ENSG00000079557",0.917768477475276,1.13699155331503,0.49731364649807,2.28626654691938,0.0222386697035995,0.0300904807173703
"KIF22","ENSG00000079616",1502.25299837165,1.32682042530152,0.0905285461379351,14.6563761587411,1.22646281780575e-48,3.16668098109642e-47
"EPB41L2","ENSG00000079819",2387.34844738746,-1.39803685806952,0.111747563704055,-12.5106696891576,6.52716036892841e-36,8.99772576897042e-35
"RIMS1","ENSG00000079841",126.034799074834,1.22570954836977,0.298616187807783,4.10463196040381,4.04959063136111e-05,7.50796033229141e-05
"PTPRH","ENSG00000080031",726.84563742016,5.1876931529509,0.239048847854748,21.7013936670511,1.99038100403248e-104,7.43204427271121e-102
"EPHA6","ENSG00000080224",25.2278899375559,2.27957337990938,0.333359223876197,6.83818900645139,8.02005421099659e-12,2.60677257034263e-11
"SESN1","ENSG00000080546",976.871526785404,-1.60561383813091,0.100162379094048,-16.0301088358066,7.87447255267128e-58,3.03659347812386e-56
"DNAAF6","ENSG00000080572",43.0052239722921,-2.21533321190664,0.346084119116089,-6.40114090633421,1.54220162053312e-10,4.55281531037767e-10
"CPB2","ENSG00000080618",488.615984197157,-2.70713784787422,0.342569485615293,-7.90244887985834,2.73476506947755e-15,1.1337616169639e-14
"IGSF9B","ENSG00000080854",720.703506031392,1.2267050988175,0.238783774215329,5.13730509055147,2.78706287450736e-07,6.24063521631338e-07
"NDC80","ENSG00000080986",521.906038558328,3.12743660622904,0.16191716720255,19.3150402780749,4.01418398492465e-83,4.12791919783085e-81
"CXCL2","ENSG00000081041",2417.29114939373,-2.40432236767058,0.196256077555193,-12.2509447738984,1.66050116283496e-34,2.12223909332899e-33
"AFP","ENSG00000081051",13.2095900297182,4.48622203552119,0.532261798600542,8.42860045059905,3.49823804555809e-17,1.63901475122207e-16
"COL4A4","ENSG00000081052",1642.52811807547,-1.18887477760075,0.168007438983103,-7.07632224380443,1.48030419291122e-12,5.08584541546861e-12
"CDH7","ENSG00000081138",16.545269041792,2.00303912914714,0.395617705486228,5.06306745469174,4.12563792976942e-07,9.09561846690047e-07
"ARG2","ENSG00000081181",225.205976884962,1.104655215106,0.167648765133398,6.58910439469701,4.4248758793219e-11,1.3627246834545e-10
"CACNA1S","ENSG00000081248",12.8730110882905,-3.17444079448948,0.331042973968079,-9.58921059836656,8.87615065916687e-22,5.6259640008669e-21
"PKP1","ENSG00000081277",1685.35717920276,2.23678640700972,0.327585881367486,6.82809160661137,8.60516346497445e-12,2.78985667473796e-11
"PCDHA6","ENSG00000081842",31.8795883058584,1.80187748005748,0.278590233642457,6.46784151941957,9.94126767790534e-11,2.97755444527553e-10
"IL12RB2","ENSG00000081985",155.904448207475,1.6356568433161,0.212556765239073,7.69515306405983,1.41324891566729e-14,5.56988168458917e-14
"PGR","ENSG00000082175",161.063873456754,-1.69575219700476,0.176478568275519,-9.60882793630411,7.33794785590318e-22,4.68419197237516e-21
"COL19A1","ENSG00000082293",19.8388511619439,1.03870283538435,0.262319796944079,3.95968145555473,7.50498020414771e-05,0.000135192399871957
"EPB41L3","ENSG00000082397",1504.8703462359,-1.06813039549688,0.142153139165472,-7.513941667187,5.73731567765836e-14,2.17035495603258e-13
"KCNK2","ENSG00000082482",33.9842267572719,1.79302918081529,0.313633638529848,5.71695430764406,1.08450263150478e-08,2.74314469684973e-08
"TRAF5","ENSG00000082512",1255.95697896571,1.35049877862914,0.11653162200468,11.589118519048,4.67923235988573e-31,5.02554049312337e-30
"OPRK1","ENSG00000082556",60.5278022191611,2.08373617860935,0.392926975695169,5.30311306553282,1.13844360220489e-07,2.64478984345003e-07
"P2RX5","ENSG00000083454",91.918155065166,1.28620246307546,0.187761292419814,6.85020030752477,7.37466534137298e-12,2.40354985342781e-11
"EPYC","ENSG00000083782",56.7291940063081,5.3426042294959,0.386206406021345,13.8335463788258,1.59936936897269e-43,3.20824171737987e-42
"FAT1","ENSG00000083857",8022.02752077354,1.20654619012768,0.148880400853761,8.10413045107809,5.31240821834996e-16,2.3077183843393e-15
"HAL","ENSG00000084110",482.853481637402,2.62939913115809,0.257690657588493,10.203703757693,1.90852482690893e-24,1.42347789611845e-23
"SLCO1A2","ENSG00000084453",131.975297040415,-2.65995877177422,0.375423585672475,-7.08522019736611,1.38823387311308e-12,4.78329841933608e-12
"NKAIN1","ENSG00000084628",36.1548390182521,4.35636831838107,0.325474204970426,13.3846807269317,7.43160210568763e-41,1.3202699701027e-39
"APOB","ENSG00000084674",43.1678446119544,1.14996804035271,0.315496066308114,3.64495207122377,0.000267441638468921,0.000453672093015206
"EFR3B","ENSG00000084710",507.140389036122,-1.12235810765472,0.184910762039843,-6.06972842074427,1.28126734261864e-09,3.5038539754662e-09
"KIF3C","ENSG00000084731",889.887921033325,1.0748644976139,0.1524571493875,7.05027282703497,1.78567322574194e-12,6.10568527196646e-12
"GCKR","ENSG00000084734",48.0308840784076,3.05516885085814,0.286471781782315,10.6648160312687,1.48693018909444e-26,1.23804755111525e-25
"CAD","ENSG00000084774",3106.15511731711,1.11605691768415,0.0982192598728099,11.3629131305754,6.39750938261605e-30,6.47824761647703e-29
"FCN1","ENSG00000085265",776.839915744466,-1.73457925928044,0.183156465882496,-9.47047788306452,2.7856631711334e-21,1.70873743987281e-20
"OVGP1","ENSG00000085465",209.524626213432,1.53928360391088,0.160437125977102,9.59431050971691,8.44800339769716e-22,5.36599662034062e-21
"PILRA","ENSG00000085514",612.872849716856,-1.5146748079698,0.131937681684472,-11.4802290644468,1.6584056938226e-30,1.74346962864675e-29
"IGSF9","ENSG00000085552",1220.38884254733,3.23350475184715,0.165166361354475,19.5772597115433,2.41676928578025e-85,2.88288352203107e-83
"ABCB1","ENSG00000085563",217.957021458659,-1.64856333019809,0.156974335314877,-10.5021201516236,8.44614652660427e-26,6.73471032979189e-25
"WNT11","ENSG00000085741",111.210338832509,-1.015472734051,0.207428885569382,-4.89552229557411,9.80449745474042e-07,2.09146248161266e-06
"ORC1","ENSG00000085840",322.288382118829,2.75066404539663,0.155114458934321,17.733124715094,2.32732516261609e-70,1.47147806129646e-68
"RAD54L","ENSG00000085999",192.186883494087,3.12761938282503,0.161814471012818,19.3284281884608,3.09710315376502e-83,3.20326397285072e-81
"AQP6","ENSG00000086159",36.8476103850328,2.9041862183443,0.30780375919973,9.43518762049884,3.90295120584177e-21,2.36730528563142e-20
"ITPKC","ENSG00000086544",3213.10595446297,-1.18619993418472,0.119291155538007,-9.94373747856599,2.68557705528968e-23,1.87780501173498e-22
"CEACAM6","ENSG00000086548",70246.3059884056,1.39677835148432,0.203294612499735,6.87071012020124,6.38830910051516e-12,2.08990557444133e-11
"FAT2","ENSG00000086570",247.698082978933,2.12319938277498,0.294731299644334,7.20384765831501,5.8536765156388e-13,2.06832215431132e-12
"ERO1B","ENSG00000086619",1321.47796702554,1.09981558915159,0.183007593896368,6.00967187063494,1.85899193215847e-09,5.00872498751868e-09
"HSD17B2","ENSG00000086696",201.969865183558,1.56567147363545,0.315849087864343,4.95702388828143,7.15811785197057e-07,1.54667555519031e-06
"PPEF1","ENSG00000086717",49.312529184529,1.77634912307159,0.197278850748943,9.00425522719705,2.17134556107166e-19,1.17341848759454e-18
"MYBPC2","ENSG00000086967",74.7589302615427,1.55615412103038,0.216787492647769,7.17824677994121,7.06110225411473e-13,2.47879738341917e-12
"NOX4","ENSG00000086991",246.792254401758,1.3733340335327,0.158572181045474,8.66062397879781,4.69188834120437e-18,2.33459282784121e-17
"PPP1R15A","ENSG00000087074",4799.35096900449,-1.87721734380692,0.106930348974404,-17.555514985332,5.39752189532358e-69,3.25177977350252e-67
"ACHE","ENSG00000087085",793.933520222634,2.4653405530972,0.240200801729476,10.2636649642567,1.0273207732161e-24,7.73972656638135e-24
"TMPRSS11E","ENSG00000087128",590.432913938015,6.72275210362646,0.338360053221237,19.8686341358115,7.60439205853975e-88,1.04665682387271e-85
"CETP","ENSG00000087237",97.5356037583998,-1.16466996367205,0.112502376169207,-10.35240324098,4.08110723499938e-25,3.13808559328938e-24
"PTHLH","ENSG00000087494",217.858429391593,2.77634585886765,0.255655593748714,10.8597109813155,1.79315823847447e-27,1.57356451010416e-26
"TFAP2C","ENSG00000087510",931.403485360611,1.20321680080244,0.137263335904678,8.76575520237988,1.85528756637456e-18,9.47663728950614e-18
"AURKA","ENSG00000087586",1038.98881874557,2.63325418898518,0.153924826527833,17.1074039736471,1.3069612601701e-65,6.73932502254281e-64
"CASS4","ENSG00000087589",408.58821885811,-1.8921932794833,0.13512805470668,-14.0029639558613,1.49503184569084e-44,3.16575204910606e-43
"RFX2","ENSG00000087903",790.540429158234,-1.63948493089762,0.130616368910232,-12.5519101822864,3.88034880664167e-36,5.40740507766662e-35
"DNMT3B","ENSG00000088305",311.716163752539,2.04548060469991,0.164846762614654,12.4083759502237,2.35378737382619e-35,3.15006114284756e-34
"REM1","ENSG00000088320",51.3741246390446,-1.63153510360127,0.133622886522361,-12.2099974492637,2.7489779143117e-34,3.46879138369388e-33
"TPX2","ENSG00000088325",2451.60170704062,3.63094038269376,0.172609189868912,21.0356145315975,3.09734159732452e-98,7.10522220524713e-96
"SLC15A1","ENSG00000088386",175.991167407602,3.99409615870454,0.321549526086137,12.4214027223744,2.00023295696554e-35,2.6829211618429e-34
"DOCK3","ENSG00000088538",199.556406895017,1.64909322902073,0.203984591225553,8.08440097907823,6.24704792446429e-16,2.70257322322146e-15
"TMEM40","ENSG00000088726",92.4192054585814,1.32813744256357,0.239134189784645,5.55394209318056,2.79298038723802e-08,6.83556258635616e-08
"SMOX","ENSG00000088826",656.224458548775,1.49173233840088,0.158241842755783,9.42691460376313,4.22329124995115e-21,2.5590027204665e-20
"SIGLEC1","ENSG00000088827",1719.55743435183,-1.24027471257105,0.160860509484276,-7.71024980927518,1.25571696832208e-14,4.97531968870393e-14
"SLC4A11","ENSG00000088836",524.898488045816,1.88931289219861,0.209195938376546,9.03130771496103,1.6963236212181e-19,9.22562873995606e-19
"C20orf194","ENSG00000088854",1190.14443328738,-1.2462009760351,0.089218002990663,-13.9680438281669,2.4424339660341e-44,5.11140011160798e-43
"CPXM1","ENSG00000088882",665.158145857534,2.00784590065936,0.181655122356195,11.0530651413304,2.11855609204479e-28,1.96716783367709e-27
"F11","ENSG00000088926",99.5420475204534,-2.83982308563353,0.321441913425063,-8.83463844330175,1.00422523751993e-18,5.21282337538268e-18
"TESC","ENSG00000088992",3589.28189532387,3.59270143163411,0.272859345750605,13.1668622958506,1.36138892023523e-39,2.24096890062271e-38
"SIRPG","ENSG00000089012",168.938788329933,1.43995393119867,0.165645609135283,8.69297978205181,3.53055220638662e-18,1.77101683848825e-17
"CFAP61","ENSG00000089101",86.1104207217327,-1.75041179378811,0.246674488072466,-7.09603902481351,1.28383239535745e-12,4.43981697915168e-12
"LHX5","ENSG00000089116",18.0696937478674,5.2693882460849,0.485235002255933,10.8594561842956,1.79816826208258e-27,1.57718748595312e-26
"OAS1","ENSG00000089127",3560.35042324001,1.20278188146298,0.149499717825392,8.04537894090052,8.59789580071394e-16,3.68749160024388e-15
"RPH3A","ENSG00000089169",13.8178954506003,-1.91436691973529,0.230831930877978,-8.29333668203497,1.10115091053531e-16,4.99946542557938e-16
"CHGB","ENSG00000089199",549.983358371114,4.48845797261007,0.381797588908894,11.7561192186605,6.5684578044666e-32,7.37323811137521e-31
"TBX5","ENSG00000089225",466.620088128793,-1.48463439066004,0.132647321591549,-11.1923435230118,4.44526804771598e-29,4.27630006332161e-28
"NOS1","ENSG00000089250",200.167802712848,-1.76896794771111,0.340493566002945,-5.19530506399,2.04384402721499e-07,4.63152243907774e-07
"CMTM1","ENSG00000089505",48.007526731561,1.16533413473181,0.117400162404212,9.92617140272369,3.203191827765e-23,2.22927698849472e-22
"KCNH4","ENSG00000089558",18.3558560027205,1.17400454084948,0.187879882924409,6.24869742611996,4.13889825010755e-10,1.18057239581021e-09
"BIRC5","ENSG00000089685",1765.39981851469,3.67272998637285,0.175497927360945,20.9274835412682,3.00971460672503e-97,6.56741749489401e-95
"LAG3","ENSG00000089692",386.184897897566,1.26762993191859,0.180780464947781,7.0119851295036,2.34960182529979e-12,7.94283496317573e-12
"OTUB2","ENSG00000089723",163.717564888948,1.22560363870689,0.119541260054388,10.252557469691,1.1525297083265e-24,8.65752060079182e-24
"LTBP4","ENSG00000090006",6114.57823000151,-2.21992335162602,0.134235524798664,-16.5375250326292,1.96949382159033e-61,8.59515925602822e-60
"LYZ","ENSG00000090382",20614.6369464838,-1.02977446427959,0.213084262679603,-4.83271008064999,1.3468686138892e-06,2.84225971321139e-06
"SI","ENSG00000090402",1.1758746042025,1.66460822479513,0.792368327535335,2.10080106302697,0.0356584331060289,0.0469385965987034
"TFAP4","ENSG00000090447",678.116058293659,1.23812931252335,0.0830699300133631,14.9046630028961,3.0735942720727e-50,8.66075941892865e-49
"FETUB","ENSG00000090512",3.40470824683206,3.71847386656761,0.476850162496709,7.79799223952926,6.28998767784018e-15,2.54342936767445e-14
"P3H2","ENSG00000090530",1885.6699041844,-1.92701482855994,0.213056589195227,-9.04461502851805,1.50193457000198e-19,8.20333188676602e-19
"THPO","ENSG00000090534",115.901870891638,3.07646488968322,0.274373485127264,11.2126902067678,3.53289517320487e-29,3.42252806357091e-28
"CHRD","ENSG00000090539",577.89352277066,1.3821126478446,0.200035870582223,6.90932403184401,4.86968500490838e-12,1.60673564065694e-11
"MCOLN1","ENSG00000090674",1073.92313189806,-1.02853389001157,0.082217520658882,-12.5099112910364,6.58977787214727e-36,9.0770512291248e-35
"KIF4A","ENSG00000090889",835.523405834043,3.81464242454752,0.166583246246884,22.8993161706912,4.71964616653849e-116,4.22243144289366e-113
"DLL3","ENSG00000090932",166.494536578526,6.79567947564637,0.408746028755532,16.6256770648916,4.54206405696593e-62,2.02167045202218e-60
"POU4F3","ENSG00000091010",7.5964084446994,1.17896939366129,0.239049843337799,4.9318977883424,8.14345281573401e-07,1.749649390393e-06
"DTX2","ENSG00000091073",1804.02243888002,1.27958162741866,0.11645063297816,10.9881895417317,4.3557558765174e-28,3.96628701773668e-27
"NLRC4","ENSG00000091106",268.710958203428,-2.05697637133523,0.122357324937972,-16.8112237855641,2.01958609797174e-63,9.61075905611926e-62
"PUS7","ENSG00000091127",1028.75590073975,1.27454353677741,0.0912355242471552,13.9698165522094,2.38239521527026e-44,4.9915922232823e-43
"SLC26A4","ENSG00000091137",245.423837109837,1.76955600290665,0.286267324597182,6.18148091262832,6.35030395064876e-10,1.78404755203263e-09
"SLC26A3","ENSG00000091138",4.51191044116163,-1.55144403452957,0.308587861641155,-5.02756014536207,4.96759705523962e-07,1.0870149701529e-06
"IL5RA","ENSG00000091181",131.721310574861,-2.08094237789919,0.236780134842385,-8.78850068771346,1.51569109811536e-18,7.79317839614315e-18
"RAPGEF4","ENSG00000091428",310.661563740907,-1.79308201611244,0.131454076969417,-13.6403682369593,2.30394261412158e-42,4.3669963129743e-41
"SMPX","ENSG00000091482",15.1089028434949,2.6652797552169,0.322844402261782,8.25561706055455,1.51119427156603e-16,6.80588952960758e-16
"TF","ENSG00000091513",677.399690407721,3.27145222915788,0.341348517572495,9.58390636181127,9.3442316599413e-22,5.91008614674195e-21
"ORC6","ENSG00000091651",339.287442948735,3.05745992202712,0.145615902837037,20.9967446031552,7.02364864530864e-98,1.59081196468997e-95
"ZFHX4","ENSG00000091656",176.372014461018,1.76259668332784,0.246393504589568,7.15358420776514,8.4540882321817e-13,2.95101445061309e-12
"CPA1","ENSG00000091704",3.35656386401841,-1.21214798802476,0.323025716768642,-3.75248138182426,0.000175092839287933,0.000302728396306792
"RGS17","ENSG00000091844",541.638286369602,3.78122111244816,0.199860843020821,18.9192693040639,7.9144097710318e-80,7.0806267016536e-78
"CMA1","ENSG00000092009",11.445125831016,-1.74831765172977,0.245873104760214,-7.11065024145198,1.15497495648435e-12,4.00580866376711e-12
"JPH4","ENSG00000092051",75.7111564315863,-2.60148354084899,0.150057737288444,-17.3365505028799,2.49253746553086e-67,1.38506126927776e-65
"MYH7","ENSG00000092054",4.23193380321305,2.63525820372295,0.3976775957312,6.62661973420345,3.43460898880966e-11,1.0673056380127e-10
"TGM1","ENSG00000092295",149.539758546711,-2.42914022789629,0.171623155716731,-14.1539189030276,1.76633233122336e-45,3.89223945844576e-44
"DAZL","ENSG00000092345",4.35243683664825,1.69237857817128,0.338711211267808,4.99652365162834,5.83730190371412e-07,1.27048829781239e-06
"SEMA6A","ENSG00000092421",572.032988896712,-2.53003788990567,0.155851953354695,-16.2335975613196,2.91841869720455e-59,1.16301260020225e-57
"WDR76","ENSG00000092470",483.138191508039,1.14633620921802,0.111044322905099,10.3232311137392,5.53292075254825e-25,4.22537563061655e-24
"TBX15","ENSG00000092607",473.96174571372,3.74356381438664,0.234714093779456,15.9494632559398,2.87355964327691e-57,1.08703176949585e-55
"COL9A3","ENSG00000092758",96.946307304564,1.74769841960582,0.199882507199534,8.7436286651196,2.25740539350483e-18,1.1465158871979e-17
"TEKT2","ENSG00000092850",216.185061858891,-1.62186991801783,0.259932627475058,-6.23957805440744,4.38752780604786e-10,1.24930036654383e-09
"CLSPN","ENSG00000092853",474.519471543359,2.73093802206057,0.153924278905684,17.7420874827287,1.98424687106275e-70,1.2634921446237e-68
"DPYSL2","ENSG00000092964",8568.51593122782,-1.55841346262377,0.113817432472102,-13.692221207026,1.13001309452176e-42,2.17412089250299e-41
"TGFB2","ENSG00000092969",731.672911357705,-1.06678353849871,0.185626266124578,-5.74694282641425,9.08714385612598e-09,2.31223357533649e-08
"CDC45","ENSG00000093009",457.763770529525,3.19847184598257,0.164156042915402,19.4843381283923,1.49094833580412e-84,1.68845180838881e-82
"ADA2","ENSG00000093072",4748.08436942062,-1.04127704226206,0.126529706693802,-8.22950648879568,1.87986314013505e-16,8.42173038718992e-16
"XYLB","ENSG00000093217",294.965845181198,1.62489043122984,0.105481548425939,15.4044992273763,1.52667188720492e-53,4.92193514914553e-52
"GABRP","ENSG00000094755",369.582276859708,2.21648268760167,0.336156437597432,6.59360476164983,4.29273589598067e-11,1.32271264657796e-10
"KRT31","ENSG00000094796",1.22678024548855,1.60170807216859,0.526152697695164,3.04418865318935,0.002333087856058,0.00356406906927736
"CDC6","ENSG00000094804",945.692192877206,3.41460342743063,0.158988946049524,21.4769863709079,2.55557702695056e-102,7.88395512814246e-100
"FMO2","ENSG00000094963",2488.67645060092,-3.25282611143486,0.167333843545828,-19.439140597664,3.60148126338066e-84,3.95345424820062e-82
"NXPE1","ENSG00000095110",2.41431343482061,1.48318174497304,0.413579758801054,3.58620486958237,0.00033552539929079,0.000562763026763228
"SH2D3C","ENSG00000095370",1108.25555297957,-2.29006064400377,0.109785356066817,-20.8594363223635,1.25137647355871e-96,2.63422108722189e-94
"TBC1D2","ENSG00000095383",2758.18727925017,-1.04935183337318,0.131802131153996,-7.96156954508669,1.6987054248109e-15,7.12659699088898e-15
"TLL2","ENSG00000095587",54.6025559901458,2.85267410515664,0.228850310837262,12.4652402468669,1.15523104733684e-35,1.57310115144582e-34
"CYP26A1","ENSG00000095596",14.308329604316,2.7229439611065,0.390127032459119,6.97963415645089,2.95949706967747e-12,9.92954829696963e-12
"TDRD1","ENSG00000095627",91.5471507206001,2.58188040400514,0.322598913496191,8.00337600652094,1.21053572160308e-15,5.13029741038463e-15
"SORBS1","ENSG00000095637",1358.46547836914,-1.56705111723777,0.126759544532356,-12.362391510785,4.17546825498478e-35,5.51377516505112e-34
"CRTAC1","ENSG00000095713",1888.47424110351,-2.57552050470349,0.250962216816133,-10.2625827002096,1.03890281480915e-24,7.82039884954991e-24
"BAMBI","ENSG00000095739",1153.64563901524,1.09794168050911,0.230061506135374,4.77238325938391,1.82058637945549e-06,3.7980356870231e-06
"IL11","ENSG00000095752",76.1909776919136,2.70750253451226,0.228740365372034,11.8365751934891,2.5255697975349e-32,2.89123610923173e-31
"MYO3A","ENSG00000095777",42.1159127721265,1.17502419513591,0.321322273096843,3.65684016800718,0.000255343484010436,0.000434096053149523
"TPSD1","ENSG00000095917",125.492946321232,-1.26807673986666,0.286238902370452,-4.4301341619369,9.41744815149431e-06,1.84543204221539e-05
"SMIM24","ENSG00000095932",92.9143354607493,3.90487207088252,0.329212396606689,11.8612546524112,1.88134643763436e-32,2.16760668439096e-31
"SRPK1","ENSG00000096063",2004.45623587325,1.60836828657109,0.0820695209961705,19.5976321909585,1.61988000722378e-85,1.95841303846318e-83
"NCR2","ENSG00000096264",1.76345126135611,1.62595957790709,0.350800095492118,4.63500323631929,3.56931895652688e-06,7.25335878354747e-06
"DSP","ENSG00000096696",16547.893842796,2.17852039476914,0.176355455219759,12.353008258545,4.69234095130701e-35,6.17353357659826e-34
"CDC7","ENSG00000097046",472.492921802079,1.26345121150146,0.12468508486365,10.1331383211001,3.93803234387294e-24,2.87839921278262e-23
"PRTFDC1","ENSG00000099256",436.596633786169,1.26574177147134,0.135424258581759,9.34649216268132,9.06027802232562e-21,5.36984281727302e-20
"PALMD","ENSG00000099260",729.087576118606,-2.03804349858216,0.136708175174731,-14.9079855391038,2.9244309521613e-50,8.26648389052482e-49
"FBXL19","ENSG00000099364",1052.29122385798,1.16284967839002,0.0968345889511092,12.0086189344711,3.20146827398641e-33,3.82402348641113e-32
"MAGEB2","ENSG00000099399",38.408058745063,5.62646688339629,0.749515888797388,7.50680134669868,6.05895642211914e-14,2.28767476811517e-13
"EFNA2","ENSG00000099617",58.8259279301932,5.95356153899714,0.362607761216513,16.4187372024899,1.40459585597493e-60,5.92746076673571e-59
"CBARP","ENSG00000099625",79.6086223219369,1.96179104758268,0.179576483064775,10.9245432035499,8.79819744769303e-28,7.8673736597487e-27
"PCDH11Y","ENSG00000099715",0.984663886568166,-1.33006927303998,0.420247715653638,-3.164964908783,0.00155101655780404,0.00241976975052643
"HCN2","ENSG00000099822",69.312104996345,2.28955028070889,0.222227654589834,10.3027244063513,6.84934994943334e-25,5.20651786369986e-24
"CDHR5","ENSG00000099834",100.014318547562,2.75632912378751,0.343815193083199,8.01689157209672,1.08454779243047e-15,4.61603559704052e-15
"IZUMO4","ENSG00000099840",133.925191451093,1.12657178368873,0.168775832451374,6.67495912966871,2.47301074322401e-11,7.77536131233654e-11
"GADD45B","ENSG00000099860",3491.9365006487,-1.76664819821566,0.134485412170009,-13.1363556069737,2.03808578270189e-39,3.32429069369962e-38
"MMP11","ENSG00000099953",6261.99055314787,5.51995268519919,0.254454406172453,21.6932878790792,2.37399012723981e-104,8.66893986667386e-102
"P2RX6","ENSG00000099957",25.0932562440476,-1.27613307071342,0.209649965158579,-6.08697010633012,1.15067444479424e-09,3.16218980812523e-09
"DERL3","ENSG00000099958",409.953090184958,2.17076014981783,0.1804692780958,12.0284193117097,2.51938014765636e-33,3.02545429409499e-32
"SUSD2","ENSG00000099994",11105.1463958245,-2.04457867893834,0.25319902877598,-8.07498626208119,6.74842433084842e-16,2.91243503501859e-15
"SEC14L2","ENSG00000100003",380.747356821504,1.07979704508987,0.150227003687188,7.18776929970789,6.5858416675946e-13,2.31786909831373e-12
"SEC14L3","ENSG00000100012",53.5172550097824,-3.05022832655931,0.353072215523145,-8.63910608780078,5.66545494411051e-18,2.80033108604888e-17
"PPM1F","ENSG00000100034",1515.22139108909,-1.26758193544571,0.0771227754350192,-16.4358962484919,1.05848177038917e-60,4.49867323457799e-59
"MFNG","ENSG00000100060",910.112500870989,-1.52449173027282,0.10634593946356,-14.3352133420683,1.31840776389009e-46,3.06765541213073e-45
"PLA2G3","ENSG00000100078",109.106270424746,-1.51707014237485,0.27674642896926,-5.4818056660213,4.21006551208334e-08,1.01592315856652e-07
"PIK3IP1","ENSG00000100100",2804.96296203322,-1.01796581877988,0.0989711466713239,-10.2854806983339,8.19322124824846e-25,6.20403333876046e-24
"GCAT","ENSG00000100116",671.736154640495,1.12467673140757,0.133095054282744,8.45017673623197,2.90862180886451e-17,1.37282959709872e-16
"GGTLC2","ENSG00000100121",13.4190850419879,-1.4817975322603,0.274649085730678,-5.39523926802127,6.84322986075656e-08,1.62180015759625e-07
"TTC28","ENSG00000100154",1238.97365903566,-1.24059564296257,0.105276872295853,-11.7841232923049,4.71298586266085e-32,5.32719242202088e-31
"SLC16A8","ENSG00000100156",67.9359283239301,2.2146007197606,0.204861487030203,10.8102345241402,3.07881939268253e-27,2.66776345730114e-26
"CENPM","ENSG00000100162",370.572316536444,1.73704850683401,0.144146910274486,12.0505427658929,1.92676982924037e-33,2.32943868612148e-32
"SEPTIN3","ENSG00000100167",342.241000788508,1.52496784111201,0.203283213486477,7.5016909412122,6.29997735729306e-14,2.37366803230248e-13
"SLC5A4","ENSG00000100191",20.9675962271104,-1.78183623690745,0.185680801836118,-9.59623299386704,8.29196643801462e-22,5.26875552114331e-21
"KDELR3","ENSG00000100196",2300.00930479749,2.23557568143553,0.126185752085797,17.7165460004986,3.12521809874048e-70,1.9689974450973e-68
"CYP2D6","ENSG00000100197",94.8391471555912,1.86154684961845,0.202336299190348,9.20026143142609,3.57079934764165e-20,2.03803230390278e-19
"RSPH14","ENSG00000100218",45.2986496048027,-1.468305252286,0.246858971250126,-5.94795175905625,2.71518583911813e-09,7.22313711259897e-09
"TIMP3","ENSG00000100234",27419.3900723507,-1.95894096500255,0.145181947449866,-13.4930065301611,1.71943221781991e-41,3.15223367555858e-40
"MIOX","ENSG00000100253",74.3292024542618,4.19608390182031,0.314097751650984,13.3591656729937,1.04731426948779e-40,1.84082457995531e-39
"NEFH","ENSG00000100285",292.5898444377,2.3232472724193,0.305779418157803,7.59778825669798,3.01234683030841e-14,1.16038583067187e-13
"CHKB","ENSG00000100288",22.6561473561596,1.00571914169948,0.157181248086743,6.39846771762783,1.56943915295378e-10,4.63093251381959e-10
"BIK","ENSG00000100290",336.781785870895,2.00540118152389,0.165087574821124,12.1474991906373,5.91472214000565e-34,7.34435275857884e-33
"CBX7","ENSG00000100307",1306.50664790702,-1.63610744654742,0.110211197055731,-14.8452016696641,7.47297395226141e-50,2.06667577940979e-48
"PDGFB","ENSG00000100311",1258.73767422257,-1.49261476426774,0.122474204445962,-12.1871766468694,3.63808395034386e-34,4.55855995262624e-33
"ACR","ENSG00000100312",10.2139464769192,-1.50142629991328,0.188715686829481,-7.95602276174283,1.77657731453829e-15,7.44456625035917e-15
"CABP7","ENSG00000100314",22.481253405809,2.2423411753763,0.269024371798064,8.33508562956317,7.74421259857301e-17,3.54391805693777e-16
"APOL4","ENSG00000100336",830.763482557527,-1.12523637442496,0.145212638063077,-7.74888735191344,9.27012077605012e-15,3.70908477293973e-14
"PNPLA5","ENSG00000100341",9.55858599881391,5.10787585854898,0.564332258317513,9.05118533145259,1.41424684115682e-19,7.72911384508825e-19
"CACNA1I","ENSG00000100346",90.1146817321934,2.0925190353502,0.245686469256396,8.5170300248259,1.63697070904279e-17,7.85830327751416e-17
"PVALB","ENSG00000100362",20.8214810405144,-1.30711856385424,0.216290108623048,-6.04335802582771,1.50939198962859e-09,4.0991957836001e-09
"UPK3A","ENSG00000100373",68.3370619264115,3.12597979658439,0.281087123861205,11.1210351923766,9.91152096078712e-29,9.39337100377987e-28
"MLC1","ENSG00000100427",76.5364636568771,-1.31449976827506,0.204601478848322,-6.4246836126221,1.3214407065971e-10,3.92245165281053e-10
"HDAC10","ENSG00000100429",43.7515940498618,1.22350470352491,0.136280554202645,8.97783774569626,2.76139914788771e-19,1.48332977944025e-18
"KCNK10","ENSG00000100433",20.0295815985227,2.01216152113754,0.35330678129621,5.69522473855533,1.23209516705208e-08,3.10374191525592e-08
"CTSG","ENSG00000100448",79.6440993795184,-1.8581326490106,0.239095223747376,-7.77151722183236,7.75515324657892e-15,3.12247878130146e-14
"COCH","ENSG00000100473",201.588948567439,3.75906712816789,0.254752521685547,14.7557602307383,2.82490140925709e-49,7.58948362099657e-48
"POLE2","ENSG00000100479",283.072008787836,2.35942910684574,0.137484252399916,17.1614498799659,5.16090087948681e-66,2.7159999834311e-64
"TRIM9","ENSG00000100505",151.144673322501,2.83352123489736,0.272678943369711,10.3914193002264,2.71285723774538e-25,2.1086513707636e-24
"GNPNAT1","ENSG00000100522",1038.56467417679,1.53689844919252,0.119908814508373,12.8172266191924,1.3131393674866e-37,1.95800022520315e-36
"CDKN3","ENSG00000100526",405.255287611673,2.88623943641033,0.172577718403633,16.7242878345387,8.72124380100364e-63,4.01154795196293e-61
"CCDC198","ENSG00000100557",77.9872103853219,5.562476318725,0.444868842133346,12.503632063892,7.13169079239773e-36,9.79334945114142e-35
"PLEK2","ENSG00000100558",847.223407320737,2.72058524772049,0.156345418607588,17.4011190858677,8.09067401674865e-68,4.61039586565871e-66
"LRRC74A","ENSG00000100565",3.83570755226562,-1.10120832015088,0.221683571738998,-4.96747824618865,6.78291644561952e-07,1.46826426278091e-06
"ISM2","ENSG00000100593",10.3819718909,2.83728165021305,0.367211046338776,7.72656944419769,1.10483539410462e-14,4.39014428308103e-14
"CHGA","ENSG00000100604",69.5683479175304,1.19308440909537,0.397117247826263,3.00436310844231,0.00266137491711653,0.00403764468305631
"SIX4","ENSG00000100625",813.829359844447,1.92270896080408,0.133995049412798,14.34910445744,1.07921813511503e-46,2.51765972511255e-45
"GALNT16","ENSG00000100626",143.072192137699,-1.30899543611597,0.202001977138922,-6.48011200016986,9.16545568328042e-11,2.75533431688402e-10
"SERPINA4","ENSG00000100665",110.88494935985,8.09283423743606,0.560530521090859,14.4378119173358,2.99190365760934e-47,7.1094465000802e-46
"SLC8A3","ENSG00000100678",28.5377661733174,-1.5201336727094,0.19718954837,-7.70899718202645,1.26810213712061e-14,5.01772479865085e-14
"PABPN1","ENSG00000100836",511.351459225145,1.07674588120842,0.136305195330557,7.8995219411643,2.79975152050304e-15,1.15962856380465e-14
"DHRS2","ENSG00000100867",109.400523635054,1.39397304553633,0.27333549523045,5.09986104937109,3.39902914900295e-07,7.54857000907407e-07
"PSMA6","ENSG00000100902",340.537958336508,1.0990784622346,0.129180575135824,8.508078409459,1.76839594908759e-17,8.46719526813599e-17
"NFKBIA","ENSG00000100906",11990.9244927187,-1.02653272250527,0.11518281477494,-8.91220382581419,5.00280563249297e-19,2.64681257191593e-18
"EMC9","ENSG00000100908",418.691166689589,1.02052163395237,0.105412666676185,9.68120498352719,3.62418913840736e-22,2.36670132312127e-21
"NFATC4","ENSG00000100968",1729.57071355816,1.20282040405342,0.120559195356991,9.97701088242763,1.9216874328251e-23,1.35373044234407e-22
"MMP9","ENSG00000100985",2678.99279400455,1.99929477594114,0.206421225650816,9.6855096642201,3.47471091036956e-22,2.27157480157993e-21
"VSX1","ENSG00000100987",19.0455091222761,3.95443079355622,0.33850204903044,11.6821472865017,1.57271629864787e-31,1.73493296742949e-30
"GINS1","ENSG00000101003",674.217138053231,3.03807297305821,0.148616046735867,20.4424289286724,7.01591153053544e-93,1.30766359391532e-90
"SGK2","ENSG00000101049",159.299439537795,2.63991197477083,0.218085245152862,12.1049545232666,9.942446547712e-34,1.21849449368638e-32
"MYBL2","ENSG00000101057",2239.91886698319,3.80032605213108,0.197832058390678,19.2098595295723,3.06093144593082e-82,3.07692395292361e-80
"HNF4A","ENSG00000101076",300.488523965186,2.88110731370916,0.384588028191469,7.49141185506375,6.81366371143952e-14,2.560203376497e-13
"RAB5IF","ENSG00000101084",69.6436703585313,1.41679689000767,0.146546552541536,9.66789641541452,4.12775090537292e-22,2.68573988908501e-21
"RIMS4","ENSG00000101098",65.3309131527231,-1.63157739882374,0.319755154721977,-5.1025835697391,3.35047714079441e-07,7.44536605566745e-07
"PABPC1L","ENSG00000101104",1543.94191177381,2.14120367446255,0.161159873853104,13.2862084293652,2.78328453142674e-40,4.79319635426551e-39
"SALL4","ENSG00000101115",197.553306316306,3.42924563567579,0.190931387209362,17.9606176113701,3.96372839722913e-72,2.71735602343375e-70
"DOK5","ENSG00000101134",156.169474838341,2.27376757210301,0.208880585847851,10.8854902090289,1.35169408809726e-27,1.19318511683889e-26
"TUBB1","ENSG00000101162",35.0230473328875,-2.63052571378512,0.175774297539325,-14.9653604116757,1.23652210034399e-50,3.53435941556791e-49
"HRH3","ENSG00000101180",2.66406898367155,2.3160723905909,0.621660519623441,3.72562245386569,0.000194833839672859,0.000335014596700601
"NTSR1","ENSG00000101188",35.4481249832019,3.01952687518061,0.375427436772456,8.04290411254818,8.77339789630264e-16,3.75645868768948e-15
"MRGBP","ENSG00000101189",1099.23492821299,1.14374917356871,0.0874800934318147,13.074393598587,4.61227316738136e-39,7.39492865447622e-38
"SLC17A9","ENSG00000101194",1217.05524187839,2.50376744068427,0.187383467996933,13.3617307196239,1.01183850820766e-40,1.78021892107764e-39
"NKAIN4","ENSG00000101198",61.1450658563596,3.48074981477134,0.280410812336581,12.4130370928541,2.22066512607647e-35,2.97412882491664e-34
"AVP","ENSG00000101200",0.562725462159493,1.30049994782719,0.576492724957889,2.25588267037054,0.0240779801030128,0.0324392516103549
"COL20A1","ENSG00000101203",3.13843469843788,1.57579438097448,0.368134732531581,4.28048277362499,1.86488322794065e-05,3.55739398694479e-05
"CHRNA4","ENSG00000101204",4.03532349377406,-1.88423177042169,0.341986582582726,-5.50966577750429,3.59515666303703e-08,8.72956142919278e-08
"EEF1A2","ENSG00000101210",2785.11578266443,6.35624539156786,0.328305519752775,19.3607630975998,1.65416898710445e-83,1.72081660966628e-81
"PTK6","ENSG00000101213",1328.06886439967,1.72513496882113,0.17107647610693,10.0839987359971,6.50247222763477e-24,4.69716332535603e-23
"SPEF1","ENSG00000101222",111.716526680993,-1.43024806687646,0.235277424676898,-6.07898555860423,1.20945250168236e-09,3.31913092217831e-09
"TRIB3","ENSG00000101255",1627.79707037787,1.29014316689665,0.141570518224461,9.1130779421964,8.00772430417089e-20,4.45806505832389e-19
"RASSF2","ENSG00000101265",1909.18112231846,-1.21986320563097,0.11594302676325,-10.5212296046219,6.89675857126996e-26,5.54374218848757e-25
"SLC52A3","ENSG00000101276",483.151529575352,1.104187634211,0.149668237815852,7.37756821570631,1.61206780554642e-13,5.92051092870322e-13
"ANGPT4","ENSG00000101280",53.4314593243896,-4.21930767858482,0.21367890174801,-19.7460191159191,8.67960379696069e-87,1.13360693970086e-84
"RSPO4","ENSG00000101282",147.677894943492,-2.28988011694798,0.237949357405359,-9.62339273329933,6.36948753710527e-22,4.0805313462737e-21
"SIRPB1","ENSG00000101307",388.915078401765,-2.77757523223777,0.16790824351865,-16.5422207631471,1.82180526879751e-61,7.97006397911829e-60
"FERMT1","ENSG00000101311",1350.98974797532,3.21851512505633,0.163767786616291,19.6529194877459,5.45812876037287e-86,6.82953132233229e-84
"HAO1","ENSG00000101323",2.16866505788126,2.21862235890276,0.594899179218204,3.72940900980633,0.00019192939634255,0.000330242589552576
"CCM2L","ENSG00000101331",106.980791631453,-2.52095602634413,0.129747683627396,-19.4296804063471,4.33049864356144e-84,4.72473245300274e-82
"MYL9","ENSG00000101335",8736.40043941911,-1.72138537287728,0.123426005136683,-13.9466992468159,3.29505638203822e-44,6.86361395154946e-43
"HCK","ENSG00000101336",1902.30309640716,-1.32581704308693,0.144647276952015,-9.16586244154977,4.91523450095931e-20,2.77702213216498e-19
"SAMHD1","ENSG00000101347",6195.51401582028,-1.18359676845312,0.103559272161004,-11.4291723353653,2.98944591475771e-30,3.0883461751016e-29
"PAK5","ENSG00000101349",6.86663642632797,-1.5860511201044,0.330775018888777,-4.79495436333937,1.62711868772153e-06,3.4107350842785e-06
"OXT","ENSG00000101405",8.12332806421588,2.09103037794148,0.318223778758992,6.57094320888299,4.99975277534422e-11,1.53422357072945e-10
"E2F1","ENSG00000101412",995.588444495737,1.46044727901051,0.142459314811051,10.2516797932628,1.16304477045443e-24,8.73284098940041e-24
"PXMP4","ENSG00000101417",2069.26289900721,-1.06377541719902,0.142453460750002,-7.46752947663297,8.1714425810146e-14,3.05052414149999e-13
"CST4","ENSG00000101441",25.0516370465752,5.90632506381451,0.447698142288343,13.1926503729169,9.67238798604217e-40,1.60843901704696e-38
"WFDC2","ENSG00000101443",16531.6220642145,1.75076499315834,0.187933957399689,9.31585232058352,1.2097727543183e-20,7.10885513727993e-20
"PPP1R16B","ENSG00000101445",897.371153119768,-1.16214725592948,0.143409766036799,-8.10368281077367,5.33200086006141e-16,2.31566726672522e-15
"FAM83D","ENSG00000101447",640.201160594114,2.26067111755346,0.155833495294231,14.5069653561005,1.09456900461606e-47,2.66827291547618e-46
"EPPIN","ENSG00000101448",13.4332149138001,-1.44647475255372,0.349958512271833,-4.13327495068947,3.57630467313912e-05,6.65669609034415e-05
"DNTTIP1","ENSG00000101457",3030.50260738603,1.53270194853389,0.14448994444199,10.6076720733272,2.74503093982338e-26,2.25306599111283e-25
"SYNDIG1","ENSG00000101463",142.555525180525,1.67378984751271,0.198514415725999,8.43157833848687,3.41033874882776e-17,1.59950697857864e-16
"TNNC2","ENSG00000101470",396.232176263121,2.90040879307661,0.311941452979086,9.29792679163762,1.43210787969548e-20,8.39053906070442e-20
"CDH20","ENSG00000101542",29.0722308373072,1.57669407353936,0.298308558496203,5.28544699316573,1.2539818034353e-07,2.89815246820818e-07
"SMAD7","ENSG00000101665",1682.46731340785,-1.10325139491264,0.0877555224355678,-12.5718742740398,3.01490570109421e-36,4.21780357386072e-35
"NOL4","ENSG00000101746",27.0049150406471,1.24792412596493,0.320608841209199,3.89235718284717,9.92749412815423e-05,0.00017627533237577
"CSTF2","ENSG00000101811",1050.99111343089,1.04847062278795,0.0678666805243899,15.4489745879225,7.66532003144456e-54,2.51661598757133e-52
"MXRA5","ENSG00000101825",6050.01694926981,1.70500554335877,0.173427485963779,9.83123023368318,8.26034498971784e-23,5.61772530980697e-22
"VSIG1","ENSG00000101842",2566.32500201786,3.87481116414062,0.351204832635809,11.0329095845862,2.65145551888328e-28,2.44801308562325e-27
"GPR143","ENSG00000101850",196.24260827067,1.16235276449496,0.182704330486268,6.36193330175237,1.99229959789822e-10,5.8258239426692e-10
"TLR8","ENSG00000101916",452.017116720878,-1.76496226461187,0.171673542030185,-10.2809218225458,8.59020233939597e-25,6.50188199910372e-24
"CHRDL1","ENSG00000101938",1283.94230948817,-2.28518436106679,0.216238723034875,-10.5678776168977,4.19889491982501e-26,3.41503758183767e-25
"SRPX","ENSG00000101955",504.956048995881,-1.79275402184156,0.170036757269828,-10.5433322219658,5.45317620931726e-26,4.40115840835876e-25
"MCF2","ENSG00000101977",19.0835274287869,2.37226071493946,0.302568163913491,7.84041745918029,4.49051027872313e-15,1.82984970205404e-14
"BMX","ENSG00000102010",79.8538348090178,-1.77285978289569,0.218409998977972,-8.11711822348616,4.77383677025818e-16,2.08134165034672e-15
"ZC3H12B","ENSG00000102053",82.0216333665311,-1.06619640547091,0.139035900471805,-7.66849714248534,1.74023238147359e-14,6.82251928170615e-14
"SCML2","ENSG00000102098",83.4484133382462,1.15114138069052,0.181307446174413,6.34911254324961,2.16560565717404e-10,6.30785968155871e-10
"RS1","ENSG00000102104",29.228866298501,-3.98482726652418,0.307119241459458,-12.9748538306748,1.69920189597056e-38,2.64611135984345e-37
"PCSK1N","ENSG00000102109",493.584871391635,2.31766886395817,0.27375088538132,8.46634289686329,2.53217983895421e-17,1.19990185006376e-16
"GATA1","ENSG00000102145",11.4063518651912,-1.74874615264353,0.159509701693388,-10.9632588744037,5.73946208602119e-28,5.18405830919622e-27
"PHEX","ENSG00000102174",151.644027007868,-1.28053179159106,0.161907625796298,-7.90902704732479,2.59408254425344e-15,1.07718540181775e-14
"GPR50","ENSG00000102195",3.76003131896079,3.41609458658967,0.651788139967112,5.24111191523375,1.59611868995432e-07,3.64696101639033e-07
"PCYT1B","ENSG00000102230",65.0220870476493,-1.96543917867588,0.225749546056646,-8.70628186416245,3.1400540607314e-18,1.5791171250328e-17
"TIMP1","ENSG00000102265",21269.3640903704,1.52781873274875,0.125991358718643,12.1263771443294,7.65622419837243e-34,9.43476718880702e-33
"GABRE","ENSG00000102287",1246.31193543318,1.12412171142775,0.218173108969289,5.15243018142069,2.57132360848701e-07,5.77780903260807e-07
"PCDH11X","ENSG00000102290",5.60905445860277,-1.44120465282272,0.322676792171919,-4.46640318667497,7.95456341710722e-06,1.56838571043856e-05
"ITIH6","ENSG00000102313",16.1515050529683,3.17271636780096,0.373098720680083,8.5036913608756,1.8365540691984e-17,8.77944481970798e-17
"SRPX2","ENSG00000102359",1620.76630954009,1.99027458692791,0.174205118632735,11.4248915447994,3.14047442037014e-30,3.23689566841491e-29
"CENPI","ENSG00000102384",238.358869426717,2.74819228703475,0.153620926068826,17.8894396574819,1.42534430083497e-71,9.41095408665684e-70
"DRP2","ENSG00000102385",53.9673579492257,3.10026014958536,0.240207697366939,12.9065811943963,4.13244884877233e-38,6.29828852223879e-37
"TAF7L","ENSG00000102387",19.9815388427319,3.60196908172763,0.322518147208566,11.1682679343879,5.83067546012478e-29,5.57607033714659e-28
"FGF14","ENSG00000102466",138.858776926294,-1.17320758722018,0.189194818550109,-6.20105559026951,5.60856971759042e-10,1.58237366693228e-09
"MLNR","ENSG00000102539",3.38027856183939,1.21763410152984,0.312120065143072,3.90117213698418,9.57280481127905e-05,0.000170315398715538
"CAB39L","ENSG00000102547",666.887854452309,-1.38940364871748,0.105688257138259,-13.1462443069706,1.78839154034497e-39,2.93575136067822e-38
"ACP5","ENSG00000102575",6083.44064991336,-1.81143507532132,0.1317363946701,-13.7504527876111,5.06117781045693e-43,9.90805848605097e-42
"SGCG","ENSG00000102683",42.2471253797873,-3.82554585704309,0.205799272076074,-18.5887239466472,3.96498986147065e-77,3.23952345165728e-75
"SLC25A15","ENSG00000102743",638.902920518094,1.00069485783046,0.10636959048251,9.40771561957837,5.070364640749e-21,3.05365313082874e-20
"RGCC","ENSG00000102760",3338.60169481376,-2.86718969043996,0.122436291961702,-23.4178089233281,2.81455860659554e-121,3.3573931431876e-118
"OLFM4","ENSG00000102837",144.59967602624,4.20513916142368,0.447826481483529,9.3901083015305,5.99385939644602e-21,3.59169880042226e-20
"MSLN","ENSG00000102854",22181.9677117554,1.2850768839093,0.322823643442397,3.98073967013695,6.87011568004815e-05,0.000124344507245703
"HSF4","ENSG00000102878",755.707880340522,1.93039798126868,0.181144479810776,10.6566757280442,1.6229510350831e-26,1.34941741964414e-25
"ELMO3","ENSG00000102890",2016.09758334078,1.13216914021028,0.117506940753858,9.63491290767106,5.69402641374314e-22,3.65828418747239e-21
"TSNAXIP1","ENSG00000102904",78.5904071211158,-1.31248111020859,0.209346640415653,-6.26941568110519,3.62405474688934e-10,1.03901957356339e-09
"CBLN1","ENSG00000102924",13.7947801748691,1.28265036671245,0.311080819723022,4.12320620684519,3.73634930011079e-05,6.94880968993684e-05
"PLLP","ENSG00000102934",1711.61481931585,-1.50764795325487,0.160427499702803,-9.39769027160453,5.57739301842485e-21,3.34999306071419e-20
"ZNF423","ENSG00000102935",206.250149701892,-1.80873525202641,0.136686293261538,-13.2327478408207,5.67731545957038e-40,9.61061547001824e-39
"MMP15","ENSG00000102996",4401.23994818167,1.01974822816336,0.1348347674859,7.56294720699542,3.94037561268387e-14,1.50394924995206e-13
"NDRG4","ENSG00000103034",557.938128916733,-2.04034326579327,0.171135230059222,-11.9224034997773,9.04606033520638e-33,1.05791606260031e-31
"FA2H","ENSG00000103089",1202.71842210672,2.51728116755051,0.201236506732783,12.5090681031009,6.66009707739726e-36,9.16685515429762e-35
"NECAB2","ENSG00000103154",37.4613110278594,2.29777052420842,0.2892479234948,7.94394821039995,1.9584538908378e-15,8.19135471453032e-15
"WFDC1","ENSG00000103175",308.094033410118,-1.85482158319718,0.161728396650655,-11.468744027703,1.89388045969773e-30,1.98286735315222e-29
"NME4","ENSG00000103202",3991.37086139573,1.40113297209695,0.114695338719475,12.2161282903037,2.54939825624789e-34,3.22833566872212e-33
"FOXF1","ENSG00000103241",589.778423612659,-2.73821935404919,0.133934845055461,-20.4444134975877,6.73631237605006e-93,1.2687667088912e-90
"HAGHL","ENSG00000103253",299.190756326482,1.31069630695932,0.158589788348235,8.26469548014822,1.40051790617915e-16,6.32655059208875e-16
"SLC7A5","ENSG00000103257",5583.1330287772,2.68288716675522,0.179845904265725,14.9176995590136,2.52840990803158e-50,7.15836051968498e-49
"RHBDL1","ENSG00000103269",235.676895118721,3.20321224557109,0.191284565864755,16.7457956217747,6.07724806113429e-63,2.83916970125002e-61
"MEFV","ENSG00000103313",84.3891394369874,-1.65347412871078,0.160338877831019,-10.3123718406797,6.19531425306758e-25,4.72316821176559e-24
"CRYM","ENSG00000103316",1213.92568243225,1.04183827254284,0.263317330898509,3.95658830730134,7.60277912217871e-05,0.000136857672870366
"SALL1","ENSG00000103449",83.4736188250843,5.76301291394301,0.484546755833371,11.8936157234841,1.27753689787035e-32,1.48050309025868e-31
"TOX3","ENSG00000103460",1265.44291463266,2.81800682364422,0.224638203769697,12.5446463529119,4.25308814571308e-36,5.91301524407491e-35
"QPRT","ENSG00000103485",2570.23400376315,1.51923920480859,0.195646389364848,7.76522996279509,8.14972218167704e-15,3.27544876452712e-14
"KNOP1","ENSG00000103550",662.776311092709,1.12143999815857,0.0684425847158088,16.3851205037782,2.44284394530972e-60,1.01650713287039e-58
"AQP9","ENSG00000103569",697.278720811718,-1.55935473087711,0.185872043414648,-8.38939897700729,4.88633760345568e-17,2.26329895776942e-16
"CORO2B","ENSG00000103647",194.272113923308,-2.18432413963004,0.157622451966635,-13.8579505164176,1.13879559732264e-43,2.299827271207e-42
"RASL12","ENSG00000103710",658.043331889103,-1.59335809262986,0.119021848829331,-13.3871058826738,7.19293562794483e-41,1.27935583688685e-39
"ACSBG1","ENSG00000103740",34.3293645742164,-1.5763715521756,0.204888014965717,-7.69382021900778,1.42805676963702e-14,5.62452559522675e-14
"IGDCC4","ENSG00000103742",166.678351053485,1.20476181769913,0.152300618840292,7.9104197138062,2.56522566884328e-15,1.06594479546244e-14
"CEMIP","ENSG00000103888",3084.11189773757,2.12243666010791,0.21592548044743,9.82948680123301,8.40459665503759e-23,5.70931844907318e-22
"ZNF106","ENSG00000103994",3585.79652556147,-1.26946774241267,0.0945403807610297,-13.4277832624929,4.15668789327784e-41,7.46743137293378e-40
"TGM5","ENSG00000104055",21.0971504704372,3.07328807050646,0.338135790787894,9.08891680275949,1.00030627061931e-19,5.53618314265121e-19
"FAM189A1","ENSG00000104059",63.2846035534972,-2.13912017282819,0.233213857056546,-9.17235450683159,4.6279818952985e-20,2.6213510621265e-19
"SCG3","ENSG00000104112",64.8701653110732,1.0323065580853,0.321749592785222,3.20841605159201,0.00133468267033956,0.00209781070101773
"RHOV","ENSG00000104140",1359.90658065651,3.61052571507824,0.253904841108743,14.2199955672839,6.88572997644407e-46,1.55367423037218e-44
"OIP5","ENSG00000104147",37.4033254950699,2.09088363233401,0.164109237923708,12.7408039839051,3.50761389227071e-37,5.14019126735461e-36
"PDGFRL","ENSG00000104213",732.877084601009,1.46662285978683,0.149759666993552,9.79317655567421,1.2045104528211e-22,8.12068784187187e-22
"RP1","ENSG00000104237",284.512088612118,-1.35898377436045,0.263887115091361,-5.14986786637899,2.6067003403949e-07,5.85289110185542e-07
"CA2","ENSG00000104267",1424.68245064015,-1.4686881537363,0.21716864420196,-6.76289230949229,1.35263782083846e-11,4.32732854072279e-11
"TRPA1","ENSG00000104321",43.3963126390412,2.45395461264442,0.287718897770009,8.52900046421706,1.47617595669297e-17,7.11179762873112e-17
"CALB1","ENSG00000104327",81.6946399115955,2.94527883514219,0.363126523792406,8.11088874583548,5.02508494146669e-16,2.18821720266886e-15
"LAPTM4B","ENSG00000104341",15162.9571843315,1.43766948227554,0.129608778163782,11.0923774040892,1.36608140355847e-28,1.28042402063236e-27
"PLAT","ENSG00000104368",7283.34496458038,1.66215244765122,0.240052944746114,6.92410771885826,4.38731986639008e-12,1.45159604972851e-11
"DKK4","ENSG00000104371",9.45431991710604,2.96366497605473,0.527829375612319,5.61481628910228,1.96771190145586e-08,4.87311682390998e-08
"ESRP1","ENSG00000104413",5290.87688059755,1.11456779016766,0.0902980356947665,12.3432119158741,5.29986410376553e-35,6.94152899678718e-34
"CCN4","ENSG00000104415",938.096851924902,2.25712974946841,0.157313912022315,14.347934778637,1.09757229368153e-46,2.55714336599527e-45
"STMN2","ENSG00000104435",47.9985656027602,1.52408702852037,0.294724337996961,5.17122894864586,2.32559420699063e-07,5.24144818562582e-07
"GFUS","ENSG00000104522",5119.47996207426,1.38202609113606,0.1159021549145,11.9240758910442,8.86623873518903e-33,1.03824351890535e-31
"PYCR3","ENSG00000104524",1062.67383385974,1.39476310267647,0.112020214350733,12.4509947669757,1.38112918635308e-35,1.87074523326386e-34
"ANXA13","ENSG00000104537",38.9539056920591,1.33063041295997,0.333726056473084,3.98719364925374,6.68594524454924e-05,0.000121158211728499
"MCM4","ENSG00000104738",3924.16514891639,2.20748716233896,0.125770487846655,17.5517102631456,5.77155720390764e-69,3.46545211575568e-67
"ADAM2","ENSG00000104755",9.00510339548753,4.82806196642496,0.644068427714528,7.49619412887121,6.56974695786282e-14,2.47166699573254e-13
"FGL1","ENSG00000104760",1757.42683912484,7.44708896772287,0.395409735916077,18.8338533204541,3.98668481737822e-79,3.46280346783245e-77
"KCNN4","ENSG00000104783",2369.01425488258,3.23494663391354,0.193236967352498,16.7408269661593,6.60639681479921e-63,3.07534054279093e-61
"LHB","ENSG00000104826",10.2909075881743,2.11238156613113,0.2324179567051,9.0887192886365,1.00212488271359e-19,5.54281932809714e-19
"CGB3","ENSG00000104827",1.07206345564601,1.8170188564913,0.527425941420151,3.44506918184339,0.000570913250851493,0.000933846859629378
"TUBB4A","ENSG00000104833",72.5428658205396,2.2827996388528,0.276851127640785,8.24558548237067,1.64353483418144e-16,7.38517548669222e-16
"KCNA7","ENSG00000104848",5.84829294343157,2.52082615284672,0.328111488071757,7.68283417219278,1.55606961633513e-14,6.12197749452164e-14
"CKM","ENSG00000104879",66.7237527664533,2.99691768355247,0.285205633277347,10.5079189674986,7.94268361847714e-26,6.350242984156e-25
"RNASEH2A","ENSG00000104889",3.95449047718151,1.44299663668855,0.242515294621543,5.95012631652951,2.67935626278049e-09,7.13100128066805e-09
"KLC3","ENSG00000104892",165.50067943508,1.54888324455422,0.203225326454317,7.62150698231206,2.50731074026063e-14,9.71487896827274e-14
"CD37","ENSG00000104894",1632.20882464439,-1.1193973767717,0.137039650541449,-8.16841966794956,3.12455344379488e-16,1.3753415687533e-15
"AMH","ENSG00000104899",51.1227089585354,1.82103055263967,0.278627025670095,6.53572835678848,6.33007165735409e-11,1.92658568064359e-10
"RETN","ENSG00000104918",155.754122145535,-2.95830647048844,0.265217084614332,-11.1542831970659,6.8240557259682e-29,6.51910459715692e-28
"CLEC4M","ENSG00000104938",15.7291368669145,-4.48792834958267,0.291135213313777,-15.4152714764384,1.29226659291414e-53,4.18886343242984e-52
"RSPH6A","ENSG00000104941",1.93819900898439,2.3100154043635,0.484417129571524,4.76864929695354,1.85465201253907e-06,3.86639735061885e-06
"IL4I1","ENSG00000104951",786.06854790041,1.9273281327353,0.173533363723852,11.1063837603143,1.16794088420626e-28,1.10047215592958e-27
"NOVA2","ENSG00000104967",262.536279234168,-2.41163645765039,0.127412063638106,-18.9278502269634,6.7251387572764e-80,6.04687978813802e-78
"LILRA1","ENSG00000104974",71.5069659889714,-1.65459418729762,0.133788607945696,-12.3672277685198,3.93157822286207e-35,5.20323440396975e-34
"ASF1B","ENSG00000105011",824.610949421484,2.36880991943508,0.136251467880904,17.3855735741917,1.06120320838216e-67,6.0088952555639e-66
"TNNT1","ENSG00000105048",988.137145907892,3.21694874617375,0.294090288795023,10.9386432287668,7.53185996848219e-28,6.76204568068499e-27
"EPHX3","ENSG00000105131",794.921755848101,2.20759242817077,0.177153496865673,12.4614668478415,1.21122052832326e-35,1.64683654356293e-34
"CASP14","ENSG00000105141",25.8988647604912,6.65597680447666,0.754951215187155,8.81643299670247,1.18163859540477e-18,6.11778338760926e-18
"SLC1A6","ENSG00000105143",3.94400988974353,1.52592003794169,0.386904884844151,3.94391515257384,8.01620301177661e-05,0.00014387994832954
"CCNE1","ENSG00000105173",401.304449404556,3.27914878137088,0.183952030026976,17.8261081483581,4.43220725631798e-71,2.88383579771991e-69
"CLC","ENSG00000105205",22.6116781702997,-1.16838931094263,0.380516134004594,-3.07053816259083,0.00213673377953385,0.0032809214380159
"CCNP","ENSG00000105219",182.663844053429,4.30586172123434,0.253138761980196,17.0098869392875,6.93715167221571e-65,3.49651985551988e-63
"GPI","ENSG00000105220",13320.8154434845,1.11661007701585,0.0961184099506616,11.6170260992563,3.3768714724194e-31,3.66196128824244e-30
"PRX","ENSG00000105227",1111.36659760313,-3.34758661587188,0.156192061452846,-21.4325016568305,6.65089014767387e-102,1.95089143298899e-99
"SHD","ENSG00000105251",7.10063467226347,1.13536037180356,0.265772099134023,4.27193213848614,1.93786554889728e-05,3.69306936483321e-05
"FSD1","ENSG00000105255",35.2019723513218,2.49427477623806,0.241928383431909,10.3099716571292,6.35200514899421e-25,4.84056337866071e-24
"OVOL3","ENSG00000105261",6.98674897402998,1.4521947241577,0.219966839408711,6.60188021095052,4.059755040847e-11,1.25438088319591e-10
"ZFR2","ENSG00000105278",69.7486916485361,1.87730317660589,0.354765105698219,5.29167932937242,1.21198266750557e-07,2.80652334278209e-07
"APLP1","ENSG00000105290",548.679373923536,1.46591153215431,0.230655140458493,6.35542537331009,2.07850638394117e-10,6.06502197127518e-10
"DENND3","ENSG00000105339",2618.72264459974,-1.72882099901666,0.102951519579172,-16.7925738841296,2.76585166937211e-63,1.30924296084855e-61
"CD79A","ENSG00000105369",1373.32467212507,2.00965676927149,0.211616198998456,9.49670572849744,2.16635172305463e-21,1.33617826199988e-20
"NKG7","ENSG00000105374",602.903539490944,-1.07646882441102,0.182869045077701,-5.88655572600397,3.94326839699885e-09,1.03546964231729e-08
"CD33","ENSG00000105383",319.124764567062,-1.44064236652684,0.138841210213254,-10.3761870435592,3.18232500423397e-25,2.46819858260765e-24
"CEACAM5","ENSG00000105388",35179.3116912222,4.75528489526242,0.309922385454017,15.3434702314137,3.91684198519637e-53,1.24042572816139e-51
"ATP1A3","ENSG00000105409",17.5688166591362,1.6041694200057,0.261292785055042,6.13935597061273,8.2856709050412e-10,2.30676068934032e-09
"CNFN","ENSG00000105427",110.144594735273,2.67513236319801,0.195613931094439,13.6755718175639,1.4208592519512e-42,2.7219951386684e-41
"GRIN2D","ENSG00000105464",321.205060282074,2.50788217252928,0.23131476682069,10.8418593719671,2.1799474796954e-27,1.89994156133414e-26
"SYNGR4","ENSG00000105467",20.8710137298069,4.37181404514563,0.337542523656504,12.9518912099933,2.29236157173103e-38,3.53901860250072e-37
"CCDC114","ENSG00000105479",294.826224158343,-1.07492085739094,0.224395536721481,-4.79029517741758,1.6653614270042e-06,3.48722200273682e-06
"SIGLEC6","ENSG00000105492",120.712966555117,-1.34228306096376,0.208226586210036,-6.44626166809372,1.14642664732881e-10,3.42349539397074e-10
"SIGLEC5","ENSG00000105501",5.74357278839556,-1.60527638171554,0.179756813633756,-8.93026722751218,4.24980970144695e-19,2.2611312812367e-18
"HAS1","ENSG00000105509",75.3492569755142,-3.36290406600591,0.273376365015593,-12.301370917029,8.90497755529172e-35,1.15127719217366e-33
"CAPS","ENSG00000105519",1880.45641416177,-1.35680555225578,0.21365095763048,-6.35057089050097,2.14517325624082e-10,6.25241652938867e-10
"RASIP1","ENSG00000105538",670.356018311374,-2.31340931589398,0.128013295536084,-18.0716331550256,5.33119600477065e-73,3.69732907416129e-71
"THEG","ENSG00000105549",17.74353349225,3.55193702386418,0.400933492194914,8.85916765002361,8.06140604211785e-19,4.21269679648407e-18
"FGF21","ENSG00000105550",1.54828465986078,2.77333820050933,0.605545262324017,4.57990240046724,4.65192958844282e-06,9.36720415552638e-06
"CACNG7","ENSG00000105605",1.10280190923955,1.73212085990687,0.499732885839591,3.46609340507334,0.000528079787910042,0.000867192698703596
"MAST1","ENSG00000105613",97.4997387394448,3.2664799537873,0.195503404389983,16.7080464096239,1.1452648412362e-62,5.2143063115113e-61
"JAK3","ENSG00000105639",1286.82610891832,1.11970150380019,0.113843270818892,9.83546498397321,7.92008872467646e-23,5.38837062930175e-22
"SLC5A5","ENSG00000105641",171.982689399766,3.1573372300958,0.343370351819614,9.19513642737119,3.7451904537782e-20,2.13348273764576e-19
"KCNN1","ENSG00000105642",21.2215427966811,1.47729984707573,0.210420974896447,7.0206872095462,2.2077961844708e-12,7.48467168032134e-12
"PIK3R2","ENSG00000105647",4.73374454378567,1.07323227108193,0.19691692256465,5.45017795882715,5.03194430184904e-08,1.20567771527092e-07
"ISYNA1","ENSG00000105655",2032.87255702825,1.14527596120943,0.137469822014577,8.331108198336,8.00890924594007e-17,3.66130335047536e-16
"COMP","ENSG00000105664",1936.44845720469,2.88840699334339,0.250046841438318,11.5514636246901,7.25738600637041e-31,7.72494989958273e-30
"UPK1A","ENSG00000105668",8.45770155399082,1.84598354121855,0.357836349499513,5.15873679071574,2.48621532861051e-07,5.59148452423679e-07
"ATP4A","ENSG00000105675",3.34092894038941,2.66272714730025,0.469978459934066,5.66563656486259,1.46479705485886e-08,3.66568023812442e-08
"GAPDHS","ENSG00000105679",1.36411745432014,1.57342010627013,0.391296273700252,4.0210454635595,5.79404201254788e-05,0.000105616130532314
"MAG","ENSG00000105695",13.2298859969894,-2.10802004044058,0.308595011939745,-6.83102434867671,8.43104204369378e-12,2.73638010679871e-11
"TMEM59L","ENSG00000105696",1040.89046960174,4.13759484567922,0.322779231135433,12.8186526472738,1.2892131285942e-37,1.92392748206306e-36
"HAMP","ENSG00000105697",79.8881552435097,1.21994860783313,0.220026605841161,5.5445504109345,2.94710421159025e-08,7.19996390742549e-08
"LSR","ENSG00000105699",11103.9165979835,1.3705090859457,0.122008496762325,11.2328987104519,2.81102354439376e-29,2.73803180619693e-28
"HPN","ENSG00000105707",2528.26071726073,1.03308006436618,0.192439230694842,5.36834438921849,7.94627093817078e-08,1.87402960190707e-07
"GRIK5","ENSG00000105737",104.493366900151,1.5652301151659,0.256700399207244,6.09749778340713,1.07741613101624e-09,2.96861823718411e-09
"AVL9","ENSG00000105778",3599.07344632391,1.11005878066207,0.0842855830330531,13.1702094322199,1.30235899523282e-39,2.14775202780653e-38
"RUNDC3B","ENSG00000105784",50.4027992246453,-1.08195126693566,0.192730976382048,-5.61379020252002,1.97942189227507e-08,4.90076047024738e-08
"TFPI2","ENSG00000105825",6435.62071294824,3.63847220958858,0.327265109445905,11.1178127596581,1.02760372372366e-28,9.72338097757134e-28
"BET1","ENSG00000105829",1624.83518750156,1.00633902344956,0.101674094584299,9.89769348391099,4.25986021733699e-23,2.94633470695055e-22
"ITGB8","ENSG00000105855",1974.77205929007,1.44333081027067,0.229759999633561,6.28190639176795,3.34446213508481e-10,9.61015914293761e-10
"DUS4L","ENSG00000105865",222.006438649542,1.13067120499375,0.0975897954830124,11.5859573165164,4.85511853025384e-31,5.20819159843117e-30
"DLX5","ENSG00000105880",53.5068740169614,2.43675783769097,0.255566058193558,9.53474751269767,1.50250738366427e-21,9.38044822606585e-21
"STEAP1B","ENSG00000105889",81.4541978098976,2.37663495461273,0.247809806378615,9.59056055667789,8.76077324501424e-22,5.55480211456555e-21
"MPP6","ENSG00000105926",683.655536483676,1.15737857273422,0.136429780513609,8.48332796825668,2.18842683103965e-17,1.04114653783016e-16
"ATP6V0A4","ENSG00000105929",379.509548651691,2.02884898029892,0.28064989818396,7.22910998160793,4.86169600769557e-13,1.72497177603999e-12
"CAV2","ENSG00000105971",5649.33110611708,-2.35338328102823,0.156075484669603,-15.078494140256,2.24327123757719e-51,6.60178491019222e-50
"CAV1","ENSG00000105974",12440.9404844669,-3.43231753808031,0.18108749729389,-18.9539177986978,4.09899168708305e-80,3.74200297229475e-78
"MET","ENSG00000105976",13426.122593171,1.2774639984817,0.207117450086378,6.1678240918326,6.9236104067717e-10,1.94054136917867e-09
"WNT2","ENSG00000105989",488.664426293261,-1.02105824474703,0.164712913182376,-6.19901758167847,5.68166854847827e-10,1.60249204504921e-09
"HOXA1","ENSG00000105991",75.4611766803898,1.93526860317739,0.242633283650617,7.97610523197679,1.51023193689945e-15,6.35825412869219e-15
"LFNG","ENSG00000106003",2865.89481383836,1.09877660797386,0.155059571803058,7.08615788884947,1.37886490779536e-12,4.75284719614378e-12
"HOXA5","ENSG00000106004",294.312100227176,-1.61010012011552,0.135043789807199,-11.9228001703317,9.0030839319969e-33,1.053578684076e-31
"ANKRD7","ENSG00000106013",16.3930474844314,2.25294476038322,0.256838290572392,8.77184143907159,1.75767801032364e-18,8.98832027399856e-18
"TSPAN12","ENSG00000106025",2265.40555585844,-1.29465043209149,0.123252154987861,-10.5040794801438,8.27259275009112e-26,6.60515404182866e-25
"HOXA13","ENSG00000106031",21.5246446110316,5.76653897740131,0.586134904485149,9.83824531396324,7.70427694399567e-23,5.24553376555992e-22
"CPED1","ENSG00000106034",665.335885061404,-1.94636421499666,0.151379130673726,-12.8575465213348,7.80137379275727e-38,1.17598973271951e-36
"EVX1","ENSG00000106038",3.6862533788018,3.87621786752133,0.548901980729694,7.06176695221322,1.64398542924951e-12,5.63629647165386e-12
"ABHD11","ENSG00000106077",2051.30709530242,1.42401462811205,0.113487178555668,12.547801841893,4.08698469296181e-36,5.68650210817773e-35
"COBL","ENSG00000106078",1625.78897981706,-1.11224361745939,0.16459871118025,-6.75730453467151,1.40582506663462e-11,4.48785511459292e-11
"PLEKHA8","ENSG00000106086",919.73786441753,1.3224186797548,0.0965244840966172,13.7003444476441,1.01043818442138e-42,1.94615397565681e-41
"STX1A","ENSG00000106089",665.609896396167,3.10113575625111,0.15972167509901,19.4158729823535,5.66648149188778e-84,6.07127864277533e-82
"GARS1","ENSG00000106105",5911.10378194249,1.08289942263774,0.0840704985449365,12.8808493036224,5.76971232026748e-38,8.741529428158e-37
"CCL24","ENSG00000106178",167.196670447145,-2.45310284715298,0.229424533213427,-10.6924172964141,1.1045401882864e-26,9.2873766865642e-26
"NPTX2","ENSG00000106236",252.625792054815,2.4923246905273,0.260373549373333,9.57211167004416,1.04744067190154e-21,6.59924505011769e-21
"PTPRZ1","ENSG00000106278",473.63006495165,2.06041445788904,0.30663818478122,6.71936686345538,1.82515858881358e-11,5.77601036958637e-11
"HYAL4","ENSG00000106302",5.90086198973459,1.13109757098139,0.325257843844242,3.47754125653936,0.000506035168338044,0.000832137420004835
"AIMP2","ENSG00000106305",666.873607064053,1.04877886461042,0.0916558142578111,11.4425786634812,2.56156892561849e-30,2.66013655171745e-29
"TFR2","ENSG00000106327",148.745669183098,2.95680035990354,0.164989969706619,17.9210915982423,8.07283885774051e-72,5.38982483886384e-70
"PPP1R17","ENSG00000106341",3.37856794403065,-1.43799444147248,0.329655474932967,-4.36211302653138,1.28812290061571e-05,2.49252547428538e-05
"AP1S1","ENSG00000106367",2643.49388024786,1.12587946166328,0.100139012855954,11.243165171628,2.50245995070905e-29,2.45082188823411e-28
"MOGAT3","ENSG00000106384",2.58450659534038,2.99695843343853,0.5459171500809,5.48976787593943,4.02462306359876e-08,9.72880038867505e-08
"EZH2","ENSG00000106462",917.121664682991,2.55134911997587,0.125703651368505,20.2965394576844,1.37965270715163e-91,2.37366595087155e-89
"SFRP4","ENSG00000106483",3042.32185794103,1.11731212478309,0.198545853601833,5.62747649731215,1.82865069127552e-08,4.5387774752383e-08
"MEST","ENSG00000106484",2592.13743980908,1.27554319835181,0.118947081814265,10.7236190993198,7.88561028503575e-27,6.6934167376729e-26
"MEOX2","ENSG00000106511",271.422804461278,-1.10486392640544,0.172923118700962,-6.3893361090491,1.66607494265481e-10,4.90394455484826e-10
"POU6F2","ENSG00000106536",206.523167488016,3.97149921626568,0.37309567231161,10.6447206735453,1.84536906486583e-26,1.53079224282078e-25
"AGR2","ENSG00000106541",27063.0963643111,2.49447049475791,0.206783261228583,12.0632128535804,1.65209860672919e-33,2.00277780285944e-32
"PSMA2","ENSG00000106588",63.0858284953532,1.02853070455695,0.165832481005055,6.20222708074662,5.56696718926918e-10,1.57088383405762e-09
"GALNTL5","ENSG00000106648",0.899417758334308,1.83174091620376,0.556989959885813,3.28864261140233,0.00100671767854115,0.00160388206055888
"LIMK1","ENSG00000106683",4269.75880490711,1.10977476367932,0.105494686078723,10.5197219398442,7.00800948840242e-26,5.62811103123808e-25
"SLC1A1","ENSG00000106688",1240.26274482623,-2.18997123828063,0.176592478547021,-12.4012713129087,2.57210073339433e-35,3.43452227034513e-34
"LHX2","ENSG00000106689",23.5142942875637,4.73751060739205,0.383318252596104,12.3592095479572,4.34407251649251e-35,5.72374738863038e-34
"OGN","ENSG00000106809",454.410981354151,-2.13568743171472,0.255884049207859,-8.34630934724606,7.04291874543276e-17,3.23208374229362e-16
"ECM2","ENSG00000106823",622.2549801582,-1.22668408238651,0.136977175392517,-8.95539040625831,3.38535519966369e-19,1.81088671412802e-18
"LHX6","ENSG00000106852",169.801499374493,-1.4322863611116,0.144689031296682,-9.89906662775786,4.20178073660847e-23,2.90728780820322e-22
"PTGR1","ENSG00000106853",2833.30155682208,1.34215646751487,0.17568700894193,7.63947474316951,2.18109685105275e-14,8.49137640467513e-14
"AMBP","ENSG00000106927",300.060929596531,2.87003682302767,0.327716313744562,8.75768676338985,1.99298084187822e-18,1.01654521675391e-17
"DNM1","ENSG00000106976",613.444589477548,1.15252683098974,0.148438929841819,7.76431649175798,8.20866877635964e-15,3.29839906614424e-14
"ENG","ENSG00000106991",6715.90617703048,-1.60863244969674,0.113842305210385,-14.130357310702,2.46888432342734e-45,5.41369450969184e-44
"AK1","ENSG00000106992",566.273920821173,-1.12134846807559,0.146832332400912,-7.63693152414037,2.22459735227154e-14,8.6494394663613e-14
"DOCK8","ENSG00000107099",2590.04132266711,-1.0340464246384,0.122865170431474,-8.41610703022727,3.89201745895191e-17,1.81732433175956e-16
"ELAVL2","ENSG00000107105",48.2331060195915,3.5632745064921,0.340134050356606,10.4760887736946,1.11249987063151e-25,8.80015923307231e-25
"KCNT1","ENSG00000107147",42.9503979504706,1.20826137776481,0.26227637655689,4.60682503558502,4.08863745186892e-06,8.27204770763122e-06
"CA9","ENSG00000107159",861.818833214786,5.62196337229222,0.322154650874177,17.4511321101118,3.37477074372182e-68,1.95419977079011e-66
"TYRP1","ENSG00000107165",126.5906502403,-1.08642022663241,0.226459534041823,-4.79741438676531,1.60726870083589e-06,3.37149576366431e-06
"LHX3","ENSG00000107187",1.31579718832744,2.11307693505569,0.520712721245918,4.05804745849054,4.94847131968012e-05,9.08040173551804e-05
"PIP5K1B","ENSG00000107242",530.14440249296,-2.23032230679135,0.179154222621112,-12.449175208715,1.41297779837206e-35,1.91243659200236e-34
"SH3GL2","ENSG00000107295",51.1745124220472,-2.21894710166218,0.33282769064701,-6.66695459548032,2.61165844922843e-11,8.19544100877663e-11
"PTGDS","ENSG00000107317",107.06269742675,-1.47002007941971,0.175985604030826,-8.35307005658381,6.65111743451862e-17,3.05463152607396e-16
"PDLIM1","ENSG00000107438",7242.63583290834,-1.07780591557142,0.0880871835009317,-12.2356723502235,2.0043819395353e-34,2.54718792926883e-33
"DNTT","ENSG00000107447",1.36961680912059,1.83099591464414,0.425838625192613,4.29974127832099,1.70997618190149e-05,3.27271406811031e-05
"CXCL12","ENSG00000107562",2001.75264247677,-1.26430190819476,0.147221702255102,-8.58774140516326,8.869562209345e-18,4.33970677089992e-17
"PKD2L1","ENSG00000107593",56.667424507499,-1.17873558567288,0.19858434840924,-5.93569228952402,2.9260814929515e-09,7.76455229918154e-09
"PALD1","ENSG00000107719",879.109986286727,-1.25519472151784,0.113232501494751,-11.0851098840736,1.48168382927059e-28,1.38659878436917e-27
"CDH23","ENSG00000107736",293.220828691506,-1.19708771991083,0.156438740118635,-7.65211813265069,1.97695490862517e-14,7.72350527948257e-14
"VSIR","ENSG00000107738",2745.29308086784,-1.59999052210254,0.0989515156854355,-16.169439255371,8.28489777094065e-59,3.29425946256536e-57
"SPOCK2","ENSG00000107742",6222.68489738457,-3.20472159578854,0.156325488309271,-20.5003139951714,2.13908821557446e-93,4.16029406970367e-91
"LIPA","ENSG00000107798",8249.82087557116,-1.25545321585006,0.121558636991353,-10.327963910449,5.26666193032471e-25,4.02719580851709e-24
"TLX1","ENSG00000107807",6.1870988833469,4.62462890812643,0.525247633422103,8.80466396011337,1.31245205369457e-18,6.7715411178653e-18
"TWNK","ENSG00000107815",650.470015305375,1.22389719652789,0.0961982755208406,12.722652146324,4.42579050950927e-37,6.46982594662168e-36
"NPM3","ENSG00000107833",1015.70421116049,1.68925644186719,0.118658167500221,14.2363267312724,5.45183353945795e-46,1.23480579141166e-44
"NEURL1","ENSG00000107954",141.109641189862,1.28460550506166,0.274217625403365,4.68462048408465,2.80479141965454e-06,5.7533111168037e-06
"MAP3K8","ENSG00000107968",1034.55645265528,-1.12898749983183,0.107830779769317,-10.4699929115517,1.18651889914598e-25,9.36910091015842e-25
"DKK1","ENSG00000107984",703.303604298519,2.38548157013432,0.337950858535819,7.0586640331955,1.68110971078719e-12,5.7591606462024e-12
"UBE2S","ENSG00000108106",873.671822881611,1.73369113234703,0.150697018210211,11.5044819926607,1.2523902163576e-30,1.32050784568571e-29
"DNAJC12","ENSG00000108176",1129.86313824447,4.27130088772811,0.252432936137438,16.920537205187,3.17521085689056e-64,1.54385999625932e-62
"PPIF","ENSG00000108179",2767.0861372364,1.07776127737212,0.0920527298096274,11.7080860024577,1.15865672356011e-31,1.28689290842092e-30
"PBLD","ENSG00000108187",602.080683386888,1.08665187612883,0.159402526069971,6.81703046319251,9.29415623810634e-12,3.00343755767449e-11
"CYP2C18","ENSG00000108242",129.303809663618,1.5491997213786,0.292402949973821,5.29816720904252,1.16970828567335e-07,2.71249227003022e-07
"KRT23","ENSG00000108244",164.661150232609,1.88673399033124,0.35407110583675,5.3286866937997,9.89254762122648e-08,2.31382162858308e-07
"RUNDC3A","ENSG00000108309",75.0674675964056,1.77726753476702,0.239831414195363,7.41048682354549,1.25836624506403e-13,4.64821371241345e-13
"CSF3","ENSG00000108342",437.229502370771,-4.66399981120654,0.316195762136181,-14.7503552220217,3.06049584549069e-49,8.17335106915893e-48
"RAPGEFL1","ENSG00000108352",680.080726932443,1.14291705053835,0.163212371331174,7.00263736882578,2.51188393426289e-12,8.47062556271502e-12
"RGS9","ENSG00000108370",262.12853527981,-1.08213618714987,0.132371613779462,-8.1749867381142,2.95898419963979e-16,1.3047093219358e-15
"RNF43","ENSG00000108375",743.656389940817,1.25962211825331,0.133369764595699,9.44458530066215,3.56814412494034e-21,2.17307021196588e-20
"WNT3","ENSG00000108379",475.519149719055,2.06928962113635,0.13638102962638,15.1728552483085,5.34980296895512e-52,1.61423312855841e-50
"ASPA","ENSG00000108381",82.0309478435261,-2.60285042252277,0.175934042739362,-14.7944671877903,1.59038718689381e-49,4.3181787458408e-48
"SEPTIN4","ENSG00000108387",412.811172272785,-1.48228020527273,0.104012341974266,-14.2510030746107,4.41888147296961e-46,1.00594206356037e-44
"P2RX1","ENSG00000108405",202.505173021883,-1.19049552044218,0.150302020448665,-7.92068873650829,2.36198548572742e-15,9.8331796873245e-15
"TRIM16L","ENSG00000108448",734.407469010069,1.9244664822186,0.217410404991167,8.85176807566678,8.6143568134848e-19,4.49116219299777e-18
"CDK5RAP3","ENSG00000108465",371.33964033146,1.77799249687638,0.158677793875998,11.2050492601745,3.85139459957958e-29,3.72502722001499e-28
"HOXB6","ENSG00000108511",153.30104296247,1.01434464717419,0.228971633851163,4.43000135044471,9.42324981419288e-06,1.84636672060176e-05
"ENO3","ENSG00000108515",622.793882714249,2.58684945096975,0.247324171571608,10.4593474812096,1.32766815036174e-25,1.04651833543712e-24
"RASD1","ENSG00000108551",4272.82080647038,1.6676389271784,0.232271165134826,7.17970707302556,6.98609373843781e-13,2.4543918174331e-12
"SLC6A4","ENSG00000108576",1082.89694979364,-6.14669276251818,0.311047623325082,-19.7612593750448,6.41832826832005e-87,8.57038415709333e-85
"CPD","ENSG00000108582",15670.7484613061,1.43201791654671,0.139609182964266,10.2573332651997,1.0969422179546e-24,8.25035187299778e-24
"ALDH3A1","ENSG00000108602",1886.99608633929,1.88465399886413,0.347128467609649,5.42926949161498,5.65851850698032e-08,1.34997162193865e-07
"ICAM2","ENSG00000108622",371.463194188534,-1.40251725867086,0.108725056701337,-12.899669139962,4.52033775156583e-38,6.87775539020131e-37
"CCL7","ENSG00000108688",47.9605022661272,1.86795049454782,0.264824737384366,7.05353477547939,1.74428888959778e-12,5.96646169022617e-12
"CCL2","ENSG00000108691",2468.92712917866,-1.51244765403125,0.158961319466078,-9.51456404055583,1.82476401219194e-21,1.13251829587757e-20
"CCL1","ENSG00000108702",4.46787109780052,1.802001389133,0.339844404521696,5.30243065696248,1.14270877798451e-07,2.65366491427344e-07
"KRT32","ENSG00000108759",8.59958328088067,1.92800909030996,0.343955841113774,5.6053971465256,2.07777979709101e-08,5.1307913206389e-08
"KAT2A","ENSG00000108773",2783.1247946261,1.70126188787499,0.102686310061787,16.5675627729863,1.19575031948281e-61,5.25689446351495e-60
"HSD17B1","ENSG00000108786",43.8952829775645,2.03765121913731,0.196378522819263,10.3761408828432,3.18386352365692e-25,2.46832192499104e-24
"DLX4","ENSG00000108813",157.607097482956,1.19880513328711,0.17109044171865,7.00685041925654,2.43742604249934e-12,8.22263653439681e-12
"COL1A1","ENSG00000108821",128522.419118997,2.88825139295901,0.192588390439996,14.9970171429357,7.67937091439093e-51,2.21624167372898e-49
"SGCA","ENSG00000108823",245.610096988337,-2.0029753108493,0.175088972382666,-11.4397570766005,2.64625429590382e-30,2.74648654968718e-29
"ABCC3","ENSG00000108846",10908.0087070399,2.53143947105565,0.155774673760165,16.2506485165434,2.21014081000207e-59,8.84699094258771e-58
"CACNG1","ENSG00000108878",3.92402008926809,-1.21400305447754,0.299995446493004,-4.04673827109522,5.19362560998467e-05,9.51075049017048e-05
"HLF","ENSG00000108924",1176.1023065817,-1.35762273520898,0.22204824885784,-6.11408890721832,9.7110157430111e-10,2.69049821659535e-09
"SLC16A6","ENSG00000108932",221.199474637223,-1.22387377556908,0.163620662755972,-7.47994632801601,7.43529711536294e-14,2.78267666356806e-13
"MYH1","ENSG00000109061",15.0530484797882,-1.11161046873708,0.330406931870495,-3.36436787946319,0.000767192066217811,0.00123837326484757
"NAT9","ENSG00000109065",1692.63514129669,1.06954094131498,0.080225262055151,13.3317226259693,1.51361766801567e-40,2.62943310036935e-39
"PMP22","ENSG00000109099",3467.30601826076,-1.173556679774,0.106617556471895,-11.0071616590028,3.52948257272839e-28,3.23529875378223e-27
"PHOX2B","ENSG00000109132",6.18965345749234,4.58096098350387,0.753906842326524,6.07629580515176,1.22990442084573e-09,3.37370531997434e-09
"GABRA4","ENSG00000109158",2.04741990380508,-2.14903027550913,0.484930479956422,-4.43162548929126,9.35253569864957e-06,1.83351507895187e-05
"GNRHR","ENSG00000109163",14.9090636650087,1.45698476076936,0.253112019938532,5.75628435632248,8.59854993545925e-09,2.19258734495044e-08
"UGT2B10","ENSG00000109181",1.74807812382398,2.94459276097634,0.624408821941965,4.71580903008129,2.40752171314734e-06,4.97317853652861e-06
"CWH43","ENSG00000109182",41.2306582313138,-2.28546141382989,0.377184589454547,-6.05926508592233,1.36744875121231e-09,3.73211722169644e-09
"ODAM","ENSG00000109205",30.3376775787058,-3.13576037611399,0.313735563287208,-9.99491528234357,1.60424351754274e-23,1.13367809081328e-22
"NMU","ENSG00000109255",241.090012539442,4.59146173588941,0.268614788802214,17.0931085230389,1.67027956897708e-65,8.5634132744146e-64
"CRACD","ENSG00000109265",261.454294333248,1.4317336223366,0.181353303215285,7.89472039909297,2.90966788266853e-15,1.20264928215726e-14
"UCP1","ENSG00000109424",1.80143982977042,-1.11472809733254,0.296772465869052,-3.75617089027525,0.000172532903376044,0.000298562015484289
"GAB1","ENSG00000109458",1308.95261311955,-1.32052741022679,0.104501199689455,-12.6364808648225,1.32868852076616e-36,1.89436045434812e-35
"WFS1","ENSG00000109501",2824.15815970622,-1.74846781556986,0.106706470070101,-16.3857713072244,2.41683728741531e-60,1.00802959402616e-58
"ANXA10","ENSG00000109511",214.129186158412,6.21935342527574,0.444643818794349,13.9872706251478,1.86430380218727e-44,3.92909162927406e-43
"GALNT7","ENSG00000109586",3107.61683417747,1.74725243637918,0.111607222948306,15.6553705954001,3.0532945141131e-55,1.05877129343073e-53
"SOD3","ENSG00000109610",2027.14880522919,-1.06961740858676,0.159716164653304,-6.69698906750345,2.12757531330947e-11,6.71168989440168e-11
"CPZ","ENSG00000109625",11.5639591702852,1.43317514881685,0.201406828932474,7.11582202258571,1.11247776266965e-12,3.86066031952056e-12
"TRIM2","ENSG00000109654",4386.91397234598,1.44135337040762,0.142366095802364,10.1242740575575,4.31166263670095e-24,3.14122880938478e-23
"SLC2A9","ENSG00000109667",230.354665406588,-1.09798651966881,0.110213066437205,-9.96239878957,2.22625202467785e-23,1.56335665139564e-22
"NEIL3","ENSG00000109674",215.06648509756,4.27930476120771,0.219295132896954,19.5139066913014,8.36392586868627e-85,9.59331574156432e-83
"CLNK","ENSG00000109684",71.8050173387168,1.33272117498462,0.178060468214147,7.48465500709458,7.1735322806763e-14,2.68977395427789e-13
"NKX3-2","ENSG00000109705",17.8009382840429,3.60085139099459,0.331255341250941,10.8703194864616,1.59640841457476e-27,1.40504356920738e-26
"BST1","ENSG00000109743",326.4927801965,-1.18325062491531,0.137792994382935,-8.58716098168959,8.91446882059603e-18,4.35929463260248e-17
"HGFAC","ENSG00000109758",29.3864191375158,2.96009881378386,0.288091109635744,10.2748703961276,9.14672919092258e-25,6.90558757017627e-24
"SNX25","ENSG00000109762",1871.07249105214,-1.20392117656409,0.12526355413556,-9.61110504066657,7.17745056006244e-22,4.58337340725186e-21
"LRP2BP","ENSG00000109771",280.14236099936,-1.55711536272273,0.1688771781095,-9.22040136005294,2.95990196223133e-20,1.69639736739927e-19
"NCAPG","ENSG00000109805",581.039492764997,3.20438238486308,0.168470914578792,19.0203893228373,1.15621791831204e-80,1.07192783483716e-78
"UGDH","ENSG00000109814",7439.34932090047,1.88477417082659,0.171729985004682,10.9752188633523,5.02839380024491e-28,4.5555792383153e-27
"CRYAB","ENSG00000109846",643.700200556507,-1.95903062641012,0.160369492419413,-12.2157312893819,2.56187436843737e-34,3.24184003355374e-33
"CCDC34","ENSG00000109881",567.012682723779,1.43913321851339,0.128538806759379,11.1960990987524,4.26085176294977e-29,4.10109847199893e-28
"ZBTB16","ENSG00000109906",1562.20176136641,-2.35987223408144,0.256295103212334,-9.20763683934432,3.3338345481367e-20,1.90643341546213e-19
"CRTAM","ENSG00000109943",118.250588775237,-1.05646509998813,0.161144997065349,-6.55599068682042,5.52736808133405e-11,1.68975221389561e-10
"B3GAT1","ENSG00000109956",274.415477741362,2.27210622614176,0.260063771922331,8.73672718559328,2.39961053395516e-18,1.21563508731766e-17
"P2RX3","ENSG00000109991",10.0277572024583,1.19997180109329,0.227266696446693,5.28001603338636,1.29172582593942e-07,2.978460077775e-07
"LPXN","ENSG00000110031",1262.4091143873,-1.09358594667702,0.102989224618916,-10.6184501410079,2.44588198523973e-26,2.01585289552715e-25
"MS4A4A","ENSG00000110079",1221.86773968662,-1.18707659666714,0.145623232447812,-8.15169788991299,3.588498645777e-16,1.57375015364921e-15
"CCKBR","ENSG00000110148",4.84145492002852,1.02013280065876,0.380941124091613,2.67792773251078,0.00740791996921639,0.0106329144881429
"HPX","ENSG00000110169",79.5439723698975,1.24236792221857,0.22986903205169,5.40467722480864,6.49252013650633e-08,1.5421415402142e-07
"FOLR3","ENSG00000110203",48.9270490934135,-3.29547311517908,0.305460868423483,-10.7885279452893,3.89986031648093e-27,3.3661457135935e-26
"APOA4","ENSG00000110244",1.10309923976513,2.28880435198638,0.94136447995066,2.43136893385477,0.0150418893821905,0.0207769435475941
"APOC3","ENSG00000110245",2.31182871411148,1.57977511955945,0.743614668744569,2.12445394901442,0.033632202910131,0.0443922253371919
"GALNT18","ENSG00000110328",1537.21725578538,-1.4201494496813,0.116228151051043,-12.2186358196271,2.47197970370325e-34,3.132516489969e-33
"NECTIN1","ENSG00000110400",2332.58463285992,1.58494149052851,0.145552170320145,10.8891642566538,1.29826159343066e-27,1.14771712901457e-26
"KIAA1549L","ENSG00000110427",99.5818996537856,1.84261088348948,0.235059452743001,7.83891420654366,4.54458905126776e-15,1.85104329374764e-14
"SLC15A3","ENSG00000110446",2362.08056553407,-1.37348729980947,0.124462346595033,-11.0353640067419,2.58004640496465e-28,2.38364741804051e-27
"MDK","ENSG00000110492",13497.2915888609,3.05605014516194,0.163894336936454,18.6464657796373,1.34905644655896e-77,1.12797509337755e-75
"SLC22A18","ENSG00000110628",1446.52661615031,1.40191566739946,0.129082725752902,10.8605985752353,1.77581351817156e-27,1.55987389693882e-26
"SLC35F2","ENSG00000110660",1879.82117556487,1.8680234818657,0.111276653049531,16.7872004654401,3.02794904232767e-63,1.42905256682597e-61
"C11orf21","ENSG00000110665",110.486943459817,-1.29651665106159,0.167417895384259,-7.74419394107069,9.61900941495238e-15,3.84094924038703e-14
"ELMOD1","ENSG00000110675",20.1902348653855,-1.63486081777389,0.215280859875293,-7.59408346250999,3.09978564519438e-14,1.19227137896524e-13
"CALCA","ENSG00000110680",3151.72092607559,7.06260672316164,0.535371976331329,13.1919619169434,9.76113956019559e-40,1.62169053064605e-38
"HPS5","ENSG00000110756",1605.7197187367,-1.11518802540729,0.0697751516284844,-15.9825955140172,1.68961678228102e-57,6.4461221930393e-56
"POU2AF1","ENSG00000110777",1138.70905480228,1.59013300083038,0.199588932983647,7.96703994084013,1.6252014981789e-15,6.8278305721801e-15
"PTPN5","ENSG00000110786",22.5320609667391,-3.41796669882905,0.23585907859475,-14.491563009545,1.36989731640957e-47,3.31685692591562e-46
"VWF","ENSG00000110799",13084.2556761718,-2.3127438650839,0.145755892347176,-15.8672409591179,1.06835080897289e-56,3.94144351029937e-55
"P3H3","ENSG00000110811",1070.80344604472,1.10132814513566,0.148616997699454,7.41051267475376,1.25812096052187e-13,4.64821371241345e-13
"PPFIBP1","ENSG00000110841",2438.54094455826,-1.11132024456278,0.106522923703495,-10.4326862793977,1.75845399735707e-25,1.37577688564539e-24
"CD69","ENSG00000110848",620.991699615571,-1.14216194594775,0.167753670227419,-6.80856606236603,9.85763208957705e-12,3.17978386477019e-11
"SELPLG","ENSG00000110876",2068.58180344068,-1.4613531475674,0.123920066574552,-11.7927078960068,4.25631886563174e-32,4.82319907933811e-31
"ASIC1","ENSG00000110881",169.502151556241,1.30003723759586,0.166514205808667,7.80736533127793,5.83958180029818e-15,2.3655792880402e-14
"DAO","ENSG00000110887",3.51582867217811,-2.45039024649102,0.218003963655186,-11.2401178648603,2.59036269411765e-29,2.53136863385292e-28
"IL23A","ENSG00000110944",124.249234536956,2.13597424758805,0.177413611579088,12.0395173097295,2.20240520181085e-33,2.65908476896097e-32
"CYP27B1","ENSG00000111012",345.411243871447,2.40498689404564,0.163877932407928,14.6754774038709,9.2561788641853e-49,2.40030157125895e-47
"LIN7A","ENSG00000111052",295.902412930292,-2.50140293141154,0.184882647908093,-13.5296792842074,1.04478456519644e-41,1.9332295992823e-40
"KRT18","ENSG00000111057",27337.6368383429,1.19447788150829,0.130224499085945,9.17245134281501,4.62382534195403e-20,2.61982605584495e-19
"ACSS3","ENSG00000111058",653.903226639595,-1.61077733572688,0.175151514029133,-9.19647965737228,3.6986858564355e-20,2.10766197545224e-19
"TNS2","ENSG00000111077",3957.69809445881,-1.40457587318837,0.115358256930867,-12.1757723335757,4.18414547568578e-34,5.23179000673973e-33
"PPM1H","ENSG00000111110",1336.94079778575,1.06945726803388,0.148489390273294,7.20224701620464,5.92282662810799e-13,2.09151641714498e-12
"SLC6A12","ENSG00000111181",156.041901243801,-1.0689307479432,0.163552816528813,-6.53569147037516,6.33163211733446e-11,1.92673288223581e-10
"FOXM1","ENSG00000111206",1267.52117429541,3.33599589090062,0.171765385411067,19.4218170495583,5.0472167947752e-84,5.44035241619956e-82
"RAD51AP1","ENSG00000111247",437.253503780423,2.06601587867465,0.148940799242142,13.8713897681978,9.44292728960579e-44,1.91567231284486e-42
"ALDH2","ENSG00000111275",10091.445822257,-1.19519436724081,0.127755736035089,-9.35530884431317,8.33558292811351e-21,4.94688508566285e-20
"OGFOD2","ENSG00000111325",26.4967878563831,1.14580696824779,0.129197677757297,8.86863439140315,7.40483615358914e-19,3.88206074703107e-18
"ART4","ENSG00000111339",88.5244316102268,-2.21126659925962,0.216117214693332,-10.2317929758505,1.42849762556e-24,1.0694605863659e-23
"RASAL1","ENSG00000111344",485.7859791893,4.02264737847762,0.197702769038593,20.3469450531184,4.94125264480564e-92,8.84138335735074e-90
"ENDOU","ENSG00000111405",10.7785804981944,-1.58093988377112,0.178620064706903,-8.85085270999805,8.68531200865085e-19,4.52683622985114e-18
"SPRING1","ENSG00000111412",4938.30758762382,-1.0491810548925,0.096125374103738,-10.9147149197071,9.80363892245608e-28,8.74023474038399e-27
"FZD10","ENSG00000111432",251.606119439873,1.50727137245259,0.317402506427072,4.74876959674832,2.04657936393239e-06,4.25376811468849e-06
"ADGRD1","ENSG00000111452",1899.33414250758,-1.27791159765058,0.197571546079399,-6.46809534575904,9.92458731741618e-11,2.97305610029345e-10
"IFNG","ENSG00000111537",43.1576225819659,1.27268615211348,0.252167158909607,5.04699405591389,4.4881530841843e-07,9.86566623283903e-07
"TIMELESS","ENSG00000111602",2036.97949567481,1.70850019131219,0.110535841252179,15.4565267876722,6.81768032452874e-54,2.25487530585569e-52
"GAPDH","ENSG00000111640",54693.8607902588,1.66521497615037,0.119425779727308,13.9435135357931,3.4455188875679e-44,7.16035649886787e-43
"GNB3","ENSG00000111664",47.2321903236047,1.80687265610436,0.168548510395197,10.7201935624811,8.18319007540217e-27,6.92957028013114e-26
"CDCA3","ENSG00000111665",467.786894634312,3.27334683686115,0.163190184771717,20.0584786483339,1.70212412211e-89,2.62552645835467e-87
"TPI1","ENSG00000111669",24704.8783731598,1.11078451404265,0.100330498646492,11.0712547931853,1.72961606124968e-28,1.61103696949196e-27
"SLCO1B3","ENSG00000111700",114.654013903421,7.05267890684369,0.534255612663969,13.2009449029029,8.66413842204844e-40,1.44211561661128e-38
"APOBEC1","ENSG00000111701",37.3330727236321,7.02202380650537,0.565356146374072,12.4205314677152,2.02213673188799e-35,2.71026910439489e-34
"LDHB","ENSG00000111716",710.447213657887,1.00514526253088,0.144727787702799,6.94507446348149,3.78260750962099e-12,1.25779959430679e-11
"RSPH4A","ENSG00000111834",263.018428169431,-1.77310810015926,0.258028361661168,-6.87175661134348,6.3416087959072e-12,2.07517202240614e-11
"NEDD9","ENSG00000111859",7837.12026644516,-1.57979131453354,0.147704983284169,-10.6955857507812,1.06743049991065e-26,8.99224761530195e-26
"ADTRP","ENSG00000111863",225.892960049053,-2.09197216527386,0.18679525229593,-11.1992791013749,4.11064839152325e-29,3.97148119165905e-28
"FAM184A","ENSG00000111879",599.72302969857,-1.24739815144593,0.175255497126034,-7.11759786084697,1.09824240764027e-12,3.8119983316988e-12
"GABRR2","ENSG00000111886",51.9862919698907,1.12246964323037,0.156123225856245,7.18963906282536,6.49628244753393e-13,2.2890504496598e-12
"SERINC1","ENSG00000111897",9697.53555580669,-1.16758746066003,0.0645831670342201,-18.0788201365437,4.67988747988501e-73,3.25825784737675e-71
"SASH1","ENSG00000111961",1962.02281799998,-1.83906063290571,0.100883531501095,-18.2295425778761,3.00826608073002e-74,2.24278770760426e-72
"UST","ENSG00000111962",516.929665643166,-1.04361658538026,0.16204000505495,-6.44048724280373,1.19090565838621e-10,3.55266337871031e-10
"OPRM1","ENSG00000112038",2.51107592541633,2.17617812868835,0.42378297643465,5.13512398963465,2.81958072502648e-07,6.31186762328272e-07
"TULP1","ENSG00000112041",10.3162077040477,1.549434658751,0.226932757295951,6.82772587445511,8.6271231243644e-12,2.79646945768573e-11
"IL17A","ENSG00000112115",2.94995114820397,2.22484612252283,0.468526650923773,4.74860099876113,2.0482859160515e-06,4.25667594609865e-06
"PHACTR1","ENSG00000112137",395.886771904479,-2.17452750071827,0.148826462163853,-14.6111616785205,2.38417715711728e-48,6.0339578320084e-47
"MDGA1","ENSG00000112139",358.5378942168,-1.87214588290505,0.149791350266448,-12.4983577461242,7.62093633622291e-36,1.04411496067409e-34
"CD83","ENSG00000112149",1526.86527028052,-1.69729040832528,0.122320304719365,-13.8757862990885,8.88137759094887e-44,1.803796699601e-42
"RBM24","ENSG00000112183",43.6102067336634,-1.08703144594331,0.240207613045445,-4.52538298916301,6.02862297017458e-06,1.20109287167725e-05
"TSPO2","ENSG00000112212",10.6983046052344,1.20195681787361,0.212776601901697,5.64891443481608,1.61464192471994e-08,4.02546857447596e-08
"FHL5","ENSG00000112214",166.82518531849,-2.74714301947154,0.171853384673909,-15.9853879205477,1.61558090530142e-57,6.20334530870348e-56
"KHDRBS2","ENSG00000112232",122.610648183191,-1.70138822679808,0.24838764821623,-6.84972960216188,7.39897071125492e-12,2.41103228804379e-11
"PRDM13","ENSG00000112238",8.28264512622016,4.99739985839026,0.563603199552106,8.86687631007362,7.52263941928366e-19,3.94151060407738e-18
"E2F3","ENSG00000112242",1315.2526051799,1.36050528208029,0.085307025072267,15.9483381459821,2.92579378297107e-57,1.10445629026796e-55
"PTP4A1","ENSG00000112245",34.0168661611132,1.13788374679408,0.200374426865386,5.67878728136564,1.35653050840748e-08,3.40628932527507e-08
"SIM1","ENSG00000112246",9.33360970457971,3.7613495255812,0.503802710329285,7.46591760715774,8.27210981064055e-14,3.08681670160149e-13
"COL9A1","ENSG00000112280",14.1312771156143,2.2130057366341,0.280749297740874,7.88249785285896,3.20900531434567e-15,1.32027436398223e-14
"WASF1","ENSG00000112290",383.686827366333,1.25896026547002,0.134736506752119,9.34386897669975,9.28767789357877e-21,5.49369985288611e-20
"GMNN","ENSG00000112312",833.44545484394,1.35706444139559,0.109429325790595,12.4012866897534,2.57160715127079e-35,3.43452227034513e-34
"EYA4","ENSG00000112319",170.950835746642,-1.36452016746282,0.258435418565676,-5.27992708985459,1.29235302009787e-07,2.97913844223282e-07
"SOBP","ENSG00000112320",249.003440563778,-1.41548425433973,0.16151060756031,-8.76403275129264,1.88387064278881e-18,9.61989081376147e-18
"NR2E1","ENSG00000112333",14.7381237257386,4.78238416854563,0.432990988484486,11.0449969993244,2.31775404323194e-28,2.14878617075384e-27
"PHACTR2","ENSG00000112419",2074.67176597159,-1.44493054552398,0.116727785722183,-12.3786340722935,3.41098570478781e-35,4.52429705083531e-34
"EPM2A","ENSG00000112425",227.708502641151,-1.1384127762704,0.0890066520530399,-12.7901988223533,1.85997456689943e-37,2.75729286872672e-36
"UNC93A","ENSG00000112494",16.9764829587113,5.84111445020328,0.5004406482398,11.6719424586077,1.77327484863936e-31,1.95256657641255e-30
"PACRG","ENSG00000112530",84.7514190609627,-2.04431853997474,0.253209627373151,-8.07362090131769,6.82435378286011e-16,2.94449390491237e-15
"QKI","ENSG00000112531",5528.12598277461,-1.32128605127568,0.0908689031109144,-14.5405744544195,6.70277973807628e-48,1.65653090957733e-46
"C6orf118","ENSG00000112539",84.2836942085717,-1.9660629882579,0.348936323196479,-5.63444633750798,1.75621634368394e-08,4.36990391288232e-08
"PDE10A","ENSG00000112541",672.100031324142,1.6147871886938,0.254005413481025,6.357294384257,2.05338249249933e-10,5.99562221577847e-10
"MDFI","ENSG00000112559",1106.88528544603,1.43793146280984,0.174692472473359,8.23121593306847,1.85322553988069e-16,8.30447397572882e-16
"BYSL","ENSG00000112578",1168.36993554917,1.22995616228737,0.102173462202106,12.0379219395976,2.24540746068653e-33,2.70735011415526e-32
"GMDS","ENSG00000112699",1415.25903871704,1.4761042054099,0.12282172566421,12.0182662914663,2.84886105673914e-33,3.40967698249053e-32
"TTK","ENSG00000112742",458.196609051364,3.28966090072229,0.169058809033764,19.4586778383449,2.46050817355046e-84,2.75161704683365e-82
"CCN6","ENSG00000112761",36.9953348748384,3.17591040821179,0.340360039480343,9.33103196562301,1.04845048703208e-20,6.1873102125544e-20
"CLIC5","ENSG00000112782",3415.82532261739,-3.62883307200226,0.208876049717124,-17.3731410418605,1.31808969815804e-67,7.43993027417723e-66
"LY86","ENSG00000112799",528.954854674745,-1.39975065729161,0.14614422632511,-9.57787175374104,9.90651832267675e-22,6.24585385298291e-21
"MEP1A","ENSG00000112818",21.3113488517852,1.08745715441468,0.230799453297513,4.71169727171275,2.45662129572145e-06,5.06817996591074e-06
"TBX18","ENSG00000112837",136.904947167184,2.68981410367452,0.33765638874964,7.96612826914087,1.63723002088961e-15,6.87675041403235e-15
"CEP72","ENSG00000112877",374.154622991515,1.28798715427644,0.111545521051028,11.5467402199613,7.6673715354755e-31,8.1516505575914e-30
"SEMA5A","ENSG00000112902",1519.85432802749,-2.49933953551221,0.168765088428379,-14.8095767838435,1.27037643273923e-49,3.46506791326267e-48
"C7","ENSG00000112936",5224.02061778904,-1.79565259526805,0.224841509098066,-7.98630378559178,1.39044795686718e-15,5.87191061888704e-15
"GHR","ENSG00000112964",145.950124087428,-2.00633379798567,0.16978686907691,-11.8167783462504,3.19711361026366e-32,3.63905558705138e-31
"KIF20A","ENSG00000112984",847.495361489829,3.15270046709051,0.147255785087979,21.409688354226,1.08536022050761e-101,3.13231458476494e-99
"HBEGF","ENSG00000113070",1801.12161841871,-2.57802323816227,0.151850318735028,-16.9773976086333,1.20721623127758e-64,5.98486773793359e-63
"PDE8B","ENSG00000113231",107.19537328241,-1.35401613703964,0.12703413050174,-10.658679928707,1.58835853593307e-26,1.32188368760235e-25
"HAVCR1","ENSG00000113249",123.833553974162,5.26073640297823,0.337830687594211,15.5721093321671,1.12630852806438e-54,3.83137613928822e-53
"THBS4","ENSG00000113296",320.569844295997,1.6859377411472,0.264640496245167,6.37067177951982,1.88202017726816e-10,5.51868027398544e-10
"BTNL8","ENSG00000113303",44.1642341294188,-1.34882568712052,0.306407515856814,-4.40206462739261,1.07225604722512e-05,2.08928209223556e-05
"GABRG2","ENSG00000113327",17.3855681462403,4.89571570063497,0.653708041440024,7.48914712728701,6.9322597236749e-14,2.60312535646831e-13
"LMNB1","ENSG00000113368",2025.82259809108,1.87057274397824,0.121744698954181,15.3647161646212,2.82272136041055e-53,9.00302197893512e-52
"NPR3","ENSG00000113389",1188.4343116368,-1.76620043117848,0.16432145556009,-10.7484468486381,6.02678683933e-27,5.15721171287096e-26
"SLC27A6","ENSG00000113396",28.4858317396798,-2.45726469229443,0.349187714324613,-7.03708805175803,1.96298818195217e-12,6.68514418341647e-12
"IRX4","ENSG00000113430",6.814636700558,3.87821597072073,0.591703600803209,6.5543220718215,5.58952150483898e-11,1.70816922777257e-10
"BRIX1","ENSG00000113460",1757.34570249601,1.24895754472127,0.0961377311706155,12.9913357587433,1.37014609962307e-38,2.14676218568788e-37
"AGXT2","ENSG00000113492",2.7066107555048,1.43374879713727,0.510278941105862,2.80973538517989,0.00495822473252382,0.0072749089904919
"PRLR","ENSG00000113494",520.397710684087,1.5880823435017,0.263980324382969,6.01591178135605,1.78876972385513e-09,4.82897656441458e-09
"SLC12A7","ENSG00000113504",7775.39824200307,1.18633157263795,0.123827957870589,9.58048241317011,9.65927016641042e-22,6.09641344224274e-21
"PCDH12","ENSG00000113555",1058.16979073351,-1.7057183897308,0.111001405387521,-15.3666377806291,2.74025364916921e-53,8.75559974010441e-52
"NUP155","ENSG00000113569",2536.60134692584,1.34102189461113,0.102740812032357,13.052475137035,6.15158610375894e-39,9.76666638461035e-38
"LIFR","ENSG00000113594",3940.0922712805,-1.58616448865465,0.150343209372048,-10.5502902011985,5.0640440021534e-26,4.08894130552937e-25
"CDX1","ENSG00000113722",17.3962618779428,1.82915234694089,0.194920200548009,9.38410868549446,6.34508149938766e-21,3.79961657525246e-20
"DBN1","ENSG00000113758",4763.03118154966,1.14131903444314,0.11238252956,10.1556624406982,3.12679446924441e-24,2.2929398950078e-23
"KNG1","ENSG00000113889",12.7237640657927,2.61949056226621,0.43206860936704,6.06267269937439,1.33877930413519e-09,3.65721802883833e-09
"HRG","ENSG00000113905",4.18955977175167,3.10546061060444,0.417301275928286,7.44177118485043,9.93441918694394e-14,3.69095852392002e-13
"HGD","ENSG00000113924",1062.34166559213,3.80559260000565,0.288502705540436,13.1908385152813,9.90770366595868e-40,1.64451337379405e-38
"ARL6","ENSG00000113966",388.492028881559,-1.00196090183337,0.0901099108300396,-11.1193196464616,1.01039543018698e-28,9.57067518916652e-28
"RBP2","ENSG00000114113",35.5293457855003,-2.83533433987319,0.284881053638277,-9.95269535710617,2.45443746955179e-23,1.72089536217438e-22
"KAT2B","ENSG00000114166",1190.91733163887,-1.11104357113883,0.0990025469610948,-11.2223736180791,3.16655323172425e-29,3.07762829849223e-28
"BCHE","ENSG00000114200",199.857319792655,-2.43228231146851,0.213529694807529,-11.3908387011976,4.64497018471308e-30,4.75471690589651e-29
"LRRC31","ENSG00000114248",313.69644267064,1.6468386726028,0.284673681003806,5.78500501625501,7.25101662382565e-09,1.85877421848299e-08
"COL7A1","ENSG00000114270",1216.69958657918,3.15008073278861,0.236115535699202,13.3412683899023,1.33174168469313e-40,2.32250038637564e-39
"ECT2","ENSG00000114346",2322.25349296716,2.17085734344901,0.129719203157624,16.7350499433084,7.27960477283658e-63,3.36573561241253e-61
"GNAT1","ENSG00000114349",1.93855271182005,1.12735213368476,0.475436237387856,2.37119522036996,0.0177306632170419,0.0242920947122917
"HYAL1","ENSG00000114378",1101.9904435526,-1.8911951326463,0.203798650833241,-9.27972351590185,1.69918911559334e-20,9.90667671727328e-20
"HHLA2","ENSG00000114455",1392.47005730699,2.24095326933982,0.372633058567203,6.01383376439122,1.8118631416617e-09,4.88910680044531e-09
"FRMD4B","ENSG00000114541",1677.28614658914,-1.10086663722029,0.0949512632705002,-11.5940178076842,4.41906016936755e-31,4.75467490141272e-30
"PODXL2","ENSG00000114631",2235.48064640268,3.24695387209447,0.192681397367724,16.8514133510138,1.02437020615516e-63,4.9271656179393e-62
"UPK1B","ENSG00000114638",197.871935297795,3.00866770919687,0.470429805755807,6.39557203303275,1.59947415511637e-10,4.71489144275076e-10
"EFCC1","ENSG00000114654",290.556318673617,-2.57776610543436,0.149022456248207,-17.2978366504771,4.88386755300137e-67,2.68883206541088e-65
"MRPL3","ENSG00000114686",3632.18879235033,1.05577022750798,0.0739257187418,14.2815010185489,2.85387576637382e-46,6.56354744058186e-45
"PLSCR4","ENSG00000114698",1266.4984211359,-1.42194251944835,0.109751583093905,-12.9560091924297,2.17259908861357e-38,3.35992355164759e-37
"AADAC","ENSG00000114771",275.949167156056,-1.35728076062605,0.317062005378889,-4.28080545003839,1.86218101266954e-05,3.55299689269526e-05
"ARHGEF26","ENSG00000114790",1127.90782946712,-2.66361691105063,0.139399359927326,-19.1078130662815,2.17390126905501e-81,2.10257380579466e-79
"VIPR1","ENSG00000114812",1165.37198625084,-3.20050582659525,0.176562029266187,-18.126806991837,1.95803635479147e-73,1.40140577985135e-71
"ZBTB47","ENSG00000114853",658.979548917707,-1.09228720031027,0.08762800233266,-12.4650473733687,1.15802948499725e-35,1.57571266730462e-34
"TNNC1","ENSG00000114854",634.43829040801,-3.56905159841304,0.204575448894912,-17.446138418332,3.68306337464793e-68,2.1258404181476e-66
"CLCN2","ENSG00000114859",264.913429020806,1.30299503911976,0.099684434975167,13.0711985220597,4.81016333391537e-39,7.69153284483894e-38
"SLC4A3","ENSG00000114923",352.284662820464,1.7952237115578,0.1828789645661,9.8164582012872,9.56450193089274e-23,6.47725416009036e-22
"IL1A","ENSG00000115008",102.624631032037,-1.30751125543063,0.25973531074845,-5.03401424959479,4.80313944972243e-07,1.05283075062947e-06
"CCL20","ENSG00000115009",1702.0049874276,1.30801996021281,0.267440573566358,4.89088077687757,1.00385758014626e-06,2.14011958555428e-06
"CENPA","ENSG00000115163",279.887063988902,3.62315320028287,0.182362738565256,19.8678371951865,7.72606515602219e-88,1.05528613615805e-85
"SLC30A3","ENSG00000115194",43.0822117614278,1.26951535070919,0.257970718719096,4.92116065347541,8.60324714399135e-07,1.8437884914054e-06
"FNDC4","ENSG00000115226",581.468344557858,1.94108025529677,0.188819502057737,10.2800835408581,8.66524601242285e-25,6.55590895984279e-24
"REEP6","ENSG00000115255",922.208122724034,2.22362340714761,0.19366753847131,11.4816526543348,1.63132143385124e-30,1.71629700235819e-29
"GCG","ENSG00000115263",4.01701104360146,3.47695042676269,0.74985197594052,4.63684905597753,3.53760553649608e-06,7.19217996415457e-06
"GRB14","ENSG00000115290",422.449840559529,1.56951579631168,0.199910350516932,7.85109821604134,4.1240982221234e-15,1.68437547337261e-14
"TLX2","ENSG00000115297",9.43709665360731,2.7081458224265,0.321807024465463,8.41543414698565,3.91442451231787e-17,1.82731014346213e-16
"SPTBN1","ENSG00000115306",21650.8143917247,-1.739214622972,0.0956863488902538,-18.1762042667838,7.96603736546643e-74,5.8178084318486e-72
"ACADL","ENSG00000115361",301.328381336036,-3.10169875113543,0.233455675602843,-13.2860284639731,2.78998481735942e-40,4.8001152247127e-39
"EFEMP1","ENSG00000115380",6327.75855940999,-1.60382031806325,0.147748692913078,-10.8550558819955,1.88691346817103e-27,1.65098008244422e-26
"REG1A","ENSG00000115386",51.9528606389265,4.99957405129761,0.639244157909193,7.82107116574982,5.23757225447447e-15,2.12748877069947e-14
"DNAH6","ENSG00000115423",232.376639768914,-1.25743112993987,0.23763981103461,-5.29133197196801,1.21428722196188e-07,2.81149602258851e-07
"IGFBP2","ENSG00000115457",8968.63250349934,1.55100569722886,0.234098548354509,6.62543919272873,3.46217234307511e-11,1.07512408425274e-10
"KCNJ13","ENSG00000115474",5.40015479443457,2.21076154438791,0.454435208923725,4.86485532145239,1.14540561650879e-06,2.43405495204178e-06
"OTX1","ENSG00000115507",262.451360823105,3.30328782763553,0.177257844551572,18.6354958562889,1.65612526332507e-77,1.37828136449654e-75
"HSPE1","ENSG00000115541",938.850205818867,1.35744243589583,0.105838618266947,12.8255872773403,1.17889899767952e-37,1.76077126589981e-36
"WNT6","ENSG00000115596",12.02430985585,1.85082722105988,0.246999515663928,7.49324230893694,6.71926862240393e-14,2.52579566093852e-13
"IL1RL2","ENSG00000115598",149.850607161585,2.27424633814182,0.153101474801591,14.854503139758,6.50484165526845e-50,1.80451367035222e-48
"IL1RL1","ENSG00000115602",585.209453438137,-2.87194816022686,0.276672885721065,-10.3803021851671,3.04808840989116e-25,2.36511040408424e-24
"IL18R1","ENSG00000115604",297.436560614763,-1.46889248155557,0.15011331110802,-9.78522471267433,1.30305510018033e-22,8.76195599681573e-22
"SLC9A2","ENSG00000115616",141.786431837026,2.36137439954481,0.307814141794834,7.67142921301753,1.70090339054592e-14,6.67271746701121e-14
"FHL2","ENSG00000115641",2864.05725982,2.34788224587256,0.159301477171961,14.7386093811176,3.64207199025919e-49,9.69755864906364e-48
"ABCB6","ENSG00000115657",40.1302865082849,2.43798658070102,0.176935149168472,13.7789839506657,3.41038213937039e-43,6.72048101539144e-42
"SLC5A7","ENSG00000115665",25.3747758822519,-1.37115262847943,0.401367371724355,-3.4162035209506,0.000635007687180073,0.00103330234146172
"TPO","ENSG00000115705",26.8165052669071,1.87376159249906,0.247954673474687,7.55687144848412,4.12879657743646e-14,1.57385081295421e-13
"PROC","ENSG00000115718",193.03502627136,3.91835634529243,0.260397905279998,15.0475724490915,3.58136763981715e-51,1.04708188201386e-49
"HPCAL1","ENSG00000115756",4112.52327651698,-1.09754706109809,0.0999258811452168,-10.9836115380668,4.58230310887903e-28,4.16621694751893e-27
"ODC1","ENSG00000115758",13877.7423698111,1.25945283558402,0.222632327197502,5.65709774244388,1.53954096996327e-08,3.8457359452119e-08
"QPCT","ENSG00000115828",2130.99310277821,2.67164543691015,0.236334838330555,11.3044926248808,1.24672686482541e-29,1.24623931800676e-28
"DLX2","ENSG00000115844",3.85361585899918,2.89893841538821,0.453099701744282,6.39801439777661,1.57410448156523e-10,4.64393264445947e-10
"LCT","ENSG00000115850",61.6962239543935,4.01969765694075,0.356374194996525,11.279429637098,1.6581755197079e-29,1.64102514237464e-28
"PLCL1","ENSG00000115896",248.945348727755,-1.73812753108976,0.119035284269835,-14.6017841831645,2.73590510945646e-48,6.90459099062121e-47
"SLC1A4","ENSG00000115902",2106.51733059248,1.10950296032607,0.102668287069887,10.8066764527865,3.20056465812893e-27,2.77057104150464e-26
"KYNU","ENSG00000115919",1957.46169681664,1.18755686485166,0.24684139563299,4.81101179081548,1.501681570255e-06,3.15778450306414e-06
"PCYOX1","ENSG00000116005",6606.1652914517,-1.12716252257426,0.0835451057739136,-13.4916643187279,1.75102636930666e-41,3.20359047300655e-40
"KISS1R","ENSG00000116014",80.6173866091893,6.28499110296028,0.342016061381522,18.3763039594486,2.03361563878154e-75,1.58206454890079e-73
"EPAS1","ENSG00000116016",26930.0789178205,-2.71632671710257,0.110715057929642,-24.5343927727406,6.34762845282139e-133,2.83945289765833e-129
"CD207","ENSG00000116031",565.029394010186,1.40886917472659,0.297769945199057,4.73140153142309,2.22974972119201e-06,4.61930204484064e-06
"GRIN3B","ENSG00000116032",85.6539951803803,-1.20475578469612,0.230249432245478,-5.2323941603108,1.67328465734613e-07,3.81548137809282e-07
"VAX2","ENSG00000116035",49.5095120590251,1.47225522381744,0.204935813314902,7.18398214544957,6.77097106915994e-13,2.3816195270391e-12
"PARD3B","ENSG00000116117",845.356064902442,-1.12368031410238,0.114380996325221,-9.82401229403007,8.87396321833401e-23,6.02130541773418e-22
"BCL9","ENSG00000116128",2223.50409324033,1.29370275408333,0.0977757484751932,13.2313255000196,5.78579198387759e-40,9.76652603467186e-39
"DHCR24","ENSG00000116133",29904.751583722,-1.00875905155649,0.108142921774857,-9.32801735888575,1.07869749475823e-20,6.35532903316068e-20
"TNR","ENSG00000116147",66.2442885743194,-3.81120657743692,0.255775324892271,-14.9006030157215,3.26618351543779e-50,9.18896566693841e-49
"RALGPS2","ENSG00000116191",1546.0698355023,1.66760133491636,0.111763804473933,14.9207638623764,2.41492920255542e-50,6.84791255488496e-49
"ANGPTL1","ENSG00000116194",188.138943468795,-2.24612402967123,0.199674391507207,-11.2489338904041,2.34408183717218e-29,2.30074911204179e-28
"ELAPOR1","ENSG00000116299",5145.42927806852,1.17485150661369,0.250280649598064,4.69413639648303,2.67735358057499e-06,5.50326107033065e-06
"OPRD1","ENSG00000116329",82.3234805055005,2.25775851309533,0.258760004740202,8.72529939610316,2.6547731797292e-18,1.34110266812237e-17
"DLGAP3","ENSG00000116544",42.1017298583495,1.16977320037785,0.206897047864724,5.65389024372495,1.56856395021329e-08,3.91495533005529e-08
"SRM","ENSG00000116649",2842.49222151985,1.01854169244912,0.100279168843358,10.1570615731781,3.0822598436143e-24,2.26399324227384e-23
"FBXO2","ENSG00000116661",897.466656725532,1.16843085661835,0.199525060446272,5.85606065726758,4.73975165948765e-09,1.23357638462855e-08
"C1orf21","ENSG00000116667",2124.50047720777,-1.07886398187126,0.132438435684127,-8.14615467404349,3.75679541618363e-16,1.64594369201209e-15
"LEPR","ENSG00000116678",1253.5296633159,-1.82672586213851,0.172879413345862,-10.5664742075679,4.2621851691808e-26,3.46493772067933e-25
"PRG4","ENSG00000116690",584.576054903672,-3.09151772258777,0.266416030183351,-11.604097998383,3.92807599595868e-31,4.23914739419111e-30
"NCF2","ENSG00000116701",2439.69060881485,-1.66877425373087,0.131587948108745,-12.6818168207303,7.45828084696593e-37,1.07970080254661e-35
"PDC","ENSG00000116703",6.15816176282623,1.76092225187878,0.329334484064343,5.34691123184885,8.94678665071362e-08,2.10002431511503e-07
"PLA2G4A","ENSG00000116711",2552.89670676869,2.42889694368657,0.217224373489639,11.1815120221876,5.02268538017568e-29,4.8214007246504e-28
"RPE65","ENSG00000116745",2.8020454323776,1.45382667033254,0.414168804564325,3.51022736215456,0.00044772368476126,0.000740262418354577
"CTH","ENSG00000116761",338.696498997618,1.14475461694109,0.13867776297511,8.2547813894759,1.52180530953192e-16,6.85022953546028e-16
"AGMAT","ENSG00000116771",163.943874771392,2.59636682438511,0.153036619298147,16.9656572151979,1.47440796669559e-64,7.26765337412789e-63
"CFHR3","ENSG00000116785",59.2616271106213,2.531038118204,0.245381222349978,10.3147180292145,6.04585142979387e-25,4.61315222316852e-24
"NR5A2","ENSG00000116833",214.266076760686,-1.15267335428364,0.149600453816264,-7.7050124172707,1.30830569000986e-14,5.1722301615878e-14
"NT5C1A","ENSG00000116981",11.6992517403591,2.32263047554221,0.360804797305914,6.4373602925599,1.21569130163907e-10,3.62237543051254e-10
"BMP8B","ENSG00000116985",366.873421694072,1.22125357150485,0.125502830289392,9.73088470346694,2.22647998197215e-22,1.47222491934322e-21
"KMO","ENSG00000117009",193.897898364342,-1.26671230687344,0.14385345682862,-8.80557433098421,1.30184225299516e-18,6.72261570933401e-18
"ST6GALNAC5","ENSG00000117069",529.517495065555,-2.16103827663218,0.165317608356873,-13.0720393194119,4.75728376387536e-39,7.61378160885705e-38
"ADGRL2","ENSG00000117114",2317.22287580397,-1.873378697984,0.140152582355066,-13.3667083867063,9.46369628878469e-41,1.6716082694494e-39
"MFAP2","ENSG00000117122",843.280568171475,1.5150405221933,0.158947297873224,9.5317161251882,1.54704330108544e-21,9.64839518519404e-21
"KDM5B","ENSG00000117139",5597.42804957645,1.11353462390154,0.0800233263317247,13.9151254383697,5.12699089720455e-44,1.05203266196882e-42
"ACTL8","ENSG00000117148",14.7353683843771,5.77959886714947,0.591768459498323,9.76665581678546,1.56533777785381e-22,1.04665877649993e-21
"PLA2G2D","ENSG00000117215",460.211188720421,1.13179984153797,0.246672324992068,4.58827248486173,4.46929036447638e-06,9.00754815178823e-06
"KIF17","ENSG00000117245",120.222806945792,-1.99965612127669,0.128944386453464,-15.5078958943154,3.06767853323429e-54,1.02983061904617e-52
"GPR89A","ENSG00000117262",209.286749818089,1.06471776636331,0.0785570610703147,13.5534317584807,7.56108679498408e-42,1.40342869318102e-40
"GALE","ENSG00000117308",3620.71037568675,1.07063189331687,0.11218550614583,9.54340654242054,1.38215979340233e-21,8.65627762805319e-21
"ID3","ENSG00000117318",2253.61342195417,-1.14918000356225,0.128886564774365,-8.91621252823415,4.82507095871665e-19,2.56034978245306e-18
"CR2","ENSG00000117322",550.612165287582,1.72122396620961,0.260190439856111,6.61524676756559,3.7093245270107e-11,1.15087469675399e-10
"SLC2A1","ENSG00000117394",7728.02650721121,3.49879128713733,0.184749465227245,18.9380320145108,5.54305920875163e-80,5.03461717879152e-78
"CDC20","ENSG00000117399",1507.42800489859,3.76370631966126,0.173432166845512,21.7013163596916,1.99373009048308e-104,7.43204427271121e-102
"ARTN","ENSG00000117407",106.065439779756,2.61104872350899,0.216208184365281,12.0765489575438,1.40493486355279e-33,1.70893946387153e-32
"B4GALT2","ENSG00000117411",2833.41157008058,1.20085184306804,0.0868994554030107,13.8188650032258,1.96137968795759e-43,3.9081254740117e-42
"CCDC181","ENSG00000117477",106.95742270995,-1.1071149519525,0.209501388647886,-5.28452321532461,1.26032566594698e-07,2.91130998461003e-07
"MROH9","ENSG00000117501",33.7073775238175,-2.22989094513757,0.319391986447921,-6.98167468112468,2.9168193518037e-12,9.7937040085989e-12
"TNFSF4","ENSG00000117586",226.226150532138,1.26807844724324,0.146336463447408,8.66549879209688,4.49540470293359e-18,2.23994086186552e-17
"DARS2","ENSG00000117593",1603.96712121852,1.23163492930813,0.0917304307485111,13.4266777039867,4.21919610956309e-41,7.56453667218561e-40
"UTP25","ENSG00000117597",1533.80676038635,1.03432790577917,0.0704729993046762,14.6769389125537,9.05885949492305e-49,2.35596181602701e-47
"PLPPR5","ENSG00000117598",5.0674315741923,-2.42781182443598,0.301264991931342,-8.05872533968128,7.70941003366223e-16,3.31916443051776e-15
"STMN1","ENSG00000117632",6415.10938028504,1.0251977880429,0.139378513705069,7.35549376148652,1.90222641175491e-13,6.95901394102037e-13
"NEK2","ENSG00000117650",674.694905628265,3.73222667692374,0.167797892852053,22.2423929972376,1.33635984602306e-109,7.71338281448086e-107
"PROX1","ENSG00000117707",414.257322137524,1.0298799416507,0.233267540644518,4.41501607469749,1.01002484706542e-05,1.97275129227612e-05
"CENPF","ENSG00000117724",2334.4351461564,3.49033551528696,0.160927367811846,21.6888871218463,2.61230083113323e-104,9.34837975429338e-102
"STX12","ENSG00000117758",3296.7389762026,-1.03270359420262,0.0569022898297954,-18.1487176929367,1.3143342202052e-73,9.52120736928404e-72
"MTARC2","ENSG00000117791",912.81310687452,-1.46925930873195,0.122706603706428,-11.9737590671738,4.87679784406569e-33,5.77501944565635e-32
"SLC5A9","ENSG00000117834",146.808165968297,-2.4809074281853,0.225357839170298,-11.0087469658002,3.46793239653947e-28,3.18377190206674e-27
"POLR1G","ENSG00000117877",185.310687310537,1.17266961516607,0.10151201643194,11.5520275961842,7.20991194953145e-31,7.67898538767656e-30
"CHRNB4","ENSG00000117971",28.2544658196476,3.34935240636146,0.253686780386256,13.2027076904119,8.46371697430186e-40,1.41138199274169e-38
"MUC5B","ENSG00000117983",30805.9093656197,3.94348473121501,0.354654159031405,11.1192400562425,1.01129713777612e-28,9.57414798213125e-28
"MMP8","ENSG00000118113",25.9287497827189,1.74641561250395,0.296439589383672,5.89130357431314,3.83160919052448e-09,1.0074795480684e-08
"APOA1","ENSG00000118137",14.8712721530689,-1.55511220027372,0.268640916300677,-5.7888136389959,7.08852897761859e-09,1.81816297300071e-08
"SLC8A2","ENSG00000118160",34.0671285874655,1.73136552113536,0.295817184489187,5.85282266182428,4.83299381166176e-09,1.25674695933823e-08
"KIF14","ENSG00000118193",438.696552247029,3.75747694593012,0.169386123239506,22.1829089306046,5.02243756246109e-109,2.64313162662107e-106
"TNNT2","ENSG00000118194",54.2700228171641,1.33189317933969,0.252319776032856,5.27859211148893,1.30180222323864e-07,3.0005342239352e-07
"TTR","ENSG00000118271",30.9480148403288,2.85713577420191,0.484839613829177,5.89295035452395,3.79360409643035e-09,9.97674793015205e-09
"CFAP94","ENSG00000118307",119.076343339918,-1.12711338030588,0.210496386214565,-5.35454978859818,8.57697022150329e-08,2.01639374817183e-07
"ATP10B","ENSG00000118322",732.204446124008,5.515622435194,0.271014284446182,20.3517775694561,4.47740620068476e-92,8.09234637867196e-90
"ELOVL4","ENSG00000118402",100.698561339712,1.97771499418641,0.231368232916177,8.54791070173803,1.2533662819512e-17,6.06613007383089e-17
"FILIP1","ENSG00000118407",367.511167897001,-1.79675244701951,0.173007223148518,-10.385418679757,2.88898941115298e-25,2.2436062297639e-24
"CNR1","ENSG00000118432",315.520885743066,-1.51279935141548,0.207941091628215,-7.2751342198408,3.46076188066115e-13,1.241696657924e-12
"ADGB","ENSG00000118492",56.1532019166937,-1.99889799429598,0.337470712007516,-5.92317473242378,3.15784994645393e-09,8.36591784007998e-09
"PLAGL1","ENSG00000118495",858.549356693114,-1.17481931241058,0.139191685612737,-8.44029804825553,3.16529497651444e-17,1.48965341964158e-16
"TNFAIP3","ENSG00000118503",3211.1079887784,-1.13000925343292,0.132498289256683,-8.52848183755643,1.48280772992662e-17,7.13990277491307e-17
"AKAP7","ENSG00000118507",280.558392332964,-1.090181099319,0.105765313896603,-10.3075484689127,6.51418060761094e-25,4.95992483455245e-24
"SGK1","ENSG00000118515",5787.81116737726,-1.19275892416327,0.129623901953038,-9.20168970530911,3.5236458327392e-20,2.01240328391964e-19
"ARG1","ENSG00000118520",13.8050119060652,-1.19921863299759,0.204706264501379,-5.85824100653996,4.67795444883271e-09,1.21767004586796e-08
"CCN2","ENSG00000118523",10497.266115893,-1.60482472355904,0.147094054732376,-10.9101943411572,1.03035842495244e-27,9.17224044660403e-27
"TCF21","ENSG00000118526",281.349964596992,-3.08540845056529,0.200827222976807,-15.3634970639494,2.87631661535083e-53,9.15763935915879e-52
"SLC16A7","ENSG00000118596",1180.90682203879,1.16849235612822,0.181620278161329,6.43371086069075,1.24525639625507e-10,3.70368562137499e-10
"CASQ2","ENSG00000118729",69.3378823708342,-2.73768224654215,0.218258921470129,-12.5432776268751,4.32720725653266e-36,6.01139126095799e-35
"OLFM3","ENSG00000118733",2.71318309562127,1.19521038189501,0.572515567117467,2.08764695764121,0.0368296928348459,0.0483487669768084
"ABCG2","ENSG00000118777",293.14283606578,-2.03583955877277,0.139586852084102,-14.5847515605994,3.51198141737302e-48,8.82582633441791e-47
"SPP1","ENSG00000118785",24295.0804300755,4.81189496785343,0.239281858372585,20.1097358595437,6.06459092036797e-90,9.68872547662001e-88
"PCDH17","ENSG00000118946",1152.89063603685,-1.68046550305309,0.126602130261185,-13.2735957885245,3.29387811374905e-40,5.63454694926499e-39
"CCND2","ENSG00000118971",2090.54951518825,-1.23207422303786,0.143685383506541,-8.57480554368128,9.92543492039588e-18,4.84308172976939e-17
"SATB2","ENSG00000119042",296.6501874912,1.2995555241066,0.145283836364369,8.94494223601958,3.72144334967637e-19,1.9859166673355e-18
"GDA","ENSG00000119125",143.505255874059,3.24284731380342,0.370832266807129,8.74478195148545,2.23446734949205e-18,1.13551048805627e-17
"KLF9","ENSG00000119138",3146.02282058243,-1.66331516661035,0.115706562971705,-14.3752880034739,7.39617423445697e-47,1.73902425199919e-45
"ECRG4","ENSG00000119147",157.442527663194,-2.52271494336974,0.278531111204286,-9.05721063784318,1.33828997229133e-19,7.33191135156424e-19
"C1orf198","ENSG00000119280",5717.55039480586,-1.22599538615268,0.0865019033404067,-14.1730452025787,1.34537530474751e-45,2.98299880146805e-44
"TRIM67","ENSG00000119283",16.0097499911879,2.3723024284457,0.236053370587541,10.0498561937116,9.20015794299418e-24,6.59528950616967e-23
"HEATR1","ENSG00000119285",2080.95179671511,1.08705883164132,0.0861473182946405,12.6186032619538,1.66752601708307e-36,2.36990016073609e-35
"CTNNAL1","ENSG00000119326",1958.23809134118,-1.39426320798553,0.100194620140084,-13.9155496176959,5.09666366838976e-44,1.04821382779883e-42
"HDHD3","ENSG00000119431",1346.00027982875,1.19252100182759,0.0996477995997521,11.9673591049426,5.26787670205608e-33,6.22988220951021e-32
"SLC46A2","ENSG00000119457",290.84875919566,-1.93627698592377,0.25535096696563,-7.58280655418231,3.38158859159466e-14,1.29814985345212e-13
"NR4A3","ENSG00000119508",923.393670259287,-2.2594384044561,0.215276595598178,-10.4955134494668,9.05838826980114e-26,7.2132506146663e-25
"CSF3R","ENSG00000119535",3183.9402868565,-1.10199040194997,0.193794900830769,-5.68637460132288,1.29764589656947e-08,3.2624389528337e-08
"ONECUT2","ENSG00000119547",209.959130779772,4.94866078560692,0.304361633220654,16.2591478211029,1.92395296748912e-59,7.71867498818001e-58
"VSX2","ENSG00000119614",1.51564998008144,-1.14382648301791,0.323667948236001,-3.53395042435246,0.000409397860802221,0.000680099890756117
"PGF","ENSG00000119630",517.263778605493,1.24602693883823,0.158585275338142,7.85714144129332,3.92998995185859e-15,1.60583033132235e-14
"FLVCR2","ENSG00000119686",741.396958314106,-1.2726779882692,0.113183404816929,-11.2443868456487,2.46805650436141e-29,2.41977726205691e-28
"PPP4R4","ENSG00000119698",101.696848310662,-1.70850004357599,0.224158249023953,-7.62184773933269,2.50069910031306e-14,9.69135997442095e-14
"LGALSL","ENSG00000119862",1188.85484172005,-1.83204169746447,0.125656697845807,-14.5797377208859,3.77966013153173e-48,9.48519757833062e-47
"CNRIP1","ENSG00000119865",398.588908447179,-1.46153752254187,0.10832955251051,-13.4915864477524,1.7528769838762e-41,3.20370049770141e-40
"EPCAM","ENSG00000119888",20550.8817303593,1.60837642171311,0.100937730937916,15.9343429535024,3.66027797170153e-57,1.37015384409321e-55
"TECTB","ENSG00000119913",1.5785666261021,1.71269727995228,0.498630521235891,3.43480233762514,0.000592986185566997,0.000968004909985429
"NKX2-3","ENSG00000119919",9.02699286877674,1.45786858665292,0.374095175343182,3.89705262922869,9.73704651509774e-05,0.000173062018548933
"CNNM1","ENSG00000119946",103.899066407499,1.8026246273512,0.269170781393057,6.69695506333176,2.12807024040188e-11,6.71206783210132e-11
"HELLS","ENSG00000119969",690.09059501681,2.41033648994755,0.136677393914286,17.6352242380268,1.32170800879426e-69,8.15037915189075e-68
"PRLHR","ENSG00000119973",3.25824015279201,2.37510874826794,0.65538910578152,3.62396739176148,0.000290118198243364,0.000490233725674616
"CFAP58","ENSG00000120051",70.4655851070522,-1.85093188070528,0.226107331104703,-8.18607637205788,2.69880504965564e-16,1.19322260324903e-15
"CPN1","ENSG00000120054",5.92697205280505,4.76054456478516,0.859851474887334,5.53647310474048,3.08623205902503e-08,7.52752865759744e-08
"SFRP5","ENSG00000120057",97.2974148813893,-2.61161147484978,0.30943395509472,-8.43996410817406,3.17435123031715e-17,1.49352265485314e-16
"HOXB8","ENSG00000120068",131.69650250703,3.37478025508985,0.361343714162652,9.33952943642671,9.67632030524545e-21,5.71602506509596e-20
"HOXB3","ENSG00000120093",683.424309227777,1.36936296943941,0.194244026821682,7.04970439423857,1.79298282556865e-12,6.12833652299903e-12
"HOXB1","ENSG00000120094",3.29731208987243,1.68684451964992,0.478313818812032,3.52664809860493,0.000420855719574105,0.000697967503043792
"DUSP1","ENSG00000120129",17779.8683454372,-1.57732530492285,0.162329448290284,-9.71681553492506,2.55651783617588e-22,1.68485354116741e-21
"MSX2","ENSG00000120149",101.498089473075,1.39128797052309,0.205586648341221,6.76740431223874,1.31113306857837e-11,4.19830064353485e-11
"TEK","ENSG00000120156",940.452537960331,-3.24419019297143,0.141517909928013,-22.9242376079584,2.66353933038263e-116,2.50835311781771e-113
"MOB3B","ENSG00000120162",802.812881700913,-1.03744552762853,0.124361084919688,-8.34220390002636,7.29185797390632e-17,3.34289558614158e-16
"INSL6","ENSG00000120210",17.5896477159173,1.66792636244153,0.3032772743804,5.49967473114866,3.80492489866218e-08,9.21764435577611e-08
"INSL4","ENSG00000120211",130.474656231506,7.56285456005659,0.667342290784149,11.3327967738565,9.02753206599783e-30,9.07979939611575e-29
"GRIA2","ENSG00000120251",7.48880013902929,1.69790227101457,0.329674635462537,5.15023628867412,2.60158491386281e-07,5.84213841161486e-07
"CCDC170","ENSG00000120262",467.202978492558,-1.59938206956236,0.207200942382818,-7.71899032489628,1.17254802498033e-14,4.65403766880503e-14
"MYCT1","ENSG00000120279",503.383223638069,-2.25128851933741,0.115009277035476,-19.5748428071847,2.53417442199301e-85,3.00291277700139e-83
"ARAP3","ENSG00000120318",1025.18476929788,-1.34946232681217,0.0956119300774839,-14.1139534127024,3.11607737374733e-45,6.79122685121327e-44
"PCDHB8","ENSG00000120322",95.8610793890255,1.44329257832064,0.242142101449065,5.9605189253891,2.51438179995363e-09,6.70789228366934e-09
"SLC25A2","ENSG00000120329",3.50778311115409,1.26411570974873,0.289884350488401,4.36075872194872,1.2961222654797e-05,2.50719088607874e-05
"CENPL","ENSG00000120334",415.46382917345,1.4231440056442,0.101796033006827,13.9803483849784,2.05479699040695e-44,4.32038572847843e-43
"TTLL2","ENSG00000120440",17.7711506700034,1.29534520699203,0.24634341017447,5.25829047375212,1.45400725011406e-07,3.33502778186013e-07
"KCNJ5","ENSG00000120457",470.879820902535,-1.79281708935951,0.193883019762563,-9.24690100017564,2.31095647035934e-20,1.3351612568337e-19
"TEX11","ENSG00000120498",13.6330612463076,3.4057796264564,0.276780465540147,12.3049855408325,8.51516761842483e-35,1.10167674762455e-33
"IQSEC3","ENSG00000120645",115.635776962172,-2.58116604533633,0.178047649507742,-14.4970520670878,1.26465646401878e-47,3.07452419982174e-46
"TNFSF11","ENSG00000120659",114.565510498774,4.08176032876028,0.269065971652834,15.1701097826923,5.57834389062798e-52,1.67753457537826e-50
"SOHLH2","ENSG00000120669",36.0785410620627,4.43621918050395,0.386375115982376,11.48163791352,1.6315996205283e-30,1.71629700235819e-29
"SMAD9","ENSG00000120693",510.148378182616,-1.405352450759,0.178171277851455,-7.8876487147983,3.07933095369651e-15,1.26954997130165e-14
"EGR1","ENSG00000120738",12975.6189764201,-1.87539392893218,0.172642128910937,-10.8628985332987,1.73163971158205e-27,1.52181873081226e-26
"SOCS2","ENSG00000120833",1345.81909797802,-1.94626414824225,0.173103877451799,-11.2433307496777,2.49776939276932e-29,2.44756778449187e-28
"DUSP4","ENSG00000120875",4715.35454360613,2.41598957555529,0.221652556107156,10.8998949436311,1.15390440196197e-27,1.0246556557968e-26
"SORBS3","ENSG00000120896",3082.05696315114,-1.164292087926,0.105621569115582,-11.0232417268097,2.95231441430878e-28,2.71737457897258e-27
"CHRNA2","ENSG00000120903",8.18808038224244,-3.60225373331461,0.312091502602552,-11.5422999449686,8.07371530943289e-31,8.57347109980313e-30
"ADRA1A","ENSG00000120907",32.1586263877214,-3.40678965833144,0.298842511086484,-11.3999499132355,4.18359704279894e-30,4.29226501644504e-29
"PDLIM2","ENSG00000120913",968.458039611334,-1.97673152190229,0.104592191136095,-18.899417828719,1.15317894218176e-79,1.01644486760878e-77
"NPPB","ENSG00000120937",1.86527348834417,1.90810661063124,0.585013074647223,3.26164780467833,0.00110766670145138,0.00175720190522826
"RDH10","ENSG00000121039",5496.03279460427,1.38555562186715,0.180247934868947,7.68694311463014,1.50692094855694e-14,5.93122229048161e-14
"TBX2","ENSG00000121068",1464.13215365006,-1.89865502884194,0.1334692694743,-14.2254096116675,6.3730095787977e-46,1.43980126759378e-44
"TBX4","ENSG00000121075",603.833392650166,-2.18049307427667,0.165359097127254,-13.1864113445095,1.0506906734579e-39,1.73913119520649e-38
"NCAPH","ENSG00000121152",652.656718674307,2.95961883014521,0.15601834834601,18.9696844090511,3.03724469075737e-80,2.79557699830157e-78
"LRAT","ENSG00000121207",196.640397414817,1.68455761492563,0.218492101517904,7.70992453833664,1.25892154918616e-14,4.98691239309008e-14
"MND1","ENSG00000121211",2.54537735419268,2.75401005420311,0.378279815987442,7.28035157523324,3.32951323308957e-13,1.19700583242258e-12
"TRIM6","ENSG00000121236",292.210390383574,1.16232993485498,0.159702857650278,7.27807850126444,3.38608292416945e-13,1.21587761914839e-12
"ABCC11","ENSG00000121270",18.5779115266719,2.22437694351057,0.211351993787303,10.5245136497226,6.66045137001785e-26,5.35620028601031e-25
"PLBD1","ENSG00000121316",1906.37164226691,-1.08875331472837,0.157008515167555,-6.93435839175017,4.08068932498547e-12,1.35389901894984e-11
"PRB2","ENSG00000121335",1.16459067945524,2.1200466098435,0.737397304019139,2.87503981678304,0.00403976550391677,0.0059936587198659
"IAPP","ENSG00000121351",1.59804830719617,2.7693819915988,0.615116357271083,4.50220833646004,6.72510096004788e-06,1.33406021594387e-05
"KCNJ8","ENSG00000121361",599.796525418365,-1.20009751468353,0.162676348641908,-7.37720956182296,1.61641479821646e-13,5.93525753837209e-13
"BCL2L14","ENSG00000121380",162.888740879791,1.43179236324441,0.178484804160408,8.02192864529595,1.04097608946881e-15,4.43691881106847e-15
"PDZRN3","ENSG00000121440",536.568214213614,-1.07857502326868,0.134362407044679,-8.0273571082276,9.95948641698852e-16,4.2483277836655e-15
"LHX4","ENSG00000121454",74.57554160665,1.0272570057885,0.161428555862369,6.36353958753318,1.97156547410284e-10,5.76613616020302e-10
"CSTA","ENSG00000121552",474.461057239814,-1.00769397975068,0.18826053769414,-5.35265644140382,8.66723132602484e-08,2.03707828867152e-07
"B4GALT4","ENSG00000121578",1385.50319592186,1.02846708658174,0.105841255870245,9.71707183673798,2.55009291681486e-22,1.68123848786176e-21
"KIF18A","ENSG00000121621",327.333495440873,1.38003821948854,0.127237708732849,10.8461417077707,2.08022212050055e-27,1.8139090839238e-26
"CRY2","ENSG00000121671",2452.61110162995,-1.16142253511942,0.0982432686277119,-11.821904455567,3.00787383710808e-32,3.43239072496013e-31
"DEPDC7","ENSG00000121690",178.099042161815,2.56019370973001,0.2204895988636,11.6114035443178,3.60646629123481e-31,3.90620468214676e-30
"CAT","ENSG00000121691",5581.19566861977,-1.90201976439325,0.10105297463318,-18.8220066880519,4.98599649815897e-79,4.30987610345693e-77
"PILRB","ENSG00000121716",204.484745469604,1.18595431681437,0.187957038908546,6.3097095150101,2.79559678415363e-10,8.07842591389873e-10
"GJB6","ENSG00000121742",189.806436165357,5.09155765276049,0.354760375456515,14.3521035747257,1.03354090507552e-46,2.41424900972796e-45
"GJA3","ENSG00000121743",17.7411257857285,1.96497077183008,0.281092371723512,6.99048060173921,2.73946173936534e-12,9.22242500516728e-12
"ADGRB2","ENSG00000121753",314.1267471056,1.52809677825596,0.172060502763507,8.88115955557965,6.61669651264793e-19,3.47395982103314e-18
"CCRL2","ENSG00000121797",430.810647168819,-1.53792953422226,0.138940606823638,-11.0689709033329,1.77426356936259e-28,1.65176368608766e-27
"TMEM156","ENSG00000121895",311.348611371344,2.48780345142391,0.202071761981,12.3114849251319,7.85642562791003e-35,1.01865959246517e-33
"CSMD2","ENSG00000121904",149.155039122193,1.81186493265754,0.189895934292665,9.54135716178692,1.40975172156002e-21,8.82290575511487e-21
"HPCA","ENSG00000121905",21.9174990819982,2.65869681199841,0.210086959866707,12.6552205509817,1.04681183990278e-36,1.50446620493016e-35
"GPSM2","ENSG00000121957",815.404426391887,1.0808707970008,0.11774132047465,9.18004650061245,4.30905312311097e-20,2.44457474736286e-19
"UBL3","ENSG00000122042",3826.09791146331,-1.07963013086579,0.0934765741504744,-11.5497400356997,7.40440625751515e-31,7.87675631187388e-30
"PAEP","ENSG00000122133",3180.80417808278,7.45518370513986,0.425399841126667,17.5251210376452,9.21452614570242e-69,5.45945418294879e-67
"OBP2A","ENSG00000122136",19.229001413872,3.08567965857322,0.420594217954681,7.33647664862978,2.19290052194697e-13,7.9848532843299e-13
"CD244","ENSG00000122223",110.652015261471,-1.34194326778484,0.14913352008495,-8.99826723744222,2.2930808390473e-19,1.23659118303416e-18
"LDB3","ENSG00000122367",85.7875094351061,-1.55198407384907,0.166008524584938,-9.34882156039522,8.86296715908626e-21,5.25464119872533e-20
"OPN4","ENSG00000122375",2.10430277685362,1.38190566523637,0.371771678105353,3.71708160309287,0.000201537362228411,0.000346142063961698
"PTGFR","ENSG00000122420",206.662367135128,-1.20553545337573,0.25500999987459,-4.72740462714637,2.27407817706281e-06,4.70786541966734e-06
"CBX3","ENSG00000122565",9352.9227555554,1.05883625999381,0.0766643894276803,13.8113179782465,2.17809729865913e-43,4.33029944054532e-42
"NXPH1","ENSG00000122584",9.33878679501347,4.47765488738674,0.452510873118624,9.89513214683116,4.37032849473448e-23,3.02040508908011e-22
"RAMP3","ENSG00000122679",1092.07805172365,-3.22047356235234,0.142084017057813,-22.6659805165979,9.7062558655874e-114,7.23641817512313e-111
"TWIST1","ENSG00000122691",124.207303892612,2.46251291644999,0.243970186788635,10.0934993281921,5.90269667983421e-24,4.27945509287981e-23
"GLIPR2","ENSG00000122694",2187.72159274279,-2.20845116230044,0.126390817317355,-17.4731931415179,2.29294924227121e-68,1.34077584287447e-66
"RECK","ENSG00000122707",595.645247654351,-1.55926775298203,0.106044153088786,-14.7039483796578,6.08082426570652e-49,1.61191390498203e-47
"SPINK4","ENSG00000122711",88.1914212580057,6.04696889868084,0.484073970678819,12.4918282431116,8.27304024127315e-36,1.12999625219161e-34
"TAF1L","ENSG00000122728",6.60348085367186,2.78510220484819,0.360145155383279,7.73327688355044,1.04812988985031e-14,4.17037761153915e-14
"PHF24","ENSG00000122733",18.5061956895637,-1.15665371882378,0.149665269557341,-7.72827070866051,1.09017325958829e-14,4.33477114084741e-14
"DNAI1","ENSG00000122735",160.747844675506,-1.73074957638074,0.297686300575677,-5.81400478635985,6.09956688818054e-09,1.57488528615028e-08
"CNTFR","ENSG00000122756",35.9503232375253,-2.43067230700584,0.280124767644901,-8.67710601758382,4.05966639066496e-18,2.02903940581475e-17
"AKR1D1","ENSG00000122787",4.06413550355492,2.40919180234797,0.32972869254213,7.30658828558009,2.74010492049106e-13,9.90678871334542e-13
"SFTPA1","ENSG00000122852",190815.430916501,-2.8227366177471,0.324542875052978,-8.69757691425616,3.39045928636396e-18,1.70217418661364e-17
"NEUROG3","ENSG00000122859",4.59763323665856,1.07793415982364,0.385389214226817,2.79700136908665,0.00515793147116815,0.00754997767701813
"PLAU","ENSG00000122861",6106.15963142886,2.59921541557749,0.199349180402025,13.0385056529236,7.38911019657874e-39,1.17106597650473e-37
"SRGN","ENSG00000122862",8081.31382005855,-1.06175137149086,0.146406930754927,-7.25205675725926,4.10489790190207e-13,1.4642930254931e-12
"EGR2","ENSG00000122877",830.177998992574,-1.86283963016951,0.147154608353154,-12.6590641707864,9.96805079700045e-37,1.43490211513056e-35
"ZWINT","ENSG00000122952",1357.35004578671,2.60100969902471,0.135469880502788,19.1999113704923,3.70724031428346e-82,3.70579055550134e-80
"CIT","ENSG00000122966",6004.07001929364,2.03288726663177,0.208886659458337,9.73201099535626,2.20196026064679e-22,1.45708857040507e-21
"HVCN1","ENSG00000122986",304.796159004745,-1.1020273469391,0.104399155031559,-10.5559029343291,4.77030837453651e-26,3.86222297491321e-25
"RASSF8","ENSG00000123094",1368.70382120158,-1.27580110036669,0.149693913536223,-8.52273195501683,1.55833146122495e-17,7.49347617191564e-17
"BHLHE41","ENSG00000123095",1071.71950120441,-1.02012189838627,0.147565684290948,-6.91300218806258,4.74502626077095e-12,1.56676056253874e-11
"NECAB1","ENSG00000123119",196.150321788186,-3.17542466245171,0.185730010738148,-17.0969928329385,1.56261836767655e-65,8.03446277380358e-64
"PRDX4","ENSG00000123131",5602.92533737077,1.40186935353269,0.116450939325145,12.0382829168814,2.23560511009907e-33,2.6973487683751e-32
"ADGRE5","ENSG00000123146",5371.88589520189,-1.28708956440907,0.11451936865828,-11.2390557116122,2.62171616152714e-29,2.55921261746891e-28
"SPRYD7","ENSG00000123178",738.291916111026,-1.27933838255015,0.0764369578804834,-16.7371703168841,7.02492093245516e-63,3.25639663845648e-61
"NLN","ENSG00000123213",1743.34089852536,1.40573319493756,0.0818926659651935,17.1655566267074,4.80851025451824e-66,2.53801398183171e-64
"CENPK","ENSG00000123219",313.373149221616,2.25463601815989,0.143761905637861,15.683125569018,1.9730181966062e-55,6.93579854457265e-54
"ITIH5","ENSG00000123243",1140.83436865792,-2.08314038354648,0.19111694426747,-10.8998204818046,1.15484907956073e-27,1.02498584229068e-26
"NCKAP1L","ENSG00000123338",2606.34418388118,-1.26437882076215,0.129893854475798,-9.73393872916238,2.16061158094836e-22,1.43078545588116e-21
"MMP19","ENSG00000123342",1100.70176505303,-2.01738346165859,0.156558215573851,-12.8858358168176,5.4086349530577e-38,8.21534000127856e-37
"SPATS2","ENSG00000123352",1529.39207361348,1.21195610377209,0.0836834593786702,14.4826243175243,1.56024478178915e-47,3.77262971358829e-46
"NR4A1","ENSG00000123358",6241.91937241011,-1.77293183245078,0.201760278702613,-8.78731851408678,1.5317204572018e-18,7.87107241261108e-18
"PDE1B","ENSG00000123360",217.86691222701,-1.56129484894493,0.143387900115869,-10.8886094829709,1.30619342524639e-27,1.15358928716356e-26
"HOXC13","ENSG00000123364",82.6452780883681,7.05764502206311,0.513679378754892,13.7393972075931,5.89646715502731e-43,1.14929724188348e-41
"HOXC11","ENSG00000123388",118.194291393273,6.92468304478218,0.525295904497161,13.1824424776561,1.10746389960934e-39,1.83140957076801e-38
"HOXC12","ENSG00000123407",46.169352965723,7.66838763073162,0.741908440725275,10.336029636265,4.84184103856194e-25,3.71028101511729e-24
"SMUG1","ENSG00000123415",1505.49938211056,1.02090411909218,0.0853671864684168,11.9589758234551,5.82762341261133e-33,6.86914793951611e-32
"STIL","ENSG00000123473",577.832420242981,2.56583970533038,0.1260279185282,20.3592960615012,3.84061829208534e-92,7.01226358166154e-90
"HJURP","ENSG00000123485",684.472238827826,3.85095164740082,0.173414844534885,22.2065859340325,2.96639609122018e-109,1.60841591697584e-106
"COL10A1","ENSG00000123500",2760.97644635241,4.63679861851063,0.211766867922354,21.8957699285176,2.85048624660121e-106,1.27509376026089e-103
"PLP1","ENSG00000123560",10.3831464409427,-1.32435445941921,0.32470434537421,-4.0786471702217,4.52985231649141e-05,8.3542205214369e-05
"SERPINA7","ENSG00000123561",0.989159208792801,2.12731752110995,0.737554208368772,2.88428633037683,0.00392301878789115,0.00583108283533281
"H2BW1","ENSG00000123569",1.13817078168609,2.27596442353843,0.886338204683658,2.56782841077097,0.0102337799290042,0.0144479268005106
"NRK","ENSG00000123572",412.989819583357,3.73682958368505,0.283346103137175,13.1882159038409,1.02584342929004e-39,1.69957560002654e-38
"ESX1","ENSG00000123576",1.09359724808097,2.26557542994979,0.985151094663207,2.29972381112191,0.0214638722395801,0.0290927252467848
"LPGAT1","ENSG00000123684",4933.76485690591,1.11074860574291,0.093717286193052,11.8521208932025,2.09812397369626e-32,2.4142593094114e-31
"C4BPB","ENSG00000123843",486.482221750128,2.23660036527629,0.26810872272929,8.34213949664963,7.29583149133385e-17,3.34386047321815e-16
"CKS2","ENSG00000123975",1272.69767191118,1.04728242101991,0.146081559309585,7.16916239099314,7.54580076378076e-13,2.64272877405224e-12
"DAW1","ENSG00000123977",160.211738692261,-1.08308196855659,0.25651933565089,-4.22222350532909,2.41904054373345e-05,4.57546431807851e-05
"CHPF","ENSG00000123989",6858.38253470147,1.23642285394502,0.118361189249756,10.4461847822095,1.52538668387092e-25,1.19972500810999e-24
"INHA","ENSG00000123999",361.149933631365,5.8625367977228,0.379507094802174,15.4477660049511,7.8103868277047e-54,2.55954673091795e-52
"MOGAT1","ENSG00000124003",3.81311404519576,-2.59730674901596,0.266637454192052,-9.74096740042079,2.01625660370065e-22,1.33667578399466e-21
"FAM124B","ENSG00000124019",95.7513485026009,-1.83334449281858,0.132597557501781,-13.8263820794282,1.76686035096279e-43,3.53628996194375e-42
"SLC12A4","ENSG00000124067",2436.92341662919,-1.03710514866649,0.0823851068018421,-12.5885028122984,2.44262383191249e-36,3.44140694680395e-35
"CTCFL","ENSG00000124092",6.88203789133091,1.5327561595703,0.452687478638064,3.38590359110811,0.00070944302930828,0.00114930413068475
"PI3","ENSG00000124102",266.148722887062,1.81349288815705,0.315122982638261,5.75487345598912,8.67067206397392e-09,2.21003326553683e-08
"SLPI","ENSG00000124107",19418.6868432852,-1.27838191092437,0.239890251907003,-5.32902817334969,9.87396807582383e-08,2.30977788966814e-07
"WFDC3","ENSG00000124116",484.405577426792,3.93417422205066,0.239840121041824,16.4033198655892,1.81066932495498e-60,7.58742534693666e-59
"PREX1","ENSG00000124126",2581.62125447511,-1.23224142175733,0.109821957269598,-11.2203556774383,3.2396484365213e-29,3.14696142642104e-28
"ARHGAP40","ENSG00000124143",468.334244292047,3.67333411243258,0.233988728773236,15.6987651998934,1.54214617012409e-55,5.44252888008489e-54
"PARD6B","ENSG00000124171",1019.21742751649,-1.01484493661026,0.117179803804817,-8.66057890232224,4.69374418022664e-18,2.33486696182361e-17
"TOX2","ENSG00000124191",392.631065264846,-1.56033295619192,0.148380359275955,-10.5157647804993,7.30854211561564e-26,5.86683463771694e-25
"GDAP1L1","ENSG00000124194",8.57719677700065,1.92807614150214,0.313285044087701,6.15438297451057,7.5370353211506e-10,2.10423112812214e-09
"GTSF1L","ENSG00000124196",2.59689944980171,2.66395678229403,0.335850961951949,7.93196114970534,2.15711925419829e-15,8.99076049740739e-15
"EDN3","ENSG00000124205",16.6725503456879,-2.71478384748369,0.400767110165593,-6.77396866814237,1.25296818493825e-11,4.01708649580722e-11
"PTGIS","ENSG00000124212",1540.46096263381,-1.25493546977622,0.180864223434954,-6.93855006779461,3.9614459850436e-12,1.31555592075696e-11
"RBPJL","ENSG00000124232",3.18649549022977,1.76328563236365,0.339404035516152,5.19524062135006,2.04455217292152e-07,4.63254046221157e-07
"C20orf85","ENSG00000124237",518.432971387198,-2.23794606467637,0.379211525413085,-5.90157712700984,3.60043038258572e-09,9.48738022513294e-09
"KCNK15","ENSG00000124249",101.915210796141,1.11508026377952,0.202914740955068,5.49531423163798,3.90015312315296e-08,9.44067097302163e-08
"PCK1","ENSG00000124253",59.4555057542305,2.45454452687405,0.486827738513056,5.04191592363059,4.60893795386274e-07,1.01162569686538e-06
"ZBP1","ENSG00000124256",264.23133979108,1.22918467631935,0.158716909189728,7.7445099113542,9.59512121049567e-15,3.83226571025444e-14
"MAGEA10","ENSG00000124260",60.9896003779221,6.78191477179346,0.758892760234837,8.93659173885757,4.0135791217226e-19,2.13862332415076e-18
"IL17C","ENSG00000124391",28.42775240585,3.90605881214518,0.327648401549307,11.9214950955815,9.14524844941347e-33,1.06881731224922e-31
"POF1B","ENSG00000124429",693.738554379752,1.87031186718312,0.249476376732989,7.49694977807412,6.53199913853198e-14,2.45849938127372e-13
"HIF3A","ENSG00000124440",791.83733607782,-1.00787176727512,0.247525386428054,-4.07179151124391,4.66529286375356e-05,8.58719115431977e-05
"LYPD3","ENSG00000124466",821.198519993132,3.43700863707964,0.250475792727924,13.721919390482,7.50519212887613e-43,1.45651196054209e-41
"PSG8","ENSG00000124467",0.899540340512713,1.87640128177214,0.85041698384254,2.20644850399597,0.0273526120881591,0.036592171072406
"CEACAM8","ENSG00000124469",36.9391403219729,-2.11331191699464,0.359378091091563,-5.88046953718224,4.09104297630102e-09,1.07222838691891e-08
"NDP","ENSG00000124479",38.2231274636096,2.84416607805104,0.350165112644298,8.1223570691355,4.57215806936872e-16,1.99535669110279e-15
"GRM4","ENSG00000124493",37.6245281055544,2.71998083453886,0.299712262240309,9.07530714361624,1.13357332230965e-19,6.24669770744891e-19
"PACSIN1","ENSG00000124507",115.152615016676,2.46586296710583,0.206736500825681,11.92756459192,8.50246810103733e-33,9.96297719265625e-32
"SLC17A1","ENSG00000124568",3.39329604089154,1.16816883637068,0.502965666560969,2.32256178509767,0.0202027056595674,0.0274936881933861
"XPO5","ENSG00000124571",2503.16811206623,1.04039186667683,0.0779829749834422,13.3412692564977,1.33172620231543e-40,2.32250038637564e-39
"H1-3","ENSG00000124575",37.3283325547953,5.28240780177445,0.412165723028433,12.8162229575069,1.33024318677145e-37,1.98185190182362e-36
"UNC5CL","ENSG00000124602",677.372922846224,3.084194561288,0.168130078825549,18.3440975156394,3.67986465721597e-75,2.81383838938313e-73
"H1-1","ENSG00000124610",4.81043570053952,4.2589672229174,0.864747702882633,4.9250980473497,8.43180650825534e-07,1.80877968891275e-06
"RPS10","ENSG00000124614",73.8709668686213,1.81029489639074,0.143398346690105,12.6242382717489,1.55236293545875e-36,2.2079833071672e-35
"MOCS1","ENSG00000124615",674.966439956985,-1.36572833041335,0.114337104126226,-11.9447518008293,6.91564925890364e-33,8.13020448026037e-32
"H2BC11","ENSG00000124635",140.14724277852,2.47790367117767,0.246536478623604,10.0508601607829,9.10690043620121e-24,6.53105288596987e-23
"OR2B6","ENSG00000124657",8.6747527870655,3.68915058044916,0.354247871216499,10.4140374020611,2.13950958544241e-25,1.66879882355366e-24
"SPDEF","ENSG00000124664",1799.48043987441,3.25510119705505,0.208831978129722,15.5871779131118,8.89783582162467e-55,3.04998038996801e-53
"TCP11","ENSG00000124678",41.6910999123176,1.21553116492781,0.324802665411319,3.7423681957428,0.000182294152215567,0.000314298445325992
"SOX4","ENSG00000124766",10441.4119874477,1.66092301352617,0.10358768787371,16.0339809452171,7.39873244146052e-58,2.85929847894283e-56
"CPNE5","ENSG00000124772",432.794196304413,1.23417412959683,0.156989717282275,7.86149660603391,3.79570718893703e-15,1.55379978795814e-14
"NRN1","ENSG00000124785",465.09140952776,-1.66086485061239,0.180631562890614,-9.19476543320487,3.75813637455353e-20,2.14017613462401e-19
"RPP40","ENSG00000124787",232.622607385706,1.55202248423613,0.108590610075037,14.29241886719,2.43985411864182e-46,5.63307222514297e-45
"RUNX2","ENSG00000124813",876.791495661488,1.64521646679674,0.128803846309531,12.7730383364724,2.31921376892176e-37,3.42672931191717e-36
"CXCL6","ENSG00000124875",246.272483642315,1.21288709540734,0.307368390345219,3.94603717722922,7.94552821466105e-05,0.000142697316415668
"EREG","ENSG00000124882",1500.58366596394,2.58699256910962,0.361437538494275,7.15750937184571,8.21559753426074e-13,2.87000559704271e-12
"MYRF","ENSG00000124920",2278.29482663646,-1.62709986254564,0.222116824078817,-7.32542376874736,2.38144969737295e-13,8.64676936588762e-13
"SCGB1D2","ENSG00000124935",2.04524387199716,1.66522063037184,0.79349106078849,2.09860036572701,0.0358521441014273,0.0471623595358652
"AHNAK","ENSG00000124942",39605.4793955921,-1.9036790729766,0.14374123674437,-13.2437922206145,4.90102806379471e-40,8.32012287907768e-39
"PIWIL1","ENSG00000125207",18.0835255542022,5.15939814765536,0.474896346084627,10.8642616229689,1.70597586895228e-27,1.50000128860752e-26
"GPR18","ENSG00000125245",74.2017668699677,1.33780048987289,0.213673631657688,6.26095264770943,3.82632710377729e-10,1.09403117398349e-09
"TMTC4","ENSG00000125247",1303.78011385399,1.20026308060797,0.0941872224367957,12.743374839548,3.39389619758365e-37,4.97762169371838e-36
"SOX21","ENSG00000125285",207.183757604185,2.70893795178933,0.323507480455608,8.37364857212648,5.58611802097461e-17,2.57609303477574e-16
"HROB","ENSG00000125319",288.724231327086,2.72977062870596,0.150608744650195,18.1249145595506,2.02657637477916e-73,1.44468251290532e-71
"KIF25","ENSG00000125337",47.2157169452256,1.26459061455232,0.206853435235483,6.11346199357385,9.74925981502158e-10,2.69994591967468e-09
"TMEM255A","ENSG00000125355",177.129456288413,-1.11604238518774,0.182146070394849,-6.1271834345283,8.94483287240518e-10,2.48254838817971e-09
"AMELX","ENSG00000125363",1.78094730641043,2.19505181771523,0.91237987093799,2.40585296501397,0.0161347571518764,0.0222127575377799
"SOX9","ENSG00000125398",1634.64216603693,1.36320117787602,0.217624970762208,6.26399246879418,3.75243605601232e-10,1.07341867866073e-09
"TEKT3","ENSG00000125409",33.4892527522738,-1.77141331277603,0.212349047447869,-8.34198850461481,7.30515567300288e-17,3.3472765802059e-16
"MYH2","ENSG00000125414",12.556040868126,-3.09741534330027,0.248722406225856,-12.4533024197571,1.34176132880313e-35,1.820177062644e-34
"MSTO1","ENSG00000125459",582.286014213732,1.5255120846796,0.088597478816536,17.2184593179967,1.93059285768688e-66,1.03425443121531e-64
"KIR2DL1","ENSG00000125498",7.3487970276109,-1.40162676466554,0.320723309353597,-4.37020548176075,1.24129672949714e-05,2.40660118982472e-05
"SRMS","ENSG00000125508",79.010563827915,2.4383874065978,0.22914080259227,10.6414369637023,1.91158240604275e-26,1.58424937430861e-25
"IL1B","ENSG00000125538",458.749535138491,-1.00592656034151,0.183455582149857,-5.48321587467321,4.17662837071609e-08,1.0081264189562e-07
"IL37","ENSG00000125571",394.176350848097,6.22768099630181,0.398179232491623,15.640396304277,3.863163587989e-55,1.33443216370439e-53
"CD70","ENSG00000125726",54.5879960157,1.221031301083,0.203858556208513,5.98960045529848,2.10357169228877e-09,5.64559896357027e-09
"FOSB","ENSG00000125740",8496.38477810713,-3.29766154451019,0.280655041357023,-11.7498746096466,7.0723713555671e-32,7.92894365069938e-31
"SDCBP2","ENSG00000125775",903.019207646138,1.60584432378301,0.22049577700835,7.28288017834554,3.26767444246521e-13,1.17619188893643e-12
"GNRH2","ENSG00000125787",9.28300750228219,1.38903948206292,0.296595962149189,4.6832717208882,2.8233184963781e-06,5.78998714678433e-06
"DEFB126","ENSG00000125788",2.51359395488903,3.32845263657384,0.712395633515568,4.67219685239846,2.97995147134105e-06,6.10071758314706e-06
"CD93","ENSG00000125810",5601.15751642671,-2.1991706738507,0.120926615126231,-18.1859938075258,6.66364964502847e-74,4.88658537288912e-72
"PAX1","ENSG00000125813",4.79473356159259,1.30539883688456,0.464413044248296,2.8108573888089,0.00494096808490787,0.0072513731908839
"NKX2-4","ENSG00000125816",4.47956130429343,4.05785605567129,0.722861206449524,5.61360330235766,1.98156212190226e-08,4.90470204000514e-08
"NKX2-2","ENSG00000125820",1.42732724446653,2.44815493067287,0.764441078672819,3.20254235280399,0.00136220267972501,0.00213862354552247
"CSTL1","ENSG00000125823",7.37946397783489,4.4449690460999,0.487003214501874,9.12718625614493,7.03027008623536e-20,3.9273375789263e-19
"BMP2","ENSG00000125845",1471.00413305272,-1.75176421430913,0.182346577744467,-9.6067841578249,7.48502075210013e-22,4.77466938742701e-21
"FLRT3","ENSG00000125848",2616.69357187075,-1.78190580148376,0.181961127374649,-9.79278281682057,1.20921151435348e-22,8.14931134701572e-22
"PCSK2","ENSG00000125851",1000.61018448709,1.31834499937037,0.447140286083254,2.94839235113095,0.00319431368080541,0.00479938321359067
"LAMP5","ENSG00000125869",256.221930765289,1.52260635663462,0.181682335528785,8.38059656269324,5.26601092849501e-17,2.43223370014355e-16
"OTOR","ENSG00000125879",1.26763028188777,2.04703832239025,0.517041401249921,3.95913812209553,7.52207269631848e-05,0.000135486658702664
"MCM8","ENSG00000125885",310.198887173234,1.19338811314032,0.10411053386114,11.4627028493777,2.03076693211901e-30,2.12370033409734e-29
"BANF2","ENSG00000125888",1.16780370425177,2.25953265820188,0.572737477184159,3.94514546055338,7.9751551031027e-05,0.000143171917587856
"TMEM74B","ENSG00000125895",36.7131442100873,-1.43154320228801,0.165354281735283,-8.65743050173796,4.82517547388609e-18,2.39691462393792e-17
"SIRPD","ENSG00000125900",4.42003907133224,-2.17761650971008,0.179621979386598,-12.1233298794866,7.9463650135479e-34,9.778838321005e-33
"S1PR4","ENSG00000125910",341.658851353897,-1.78736396683487,0.133757829015795,-13.362686730089,9.98924382790702e-41,1.76096098337675e-39
"FAM83C","ENSG00000125998",2.27073490949907,2.11617203679635,0.522330511294998,4.05140421827893,5.09111667561653e-05,9.32971637410964e-05
"ST3GAL3","ENSG00000126091",141.520976230656,1.17162935414299,0.182106446812403,6.43376099337081,1.24484553577836e-10,3.70307916403695e-10
"F10","ENSG00000126218",171.633429516455,-1.52228839866054,0.175939371490238,-8.65234646325315,5.04512069424673e-18,2.50547722959081e-17
"PROZ","ENSG00000126231",8.40378245360962,1.116650149716,0.221626882293879,5.03842376050445,4.6938131614011e-07,1.02974986386648e-06
"SLURP1","ENSG00000126233",1.86847087790625,2.24448571981981,0.475136031283682,4.72388026173442,2.31386685445543e-06,4.78746757941384e-06
"PDCD2L","ENSG00000126249",197.892124684908,1.55413988213461,0.109534600053707,14.1885749468441,1.07827674838595e-45,2.40269064244954e-44
"KIRREL2","ENSG00000126259",53.6972982924277,3.6835511587082,0.344425583947085,10.6947663889977,1.07690684875821e-26,9.06780905639086e-26
"KRT36","ENSG00000126337",4.10675891855448,1.23696632919141,0.250354891111688,4.94085145969677,7.7782149624223e-07,1.67461165836833e-06
"RRAS","ENSG00000126458",2532.2631802812,-1.35025566563041,0.11617287852736,-11.6228131965622,3.15570889665973e-31,3.43461674500806e-30
"FLRT1","ENSG00000126500",27.2148358940644,2.00326347098749,0.193919650553038,10.3303789238192,5.13573028474351e-25,3.93043721064652e-24
"PRKCG","ENSG00000126583",16.8995899719789,2.53907487785547,0.300221074845409,8.45735056795364,2.73520702747792e-17,1.29302666691314e-16
"TRAP1","ENSG00000126602",1998.57720900546,1.17051345726507,0.0752658953292188,15.551711065751,1.5491116840427e-54,5.23082625737899e-53
"SSX1","ENSG00000126752",11.8873088903839,5.36241580927793,0.896613890338146,5.98074139500065,2.22124280475283e-09,5.94980501578478e-09
"CFP","ENSG00000126759",25.9088444478457,-1.76167708579367,0.145353373027156,-12.1199601296114,8.27994096071753e-34,1.01753422809148e-32
"SIX1","ENSG00000126778",1237.68216579136,2.36841710918431,0.200011450113949,11.8414076185888,2.38417489509534e-32,2.73461803832954e-31
"RHOJ","ENSG00000126785",625.763410027426,-1.8622647005671,0.105898004872293,-17.5854559565393,3.18409898438011e-69,1.94447382687758e-67
"DLGAP5","ENSG00000126787",723.796342159492,3.67649685507057,0.168906875911149,21.7664132098715,4.82979305789686e-105,1.87868450402062e-102
"PZP","ENSG00000126838",122.808885521181,-1.18839696615449,0.28732150087828,-4.13612264491802,3.53223454877393e-05,6.58151335845173e-05
"PRDM7","ENSG00000126856",2.43378715318363,2.50931942189966,0.386024730311098,6.5004110484771,8.010084116907e-11,2.41856961025678e-10
"OMG","ENSG00000126861",235.656453829312,-1.15695498898307,0.255251448424353,-4.5326089082936,5.82596210973485e-06,1.16265826488385e-05
"CTAG2","ENSG00000126890",38.939146272818,5.2191477801038,0.891682681031994,5.85314472415611,4.82364026683051e-09,1.25449702462788e-08
"AVPR2","ENSG00000126895",43.5266064460381,-1.95889250599488,0.195906233846327,-9.99913309308717,1.5373695991291e-23,1.08727882360541e-22
"ARMCX1","ENSG00000126947",617.244754582882,-1.04492970993467,0.109929240295867,-9.50547558704409,1.99135968199602e-21,1.23334713707008e-20
"TIMM8A","ENSG00000126953",357.650164380518,1.19299483460753,0.085758929402275,13.9110276086992,5.42937430804503e-44,1.11153082944908e-42
"RGS13","ENSG00000127074",73.3625905388543,-1.43473411574217,0.198869866096669,-7.21443697782122,5.41575819346875e-13,1.91699626816491e-12
"FGD3","ENSG00000127084",803.151009743388,-1.17474903079899,0.112461688050558,-10.4457709213014,1.53205511601615e-25,1.20391138299855e-24
"EDN2","ENSG00000127129",309.606335030889,1.86595811181656,0.263734944238467,7.07512657150726,1.49312415325846e-12,5.12890583111031e-12
"TRAF2","ENSG00000127191",1437.03892115791,1.02111772816031,0.101758441901582,10.0347225161712,1.07260558896364e-23,7.64626765072766e-23
"MASP1","ENSG00000127241",187.723733155526,-2.70695590012808,0.189292326652484,-14.300399535464,2.17556946945515e-46,5.02938818048592e-45
"ATP13A4","ENSG00000127249",3613.98350216513,-1.33282569553662,0.236682529866656,-5.63128041722184,1.78876613943185e-08,4.44533229622974e-08
"PLAAT1","ENSG00000127252",74.5110729317475,2.80993997022054,0.239150045326673,11.7496944915157,7.08746193929702e-32,7.94088644206897e-31
"TSPAN8","ENSG00000127324",4324.93415846771,2.14492890013817,0.291281433822314,7.36376799575424,1.78790320829834e-13,6.54881312304651e-13
"BEST3","ENSG00000127325",5.62441297653326,2.18158395905473,0.38755543585752,5.62908878887912,1.81164128571539e-08,4.49843151891557e-08
"PTPRB","ENSG00000127329",2289.44656973742,-2.54018650212297,0.143879784841,-17.6549228575098,9.32610099377003e-70,5.79416406533081e-68
"TAS2R3","ENSG00000127362",3.90041238722336,1.43272336184622,0.431552947088933,3.31992487019437,0.000900416764072377,0.00144184331121774
"CRYGN","ENSG00000127377",49.5319137071505,3.2701135562445,0.264413016753639,12.3674454321262,3.92094083011202e-35,5.19299735552882e-34
"AUNIP","ENSG00000127423",120.624687866951,2.33545317443762,0.159805212115953,14.614374234196,2.27434453269014e-48,5.7723186841737e-47
"PLA2G5","ENSG00000127472",109.47451646456,-1.25911435361317,0.130781678256888,-9.62760510795675,6.11377337727094e-22,3.92232868553277e-21
"KLF2","ENSG00000127528",1453.89534727246,-1.76404609224499,0.151445669740701,-11.6480457662825,2.34781166972407e-31,2.56938190864665e-30
"F2RL3","ENSG00000127533",339.046651354882,-1.888076587187,0.157326113586863,-12.0010374892058,3.50870332589845e-33,4.18262682280486e-32
"SYNGR3","ENSG00000127561",180.457477323481,2.81271308449327,0.210968918277596,13.3323577115387,1.50078528020988e-40,2.60967454021335e-39
"PKMYT1","ENSG00000127564",436.488728989946,2.9710968679273,0.15861836632189,18.7311024367629,2.76138156286889e-78,2.35282858592443e-76
"FBXL16","ENSG00000127585",505.52261540219,1.24899547388208,0.213448860634205,5.85149749767243,4.87166614553801e-09,1.26643501877251e-08
"CHTF18","ENSG00000127586",753.398518695902,1.81405486330253,0.13036488668854,13.9152106781373,5.12088219372456e-44,1.05198559233426e-42
"GNG13","ENSG00000127588",4.53766705801767,1.46804456237552,0.304239545936152,4.82529172155551,1.39798491332725e-06,2.94665379363465e-06
"TUBA4A","ENSG00000127824",4151.7750283569,1.03196765926424,0.126454338781765,8.16079281427598,3.32832654656768e-16,1.46287759512983e-15
"VIL1","ENSG00000127831",1142.27143238787,7.0165701617274,0.385148452263269,18.2178329433639,3.72622374733668e-74,2.76652786353092e-72
"GNG11","ENSG00000127920",2159.928605789,-1.70229509372155,0.169500156093147,-10.0430296523507,9.85983826958149e-24,7.05688344630487e-23
"GNGT1","ENSG00000127928",36.3322434987629,6.38810239424392,0.439279242495981,14.5422359543938,6.54203695736723e-48,1.61904104119187e-46
"ZFP36","ENSG00000128016",14509.2140551172,-1.82414306530736,0.161898746473459,-11.2671846140971,1.90566219501409e-29,1.88178883307876e-28
"SRD5A3","ENSG00000128039",2756.80357695385,1.59005021315558,0.137226953770016,11.587010929503,4.79577929517565e-31,5.14762321107246e-30
"SPINK2","ENSG00000128040",51.1382063027916,2.74685648940493,0.264851963687788,10.3712898751356,3.34972311283724e-25,2.59353507823439e-24
"PAICS","ENSG00000128050",5732.07961787331,1.85652164975767,0.0946808357022582,19.6082093698017,1.31583530745689e-85,1.61261925728261e-83
"PPAT","ENSG00000128059",870.246470775128,1.93452270390097,0.100167175082407,19.3129406146219,4.18076858586836e-83,4.27465670325386e-81
"ADM2","ENSG00000128165",742.857319631797,3.46313344263864,0.155366029813248,22.2901585810063,4.60358885211764e-110,2.74573384436469e-107
"ASPHD2","ENSG00000128203",220.226566418272,1.34822531809537,0.155275658800289,8.6827860110993,3.86190544843709e-18,1.93073691502891e-17
"VPREB3","ENSG00000128218",77.9419627270462,1.93362819753906,0.218006771234941,8.86957862173571,7.34232043387359e-19,3.85041440572392e-18
"SDF2L1","ENSG00000128228",1468.05703573708,1.10710132307329,0.11872401042679,9.32499937538723,1.10984246833026e-20,6.52807734577033e-20
"MGAT3","ENSG00000128268",698.593839477534,-3.0151003668834,0.206701788495093,-14.586716393869,3.41230623374032e-48,8.58739738963651e-47
"APOL3","ENSG00000128284",1931.52771204364,-1.31674219543717,0.126211404086743,-10.432830574741,1.75578495755674e-25,1.37428959954343e-24
"MCHR1","ENSG00000128285",39.5899910083125,2.07395882241887,0.209502721551986,9.89943618419411,4.18628406407905e-23,2.8976859094223e-22
"BAIAP2L2","ENSG00000128298",296.786789256305,3.68935137878441,0.242723555096827,15.1998077702539,3.54660241079025e-52,1.08292417979983e-50
"GALR3","ENSG00000128310",1.5666603355972,2.21442119633668,0.42336996493323,5.23046361280238,1.69085457018319e-07,3.85308976366376e-07
"APOL5","ENSG00000128313",1.25941398921078,1.14613079477169,0.396467605560757,2.89085609693286,0.00384193997613942,0.00571816935560329
"IGLL1","ENSG00000128322",13.0624314272341,3.00949375323565,0.329311965843495,9.13873185727454,6.31889336709777e-20,3.54099464508238e-19
"APOBEC3A","ENSG00000128383",94.1292626803803,-1.29439579256861,0.20101231981374,-6.43938537582175,1.19958267523136e-10,3.57616341351462e-10
"KRT17","ENSG00000128422",5561.52580413099,2.69725636477981,0.306509575978798,8.79990896260413,1.36927186577642e-18,7.05656149030458e-18
"DOCK4","ENSG00000128512",1602.27930455645,-1.49523116029908,0.115201898195293,-12.9792232916538,1.60499907807943e-38,2.50377057576941e-37
"CDHR3","ENSG00000128536",813.449758555342,-1.45804248826553,0.279946794893023,-5.20828426995456,1.90594774051872e-07,4.33000544960659e-07
"VGF","ENSG00000128564",69.7777463074071,4.17067275815121,0.313808402225339,13.2905069736034,2.62791618026812e-40,4.5299907720171e-39
"PODXL","ENSG00000128567",4068.3756184021,-1.09558419464279,0.101639651270867,-10.779102259246,4.32082011768696e-27,3.71694395989292e-26
"STRIP2","ENSG00000128578",555.639936934677,2.74417288250877,0.215241566646335,12.7492701584807,3.14677450134911e-37,4.63036481518418e-36
"LRRC4","ENSG00000128594",506.391081312422,-1.23264839811586,0.196074450182841,-6.28663447464169,3.24422008122695e-10,9.32661148994117e-10
"FEZF1","ENSG00000128610",132.381149714132,5.60075676643042,0.325073069186762,17.2292241262614,1.60286865259188e-66,8.63859301229712e-65
"HOXD1","ENSG00000128645",87.1358917864387,1.43008736007569,0.272742184632854,5.24336696210293,1.57672508247528e-07,3.60448983016867e-07
"HOXD3","ENSG00000128652",46.1967792219797,1.89714672616685,0.251241466129273,7.55108921865112,4.31633017208648e-14,1.64393562726997e-13
"PDE11A","ENSG00000128655",31.010602665115,1.67294321773742,0.25243600887425,6.62719722593458,3.42120401108524e-11,1.06332470679778e-10
"GAD1","ENSG00000128683",161.360765087173,3.80477597732868,0.253150483887828,15.0297005911101,4.69121325096137e-51,1.36266036849759e-49
"HOXD10","ENSG00000128710",35.5865340616466,1.44441774112073,0.343049885237293,4.21051807121756,2.54785741212382e-05,4.81046878496692e-05
"HOXD11","ENSG00000128713",5.86930599890854,4.55072496891536,0.705374331599113,6.45150349970728,1.10745892245744e-10,3.30979831293318e-10
"HOXD13","ENSG00000128714",17.2508521076882,5.99258922897914,0.737871402836945,8.1214547764543,4.60628470211372e-16,2.00975986771326e-15
"CGNL1","ENSG00000128849",2282.3926937005,-2.21255400999318,0.133875235696925,-16.5269849832578,2.34587933093505e-61,1.0188062832141e-59
"ELL3","ENSG00000128886",6.66195907919662,1.49249866721985,0.192827366430676,7.74007701731705,9.93566097828756e-15,3.96032038058586e-14
"KNSTRN","ENSG00000128944",717.868293828721,1.06182560266864,0.115447302661841,9.19749165364959,3.66402654587968e-20,2.08924241508685e-19
"LOXL1","ENSG00000129038",1157.19427369366,1.04900925627979,0.132756786183034,7.90173735324908,2.7504250126809e-15,1.13998968616862e-14
"ACKR4","ENSG00000129048",85.9033547408741,-2.36019954393589,0.197849266617824,-11.9292812365839,8.32895223148411e-33,9.76605126329916e-32
"BBOX1","ENSG00000129151",56.9270974436462,1.36784360573854,0.271859091364295,5.03144330717126,4.86801066840267e-07,1.06574470683628e-06
"KCNC1","ENSG00000129159",15.8372972240001,1.8771201335936,0.292907277597895,6.40858140838181,1.46879845963736e-10,4.34471992697822e-10
"E2F8","ENSG00000129173",329.396569179684,3.15861994588879,0.148569187763643,21.2602625984185,2.64929894285297e-100,6.97116264477472e-98
"SOX15","ENSG00000129194",108.127235425213,1.39316917730154,0.213173916777612,6.53536416819198,6.34549495195531e-11,1.93062304328067e-10
"PIMREG","ENSG00000129195",288.236942078074,3.21104325533508,0.183152041535373,17.5321182795274,8.14767445600507e-69,4.8719896135039e-67
"CD68","ENSG00000129226",3.58859402271812,-1.27551775993282,0.171013752404028,-7.45856834320172,8.74676473727928e-14,3.26053878008621e-13
"TXNDC17","ENSG00000129235",3398.06806003085,1.64033403372156,0.126326637093578,12.9848626660303,1.4910539099425e-38,2.33211779812948e-37
"ATP1B2","ENSG00000129244",121.784513144821,-1.57720113102315,0.159436845519163,-9.89232523942265,4.49464703888395e-23,3.10272837448883e-22
"KIF1C","ENSG00000129250",6842.63073197602,-1.32052491971745,0.0842599018710208,-15.6720443579298,2.34900599789018e-55,8.22519849711331e-54
"SLC44A2","ENSG00000129353",9895.59469210844,-1.00538174394593,0.0759596208999766,-13.2357393577545,5.45571942199597e-40,9.25300356566578e-39
"KLK14","ENSG00000129437",122.790013402895,1.32684023690922,0.3592382493137,3.69348263845527,0.000221203619086272,0.000378465897524447
"KLK8","ENSG00000129455",39.5232904247497,4.52086403796305,0.569892072135841,7.93284247843589,2.14186035041682e-15,8.93548781767504e-15
"ADCY4","ENSG00000129467",460.096748122432,-1.75357483261058,0.115470579791708,-15.1863343526444,4.35607734101886e-52,1.32556618814372e-50
"FOXA1","ENSG00000129514",3617.76990900093,1.39047205873077,0.149661042742066,9.2908083042505,1.53121011322258e-20,8.95650296040918e-20
"EGLN3","ENSG00000129521",2976.91935449474,3.05235289192241,0.213836713604164,14.2742227958697,3.16799951195091e-46,7.25800451566423e-45
"CDO1","ENSG00000129596",131.199388177999,-2.68465649293949,0.177248490335656,-15.1462869322924,8.01697889235413e-52,2.38285387576233e-50
"SEC14L1","ENSG00000129657",4374.82643235963,-1.01731778836364,0.0881172315298503,-11.5450493700431,7.81965600703877e-31,8.30861668253829e-30
"AANAT","ENSG00000129673",14.1743139035993,1.2645071330611,0.203869974457762,6.20251773918324,5.55669190429494e-10,1.56847906994083e-09
"ARHGEF6","ENSG00000129675",1384.76023225302,-1.40981354215958,0.112034825881323,-12.5837080663916,2.59554436943993e-36,3.64537483535233e-35
"ART1","ENSG00000129744",3.79020906537346,-1.73058860192036,0.282614692529972,-6.12349126801618,9.15468747105584e-10,2.53960965766825e-09
"CDKN1C","ENSG00000129757",821.571993221067,-1.03720454378867,0.13356506288468,-7.76553779399775,8.12995173565583e-15,3.26823694464367e-14
"SGO1","ENSG00000129810",141.300238275697,3.21813293578455,0.164432644760894,19.5711316354738,2.72561818240153e-85,3.18754811357585e-83
"CDH15","ENSG00000129910",209.925797211001,2.14797081103903,0.227983605832882,9.42160206297267,4.44257060535619e-21,2.68550391356886e-20
"PLPPR3","ENSG00000129951",92.9233230220668,-1.32022528099606,0.272135411425325,-4.85135423604484,1.2262131271975e-06,2.59836943213464e-06
"LBP","ENSG00000129988",97.4528275002311,3.55145422857597,0.404852975914578,8.77220729464345,1.75197486198437e-18,8.96171703987601e-18
"SYT5","ENSG00000129990",56.5499553018359,2.47198516412029,0.329217940278244,7.50865873843646,5.97362216989994e-14,2.25736053824751e-13
"TNNI3","ENSG00000129991",60.0972837258261,2.75367969876351,0.325755547803212,8.45320890874588,2.83403931668967e-17,1.33868705104351e-16
"CBFA2T3","ENSG00000129993",298.798453672059,-1.09025257420031,0.156428768988818,-6.96964235701584,3.17747705456487e-12,1.06389590077338e-11
"GAMT","ENSG00000130005",583.288849732645,1.15247961883742,0.145546481380475,7.91829254755191,2.40794281462997e-15,1.00198420423661e-14
"PRRG3","ENSG00000130032",57.5056008033519,-1.44636711347575,0.181159075588113,-7.98396165789803,1.41710056155264e-15,5.98164197873589e-15
"KCNA5","ENSG00000130037",41.6077726690546,-2.27214529436459,0.181193378388284,-12.5398914385025,4.51613795699409e-36,6.2641284081004e-35
"CRACR2A","ENSG00000130038",369.539548996731,1.07138255393295,0.161173685217929,6.64737889739441,2.98358283739389e-11,9.32493409772731e-11
"STARD8","ENSG00000130052",691.698225966053,-2.20649357474477,0.110909041056378,-19.8946231409858,4.52999836242555e-88,6.38230399203783e-86
"FAM155B","ENSG00000130054",142.045637025679,3.2148273943471,0.234465291862103,13.7113146633142,8.6869436441597e-43,1.67856892683531e-41
"GDPD2","ENSG00000130055",10.2125915629792,1.42194299475099,0.252533064693002,5.63072006622028,1.79458797748651e-08,4.45918104168396e-08
"LDLR","ENSG00000130164",5825.23233185459,-2.12044470258957,0.128495098643274,-16.5021446341414,3.54090088853367e-61,1.5303705217037e-59
"CNN1","ENSG00000130176",714.004653572537,-1.50410467653927,0.159240402949353,-9.44549654912426,3.53723164659382e-21,2.15497738687447e-20
"APOC1","ENSG00000130208",2122.49880243672,-1.39113005877854,0.175228644451478,-7.93894207840975,2.03912963168035e-15,8.51684091962105e-15
"LRCH2","ENSG00000130224",258.637097236669,-1.23138569597553,0.177613170244796,-6.93296389157612,4.12113425179512e-12,1.36681103183262e-11
"DPP6","ENSG00000130226",42.8551249526136,-3.24668318162888,0.20996837651258,-15.4627246043138,6.19229479118679e-54,2.05563507789806e-52
"ATP8B3","ENSG00000130270",224.133641486465,1.33076883056455,0.200476196482323,6.63803909848164,3.17883555714494e-11,9.91094347865384e-11
"NCAN","ENSG00000130287",2.93864915357842,2.45595602816557,0.344095085147934,7.13743419819468,9.50891155115868e-13,3.30888670526803e-12
"KIF1A","ENSG00000130294",1612.9479705168,5.47826745753245,0.413340667962204,13.2536376944003,4.29851762663358e-40,7.30421423488648e-39
"USHBP1","ENSG00000130307",137.995230931431,-2.30050675888858,0.120509597461198,-19.0898219507313,3.0681332413458e-81,2.93572770520858e-79
"CACNG6","ENSG00000130433",90.201322499284,-1.53787487164531,0.353373892340127,-4.35197649000364,1.34915732049203e-05,2.60443110751579e-05
"UNC13A","ENSG00000130477",95.7057380140252,1.78902481046987,0.246925517276701,7.24520021341136,4.31800862579399e-13,1.53847328437538e-12
"KLHDC7B","ENSG00000130487",332.672075255352,1.80552032600848,0.199983171172889,9.0283613137006,1.74261627959145e-19,9.46876194677493e-19
"GDF15","ENSG00000130513",3981.58961548206,1.44961083519224,0.208572795642794,6.95014338147374,3.64915137029508e-12,1.21590810928659e-11
"IQCN","ENSG00000130518",430.006386935404,-2.42978726796098,0.187514072634215,-12.9578928867957,2.11990982705382e-38,3.28127565185762e-37
"JUND","ENSG00000130522",7085.97219671253,-1.45549537366139,0.112345792265124,-12.9554952109517,2.18720050319036e-38,3.37958364452376e-37
"SULT4A1","ENSG00000130540",54.2425335459543,3.92548636065402,0.370422575184306,10.5973194498226,3.06643539948189e-26,2.51110886054597e-25
"SAMD10","ENSG00000130590",560.579201578831,1.73433594368825,0.113701829246202,15.2533688788141,1.56353491611182e-52,4.83183596787371e-51
"TNNT3","ENSG00000130595",30.6380357670631,-1.62171280857325,0.264302442454731,-6.1358222554111,8.47198396538617e-10,2.35606479783424e-09
"TNNI2","ENSG00000130598",120.278751554719,-1.45291698989238,0.211248476502771,-6.87776316281895,6.07996386975479e-12,1.99246874581543e-11
"COL5A1","ENSG00000130635",14218.6459055862,2.01037789352059,0.16215072448429,12.3982048178599,2.67243727361204e-35,3.56584042779569e-34
"CALY","ENSG00000130643",30.5946602322145,2.83119390034156,0.351950090405347,8.04430508053235,8.67361953823164e-16,3.71669192396457e-15
"CYP2E1","ENSG00000130649",99.7194550961247,1.48133795691539,0.219685416838334,6.74299631825586,1.5515314230717e-11,4.93538697831499e-11
"MNX1","ENSG00000130675",115.758659853995,4.33324403104546,0.232087703095125,18.6707178935258,8.56931498337217e-78,7.19862690129006e-76
"CEP85","ENSG00000130695",999.512905722417,1.05766381317164,0.0871959593066256,12.1297342397754,7.34875370541262e-34,9.06836207247917e-33
"GATA5","ENSG00000130700",50.633801737384,-1.57437262104057,0.19263041262569,-8.17302210788394,3.00758843214874e-16,1.32483455973504e-15
"RBBP8NL","ENSG00000130701",226.064077113819,2.08393460234068,0.147777456419963,14.1018437644402,3.69975496446091e-45,8.03394606542464e-44
"PRDM12","ENSG00000130711",6.07286990675071,3.2015947884921,0.298457819248417,10.7271265217793,7.59203471871285e-27,6.45647705427419e-26
"GMFG","ENSG00000130755",1213.11562101841,-1.47774147748832,0.121682340031218,-12.1442559134646,6.15398901574784e-34,7.63615294443662e-33
"ARHGEF16","ENSG00000130762",1730.52800180345,1.76620660092204,0.111088343691634,15.8991172451431,6.42639144620171e-57,2.38563116487318e-55
"SMPDL3B","ENSG00000130768",1780.49684729225,1.8176880735397,0.152850736600012,11.891915694828,1.30381288632855e-32,1.50997566181726e-31
"THEMIS2","ENSG00000130775",2466.33154967534,-1.09207277864324,0.106692294767044,-10.2357230297437,1.37166734209288e-24,1.0277740264685e-23
"SLC6A8","ENSG00000130821",1824.10695374239,1.86815330363008,0.168650843169312,11.0770469244236,1.62132171277238e-28,1.5125291661437e-27
"PNCK","ENSG00000130822",60.7158282367551,2.86599248151469,0.270940112069239,10.5779556213599,3.77096381410569e-26,3.07397975060561e-25
"DKC1","ENSG00000130826",3365.15789702249,1.12414378560341,0.0776567241474759,14.4758074454516,1.72290548099431e-47,4.1491181388198e-46
"PLXNA3","ENSG00000130827",3176.69063955395,1.02082820086028,0.111630447365261,9.14471118726307,5.97894089055333e-20,3.35469392770997e-19
"DUSP9","ENSG00000130829",115.737073296776,4.58618622443104,0.326671077477776,14.0391560215276,8.97753932740989e-45,1.91688676832154e-43
"ZNF331","ENSG00000130844",1329.4257977774,-1.19585577811702,0.117433536360523,-10.1832561223884,2.35545105765583e-24,1.74373544785419e-23
"SLC7A10","ENSG00000130876",131.753618166696,4.78245724149396,0.350657178124575,13.6385550898232,2.36194097503271e-42,4.47219152023919e-41
"CASZ1","ENSG00000130940",812.568987746273,-1.02088453765036,0.116714067231926,-8.74688511729888,2.19322787698009e-18,1.11550387728268e-17
"AKAP12","ENSG00000131016",3384.36851755577,-1.05178845273922,0.234813110418945,-4.47925778446809,7.49030314091505e-06,1.47994693132059e-05
"SYNE1","ENSG00000131018",5515.6328794646,-1.10274746817083,0.148891284464856,-7.40639367935011,1.29780198139921e-13,4.78894016357519e-13
"EPS8L1","ENSG00000131037",1806.76050277408,1.26389321282208,0.155683227037408,8.11836468753558,4.72507132614575e-16,2.06058253080005e-15
"TTLL9","ENSG00000131044",68.2637138780543,-1.01569879064736,0.239051866526509,-4.24886366881696,2.148576216858e-05,4.08245452354681e-05
"BPIFA2","ENSG00000131050",152.37671479279,4.7208099182212,0.359726645232656,13.123325671825,2.42073979966935e-39,3.93408694236909e-38
"COX4I2","ENSG00000131055",250.840477269908,-2.27646933791687,0.148801727231704,-15.2986754943516,7.80284556207432e-53,2.43233999376648e-51
"C1QL1","ENSG00000131094",25.4813263432948,2.15588476692592,0.283478478040652,7.60510914912121,2.84663541839866e-14,1.09891796205841e-13
"GFAP","ENSG00000131095",43.67957600119,2.8836891618322,0.251976891447053,11.4442604052766,2.51237936243438e-30,2.61056933403243e-29
"HIGD1B","ENSG00000131097",132.457602484138,-2.73576700465635,0.154831587985424,-17.6693079251625,7.22781649100352e-70,4.50617841371171e-68
"TEX101","ENSG00000131126",8.55101006726728,2.56833780485463,0.420593963788162,6.10645426701418,1.0186880743007e-09,2.8159100437915e-09
"CCL25","ENSG00000131142",11.5956255700628,2.96093730492298,0.310465093729089,9.53710212429448,1.4687917684197e-21,9.1795637835605e-21
"GINS2","ENSG00000131153",530.514000182167,2.85995658145835,0.157034879921695,18.2122378345783,4.1272683459146e-74,3.03906224335185e-72
"SLC34A1","ENSG00000131183",5.54387370264653,1.184025893735,0.27531126412366,4.30068089478233,1.70274108643922e-05,3.25921547493122e-05
"F12","ENSG00000131187",151.606599425361,2.75592744982072,0.179946691049376,15.3152438299881,6.04846354480239e-53,1.89868698609034e-51
"PRR7","ENSG00000131188",130.89888202708,1.4410045983352,0.150619580965991,9.56717970594119,1.09861640262698e-21,6.91436626528478e-21
"NFATC1","ENSG00000131196",808.518024925327,-1.1525860333199,0.103678264105885,-11.1169495675851,1.03759183027469e-28,9.81270117288846e-28
"ADGRE3","ENSG00000131355",66.4368189629138,-2.84181442225349,0.190646309220554,-14.9062126294083,3.00310495813854e-50,8.47548217917555e-49
"SH3BP5","ENSG00000131370",456.17388271443,-1.39513394327457,0.119736395718073,-11.6517115360604,2.24895964672893e-31,2.46270715782869e-30
"LRRC4B","ENSG00000131409",96.6798506204176,-1.32702644442347,0.16741044749155,-7.92678392721249,2.24894093385818e-15,9.3691036390045e-15
"PDLIM4","ENSG00000131435",965.139606410444,1.22385230346604,0.189160819842054,6.46990378075089,9.80653423341418e-11,2.93818347351775e-10
"TUBG1","ENSG00000131462",1704.36221286403,1.16293261240094,0.101300335246958,11.4800470261608,1.66190106158897e-30,1.7461183614217e-29
"AOC3","ENSG00000131471",3590.75931333828,-2.65008867148221,0.146507308000461,-18.0884401443911,3.93055498933703e-73,2.75801648722382e-71
"RAMP2","ENSG00000131477",906.647293130818,-2.860601563344,0.1297391278707,-22.0488730754759,9.79320476794514e-108,4.61131086612743e-105
"G6PC","ENSG00000131482",5.21544408644156,2.49685605922084,0.620076048678416,4.02669328148128,5.65667432226042e-05,0.00010321728905589
"TMEM204","ENSG00000131634",986.364310584699,-1.90645808488439,0.10777485412682,-17.6892662052786,5.07317585780707e-70,3.17392781901195e-68
"KREMEN2","ENSG00000131650",52.4825814339511,2.86407535433213,0.227292141377403,12.600855168048,2.08867538963398e-36,2.94969761221159e-35
"BARX1","ENSG00000131668",686.171792399291,7.53874634155397,0.43015925744767,17.5254773924541,9.15697367849149e-69,5.44337973519097e-67
"CA6","ENSG00000131686",9.74028997546752,2.82147418424207,0.394733144916181,7.14780154790699,8.8178663618476e-13,3.07379861314123e-12
"KRT34","ENSG00000131737",1.52790939549249,2.50191256777509,0.591236440352926,4.23166164501232,2.31971191435972e-05,4.39548928133416e-05
"KRT33B","ENSG00000131738",1.24881738866179,2.41296964254876,0.618174093121486,3.90338202360505,9.48577984787472e-05,0.000168884635639823
"TNS4","ENSG00000131746",1599.71341641244,3.91370820078218,0.292440825806818,13.3829064050295,7.61119166845026e-41,1.34972301807315e-39
"TOP2A","ENSG00000131747",5246.33055028419,3.85206229789166,0.160189308681746,24.0469375240559,8.98690780924354e-128,1.60802741430795e-124
"CHD1L","ENSG00000131778",31.4073168619861,1.75880226222813,0.175245107375971,10.0362417448539,1.05621958850233e-23,7.53245799006465e-23
"PIAS3","ENSG00000131788",2351.69497322424,1.0306276815971,0.0853978862837577,12.0685385370377,1.54860079351621e-33,1.88113469099698e-32
"RAI2","ENSG00000131831",596.623157170838,-2.13246862177994,0.131132709289443,-16.261912327862,1.83907147389656e-59,7.41137519874577e-58
"LIN28A","ENSG00000131914",8.35609489807461,4.11168332482468,0.558580321704935,7.36095269571032,1.8260227226989e-13,6.68570177557836e-13
"RHPN2","ENSG00000131941",1684.32842375212,1.2011029892443,0.146617074127245,8.19210856848704,2.56688926253952e-16,1.13602150815285e-15
"FAAP24","ENSG00000131944",224.04902569913,1.2387946122809,0.116984412725573,10.5893989072451,3.33727916344454e-26,2.72915612758287e-25
"PODNL1","ENSG00000132000",682.640698509034,2.82607663845737,0.211095811734602,13.3876490264545,7.14053697463888e-41,1.27129978196232e-39
"C19orf57","ENSG00000132016",113.101932218816,1.32364656033652,0.155927879492474,8.48883833118762,2.08712829620464e-17,9.95335463858999e-17
"RTBDN","ENSG00000132026",21.1769395758714,5.01995716527783,0.414643162040311,12.1066922714375,9.73409429304792e-34,1.19377758180608e-32
"MATN3","ENSG00000132031",457.590184720092,-1.49290366459539,0.185970006098268,-8.02765830854748,9.93507256562786e-16,4.24065490020943e-15
"SLC6A11","ENSG00000132164",85.5975248110127,3.75466954400132,0.365862361327604,10.2625192992708,1.0395853083441e-24,7.82224555180868e-24
"PPARG","ENSG00000132170",996.16001965775,-1.58102367520964,0.173504066493897,-9.11231481289374,8.06426536233463e-20,4.48675062587853e-19
"NUP210","ENSG00000132182",4439.50221902199,1.10450422570322,0.11836345052963,9.33146356211313,1.0441892709618e-20,6.16623056941238e-20
"FCRLA","ENSG00000132185",197.033660456031,1.83640010406518,0.22618554968466,8.11899834726589,4.70046919037356e-16,2.05035336965758e-15
"EMILIN2","ENSG00000132205",1645.96805401512,-1.14020236154556,0.115444060525052,-9.8766654287782,5.25526200889172e-23,3.6166308894269e-22
"CNGA4","ENSG00000132259",57.3291813298051,-1.9522708245574,0.271602482553808,-7.18797120777653,6.57611245702645e-13,2.31535576925569e-12
"IQCA1","ENSG00000132321",284.341275539921,-1.07414308271156,0.201309443813133,-5.33578088720287,9.51342301133167e-08,2.22922574570138e-07
"RAMP1","ENSG00000132329",1555.67723740154,2.21791437065951,0.189205395063896,11.7222575493183,9.8024432681268e-32,1.09348576930544e-30
"SCLY","ENSG00000132330",83.3918464628742,1.06814989565764,0.114508499239153,9.32812763030626,1.07757603428996e-20,6.35081290564894e-20
"INPP5K","ENSG00000132376",2056.99314606513,-1.10433063450365,0.0729410895605412,-15.1400348028398,8.81670307980672e-52,2.61620676960169e-50
"POPDC3","ENSG00000132429",95.0780549802674,1.33937816804106,0.339338429008949,3.94702766778511,7.91274158894772e-05,0.00014212275170753
"FIGNL1","ENSG00000132436",791.431334639259,1.58699603698089,0.10578150647733,15.0025849492038,7.0614730841073e-51,2.04121062833492e-49
"DDC","ENSG00000132437",391.250349766164,1.55590394538324,0.347355129287937,4.47928881480109,7.48921444073334e-06,1.47989524006672e-05
"FTHL17","ENSG00000132446",2.09257874807231,3.11550312141677,1.05424013291182,2.95521202822332,0.00312454236945486,0.0047020552242772
"ITGB4","ENSG00000132470",10514.6177330592,1.67106161562158,0.183289757207081,9.11704855243828,7.71980068802443e-20,4.30446848584672e-19
"TRIM47","ENSG00000132481",1950.23673533401,1.01268055064438,0.114533864897494,8.8417565542795,9.42253528289039e-19,4.90108790164994e-18
"SLC52A1","ENSG00000132517",151.706657754518,1.08639948200936,0.193723039044976,5.60800350523684,2.04673882999886e-08,5.06042529848966e-08
"RGS22","ENSG00000132554",128.770925814913,-1.90179781473632,0.236842374286397,-8.02980387469266,9.76286090736855e-16,4.16913771397483e-15
"HSPA12B","ENSG00000132622",424.290455487253,-2.78822365089097,0.124273569402014,-22.4361758039742,1.74631905693126e-111,1.15729210687671e-108
"PCNA","ENSG00000132646",3954.3247615046,1.10564327576521,0.104734696892761,10.5566093049116,4.73455886839615e-26,3.83675098877773e-25
"SSTR4","ENSG00000132671",2.84692654824586,-4.0081636853884,0.272469134217892,-14.7105238062785,5.51786416456296e-49,1.46485376107604e-47
"RHBG","ENSG00000132677",46.7366880021365,4.64031929470675,0.278450424024229,16.66479521792,2.36296504711798e-62,1.06232496452467e-60
"KHDC4","ENSG00000132680",2499.15688752883,1.49571298179131,0.0955367393698996,15.6558931323812,3.02831821124947e-55,1.05214947094926e-53
"NES","ENSG00000132688",2781.78182846171,-1.59210183100394,0.145475435447776,-10.9441283066341,7.08963881864708e-28,6.37461846140966e-27
"BCAN","ENSG00000132692",77.748321868678,2.84473362632341,0.226518875713772,12.5584837791531,3.57110513852721e-36,4.98034171813463e-35
"CRP","ENSG00000132693",3.61313495048861,1.34494760170241,0.411772064303152,3.26624294918715,0.00108984703129655,0.00173000647010194
"RAB25","ENSG00000132698",5871.60393338819,1.05313600346302,0.118159541825957,8.91283079799212,4.9745867549966e-19,2.63499943182813e-18
"APCS","ENSG00000132703",1.21521896700473,2.51450044960391,1.08010598349776,2.32801270247673,0.0199114291793012,0.0271365071448882
"FCRL2","ENSG00000132704",183.735640461605,1.96674148901325,0.220971475675621,8.90043152854878,5.56299755211722e-19,2.9336491364584e-18
"ACY3","ENSG00000132744",174.516902010652,2.89693150165357,0.210901454117171,13.7359484493839,6.18408927411227e-43,1.20404689207498e-41
"ALDH3B2","ENSG00000132746",565.13618025869,2.81590444412803,0.231158732419821,12.1816918385497,3.89125108393256e-34,4.86896193320317e-33
"TESMIN","ENSG00000132749",233.008887466718,2.74693713761512,0.206977114293062,13.2716950228888,3.37851223197136e-40,5.77380318688286e-39
"MMACHC","ENSG00000132763",420.686943163429,1.05116964557323,0.0750886174639594,13.9990544649162,1.57958282476839e-44,3.34083634557693e-43
"VSTM2L","ENSG00000132821",3290.35949852893,2.04952935473002,0.224163854881733,9.14299656298886,6.07453228085741e-20,3.40619260737642e-19
"DMGDH","ENSG00000132837",147.966258546841,1.80995527627836,0.213934988234628,8.46030511985882,2.6667885010004e-17,1.26201657361545e-16
"BHMT2","ENSG00000132840",896.099794324987,2.88474221493859,0.290066919615062,9.94509204554188,2.649289943954e-23,1.8531565663475e-22
"KANK4","ENSG00000132854",245.274049377873,-1.27595715076439,0.233688323253093,-5.46008090178506,4.75917665269116e-08,1.14333979385879e-07
"ANGPTL3","ENSG00000132855",17.5207475201002,3.972892951671,0.389769059278042,10.1929408122591,2.13214938105676e-24,1.58432511940401e-23
"SLC14A2","ENSG00000132874",296.634415423967,4.16920742810368,0.413886827217121,10.0733030237673,7.25014948177428e-24,5.2246042963104e-23
"NMUR2","ENSG00000132911",14.5041747890945,-1.05477743562328,0.35424912027069,-2.97750191960194,0.00290607824726999,0.00439101993568671
"TPTE2","ENSG00000132958",10.8611227912346,2.58928546476961,0.261463966076941,9.90302986533778,4.03850957926165e-23,2.79973079820723e-22
"ALOX5AP","ENSG00000132965",2488.94891683712,-1.94393839114375,0.156486250785461,-12.4224229373917,1.97488374152543e-35,2.65289750654013e-34
"WASF3","ENSG00000132970",267.227256219111,-1.85998128785195,0.144345728845514,-12.8855997522628,5.42521054384787e-38,8.2335277575123e-37
"GPR12","ENSG00000132975",16.0760363104663,2.07188295724889,0.440735708338205,4.70096458728277,2.58935421830287e-06,5.33033997101854e-06
"MYH8","ENSG00000133020",2.91289713102291,1.39013136885145,0.387119214681701,3.59096453012402,0.000329456474738165,0.000553050445866402
"MYH10","ENSG00000133026",5675.07560915225,-1.50559237431539,0.117381381578822,-12.8265007113106,1.16508591294084e-37,1.74305035453599e-36
"CHI3L1","ENSG00000133048",8463.64019652376,1.33495484805621,0.233313508081371,5.72172121123236,1.05450242806213e-08,2.66877113795129e-08
"MYBPH","ENSG00000133055",145.127943608557,3.27959957251772,0.326656066098113,10.0399163306298,1.01760435143482e-23,7.27156336270893e-23
"DCLK1","ENSG00000133083",956.833759890433,1.16395558047914,0.179029288525186,6.50148135016128,7.95328978938745e-11,2.40182640002548e-10
"CCNA1","ENSG00000133101",70.5483437246964,-1.20934575449606,0.270204463294069,-4.47566905354893,7.6172398651661e-06,1.5043628356227e-05
"RXFP2","ENSG00000133105",7.92716675600707,-2.76990761539663,0.369129096975534,-7.50389941646952,6.19468447875383e-14,2.33497976360527e-13
"POSTN","ENSG00000133110",11936.3610966368,1.63487685652078,0.169447515439738,9.64827871496413,4.99877052685955e-22,3.23482824727298e-21
"STOML3","ENSG00000133115",108.380523009659,-2.0526568547569,0.340431102718168,-6.02958084137283,1.6438547192131e-09,4.44917448054456e-09
"KL","ENSG00000133116",256.261048854458,-2.29882849555761,0.208707240438492,-11.0146082652801,3.24947024805921e-28,2.98474184540675e-27
"STARD13","ENSG00000133121",831.301031538675,-1.99706887336806,0.10281179135544,-19.424511984854,4.78915873940032e-84,5.19347983782363e-82
"SLC39A11","ENSG00000133195",3131.13980628694,1.32564093687734,0.0902535936344063,14.6879573820314,7.70000883416435e-49,2.00840026340675e-47
"EPHB2","ENSG00000133216",1705.93916024612,2.24725122612478,0.171399587156998,13.1111822577866,2.84134275037712e-39,4.58432333926941e-38
"PRAM1","ENSG00000133246",341.695146412549,-2.1483497089306,0.153616796847814,-13.9851224150894,1.92145947085092e-44,4.04478521316888e-43
"MYH11","ENSG00000133392",4941.08044218211,-1.8161561377079,0.184559181032443,-9.8405082182752,7.5329338852186e-23,5.13277936055661e-22
"PDZD2","ENSG00000133401",1631.30731640614,-2.22201221207079,0.172714436135282,-12.8652373350561,7.06246626526594e-38,1.06820548507526e-36
"MYO18B","ENSG00000133454",20.9221860483075,2.29596221683949,0.35860353970379,6.40250851605085,1.52844600201045e-10,4.51369604125648e-10
"C1QTNF6","ENSG00000133466",1211.68846813879,2.28239072772336,0.137307812936632,16.6224388759049,4.79419970657787e-62,2.1286008771662e-60
"FAM83F","ENSG00000133477",429.954465648141,2.25605225896178,0.272259568514614,8.28640209514135,1.16725694717579e-16,5.29288610132196e-16
"SEC14L4","ENSG00000133488",194.514737846105,-1.53997053916001,0.211373441363625,-7.28554414984807,3.20374532821062e-13,1.15341277983245e-12
"GIMAP6","ENSG00000133561",1377.14329806776,-2.085901745909,0.118977012000522,-17.5319728646393,8.16854012212134e-69,4.8719896135039e-67
"GIMAP4","ENSG00000133574",1677.57490049373,-1.47415017212236,0.114314875713053,-12.8955235521813,4.77012496537057e-38,7.25164367080506e-37
"NTS","ENSG00000133636",558.032227858596,3.0465138484645,0.463813464982576,6.56840320187546,5.08576761460861e-11,1.55954824212839e-10
"LRRIQ1","ENSG00000133640",217.335377549327,-1.41287288909882,0.246724687889154,-5.72651606609218,1.02514057946952e-08,2.59813603235809e-08
"SFTPD","ENSG00000133661",11490.9872692364,-2.22917264721809,0.258936203097212,-8.60896475871007,7.37233074612017e-18,3.62199654146975e-17
"DYDC2","ENSG00000133665",102.63763126216,-1.95416904905085,0.259016077043685,-7.54458592437588,4.53726802079221e-14,1.72477876983291e-13
"TMTC1","ENSG00000133687",825.639951628859,-1.05446423321734,0.19981153157145,-5.27729418279481,1.31105324432175e-07,3.02068963438695e-07
"SPINK5","ENSG00000133710",1269.52946948587,1.42895549815008,0.289661117452339,4.93319749201477,8.08942877624488e-07,1.73887733173174e-06
"E2F5","ENSG00000133740",539.134267502453,1.27588868137273,0.112049005680089,11.3868808886668,4.86079633126369e-30,4.96428246320212e-29
"LYVE1","ENSG00000133800",621.482752482046,-3.1985101313959,0.171143335266516,-18.6890720951241,6.07605858704128e-78,5.1525552747834e-76
"TEX15","ENSG00000133863",35.3959900745332,3.23278901443228,0.43712762609476,7.3955266641772,1.40848891241252e-13,5.18881863491811e-13
"RNF122","ENSG00000133874",521.249032955237,-1.34814949540164,0.0972444455827561,-13.8635115591702,1.05389619223058e-43,2.13318603705676e-42
"DUSP26","ENSG00000133878",36.9805630767062,-1.49027847610508,0.195073050353275,-7.63959180115451,2.17911490383432e-14,8.4855066320582e-14
"GSC","ENSG00000133937",15.0255949795415,2.45211094706124,0.343522479445643,7.13813824067152,9.46034654457256e-13,3.29262751842126e-12
"CATSPERB","ENSG00000133962",218.180459415606,2.26840486007143,0.224530936043026,10.1028611025643,5.36535584550837e-24,3.89777962418519e-23
"VRTN","ENSG00000133980",1.1198977582493,1.48284016941289,0.41735891179202,3.55291363743978,0.000380989521623327,0.000635444212379399
"LOXL2","ENSG00000134013",2335.53549221544,1.73334913477007,0.178434947366214,9.7141796512126,2.62353035763172e-22,1.7258392900406e-21
"PEBP4","ENSG00000134020",1634.87670381614,-2.5720985452315,0.295574055161397,-8.70204437878358,3.25958060278075e-18,1.63876582538792e-17
"ADAMDEC1","ENSG00000134028",556.296125451232,2.26754678360622,0.235365892333079,9.63413501051075,5.7373153072471e-22,3.68477325170755e-21
"CTIF","ENSG00000134030",1473.96989920777,-1.20698524620748,0.0892211890450275,-13.5280112171375,1.06876065722272e-41,1.97555107847997e-40
"CCNB1","ENSG00000134057",1797.96849430638,2.97564191946714,0.14868407167946,20.0131855810497,4.22749967995412e-89,6.25145882424951e-87
"CNTN6","ENSG00000134115",152.178822119679,-3.4308017388117,0.268983002077541,-12.7547157713062,2.93443110012134e-37,4.32146301847499e-36
"CHL1","ENSG00000134121",1558.40330930427,1.54372157641273,0.226671322430799,6.8103964800577,9.73301288890448e-12,3.14071775691917e-11
"TRPM1","ENSG00000134160",3.12137503705766,-2.02837045271867,0.306816844410097,-6.61101399637471,3.81696392717063e-11,1.18324559162966e-10
"REG4","ENSG00000134193",262.493977186979,7.3079956482647,0.547554167640792,13.3466167918183,1.23951778892762e-40,2.16800506327292e-39
"GSTM5","ENSG00000134201",196.388632713992,-2.45060903373943,0.149388099035913,-16.404312321762,1.7813231683886e-60,7.48197545821061e-59
"SYT6","ENSG00000134207",10.6846881131201,2.18587416306412,0.281890515604121,7.75433738300689,8.88059410617391e-15,3.55800426201903e-14
"PSRC1","ENSG00000134222",343.296544009636,1.22518532931767,0.126848056288075,9.65868429655121,4.51626791547524e-22,2.93000659215368e-21
"WNT2B","ENSG00000134245",210.743726906302,-1.15699073935921,0.142725944495242,-8.1063799819365,5.21501813411383e-16,2.26761408198539e-15
"PTGFRN","ENSG00000134247",4146.20841375797,1.15900315067859,0.101812975935965,11.3836486953052,5.04441317220974e-30,5.14593414426163e-29
"TRIM45","ENSG00000134253",276.951998981828,1.3182068759233,0.118280148594101,11.1447854233507,7.59270865876186e-29,7.23024672864428e-28
"CD101","ENSG00000134256",243.151809475798,-2.74247967279347,0.133345655305487,-20.5666968789543,5.4557696882731e-94,1.07274820914583e-91
"VTCN1","ENSG00000134258",483.386986057701,2.81072760282102,0.298740231664742,9.40860086757693,5.02784822557254e-21,3.03212970340982e-20
"FKBP11","ENSG00000134285",1666.2202794812,1.73740334697971,0.118709706885652,14.6357310835017,1.66179758856136e-48,4.25996335990378e-47
"TMEM106C","ENSG00000134291",3602.96458435601,1.02866300274758,0.11524642018821,8.92576967742387,4.42610630640881e-19,2.35213306030807e-18
"GRHL1","ENSG00000134317",915.84696062655,1.52212793404596,0.154629155450812,9.8437317956519,7.29534640156002e-23,4.97847571178922e-22
"MYCN","ENSG00000134323",152.73373742632,3.37679033648455,0.308499224168323,10.9458633018866,6.95519528990301e-28,6.26317611083214e-27
"LDHA","ENSG00000134333",37281.8159271284,1.33885871879895,0.101915504678472,13.1369483281553,2.02218789655115e-39,3.3043842952502e-38
"SAA2","ENSG00000134339",182.434776805616,2.35495463304464,0.300258650282831,7.84308672148618,4.39604170536206e-15,1.79298778741836e-14
"CFHR4","ENSG00000134365",2.3518079193798,3.22997336677411,0.552405565961027,5.84710503623345,5.00201681701599e-09,1.29862285123139e-08
"CFHR5","ENSG00000134389",1.31595693641958,2.22184320735469,0.511456127072397,4.34415209780092,1.39814624757322e-05,2.69638185038021e-05
"ERN2","ENSG00000134398",1097.97820399213,3.08099716343481,0.335010886375717,9.19670759588228,3.69085114423891e-20,2.10386745854943e-19
"RAX","ENSG00000134438",3.42798355822544,3.4669089592013,0.564952356778523,6.13663951942841,8.42853431680544e-10,2.34434578782216e-09
"IL2RA","ENSG00000134460",441.760427060774,1.38815334416466,0.169837802640489,8.17340617096353,2.99802537572925e-16,1.32094725555093e-15
"EMP1","ENSG00000134531",8015.91347592064,-1.78185878066227,0.13564231435717,-13.1364522133582,2.03548616850682e-39,3.32307974572013e-38
"SOX5","ENSG00000134532",152.202806559485,-1.57794667898409,0.169926222177053,-9.28606932330881,1.60091459554983e-20,9.34894414431239e-20
"RERG","ENSG00000134533",548.395402193581,-1.08582738519944,0.153882912985303,-7.05619203675424,1.7112729233825e-12,5.86025003216901e-12
"SLCO1B1","ENSG00000134538",9.97975653103455,5.21718620354379,0.576839392486099,9.04443467541013,1.50441584362448e-19,8.21437677448057e-19
"KLRD1","ENSG00000134539",279.258464102482,-1.00815915964567,0.179810244476603,-5.60679488857962,2.06107670754045e-08,5.09305973318895e-08
"PRH2","ENSG00000134551",21.3699233323452,1.54659075391787,0.248165181128836,6.23210213005246,4.60217264366983e-10,1.30833611555742e-09
"SOX3","ENSG00000134595",3.07707928160034,2.91828811696116,0.634036664235076,4.60271192752219,4.17024861250106e-06,8.43017356706553e-06
"CDCA8","ENSG00000134690",843.617066415546,3.03752829086754,0.148797921371201,20.413781744235,1.26137065832099e-92,2.32677373085953e-90
"HOOK1","ENSG00000134709",1875.74090772429,1.09182123981467,0.100622282188438,10.8506904839426,1.97924448246455e-27,1.7300743294938e-26
"DSG3","ENSG00000134757",44.902971115194,3.19007328174271,0.421339277479852,7.57126964479416,3.69593984572177e-14,1.41457650608555e-13
"DSG1","ENSG00000134760",7.14879060371486,1.47194916212205,0.412111630756574,3.57172438792804,0.000354638516023659,0.000593707612950162
"DSC1","ENSG00000134765",2.62035291373388,1.57736554090536,0.364373260421553,4.32898270054302,1.4979969886671e-05,2.8824239292634e-05
"CBLIF","ENSG00000134812",2.00939688822645,1.32872876443141,0.582543184075249,2.2809103269154,0.0225537537424123,0.0304891444328334
"APLNR","ENSG00000134817",734.464813430721,-1.4797721627905,0.151724350814721,-9.75303011576256,1.79042773767226e-22,1.19049139762801e-21
"TCN1","ENSG00000134827",1121.59415317345,6.71303070988648,0.403736750782363,16.6272470783944,4.42461832021826e-62,1.9743066235328e-60
"CLDN10","ENSG00000134873",859.843488721195,4.11154506587318,0.305630403787995,13.4526703329071,2.96951600188187e-41,5.377889658064e-40
"ADAMTS8","ENSG00000134917",462.132021501068,-3.50955706769405,0.225037899993218,-15.5954044532046,7.82264174527057e-55,2.68657444814062e-53
"ACRV1","ENSG00000134940",12.0546237824723,2.68101887765122,0.237062290342731,11.3093435222243,1.1796884201647e-29,1.180546135459e-28
"ETS1","ENSG00000134954",5713.93690819637,-1.17698018031864,0.112184638649189,-10.4914558222107,9.45600334876447e-26,7.52317776431493e-25
"KLB","ENSG00000134962",240.977534968685,-1.29992622757891,0.295198938111953,-4.40355997177035,1.06488828309387e-05,2.07560414481466e-05
"AGTPBP1","ENSG00000135049",966.66099592905,-1.19543325689351,0.0808922563008505,-14.7780926328413,2.02829139773262e-49,5.49050196363535e-48
"GOLM1","ENSG00000135052",13052.8353421254,2.63507945535332,0.120915547003948,21.7927265818621,2.71965917852974e-105,1.10597412912347e-102
"FAM189A2","ENSG00000135063",994.11969405121,-2.834726840909,0.180989640392712,-15.6623707012081,2.73508895831327e-55,9.5211958620816e-54
"PSAT1","ENSG00000135069",1225.93038394734,3.49085150901322,0.179437272319458,19.4544392248582,2.67260445612437e-84,2.95190811934773e-82
"SDS","ENSG00000135094",474.566871012717,1.13609908977426,0.187142107885281,6.07078280036631,1.27288248752023e-09,3.48243399777033e-09
"MSI1","ENSG00000135097",190.021619506149,2.31560029747638,0.284782816814844,8.13110960617369,4.25378496552362e-16,1.85913469438481e-15
"HNF1A","ENSG00000135100",91.9829086133169,3.87871565584399,0.350669878322916,11.0608749014714,1.94193961046771e-28,1.80692280031714e-27
"TBX3","ENSG00000135111",657.350543933781,-2.10220675279404,0.141453869446571,-14.8614298146724,5.86597321427064e-50,1.63999779254601e-48
"OASL","ENSG00000135114",745.890414843492,-1.04525154203224,0.172972024878969,-6.04289359949172,1.51374486960096e-09,4.1094578898149e-09
"RNFT2","ENSG00000135119",301.632661534948,2.22445826551534,0.179051572852845,12.4235617150569,1.94696546680947e-35,2.61735936120374e-34
"BICDL1","ENSG00000135127",1024.76780013227,1.959404609625,0.158249220163954,12.3817647100881,3.28049299612766e-35,4.36091093459972e-34
"CCDC146","ENSG00000135205",405.57282738148,-1.05080910977293,0.172077430679976,-6.10660622732795,1.01771910000734e-09,2.81366623245232e-09
"CD36","ENSG00000135218",2149.14624250789,-2.90155160225684,0.200359648565207,-14.4817163687155,1.58099421610282e-47,3.81764230887015e-46
"UGT2A3","ENSG00000135220",5.80689522452732,3.01303190175191,0.717034512806244,4.2020737467153,2.64480937525901e-05,4.98667799278288e-05
"UGT2B28","ENSG00000135226",3.07827059858353,3.61974302461458,0.600758623331175,6.02528683573994,1.68809971605122e-09,4.56616299611558e-09
"HILPDA","ENSG00000135245",1072.03129996045,1.5894172516895,0.182877862343508,8.69114080469741,3.58817996580517e-18,1.79841188034039e-17
"FAM71F1","ENSG00000135248",2.77429638085844,2.42790663950844,0.382374679272237,6.34954867861387,2.1594752714614e-10,6.2930767153516e-10
"KCP","ENSG00000135253",243.459601005977,2.07183860890371,0.220441323575265,9.39859448900615,5.52967672046193e-21,3.32356417733373e-20
"ADGRB3","ENSG00000135298",66.3956484610769,-1.51154862676648,0.235601967235242,-6.41568762987976,1.40188634044744e-10,4.15159753221218e-10
"KHDC1","ENSG00000135314",102.337719897405,1.18514754576471,0.119032843138755,9.95647515856778,2.36292165110148e-23,1.6586801531251e-22
"NT5E","ENSG00000135318",3428.64776300639,1.92236288728283,0.198694833457858,9.67495155172495,3.85274087443265e-22,2.50862781900376e-21
"EPHA7","ENSG00000135333",89.8791505068934,1.07854697191715,0.30870942808532,3.49372864510981,0.000476324903488086,0.000785446640688629
"CGA","ENSG00000135346",132.198016266193,6.86202179306285,0.621821775386138,11.0353513895548,2.58040856689458e-28,2.38364741804051e-27
"GJA10","ENSG00000135355",0.860277061467663,2.0299322476173,0.710545203904869,2.85686573698846,0.00427846774745624,0.00632892058575021
"LMO2","ENSG00000135363",672.53233947514,-1.91398098563642,0.102797422528988,-18.6189589052848,2.25556609312526e-77,1.86846500482826e-75
"GLS2","ENSG00000135423",11.5567002596424,1.02246180268981,0.163811455744612,6.24169901941327,4.32843239985146e-10,1.23286598106562e-09
"FAM186B","ENSG00000135436",24.0738773231598,1.14891153200873,0.149150703041429,7.703024582389,1.32882784596962e-14,5.24988223624077e-14
"TROAP","ENSG00000135451",539.242258455718,3.79996550880296,0.18000087579694,21.1108167778568,6.32698239050351e-99,1.52984724207134e-96
"B4GALNT1","ENSG00000135454",209.204683335265,2.62670800870468,0.242746584881607,10.8207825456567,2.74424153295336e-27,2.38131492478828e-26
"ESPL1","ENSG00000135476",656.63206001433,3.12191984872727,0.167686845444357,18.6175596568379,2.31527223804667e-77,1.90908599794327e-75
"NHSL1","ENSG00000135540",1336.0877107652,-1.74588085601775,0.129677633210165,-13.4632381298033,2.57384591647053e-41,4.67077332488917e-40
"HEY2","ENSG00000135547",114.957591991918,-1.10902144883815,0.143166480677243,-7.74637641151737,9.45519519408129e-15,3.77891015429298e-14
"PKIB","ENSG00000135549",699.558620242266,2.03831979010049,0.209890151397448,9.71136461872727,2.69701776332081e-22,1.77287798821085e-21
"NMBR","ENSG00000135577",2.31659657010973,-1.33956972717385,0.236351408229092,-5.66770359952933,1.44724036489565e-08,3.62326456542296e-08
"STX11","ENSG00000135604",803.370434992623,-3.0570869268141,0.125449211240288,-24.3691203522874,3.63587137838439e-131,1.08427744289053e-127
"EGR4","ENSG00000135625",22.0276670068057,1.9732272352067,0.300371967272496,6.56927892813847,5.05594974615215e-11,1.55093620448998e-10
"EMX1","ENSG00000135638",9.1597115482627,2.94025118099095,0.368748965683899,7.97358489002896,1.54136652387294e-15,6.48628203472684e-15
"BCO1","ENSG00000135697",102.572974134641,2.52482846785617,0.232706189743573,10.8498552214635,1.99741480812361e-27,1.74510464657011e-26
"FBXL8","ENSG00000135722",287.201945668197,1.03635549144831,0.123363729706136,8.40081192354516,4.4340207731743e-17,2.05858675906611e-16
"AGT","ENSG00000135744",1052.01038188692,2.78922951932945,0.271385828590012,10.2777272262922,8.87968194582797e-25,6.70963467300253e-24
"ZNF670-ZNF695","ENSG00000135747",5.07230015117729,3.50255780745521,0.378124932315978,9.26296445463774,1.98833575798983e-20,1.15473196097735e-19
"KCNK1","ENSG00000135750",1887.41030309317,1.3818552308752,0.158224976634115,8.73348355152959,2.46946644856393e-18,1.24925539056133e-17
"CHRND","ENSG00000135902",4.16769312863783,2.62715367147948,0.419485999519592,6.26279226121534,3.78144239631146e-10,1.081543299188e-09
"PAX3","ENSG00000135903",4.15539495252661,2.52022399422811,0.539897271515759,4.66796949566459,3.04191049056282e-06,6.22186835935534e-06
"HTR2B","ENSG00000135914",97.6050117775576,1.81109090201855,0.255505750048123,7.08825888136543,1.35809744796826e-12,4.6893936002501e-12
"ITM2C","ENSG00000135916",6533.81643636366,1.19671506233139,0.118183097296856,10.1259409315145,4.23881925107211e-24,3.09067615564113e-23
"SLC19A3","ENSG00000135917",299.804064083102,-2.89584769115627,0.200353466562303,-14.4536939681838,2.3759385604979e-47,5.66835582173186e-46
"SERPINE2","ENSG00000135919",1355.2395622614,1.21099561195252,0.167310025298069,7.23803376274128,4.55236130083864e-13,1.61906978246682e-12
"WNT10A","ENSG00000135925",260.934237111573,1.72447598309789,0.225613502983679,7.64349633462602,2.1140114994587e-14,8.24096029625587e-14
"CYP27A1","ENSG00000135929",3780.7991392687,-1.71864505119824,0.148728136351867,-11.5556147838241,6.91508339132371e-31,7.37815069296095e-30
"ANKRD36","ENSG00000135976",228.415392956749,1.18018299937606,0.199965866074418,5.90192227575906,3.59290433446851e-09,9.46941188048977e-09
"ALDH1L2","ENSG00000136010",643.548225664517,1.21634167046005,0.172874128432741,7.03599596704999,1.97842659712056e-12,6.73515736344714e-12
"STAB2","ENSG00000136011",65.0272879781773,-1.15695297053163,0.18554932725308,-6.23528518081664,4.50955799135054e-10,1.28282227566352e-09
"CKAP4","ENSG00000136026",6800.44288068243,1.07028942787371,0.0950845246312373,11.2561895011262,2.15893400862129e-29,2.12602125571055e-28
"DRAM1","ENSG00000136048",6764.54924236175,-1.1031642072672,0.150086249107093,-7.3502017262091,1.97907942791846e-13,7.22982200974787e-13
"SLC41A2","ENSG00000136052",1706.0900318063,1.13907928325897,0.12295788419417,9.26397921307903,1.96952160259431e-20,1.14454855586944e-19
"PCDH8","ENSG00000136099",17.5559470117381,3.77297598756909,0.542934314082751,6.94923103901301,3.67282626968327e-12,1.22311335275345e-11
"CKAP2","ENSG00000136108",1202.13670998548,1.10512741267748,0.107434877516256,10.2864864579035,8.10811892364448e-25,6.14219186709444e-24
"CNMD","ENSG00000136110",183.888244938572,3.70871396780607,0.527888532018828,7.02556267631478,2.1320527710128e-12,7.23749198097742e-12
"THSD1","ENSG00000136114",270.094835577962,-2.2255151524464,0.117658990708903,-18.9149604211078,8.58849292064717e-80,7.64546785219601e-78
"BORA","ENSG00000136122",205.37763943285,1.10407152102303,0.108293569335483,10.1951715858836,2.08376244958665e-24,1.54965758563815e-23
"LMO7","ENSG00000136153",12269.6114985944,-1.39893148464905,0.115710035639387,-12.0899754020373,1.1932244398098e-33,1.45636868359596e-32
"SCEL","ENSG00000136155",2925.69827696097,-1.37367899739021,0.201488678086752,-6.81764856682798,9.25426836621403e-12,2.9927096308814e-11
"EDNRB","ENSG00000136160",1509.88907785789,-3.48844644285633,0.162181866287002,-21.5094728080331,1.2693876126956e-102,3.9847636059583e-100
"LCP1","ENSG00000136167",10086.8406083694,-1.08641320019677,0.127388852897656,-8.52832234127734,1.48485314250557e-17,7.14782816218783e-17
"TNS3","ENSG00000136205",8176.36038945234,-1.09547346922479,0.0929923867960376,-11.7802489748705,4.93470962127492e-32,5.57429035691112e-31
"SPDYE1","ENSG00000136206",26.4210894748281,1.20569943096713,0.201636560033178,5.97956754850776,2.23730773554095e-09,5.99014623852075e-09
"IGF2BP3","ENSG00000136231",563.902858512834,4.02737135864508,0.27391228539463,14.7031424780483,6.15364249467565e-49,1.62639771280992e-47
"IL6","ENSG00000136244",490.173413408596,-2.84517535489776,0.22412954269089,-12.6943343601147,6.35681067320989e-37,9.23983861703855e-36
"BZW2","ENSG00000136261",3431.21926004463,1.31132262716832,0.0906117069268732,14.4718896888964,1.82391495981972e-47,4.37189924132247e-46
"DGKB","ENSG00000136267",15.5072139045124,1.25107595839111,0.320736293916365,3.90063732144182,9.59397876983033e-05,0.000170675146280149
"TBRG4","ENSG00000136270",2878.78293963596,1.09035947214683,0.0868854271965417,12.5493941542159,4.00562988635315e-36,5.57764479039043e-35
"TTYH3","ENSG00000136295",6823.78200347937,1.34592629767713,0.114107328422572,11.7952660559432,4.12893652637483e-32,4.68181630332223e-31
"TM6SF1","ENSG00000136404",125.830716642464,-1.33081677022663,0.132217636520567,-10.0653498674484,7.86073403705806e-24,5.65549312927543e-23
"CIB2","ENSG00000136425",229.95899234945,1.2494915889307,0.165841252714533,7.53426284762503,4.91101151070193e-14,1.86368460150561e-13
"CHAD","ENSG00000136457",97.793022234165,1.23980447562931,0.233697057836086,5.30517793894906,1.12563139647524e-07,2.61638381100695e-07
"GH2","ENSG00000136487",1.92570740828126,3.1418820631008,0.747073802388555,4.20558457953623,2.60408176941851e-05,4.91247602532477e-05
"BRIP1","ENSG00000136492",350.014447273787,2.7127281442446,0.14397777199949,18.8412982543875,3.4636484022142e-79,3.02317370052774e-77
"TBR1","ENSG00000136535",4.39394847868012,2.54027836928184,0.452585352054303,5.6128161412017,1.99060073920615e-08,4.9263926731142e-08
"GALNT5","ENSG00000136542",2583.55310954736,-1.00306717015748,0.18966402907182,-5.28865265103931,1.2322063082765e-07,2.84929794184434e-07
"SCN7A","ENSG00000136546",1146.00767864756,-2.33461768314472,0.199403620564687,-11.7080004692661,1.15982596780129e-31,1.28739243435909e-30
"BLK","ENSG00000136573",133.966153472495,1.25426416266237,0.22920281842467,5.47228943903495,4.44258459644928e-08,1.06939632999366e-07
"GATA4","ENSG00000136574",19.9964333721612,1.80425032286573,0.454101217309782,3.97323383882252,7.09033793724567e-05,0.000128110084531088
"HLX","ENSG00000136630",187.982952589832,-1.18824778794217,0.123427012103836,-9.62712916474496,6.14214886983412e-22,3.93912077877928e-21
"IL36G","ENSG00000136688",28.6088856487833,4.48209173738414,0.360588877344129,12.4299223270457,1.79808980290048e-35,2.42085935615488e-34
"IL36A","ENSG00000136694",0.816493193877986,1.68647448873612,0.545638583712255,3.09082704024005,0.00199599863196608,0.00307564618685575
"IL36RN","ENSG00000136695",134.859850546987,6.2885497997589,0.406955588457952,15.4526684928635,7.23836451349558e-54,2.38812054637863e-52
"GYPC","ENSG00000136732",1066.46721348487,-1.7445706369074,0.112569972196292,-15.4976553948627,3.5978355771576e-54,1.20104611906867e-52
"KLF4","ENSG00000136826",2188.84989587628,-2.28065285461915,0.167030135056381,-13.6541400379598,1.90727590738458e-42,3.62666182899386e-41
"OR1J1","ENSG00000136834",1.38392089491505,2.09055626224622,0.459081858822592,4.55377667853807,5.26912919028117e-06,1.05482802194787e-05
"TMOD1","ENSG00000136842",183.199770318128,-1.75649860608703,0.154712016482618,-11.3533431081894,7.13802611224241e-30,7.20364925134537e-29
"DAB2IP","ENSG00000136848",3311.5032905428,-1.08537655956182,0.0921465569226137,-11.7788075410494,5.01981914030838e-32,5.66685324148504e-31
"SLC31A2","ENSG00000136867",21.9781426271989,-1.29397390723507,0.142081060323185,-9.10729343018505,8.44627139918178e-20,4.69199422991492e-19
"TLR4","ENSG00000136869",1299.48546317782,-1.5736129869239,0.136452045818099,-11.5323517319898,9.06335450000841e-31,9.60726315572574e-30
"ALDOB","ENSG00000136872",61.4839727376644,1.67038121591202,0.278655657526836,5.99442778494873,2.04203182494989e-09,5.48455050192561e-09
"BAAT","ENSG00000136881",195.594638433565,1.71425359707473,0.29189874824377,5.87276789430808,4.28578335181733e-09,1.11998716976877e-08
"KIF12","ENSG00000136883",591.827871358212,1.77943726330937,0.225581410362495,7.88822651853239,3.06511044860854e-15,1.26426973851896e-14
"WDR38","ENSG00000136918",182.448235991415,-2.04503297544878,0.318427810060801,-6.42228131725775,1.34247029571975e-10,3.98223159836099e-10
"GABBR2","ENSG00000136928",206.40635474327,2.05233292267645,0.300632167717655,6.82672429320317,8.68754253975808e-12,2.81554426125505e-11
"HEMGN","ENSG00000136929",3.51721395370707,-2.44232529823897,0.222837712165339,-10.9601075801157,5.94286813487971e-28,5.36507263054504e-27
"NR5A1","ENSG00000136931",5.8153559869958,2.69324455661827,0.378837329044118,7.10923752792224,1.16685779486364e-12,4.04545369569757e-12
"CTSV","ENSG00000136943",400.920680194332,2.2488547513119,0.225983175403995,9.95142557534015,2.4859619266099e-23,1.74163338891272e-22
"LMX1B","ENSG00000136944",65.3280631273125,1.95993927162344,0.311346999124769,6.29503183628894,3.07336775666864e-10,8.85108148560632e-10
"ENPP2","ENSG00000136960",3088.5921419679,-1.28989475541113,0.132627297857805,-9.72571089244449,2.34263267764558e-22,1.54845683417482e-21
"DSCC1","ENSG00000136982",337.824980264455,1.78317361654768,0.141976483507907,12.5596406706916,3.51927377442e-36,4.9157194102808e-35
"IL33","ENSG00000137033",1702.44332846458,-2.06637332187088,0.187788252014873,-11.0037411802907,3.66599966812356e-28,3.35185140836663e-27
"DMRT1","ENSG00000137090",5.64989692586226,3.95568576164847,0.491789628036823,8.04345097199219,8.73431617103958e-16,3.74062037454311e-15
"SPAG8","ENSG00000137098",104.318408839098,-1.21239511023968,0.19502985361903,-6.21645910993692,5.08498812641842e-10,1.4407868970072e-09
"ALDH1B1","ENSG00000137124",1825.89025358487,1.07451495888748,0.105126157835816,10.2211950004454,1.59364015492564e-24,1.19160063903404e-23
"ARHGEF39","ENSG00000137135",259.620873343402,2.74169251077321,0.130714099028468,20.974726759782,1.11605801948978e-97,2.465385943547e-95
"IGFBPL1","ENSG00000137142",592.256999639125,2.26532144728514,0.214688326921688,10.5516749781718,4.98994869695383e-26,4.03457532917284e-25
"PPIL1","ENSG00000137168",1648.65908900484,1.02974942360933,0.0936466019078496,10.9961216171263,3.98922676773999e-28,3.63994056885118e-27
"TFAP2A","ENSG00000137203",567.460599920056,3.7406793805645,0.209667557991381,17.8410022818993,3.39550451656933e-71,2.21736358813777e-69
"CAPN11","ENSG00000137225",17.7454354097095,-1.15815494278441,0.15414430329245,-7.51344628407776,5.75907795511173e-14,2.17766656489464e-13
"TINAG","ENSG00000137251",50.9800498393363,6.78953064674147,0.574420203271814,11.8197977857834,3.08426026750399e-32,3.51731478434984e-31
"KIAA0319","ENSG00000137261",348.81611425616,1.01759381202603,0.266698942204995,3.81551499084639,0.000135899204894012,0.000237627721408047
"TUBB2A","ENSG00000137267",806.543058404687,1.11663075652769,0.14756377954782,7.56710596563319,3.8163059170139e-14,1.45814994177087e-13
"GCM1","ENSG00000137270",16.6478214921218,2.86150578724561,0.291776468304348,9.80718494495181,1.04852812788758e-22,7.08508829014068e-22
"FOXF2","ENSG00000137273",358.437261261097,-1.23414790029567,0.157060815069929,-7.85777088795945,3.91029695265509e-15,1.59887896192545e-14
"BPHL","ENSG00000137274",628.676508247141,1.29080027625581,0.0939432000887503,13.7402204208113,5.82980350778105e-43,1.13754279350847e-41
"TUBB2B","ENSG00000137285",596.678266007032,4.00309100522639,0.300405147600439,13.3256405131606,1.64217315036926e-40,2.84722908716639e-39
"UQCC2","ENSG00000137288",1876.82629768971,1.50612306675684,0.116503926449609,12.9276592871595,3.14240715798784e-38,4.81396329433874e-37
"HMGA1","ENSG00000137309",11627.0494883743,2.26324681018895,0.151322719353075,14.9564243879877,1.41423060414893e-50,4.035857767151e-49
"TCF19","ENSG00000137310",1120.13986089892,1.16745823030824,0.112590161651473,10.3690963152016,3.42750671823104e-25,2.65146466533973e-24
"ATAT1","ENSG00000137343",663.711213011991,1.27361569548933,0.102007940198457,12.4854564557574,8.96278408206607e-36,1.2223406675336e-34
"CLPS","ENSG00000137392",2.4993902760073,2.73297220660524,0.531252437690631,5.14439466571776,2.68384787001481e-07,6.02006894047573e-07
"RNF144B","ENSG00000137393",1954.22039937478,-1.67804217886419,0.115519990515608,-14.5259895830537,8.29358761781949e-48,2.03283785268006e-46
"VARS2","ENSG00000137411",19.6901631664606,1.40986794437974,0.171529585256892,8.21938642402849,2.0454696918988e-16,9.12935624772893e-16
"FGFBP2","ENSG00000137441",55.1693706052414,-3.0875433432134,0.254531088872091,-12.1303191562779,7.29645122103971e-34,9.0100346237449e-33
"FHDC1","ENSG00000137460",1272.94083220107,-1.15085156926485,0.117416437900594,-9.80145190777439,1.10978809090245e-22,7.49054632610997e-22
"TTC29","ENSG00000137473",80.9606030132882,-2.06940913220846,0.324487447625631,-6.37747052266871,1.80036688472958e-10,5.28531003584355e-10
"MYO7A","ENSG00000137474",770.904398702441,1.9870590500385,0.118855232027522,16.7183136673225,9.64088086035821e-63,4.41187420036802e-61
"ARRB1","ENSG00000137486",3279.67951022274,-1.35442142868489,0.111404471425594,-12.1576935948167,5.22120474153798e-34,6.50125375367704e-33
"SLCO2B1","ENSG00000137491",4740.20134510481,-1.44103667964836,0.143170212353045,-10.0651990100769,7.8727947796294e-24,5.66189376977126e-23
"SYTL2","ENSG00000137501",2173.74825703459,1.1284316810319,0.142768188876868,7.90394337778653,2.70215808369824e-15,1.12076297152556e-14
"LRRC32","ENSG00000137507",2014.91274193752,-2.36980065005243,0.120303436770008,-19.6985282688384,2.21979318006867e-86,2.81693328872119e-84
"MRPL15","ENSG00000137547",2396.40311742545,1.05999474974413,0.103951907080691,10.1969726146662,2.04549193654644e-24,1.5218289904626e-23
"PI15","ENSG00000137558",277.155015092947,1.61360402910101,0.209602051177868,7.69841716735735,1.37761990083153e-14,5.43424887248204e-14
"TTPA","ENSG00000137561",25.0495312806682,-1.51724055737921,0.274605023203167,-5.52517408342044,3.29159073474129e-08,8.01530117266274e-08
"GGH","ENSG00000137563",1289.60624444681,1.40797358574272,0.188249616565191,7.47929058997654,7.47248789560947e-14,2.79601057959306e-13
"SLCO5A1","ENSG00000137571",198.006305060286,3.25208574750569,0.205509218470093,15.8245249128762,2.1078411911871e-56,7.71280213372409e-55
"SULF1","ENSG00000137573",7814.06243590527,2.55395624834842,0.181122611121372,14.1007035650397,3.76002241856267e-45,8.15491892549599e-44
"TMPRSS4","ENSG00000137648",5352.97531812448,4.81631189043778,0.216848200469872,22.2105227527905,2.7175756321267e-109,1.51954939955134e-106
"MMP7","ENSG00000137673",4679.27935761512,2.02980789258961,0.252660898020001,8.03372389038578,9.45578624350778e-16,4.04089761774742e-15
"MMP20","ENSG00000137674",2.12353572421756,2.54556717357859,0.519486869162768,4.900156913843,9.5760143395594e-07,2.04418545189378e-06
"TRIM29","ENSG00000137699",1786.91718609318,1.02090647907771,0.317005031743091,3.22047405198628,0.00127978777620967,0.00201560097524158
"BTG4","ENSG00000137707",6.9645167645223,-1.06315492847309,0.308326339528608,-3.44814825129283,0.000564444132540237,0.000924025513590344
"FXYD6","ENSG00000137726",320.398524815582,-1.85720917538493,0.121639335395221,-15.268162797426,1.24635269849464e-52,3.85830256646447e-51
"MMP13","ENSG00000137745",1441.25242316332,6.13140515219628,0.335977916673657,18.2494290484926,2.09082980190784e-74,1.5653229140392e-72
"TMPRSS13","ENSG00000137747",1408.10770769617,1.12850508654195,0.14834886639677,7.60710286470058,2.80308213499999e-14,1.082805454265e-13
"CASP5","ENSG00000137757",27.9253465764869,-1.32389959982745,0.172480252687314,-7.67565897661059,1.64570412134974e-14,6.46467263299909e-14
"UNC13C","ENSG00000137766",14.7673464553287,1.74039232918425,0.288797440175691,6.02634264391498,1.67711438324984e-09,4.53782060479199e-09
"KIF23","ENSG00000137807",793.453545787755,2.57749595707747,0.151107817537183,17.0573303161051,3.08327686974277e-65,1.57176846240192e-63
"ITGA11","ENSG00000137809",1978.75282894994,2.86491578542655,0.196529202669114,14.5775576683637,3.90229356228381e-48,9.76555786153065e-47
"KNL1","ENSG00000137812",478.329068279762,2.63991297772201,0.147896528910763,17.8497291124045,2.90441755573353e-71,1.9036169716022e-69
"PAQR5","ENSG00000137819",541.168344407783,-1.40770663670417,0.171784731378641,-8.19459695519362,2.51434231290608e-16,1.11386796248647e-15
"LRRC49","ENSG00000137821",207.925449992198,-1.00751892214257,0.133526312534182,-7.54547102380777,4.50655707444621e-14,1.71346846011615e-13
"ITPKA","ENSG00000137825",618.9426017359,5.17261294766142,0.270122434803244,19.1491423192196,9.83939091674671e-82,9.72686307587563e-80
"UACA","ENSG00000137831",2131.12593204008,-1.00831990244565,0.107205183334936,-9.40551446374948,5.17762858755847e-21,3.11615567834456e-20
"SMAD6","ENSG00000137834",856.00909789013,-2.55009850880471,0.12806199609541,-19.9129998481736,3.13941472659905e-88,4.53012481476103e-86
"TMEM62","ENSG00000137842",1542.27714370548,1.07431631116922,0.0883827945203607,12.1552652526927,5.37869296029494e-34,6.69269493314029e-33
"PAK6","ENSG00000137843",826.911993649172,1.05487793962183,0.106283354761083,9.92514718784624,3.2362490534561e-23,2.25140763271734e-22
"DUOX1","ENSG00000137857",2932.61422717542,-2.56690234110233,0.209296614976811,-12.2644235855737,1.40609308483843e-34,1.80352857111212e-33
"SLC28A2","ENSG00000137860",214.083880294784,4.48993916388194,0.403454229987203,11.1287447996873,9.09065576554074e-29,8.61998429320723e-28
"STRA6","ENSG00000137868",691.199759647422,4.469448001251,0.253512223848195,17.6301084555487,1.4468923154831e-69,8.86617952086954e-68
"CYP19A1","ENSG00000137869",29.9969235154967,1.20314950049896,0.195734233903487,6.14685268133634,7.90354712854205e-10,2.2031183793582e-09
"SEMA6D","ENSG00000137872",368.879959636244,-2.03914051983013,0.195333676897655,-10.4392675764688,1.64071675984662e-25,1.28591086219604e-24
"BCL2L10","ENSG00000137875",33.30832503943,4.14757188782289,0.301257762746128,13.7675187189054,3.99707059678813e-43,7.85066785821406e-42
"SPTBN5","ENSG00000137877",280.552816304503,1.30455476074125,0.164649994507983,7.92319953996717,2.31475665132172e-15,9.64104766343099e-15
"GCOM1","ENSG00000137878",161.794759586951,-2.55842627434256,0.174649897038587,-14.648885099413,1.36944367685349e-48,3.5206114525775e-47
"TTLL7","ENSG00000137941",366.923274709357,-1.49859151029978,0.188824891844943,-7.93640867820739,2.08119474657546e-15,8.68847820823022e-15
"BRDT","ENSG00000137948",295.524257622783,6.16700066152719,0.438579862495037,14.0612946213347,6.56736974956054e-45,1.41407878374112e-43
"GIPC2","ENSG00000137960",179.547923315395,-1.74326557661656,0.201622982245618,-8.64616502147017,5.32590784848999e-18,2.64006323012765e-17
"ARHGAP29","ENSG00000137962",2997.12273162825,-1.18150230630657,0.123223195439602,-9.58831088653019,8.95388030477192e-22,5.67322168177351e-21
"SLC44A5","ENSG00000137968",600.290851855651,2.50411609645688,0.258168258423681,9.69955064091328,3.02829383886472e-22,1.98772053040376e-21
"DNASE2B","ENSG00000137976",47.4016308475467,-2.8890775837325,0.236996937791004,-12.1903582833641,3.49879736504096e-34,4.39326184229318e-33
"SELENOI","ENSG00000138018",2558.56141871784,1.28451710250842,0.102429568859041,12.5404911571592,4.4820896331701e-36,6.22172457768135e-35
"CGREF1","ENSG00000138028",291.108590568722,4.26034869086639,0.250573462357943,17.0023938320352,7.88338766718777e-65,3.95118923050394e-63
"LHCGR","ENSG00000138039",14.8192384490832,2.83679881576211,0.389824438682351,7.27711896501616,3.4102451380623e-13,1.22406251264491e-12
"SLC5A6","ENSG00000138074",1588.15290731982,1.15327217470145,0.0863084798504305,13.3622116471062,1.00532135053706e-40,1.77049359499602e-39
"SIX3","ENSG00000138083",32.9257174743382,1.57938366936966,0.391335758804235,4.03587874053632,5.43983080545869e-05,9.94939104590334e-05
"CENPO","ENSG00000138092",402.558675156102,1.104319535948,0.0993922320816117,11.1107227679648,1.11255331833827e-28,1.05105155887153e-27
"TRIM54","ENSG00000138100",106.131263745001,3.70090463190484,0.298541256178759,12.3966271170536,2.72556558753837e-35,3.63401975095559e-34
"CYP2C9","ENSG00000138109",44.7535717509136,1.81114940456589,0.317893667330286,5.69734345379122,1.21688629560739e-08,3.06715685128934e-08
"BTBD16","ENSG00000138152",43.0995788996198,2.1665732253972,0.249999105490804,8.66632391001452,4.46296108731301e-18,2.22501428629957e-17
"KIF11","ENSG00000138160",1152.11617864186,2.6853622637183,0.137866317127937,19.4780155128562,1.68692481865867e-84,1.898373948444e-82
"CUZD1","ENSG00000138161",2.50682272089903,2.25604551701025,0.332653924464127,6.78195972178751,1.18556531830006e-11,3.80712854277511e-11
"CEP55","ENSG00000138180",1007.5799987273,3.24676671677051,0.158404347644444,20.4967020479655,2.3038798107721e-93,4.43261521012313e-91
"KIF20B","ENSG00000138182",667.949681799558,1.3011920485685,0.114614395336801,11.3527802920817,7.1841326984721e-30,7.24609280573626e-29
"PLCE1","ENSG00000138193",937.309833696312,-1.37214753501863,0.127307379879079,-10.7782246113457,4.36223777680489e-27,3.74896832566618e-26
"RBP4","ENSG00000138207",431.62862581508,-1.99945821192802,0.2596809944746,-7.6996709596458,1.36417046970517e-14,5.38594488403234e-14
"GPR87","ENSG00000138271",9.02353301816854,3.92528565363874,0.422296554901344,9.29509276853029,1.47077885568077e-20,8.61146795310733e-20
"ZNF365","ENSG00000138311",81.4845403590774,-1.16144092694899,0.180323789396878,-6.44086357564701,1.18795617908416e-10,3.54445554649874e-10
"ADAMTS14","ENSG00000138316",331.822730605583,2.66913029649201,0.165160706061145,16.1608070112261,9.53058017355294e-59,3.78116787240316e-57
"TET1","ENSG00000138336",165.553552510578,1.62071551842486,0.175132551975863,9.25422201720797,2.15796158166392e-20,1.24999697574337e-19
"DNA2","ENSG00000138346",394.508752379474,2.23956819417274,0.128920398104739,17.3717132982574,1.35130191665212e-67,7.6034104385712e-66
"MYPN","ENSG00000138347",10.0910908905436,2.7714215544051,0.377687877197001,7.33786208594548,2.17032631969892e-13,7.90748296444163e-13
"AOX1","ENSG00000138356",592.21931497374,-1.2378000961575,0.21304087829205,-5.81015299073563,6.24157776904032e-09,1.60969373049061e-08
"ATIC","ENSG00000138363",4363.52570974195,1.21431299575037,0.0771946215656538,15.7305388785098,9.34126788551941e-56,3.31633544197617e-54
"BARD1","ENSG00000138376",647.802534471683,1.17903198191347,0.100610036635051,11.7188306589157,1.02071143381454e-31,1.13791836045132e-30
"CDK15","ENSG00000138395",39.7892251529454,-1.19009509833506,0.171966857202718,-6.92049106260138,4.50080715313065e-12,1.48776911862122e-11
"MDH1B","ENSG00000138400",97.2902590736186,-1.38770533296361,0.21559473459139,-6.43663833253481,1.22148513925119e-10,3.63782183698761e-10
"HECW2","ENSG00000138411",1278.01497647291,-1.25468760274278,0.128625286671901,-9.75459519047178,1.76302636183421e-22,1.17314357353289e-21
"ITPRID2","ENSG00000138434",6173.55231507482,-1.14032660482789,0.0964325229943277,-11.825124651099,2.89472710652313e-32,3.30538303235599e-31
"CHRNA1","ENSG00000138435",90.3490392383529,1.25280090563385,0.241167179023465,5.19474047300586,2.05005625845303e-07,4.64442347841227e-07
"WDR12","ENSG00000138442",1285.00779590287,1.00696987641453,0.0770434377318685,13.0701576417066,4.87643676172441e-39,7.78359348595316e-38
"CCDC54","ENSG00000138483",2.18089156601717,-2.21346322659236,0.209292886668439,-10.575912358163,3.85407856352197e-26,3.1403018095218e-25
"SECISBP2L","ENSG00000138593",4301.26941434903,-1.36284159898146,0.126659469544781,-10.759887151585,5.32353163450341e-27,4.566344752453e-26
"CILP","ENSG00000138615",932.650535368893,2.46068285205876,0.242187887525072,10.1602226156088,2.98394345993921e-24,2.19267763156847e-23
"ARHGAP24","ENSG00000138639",571.398027038248,-1.3625744682954,0.109928607132613,-12.3950853543669,2.77849729145056e-35,3.70183559463327e-34
"PCDH10","ENSG00000138650",54.3159208044402,-1.15464931997236,0.275822357438992,-4.1862064072444,2.83655421583813e-05,5.33751862277754e-05
"NDST4","ENSG00000138653",3.32468311274284,2.15049867812151,0.62137341024432,3.46087979090697,0.000538413173633071,0.000882865369851223
"ZGRF1","ENSG00000138658",235.331427173257,1.13244575182621,0.123536892525019,9.16686285918081,4.86984733421614e-20,2.75311779940377e-19
"PRKG2","ENSG00000138669",156.528489242662,-2.63389284078212,0.179613546483463,-14.66422155984,1.09263047146815e-48,2.82929624109691e-47
"RASGEF1B","ENSG00000138670",1221.6588199568,-1.40793252546634,0.10784321293996,-13.0553651647061,5.92253694391559e-39,9.4197292033317e-38
"FGF5","ENSG00000138675",9.42914490390404,4.0434803013484,0.451257569129391,8.96047086622716,3.23294862277252e-19,1.73143219716458e-18
"IL21","ENSG00000138684",15.06934022806,1.84950547421707,0.265570289643627,6.96427855954427,3.30090899864812e-12,1.10254180908738e-11
"FGF2","ENSG00000138685",232.964930504081,-1.99731975224012,0.175278434638296,-11.39512545489,4.42192609346195e-30,4.53158783449683e-29
"MMRN1","ENSG00000138722",591.221814041104,-2.3452184653457,0.1799841686253,-13.0301375018605,8.24589217113975e-39,1.30339000546116e-37
"PDE5A","ENSG00000138735",1104.62211577929,-1.56019958980215,0.133147990666064,-11.7177854656113,1.03338074545077e-31,1.15132513563827e-30
"PRDM5","ENSG00000138738",285.909769184261,-1.14444576599033,0.120056836557905,-9.53253308018286,1.53491396356027e-21,9.57942642134077e-21
"TRPC3","ENSG00000138741",35.314587148353,-1.24560500415481,0.189497437736312,-6.57320235584441,4.92444596257973e-11,1.51163341239388e-10
"CXCL9","ENSG00000138755",4501.10172371029,1.32572080130302,0.230337252658208,5.75556400887625,8.63529933777158e-09,2.20133083132564e-08
"FRAS1","ENSG00000138759",983.992966401469,-1.50081988249838,0.197888035816938,-7.58418706973654,3.34578137308006e-14,1.2849552717004e-13
"ANXA3","ENSG00000138772",3336.94335934765,-1.88360323959405,0.156064492002339,-12.0693901311377,1.53265929363355e-33,1.86303483294736e-32
"CENPE","ENSG00000138778",558.681169474701,2.65831361242255,0.156295818636492,17.0082196415323,7.13739442074398e-65,3.58734265085315e-63
"EGF","ENSG00000138798",469.764908499491,2.22002531084077,0.207817039753389,10.6825951975603,1.22790132069966e-26,1.02907907874843e-25
"SLC39A8","ENSG00000138821",8143.78968708565,-2.49018825011652,0.135695931577583,-18.3512373670008,3.22679534463573e-75,2.4994393550462e-73
"FBN2","ENSG00000138829",145.848352826981,1.28701716731498,0.244458516035856,5.26476716043799,1.40367141480921e-07,3.2261904463945e-07
"MAPK8IP3","ENSG00000138834",2905.93788027335,1.14320096753866,0.133883742156733,8.53875869558801,1.3567136347916e-17,6.54860455012844e-17
"TTLL8","ENSG00000138892",1.838080057013,2.77123003652299,0.479526693670686,5.77909441351376,7.51037740067695e-09,1.92305642287225e-08
"SHISAL1","ENSG00000138944",208.744378604731,1.38263986221892,0.23406485136924,5.90708025630804,3.4822413332202e-09,9.18586822575689e-09
"PIK3C2G","ENSG00000139144",142.142647538259,1.74180276731288,0.385627527726509,4.51680090781325,6.27808809514209e-06,1.24884747400086e-05
"PLCZ1","ENSG00000139151",6.19987056009363,2.64297869102651,0.465388520322535,5.67908011395469,1.35421045239178e-08,3.40130370924285e-08
"PRICKLE1","ENSG00000139174",230.069585878813,-1.44701787897248,0.136279277431163,-10.6180331026733,2.4568317412419e-26,2.02394522771829e-25
"CD27","ENSG00000139193",230.046184252441,1.24446555380018,0.166852430090588,7.45848024583478,8.75261387941668e-14,3.26203957809628e-13
"SLC38A4","ENSG00000139209",137.048379828356,1.90940997382056,0.270906512484966,7.04822470418285,1.81214841091864e-12,6.19147823497561e-12
"COL2A1","ENSG00000139219",97.4816458026914,3.37049027612364,0.400672798535411,8.4120766082546,4.02814646044829e-17,1.87745831249808e-16
"LRIG3","ENSG00000139263",2990.15444203065,1.4422381441678,0.163849777104259,8.80219777931152,1.3416247405191e-18,6.92006096342125e-18
"INHBE","ENSG00000139269",15.6993913439368,4.23909878563746,0.391562501743608,10.8261101784797,2.58922140662256e-27,2.25006987026214e-26
"TPH2","ENSG00000139287",2.60095827484914,2.17081375114079,0.478734315328414,4.53448537452678,5.77441028654841e-06,1.15275603321668e-05
"PTPRQ","ENSG00000139304",66.6245162120912,-3.57402573006551,0.299590704303474,-11.9296950096461,8.28765742793254e-33,9.72400356445882e-32
"ASCL1","ENSG00000139352",931.091662088488,4.71715658557943,0.49126982365045,9.60196689983507,7.84331664154318e-22,4.99432258601894e-21
"FOXN4","ENSG00000139445",14.8012823897076,1.49345643742732,0.386903578105203,3.86002229480865,0.000113376680363943,0.000199847201433557
"PDX1","ENSG00000139515",55.690840336456,8.80195634586775,0.615294691481879,14.3052694387287,2.02850648373528e-46,4.70156301988022e-45
"CCDC65","ENSG00000139537",191.098700570987,-1.22922723731452,0.154181834360887,-7.97258148088522,1.5539371555216e-15,6.53764343375215e-15
"SLC39A5","ENSG00000139540",40.4466206457451,2.99933396121975,0.307123476927898,9.76588957386636,1.57721694005455e-22,1.05381414146363e-21
"DHH","ENSG00000139549",21.8373426293926,-1.95976434365467,0.15551960717236,-12.6013972082806,2.07436954354079e-36,2.93180839198858e-35
"ACVRL1","ENSG00000139567",2201.68796774784,-2.55991430151739,0.108793481763335,-23.5300337853524,2.01027054672201e-122,2.56926934946406e-119
"GPR84","ENSG00000139572",141.092422732411,1.85316661937296,0.17680096327778,10.4816545397514,1.0489239087118e-25,8.32301352486929e-25
"N4BP2L1","ENSG00000139597",699.371883270734,-1.17484133414169,0.110562942240231,-10.6259955672037,2.25592099490403e-26,1.86272239786884e-25
"BRCA2","ENSG00000139618",422.478925286537,1.135616681941,0.133940144327043,8.47853858637144,2.28040118241209e-17,1.08461505467569e-16
"GALNT6","ENSG00000139629",3318.83935243969,1.83021590899714,0.175291244442391,10.441000147036,1.61104314871199e-25,1.26476219027103e-24
"METTL21C","ENSG00000139780",1.99645121841182,-1.48011751194164,0.311284093546818,-4.75487679141249,1.98567478027868e-06,4.13087767044836e-06
"RNF113B","ENSG00000139797",4.35279344443351,2.64142321967676,0.516783365145026,5.11127756392756,3.19987435052805e-07,7.1230843187358e-07
"ZIC5","ENSG00000139800",25.5722011764663,5.55756668762003,0.53037904404372,10.47848090914,1.08472033721225e-25,8.5918109755373e-25
"GRTP1","ENSG00000139835",524.367099539651,1.51389879005619,0.123318453494965,12.2763361617894,1.21371367079967e-34,1.56124936819688e-33
"TTC6","ENSG00000139865",227.649570764004,1.32425225994081,0.210405940818596,6.29379690891204,3.09793092376868e-10,8.91751576882128e-10
"SSTR1","ENSG00000139874",278.171508444144,-2.21648560898467,0.251264814406246,-8.8213131401719,1.13125175572109e-18,5.85860713896309e-18
"CDH24","ENSG00000139880",597.073026344287,1.53062610082346,0.14120690878324,10.839597821471,2.23451197348022e-27,1.94654930581702e-26
"NOVA1","ENSG00000139910",213.893038361129,1.23723357584834,0.24808425524547,4.98715073483459,6.12762571945308e-07,1.33140992104644e-06
"MDGA2","ENSG00000139915",7.40193476799362,2.07190370309647,0.51727808947354,4.0053962177388,6.1913613032011e-05,0.000112491904750383
"RTN1","ENSG00000139970",389.034064204937,-1.60041154475535,0.154652079041456,-10.348464467305,4.25251297876108e-25,3.26567445188721e-24
"SYT16","ENSG00000139973",83.9317419373291,3.00815856673157,0.288111118018076,10.4409666222698,1.61161224714579e-25,1.26476219027103e-24
"RAB15","ENSG00000139998",2535.49141707458,1.36356121943791,0.143565745879191,9.49781726196255,2.14335727495709e-21,1.32336410354752e-20
"KCNH5","ENSG00000140015",10.4324934924774,1.46086613460193,0.527783899268414,2.7679247825235,0.0056414474144031,0.00822274507868317
"GPR65","ENSG00000140030",276.865141488756,-1.08097590484044,0.135091179074873,-8.00182448804682,1.22589039860867e-15,5.19291119846234e-15
"JDP2","ENSG00000140044",1550.06345706396,-1.46709711899405,0.091367662152662,-16.0570718832966,5.10068230442107e-58,1.97975072609558e-56
"AK7","ENSG00000140057",286.211478474379,-1.34708333535602,0.186324518531804,-7.22976957606406,4.83814223670927e-13,1.71729575563259e-12
"FAM181A","ENSG00000140067",47.4011600591026,-1.81834304533551,0.333743766973414,-5.44832061382097,5.08476391988951e-08,1.21682066094133e-07
"SLC24A4","ENSG00000140090",73.72212178947,-1.96851248446245,0.17511493925793,-11.2412595567474,2.5570761551759e-29,2.50294111841151e-28
"FBLN5","ENSG00000140092",2824.17487847324,-1.80207789325711,0.154653255720214,-11.6523760516059,2.23148781940918e-31,2.44507112998704e-30
"DUOXA1","ENSG00000140254",702.842497435274,-1.99926830172854,0.20683007377264,-9.66623598426142,4.19524797318869e-22,2.72767340059103e-21
"SORD","ENSG00000140263",964.587909189369,1.42237424914264,0.11317218611122,12.5682316302064,3.15706566553449e-36,4.41323249636006e-35
"GCNT3","ENSG00000140297",2281.58314520293,5.15426756587566,0.262975147324149,19.5998276579437,1.55148458192589e-85,1.88848392002721e-83
"BCL2A1","ENSG00000140379",552.887826341748,-1.2202404730333,0.154638022418742,-7.8909472194945,2.99901479408171e-15,1.23814886272506e-14
"ARRDC4","ENSG00000140450",1228.50248372114,-1.13689979159526,0.120376586286067,-9.44452593873611,3.57016711764617e-21,2.17356244423419e-20
"PIF1","ENSG00000140451",182.28562983557,2.37052174756707,0.163776182413094,14.4741543772701,1.76482823076565e-47,4.23866731987783e-46
"CYP1A1","ENSG00000140465",114.624344121721,-1.69235465256622,0.510728641863306,-3.31360827227538,0.000921004407614995,0.00147322830908771
"PCSK6","ENSG00000140479",690.363998507394,1.04334876033748,0.167674499898565,6.2224653180338,4.89402989553197e-10,1.38843946283104e-09
"CCDC33","ENSG00000140481",142.585857568799,-1.28919975809189,0.269192653861088,-4.78913424865287,1.67502397388111e-06,3.50458418669957e-06
"CYP1A2","ENSG00000140505",22.4263422041745,-3.84692140765038,0.390634961895785,-9.84786765880077,7.00135689395299e-23,4.77967489139645e-22
"HAPLN3","ENSG00000140511",831.847499800338,1.1603610781265,0.135220967359716,8.5812215426599,9.38708898841447e-18,4.58915801283334e-17
"RHCG","ENSG00000140519",55.8624242164598,2.86681784525742,0.348744834873847,8.22038797017436,2.02845894860819e-16,9.05795257485561e-16
"FANCI","ENSG00000140525",1126.05830383299,1.89772465621205,0.11892673622398,15.9570901923852,2.5431476165283e-57,9.64079243697901e-56
"TICRR","ENSG00000140534",229.394860410114,2.87922324405046,0.160528930793598,17.9358526205625,6.19067630894381e-72,4.16427711262901e-70
"NTRK3","ENSG00000140538",101.971147734577,-1.85789853091502,0.191807759210762,-9.68625324939815,3.44951551944799e-22,2.2559276750542e-21
"ST8SIA2","ENSG00000140557",22.5803141827287,3.07939619170091,0.324375342053791,9.49331158220481,2.23808795749735e-21,1.37994858109924e-20
"FURIN","ENSG00000140564",17523.07998187,1.00089152971822,0.180759334583586,5.53714989062094,3.07433431453188e-08,7.5005541164329e-08
"SH3GL3","ENSG00000140600",41.1648845289101,-4.22737431264619,0.303663280822228,-13.9212561400237,4.7056061483248e-44,9.70016253594189e-43
"SEPTIN12","ENSG00000140623",1.33057981409003,2.40692822518829,0.426636882087709,5.64163185660414,1.68445966319584e-08,4.19660773511043e-08
"PMM2","ENSG00000140650",623.149984662869,1.24289119215799,0.0922315098966673,13.4757762672483,2.17189020230665e-41,3.9533704364062e-40
"MYLK3","ENSG00000140795",58.360840016603,-1.34801309550489,0.216557886284317,-6.22472410787708,4.82404137573826e-10,1.36901780073092e-09
"ABCC12","ENSG00000140798",10.4992526800991,1.07860042587708,0.342430974017935,3.14983312759724,0.00163363744002861,0.00254157679457717
"NKD1","ENSG00000140807",825.546476699431,-1.61660950147537,0.2167094213292,-7.4598025852305,8.66522124199144e-14,3.23148819681019e-13
"MARVELD3","ENSG00000140832",702.231814545726,1.4722829046176,0.106850622192397,13.7788893916461,3.41485169382653e-43,6.72188573791399e-42
"CHST4","ENSG00000140835",85.216282206498,2.00266573354682,0.277459255075046,7.21787324414588,5.28069021415615e-13,1.87029671421014e-12
"CLEC18B","ENSG00000140839",8.22572434238641,1.1095977980563,0.232266851921265,4.77725421805967,1.77705053833397e-06,3.71024098977943e-06
"ADAMTS18","ENSG00000140873",37.9445102209578,1.66331890029295,0.240487109167654,6.91645762656397,4.63076842926602e-12,1.53016324108692e-11
"GCSH","ENSG00000140905",50.365143081681,1.14302027432793,0.121374105613992,9.41733221057131,4.62694361476469e-21,2.79318158228693e-20
"CMTM2","ENSG00000140932",21.4015302927164,-2.29926939767004,0.139081381342783,-16.5318274485872,2.16479654391802e-61,9.42450232611316e-60
"CDH13","ENSG00000140945",316.228248557448,-1.82272133883007,0.168633468264338,-10.8087757287474,3.12816885707836e-27,2.70921226329637e-26
"IRF8","ENSG00000140968",1373.2904736173,-1.01711576521985,0.134752883932113,-7.5480074009567,4.41967816347778e-14,1.68150757769738e-13
"RPL3L","ENSG00000140986",12.5311609772907,1.90356596784109,0.217513673475276,8.75147726314072,2.10577777477547e-18,1.07285540216565e-17
"MYOCD","ENSG00000141052",122.248275809018,-1.70194257575691,0.228115744733626,-7.46087289040174,8.59511395138779e-14,3.20601154747096e-13
"UNC45B","ENSG00000141161",19.5090765997701,-2.53285568736585,0.172483823189955,-14.6845984772522,8.09120704856223e-49,2.1073648867529e-47
"LRRC46","ENSG00000141294",373.992611658893,-1.84624964812876,0.227036098518572,-8.13196518164152,4.22386156044948e-16,1.84695881967553e-15
"RHBDL3","ENSG00000141314",49.5501669912152,1.10964004483207,0.234049169013813,4.7410552641893,2.12607924575907e-06,4.41168223870659e-06
"SPACA3","ENSG00000141316",8.09908114695144,1.34456008200669,0.309915589812276,4.33847191366245,1.43476816105449e-05,2.76522045516459e-05
"ABCA8","ENSG00000141338",682.416448526953,-2.82051559406387,0.202479651786988,-13.9298718126555,4.17103423318656e-44,8.61805029265672e-43
"MEP1B","ENSG00000141434",4.04998665901488,1.14185171480929,0.35487689140505,3.21759951821153,0.00129268173297143,0.00203501269118932
"GATA6","ENSG00000141448",639.170181939014,-1.71449487389871,0.164305260638157,-10.4348142429504,1.71949734652246e-25,1.34647553703835e-24
"GREB1L","ENSG00000141449",217.158984270775,3.31488023862332,0.239390874770364,13.8471453508958,1.32368878196766e-43,2.66420285441478e-42
"SLC14A1","ENSG00000141469",155.874988089109,-2.81899227579115,0.201714578228681,-13.9751539058089,2.2103527243879e-44,4.63655818258765e-43
"SLC13A5","ENSG00000141485",30.0535221943882,2.91157265959899,0.338278842269693,8.60701970026769,7.49845641180385e-18,3.68193964260171e-17
"ZMYND15","ENSG00000141497",328.489891284724,-1.18126881373867,0.122788071965981,-9.62038734565312,6.5583724217237e-22,4.1955294151556e-21
"ASGR1","ENSG00000141505",187.570830633499,-1.18588675632688,0.15238049254821,-7.78240532298901,7.11584541575867e-15,2.87153410068042e-14
"PIK3R5","ENSG00000141506",781.074286985041,-1.21947209312902,0.124976514943859,-9.75761000918309,1.71140750278937e-22,1.1400675520257e-21
"SLC16A3","ENSG00000141526",6418.64056573204,1.31872249732861,0.140749604857227,9.36928028086682,7.30287929074839e-21,4.35422922856917e-20
"CARD14","ENSG00000141527",398.048650924734,3.44831395693582,0.211744654998918,16.2852467607904,1.25621446420193e-59,5.09692639636397e-58
"NARF","ENSG00000141562",3225.71654554857,1.26447150976925,0.0809361222152443,15.6230799692438,5.06963957766153e-55,1.74780464283425e-53
"CBX8","ENSG00000141570",565.16612243868,1.35250843797954,0.0910342365675775,14.8571404449086,6.25381377183518e-50,1.73756971769327e-48
"RNF157","ENSG00000141576",189.688602076999,1.54929360184971,0.181556877002623,8.53337878150067,1.42134368939778e-17,6.84947552771194e-17
"ZNF750","ENSG00000141579",653.919753984578,1.08868677925097,0.217900772073023,4.99625021469009,5.84558054553138e-07,1.27198069684048e-06
"CBX4","ENSG00000141582",1924.63661648262,1.06911522989678,0.0828529154491695,12.9037731997818,4.28586710484206e-38,6.52655490271821e-37
"MAPK4","ENSG00000141639",287.440031170137,-1.45958339772142,0.332794430183397,-4.38584082346891,1.15538592194183e-05,2.24661163891601e-05
"TNFRSF11A","ENSG00000141655",466.854334586873,1.19758124440032,0.149169032786123,8.02835026836568,9.87920870994907e-16,4.21781630749508e-15
"FBXO15","ENSG00000141665",83.220030355214,-1.31724093537761,0.189222230897452,-6.96134343797842,3.37042988123122e-12,1.12492262385507e-11
"CBLN2","ENSG00000141668",8.24582209966248,1.05792001747362,0.394352516449729,2.68267596463653,0.00730357179876082,0.0104907128678837
"PMAIP1","ENSG00000141682",964.356081347566,1.65423030481182,0.17462377690984,9.47311032944799,2.71632517659543e-21,1.66734841800419e-20
"P3H4","ENSG00000141696",1808.63088616215,2.06774158690972,0.129371129049964,15.9830218851313,1.67809742617978e-57,6.41585411252879e-56
"GRB7","ENSG00000141738",2228.81827334837,1.15723223941697,0.136572468666264,8.47339328869304,2.38346179739676e-17,1.13242915403134e-16
"PNMT","ENSG00000141744",39.9385130608562,-1.16656711682876,0.255422997873888,-4.5671968716174,4.94289729142305e-06,9.92517800868955e-06
"FKBP10","ENSG00000141756",6132.284423137,1.79626242718565,0.168015900516215,10.6910263949232,1.12123210007611e-26,9.41887604068635e-26
"PLPP2","ENSG00000141934",3801.30969666828,2.40945752292158,0.131474310290371,18.3264511340665,5.09054046338474e-75,3.85953561488742e-73
"DMRTC2","ENSG00000142025",12.455979940771,5.10809119792183,0.610289560777826,8.36994686819067,5.76442191703857e-17,2.6562658089511e-16
"PGGHG","ENSG00000142102",6794.47474327429,1.96068135755404,0.209629989137858,9.35305757357386,8.51498633566564e-21,5.05167939337086e-20
"TRPM2","ENSG00000142185",703.643188944902,1.20807496623548,0.139015429976274,8.69022213175666,3.61731512442693e-18,1.81250684742008e-17
"URB1","ENSG00000142207",2413.44333619821,1.12882234427,0.0999737842408062,11.2911835121797,1.4506997957438e-29,1.44368028060311e-28
"IL19","ENSG00000142224",10.9952132159456,2.0723801992098,0.261596806191712,7.92203937570647,2.33646290850988e-15,9.72919032393934e-15
"EMP3","ENSG00000142227",1985.93649802409,-1.03023174167504,0.127046607203331,-8.10908503858125,5.1002344331503e-16,2.21932136946396e-15
"CBLC","ENSG00000142273",866.631923029085,3.20074931296832,0.159533015021396,20.0632409068371,1.54667231493664e-89,2.40648762879663e-87
"SLC6A3","ENSG00000142319",347.062506840972,3.73060778473703,0.34954551065205,10.6727383732604,1.36541983630115e-26,1.14019113065277e-25
"MYO1F","ENSG00000142347",1789.66760875226,-1.04963962746615,0.115857957716377,-9.05971111656996,1.30796498599915e-19,7.17236208841032e-19
"FBN3","ENSG00000142449",245.751480128166,-1.22251779077103,0.299251474492979,-4.08525235453674,4.4028937867648e-05,8.1318103351138e-05
"TM4SF5","ENSG00000142484",53.8787201356236,7.18255366649505,0.613077320736517,11.7155755457832,1.06068464310886e-31,1.18100997630036e-30
"KLK3","ENSG00000142515",2.45388566021298,-2.13980043721832,0.571473342330853,-3.74435739817849,0.000180856060080014,0.000311909154989079
"IGLON5","ENSG00000142549",27.9113176358474,2.20913865662523,0.229108024110866,9.64234520025462,5.2963886064266e-22,3.41384298756452e-21
"RCN3","ENSG00000142552",1850.93604996838,1.74353129816127,0.163414580595089,10.6693741269111,1.41576776689361e-26,1.18099452927866e-25
"SLC2A5","ENSG00000142583",421.349794129191,2.41987040301946,0.181401408457923,13.3398655699013,1.35704025039208e-40,2.3643155988574e-39
"CFAP74","ENSG00000142609",156.440699673282,-1.46661514524144,0.270822034498115,-5.4154203071377,6.11449014082253e-08,1.45487462885289e-07
"PADI3","ENSG00000142619",92.4065135817641,5.77855776441695,0.512253030220087,11.280670730116,1.63494630290544e-29,1.61893161028705e-28
"FHAD1","ENSG00000142621",303.823682403134,-1.10919049233491,0.188682160669641,-5.87861877560841,4.13703908262311e-09,1.08380732511531e-08
"PADI1","ENSG00000142623",127.09779845119,5.5630053605413,0.387271799972959,14.3646022275046,8.63007737910801e-47,2.02117767728246e-45
"ARHGEF19","ENSG00000142632",1428.16581999298,1.52856948925867,0.130077738914019,11.751199721184,6.96232777776124e-32,7.81046588887033e-31
"MYOM3","ENSG00000142661",46.7299352652743,1.44240274438064,0.260730391401005,5.53216192646377,3.16307690513899e-08,7.71075409586538e-08
"IL22RA1","ENSG00000142677",173.818444081892,1.29247128393002,0.241278855464984,5.35675321171104,8.47307264138213e-08,1.9938017986882e-07
"C1orf94","ENSG00000142698",1.49059458224584,1.23452663413098,0.548864629860304,2.24923700119861,0.024497421536812,0.0329622773017129
"DMRTA2","ENSG00000142700",102.419665871968,5.08982035961287,0.378834647368198,13.4354668850179,3.74697616596763e-41,6.74493405811457e-40
"PLK4","ENSG00000142731",395.676748940061,2.04417153636475,0.132638985690615,15.4115437910001,1.36901829920214e-53,4.42163256816315e-52
"FCN3","ENSG00000142748",1473.75887909624,-4.51467952758117,0.221979702918051,-20.3382537602902,5.8993817942046e-92,1.04512513310597e-89
"CCN1","ENSG00000142871",10175.6864424475,-1.63237894269245,0.149361803143615,-10.9290254157074,8.37429667908599e-28,7.49581243015936e-27
"AZIN2","ENSG00000142920",408.374438129175,1.29801529247754,0.122304936197761,10.6129428037042,2.59446408686858e-26,2.13339824937222e-25
"KIF2C","ENSG00000142945",924.077763596039,3.57040463929452,0.165965873248447,21.5128843623756,1.17938146451138e-102,3.7683343829468e-100
"BEST4","ENSG00000142959",63.3169208931772,1.23999390955409,0.174324400243644,7.11314025931551,1.13431896483358e-12,3.93569308469406e-12
"CYP4B1","ENSG00000142973",7052.49067608997,-2.5262313440694,0.277154938301822,-9.11487040262775,7.87645537618538e-20,4.38908178281174e-19
"TMEM61","ENSG00000143001",59.6044147934114,1.3400552707976,0.198157232533569,6.76258571874525,1.35550429817405e-11,4.3349487769845e-11
"SYPL2","ENSG00000143028",57.3828268307253,-1.05483080028836,0.192739816626407,-5.47282247514518,4.42923762803204e-08,1.06636637349808e-07
"BARHL2","ENSG00000143032",1.40603909400654,2.54103707102399,0.710652816800881,3.57563779520763,0.000349375092962831,0.000585114988616991
"KCNA10","ENSG00000143105",2.42084847524728,-2.31645290959041,0.301702660016078,-7.67793333166823,1.61675588271689e-14,6.35374764099568e-14
"C1orf162","ENSG00000143110",1166.87406172955,-1.81042803748351,0.125366539809399,-14.4410784587019,2.85342124415948e-47,6.78939711725339e-46
"CD53","ENSG00000143119",3598.52837430044,-1.01630691139093,0.125598183469349,-8.09173256585315,5.88219500401561e-16,2.5484289396332e-15
"ITGA10","ENSG00000143127",234.829587944476,-1.02909327611283,0.173780410217059,-5.92180254855798,3.18431816842751e-09,8.43229317562135e-09
"ATP1B1","ENSG00000143153",25648.2715703146,1.2695278203504,0.14529198582427,8.7377690734153,2.37758889471555e-18,1.20516141906927e-17
"GPA33","ENSG00000143167",198.053756845845,-2.71535900076589,0.277328117940683,-9.79114206279898,1.22899768082104e-22,8.27953896947698e-22
"RXRG","ENSG00000143171",89.4960961432354,-2.3508196035587,0.267910128044838,-8.77465745962863,1.71424858514662e-18,8.77375570195324e-18
"UCK2","ENSG00000143179",905.628016462714,1.11141346241482,0.154851592465922,7.17728145197737,7.11112013650033e-13,2.49537698769171e-12
"MAEL","ENSG00000143194",25.8236699072472,1.96483132519896,0.307218791432694,6.39554408776919,1.59976673152269e-10,4.71497712520764e-10
"DPT","ENSG00000143196",377.217325331855,-1.45437356966806,0.181077637316396,-8.03176798207743,9.60779396463267e-16,4.10487720652274e-15
"ADCY10","ENSG00000143199",12.0200636774713,1.17015446475157,0.204296934188253,5.72771426747553,1.01792827290518e-08,2.58168541277001e-08
"NECTIN4","ENSG00000143217",2928.89689007608,2.33444544066308,0.133560768724455,17.4785265385767,2.08825742089731e-68,1.22508819777428e-66
"NUF2","ENSG00000143228",558.558074800668,3.70885004182109,0.172394929420725,21.5136840409601,1.15922235107622e-102,3.7683343829468e-100
"RGS5","ENSG00000143248",4851.85082890145,-1.07499193598355,0.13413041839834,-8.01452756816907,1.10561160607993e-15,4.70233146365299e-15
"F13B","ENSG00000143278",0.872055964788321,1.97721310489656,0.618855540378133,3.19495096333539,0.0013985460079046,0.00219241139998572
"FCRL5","ENSG00000143297",669.609997543859,2.57398084204458,0.213646717606616,12.0478370596079,1.99106180962358e-33,2.40554145574576e-32
"MRPL24","ENSG00000143314",2835.55860981293,1.08676027901282,0.103196776608588,10.5309517867477,6.22023257268909e-26,5.00893885792646e-25
"CRABP2","ENSG00000143320",7869.66516784994,5.56896969266704,0.24902922671019,22.3627152773838,9.08161344245677e-111,5.80347533306711e-108
"HDGF","ENSG00000143321",17768.2407842718,1.01269158259933,0.0837465894509193,12.092332227963,1.15947830797225e-33,1.41808238992122e-32
"XPR1","ENSG00000143324",7450.97717674477,1.90488050381875,0.124140827982662,15.3445126375732,3.85443206282014e-53,1.22282540602909e-51
"RGS16","ENSG00000143333",1696.7186715605,-1.04910966411242,0.14287919666804,-7.34263411733677,2.09430483334249e-13,7.63827892030111e-13
"FAM163A","ENSG00000143340",11.3633366418653,1.77402714659681,0.234642057905659,7.56056762556217,4.01314171334805e-14,1.53106918287711e-13
"ECM1","ENSG00000143369",3538.03815320943,1.63551002980103,0.213219584332306,7.67054318637102,1.71269489074306e-14,6.71603104976235e-14
"TARS2","ENSG00000143374",1821.46400102941,1.04113149265523,0.0750116422308945,13.8795987088312,8.42141019234346e-44,1.71426954006373e-42
"ADAMTSL4","ENSG00000143382",1218.99638139292,-1.80003626993486,0.158374365217297,-11.3657047178382,6.1962378851656e-30,6.28510682989048e-29
"ANP32E","ENSG00000143401",5417.61468748963,1.12957025273154,0.116736423945785,9.67624512171236,3.80432191832874e-22,2.4780026241229e-21
"SELENBP1","ENSG00000143416",10515.2878307814,-1.24944955349621,0.176642658655132,-7.07331718741604,1.51273171627225e-12,5.19426378799835e-12
"C1orf56","ENSG00000143443",469.935237118893,1.21558653493503,0.112540320388583,10.8013424054403,3.39207537661914e-27,2.93351400260252e-26
"OAZ3","ENSG00000143450",85.589048903469,1.02874828027916,0.113089382625201,9.09677156597999,9.3056809873235e-20,5.15500154508295e-19
"HORMAD1","ENSG00000143452",264.317380558596,4.42847490453989,0.336169732853126,13.1733302309959,1.24961626160765e-39,2.06267377942303e-38
"SYT14","ENSG00000143469",49.6652490008207,4.61864313904167,0.399727796944669,11.5544707532086,7.00778675154123e-31,7.47260598005526e-30
"DTL","ENSG00000143476",716.473346979322,1.85554580960282,0.1344940148656,13.7964935574052,2.67553550104885e-43,5.2957253009145e-42
"SUSD4","ENSG00000143502",721.36653714613,1.23122492451224,0.19396961750233,6.34751431882085,2.18821617823882e-10,6.36853482062902e-10
"HHIPL2","ENSG00000143512",432.093286273035,6.07815720384367,0.338826727665765,17.9388363064423,5.86709496772566e-72,3.96150680217039e-70
"NUP210L","ENSG00000143552",104.640863738015,2.48219692061515,0.240169837668518,10.3351734119131,4.88527696638283e-25,3.74196321744383e-24
"SLC27A3","ENSG00000143554",1824.92061506977,-1.31337170491658,0.116448594376785,-11.2785535278081,1.67477033619262e-29,1.65653209648947e-28
"S100A7","ENSG00000143556",46.5652302181177,4.43186674190593,0.51593862288781,8.58991078648056,8.70368799470943e-18,4.259712507914e-17
"CREB3L4","ENSG00000143578",1022.8908850284,1.41436970761364,0.11548021678276,12.247723004143,1.72779083257607e-34,2.20666390915657e-33
"EFNA3","ENSG00000143590",182.945902493591,3.0307236868332,0.157480026332529,19.2451306836439,1.55071901013839e-82,1.56762798013595e-80
"AQP10","ENSG00000143595",6.47326082896264,-2.19484289260739,0.256175811712155,-8.56772104258446,1.05553116268317e-17,5.13921607997006e-17
"KCNN3","ENSG00000143603",443.85224351414,-1.02401164151607,0.149916751025528,-6.83053517709773,8.45984310277726e-12,2.74473205145954e-11
"ILF2","ENSG00000143621",10373.1884521522,1.06086027130386,0.0832192516647709,12.7477747045513,3.20771450530195e-37,4.71615740701462e-36
"PKLR","ENSG00000143627",2.07566579109543,1.62059850609707,0.395191037210762,4.10079772439976,4.11728340746696e-05,7.62635113973149e-05
"HCN3","ENSG00000143630",251.494720768797,1.76490896544423,0.132902850592366,13.2796923284775,3.03639183160549e-40,5.20902771264784e-39
"C1orf131","ENSG00000143633",609.61196308044,1.01785809853915,0.0623262667351637,16.3311257332999,5.92803379297497e-60,2.43839790017704e-58
"LEFTY2","ENSG00000143768",47.2627683453865,-1.89833231775656,0.242253947997808,-7.83612541073524,4.64661795481849e-15,1.89130880494921e-14
"PSEN2","ENSG00000143801",68.0096383963782,1.02043679744863,0.126995822116665,8.03519974469084,9.34265771799431e-16,3.99350631982972e-15
"WNT9A","ENSG00000143816",484.938099540368,-1.26635336831523,0.141071890139648,-8.97665273401847,2.7912919180956e-19,1.49848743745828e-18
"ETNK2","ENSG00000143845",331.592837976243,1.34385009791948,0.15699718644403,8.55970816011134,1.13153588013599e-17,5.50178573458511e-17
"PPFIA4","ENSG00000143847",246.927945607093,2.4362418878879,0.197072174822771,12.362180962781,4.18642094487644e-35,5.52416150196712e-34
"PLEKHA6","ENSG00000143850",2554.13813485414,1.62401519487225,0.153073535393788,10.6093792809737,2.69533689170183e-26,2.21329339161179e-25
"SYT2","ENSG00000143858",185.663192746266,2.82168778912242,0.245195507604016,11.5079098173339,1.20360245372744e-30,1.26981478210761e-29
"PDIA6","ENSG00000143870",10397.9972573696,1.01143705315287,0.094615766525377,10.6899419652388,1.13441940773732e-26,9.52518369903511e-26
"ATP6V1C2","ENSG00000143882",305.74783025054,3.11704006368165,0.228772791298757,13.6250471307624,2.84226726316764e-42,5.364629550618e-41
"ABCG8","ENSG00000143921",4.8494580946732,1.37765263493673,0.29954447165849,4.59915894060427,4.24200056125322e-06,8.56586345136032e-06
"CHAC2","ENSG00000143942",182.187458579943,1.03733287378237,0.12143245668473,8.54246798675543,1.31385105634968e-17,6.35028010569013e-17
"MEIS1","ENSG00000143995",716.530071504203,-1.05691677702989,0.123002930138345,-8.59261462992093,8.50122861008031e-18,4.16290321620599e-17
"NAT8","ENSG00000144035",1.74689616226907,-1.15729165777656,0.294614224290625,-3.92815947893588,8.55984431600979e-05,0.000153100054324633
"DQX1","ENSG00000144045",59.2216340752414,3.05554654815056,0.282229733334407,10.8264516004418,2.57958843620574e-27,2.24278794407334e-26
"C1QL2","ENSG00000144119",67.2657095408443,4.17646893650136,0.450090029567803,9.27918563428698,1.70778820347907e-20,9.95356818399056e-20
"TMEM177","ENSG00000144120",501.789280392787,1.57961603016106,0.0803867826208472,19.6501959483997,5.75901058600216e-86,7.15597058439838e-84
"NT5DC4","ENSG00000144130",12.4839231454802,1.54842871411496,0.254976201689813,6.0728362249222,1.25670607245496e-09,3.4408939180469e-09
"CNGA3","ENSG00000144191",294.621740865086,4.79552623855106,0.362457830430923,13.2305770104338,5.84370156700075e-40,9.8549813513991e-39
"LYG1","ENSG00000144214",41.4623627573254,1.28891510625852,0.15513302696204,8.30845069872782,9.69596450803765e-17,4.41674880199383e-16
"AFF3","ENSG00000144218",518.113123068657,-2.3474714670263,0.21357242635406,-10.9914538458943,4.20103841593883e-28,3.83125282244615e-27
"GPR17","ENSG00000144230",36.8961646274963,-2.01986698625264,0.215032455507686,-9.39331219319326,5.81424928969876e-21,3.4875750097412e-20
"GALNT13","ENSG00000144278",203.420637777698,-1.56676402957091,0.271117891301994,-5.77890312604162,7.51892015307251e-09,1.92469296564988e-08
"SCN1A","ENSG00000144285",192.692211450198,-1.80873834534233,0.259456421617961,-6.97126066128216,3.14113350672769e-12,1.05231795236619e-11
"ZNF385B","ENSG00000144331",900.831547903055,-1.69501288152157,0.265224818006569,-6.39085321751294,1.64962676498366e-10,4.85952777508275e-10
"CDCA7","ENSG00000144354",1170.16758292062,2.92793184998085,0.175532883147256,16.6802470140286,1.82462881711069e-62,8.24446551125291e-61
"DLX1","ENSG00000144355",5.74681134091612,2.81420003849099,0.369477304010578,7.61670610872061,2.60230916985779e-14,1.00677011840574e-13
"HSPD1","ENSG00000144381",15028.8098271459,1.29469998447923,0.093505757013199,13.8462061143089,1.34110622817682e-43,2.69622626300762e-42
"CCDC150","ENSG00000144395",112.40362254841,2.64105544198247,0.166097474477384,15.9006357579632,6.27249526811702e-57,2.33334215867813e-55
"PTH2R","ENSG00000144407",28.2361086794894,1.56718993463241,0.295205300764916,5.30881366483466,1.10341066233376e-07,2.56740272836644e-07
"ABCA12","ENSG00000144452",587.225467512638,5.39830042347459,0.244229662040074,22.1033775274554,2.9328737344444e-108,1.45771971473371e-105
"TRPM8","ENSG00000144481",333.728123045202,6.66394643957023,0.348115198301734,19.1429345000736,1.10847627946248e-81,1.08977835540781e-79
"HES6","ENSG00000144485",1074.27902924621,2.88840585801956,0.225685543160423,12.7983645632384,1.67440413393695e-37,2.48425482326151e-36
"ESPNL","ENSG00000144488",80.0124972813606,1.16750778967566,0.226061981222311,5.16454727753414,2.41021554574414e-07,5.42738318147495e-07
"FANCD2","ENSG00000144554",589.05311057207,1.54951340384793,0.0995295028508503,15.5683828358909,1.19387624163996e-54,4.05351567204247e-53
"GMPPA","ENSG00000144591",2415.38107414328,1.01589028942398,0.0728827103680089,13.9387007466436,3.68588950270845e-44,7.65100010115572e-43
"RBMS3","ENSG00000144642",956.824870018536,-1.49362746334086,0.1516058875661,-9.85204128493781,6.71657626420106e-23,4.59754013371651e-22
"ACKR2","ENSG00000144648",273.269599770401,1.34163056477836,0.242342873115166,5.53608425753372,3.09308809866651e-08,7.54219478733167e-08
"CSRNP1","ENSG00000144655",3180.52148574032,-2.38360827773686,0.124849960443659,-19.0917824023862,2.95512390992914e-81,2.84279742582592e-79
"SLC22A14","ENSG00000144671",5.63594077914393,1.19799896555618,0.254800788250897,4.70170823952293,2.57993967283951e-06,5.31279325194124e-06
"CTDSPL","ENSG00000144677",2758.15549414317,-1.03380778452561,0.091085382058019,-11.3498759204534,7.42680173988196e-30,7.48663456516664e-29
"STAC","ENSG00000144681",450.81343352457,-2.07763866591626,0.194666367021383,-10.6728177943961,1.36425295535816e-26,1.14014844139297e-25
"IL17RD","ENSG00000144730",356.293955546511,1.23879837263102,0.165748336858939,7.47397166153949,7.78099042124911e-14,2.90718859067468e-13
"NFKBIZ","ENSG00000144802",2885.03945787794,-1.06939290859577,0.145763586798363,-7.3364887080823,2.19270303458246e-13,7.9848532843299e-13
"ADGRG7","ENSG00000144820",10.0021553808297,4.86416705878777,0.587790210000796,8.27534548215967,1.28083697303607e-16,5.80056086017067e-16
"PHLDB2","ENSG00000144824",1529.95729093694,-1.38666223817528,0.15500540543387,-8.94589601113542,3.68944323782287e-19,1.97001515530781e-18
"ADPRH","ENSG00000144843",844.747507054337,-1.5975416542862,0.0897268648504186,-17.8044965345599,6.52160630987379e-71,4.1975216439774e-69
"IGSF11","ENSG00000144847",34.5389949826775,1.62764006596552,0.253821204748204,6.4125456641031,1.43109538935572e-10,4.23599500442382e-10
"NR1I2","ENSG00000144852",31.5634513981008,1.85050042680767,0.272030918090325,6.80253715202047,1.02792495208579e-11,3.31339599489659e-11
"AGTR1","ENSG00000144891",137.338509962434,-1.80073735573682,0.226414758874893,-7.95326843835223,1.81654148185295e-15,7.60668774509592e-15
"MED12L","ENSG00000144893",45.6700016982399,1.27052184780915,0.215436005683856,5.89744431891106,3.69174786564206e-09,9.72419322242505e-09
"ALDH1L1","ENSG00000144908",210.88467897872,1.23471179797209,0.2605923109427,4.73809758049073,2.15733930202148e-06,4.47343517569478e-06
"SPATA16","ENSG00000144962",0.844832833861706,1.89679708518138,0.688267582641221,2.75590065988934,0.0058530770545456,0.00850662134325541
"UCN2","ENSG00000145040",15.3195134700758,4.13906913437827,0.364566512329258,11.3533991587249,7.13345049397169e-30,7.20309422622096e-29
"MANF","ENSG00000145050",3814.38711985655,1.37412594983156,0.0934542885598519,14.7037227612248,6.10112340250735e-49,1.61490238226426e-47
"STXBP5L","ENSG00000145087",19.6497280732838,4.01647572988744,0.441038885265731,9.1068517177742,8.48071865979853e-20,4.70966787646726e-19
"MUC4","ENSG00000145113",6139.51920448287,2.44127481696381,0.246685538959344,9.89630290961705,4.31948693563054e-23,2.9864211645764e-22
"SLIT2","ENSG00000145147",1674.22249479482,-2.46567115908023,0.143925693814048,-17.1315565257298,8.63142310028709e-66,4.48959457946037e-64
"AHSG","ENSG00000145192",5.84773151523656,3.74371111161727,0.476148979195763,7.86247849977662,3.76606225755087e-15,1.54237015276626e-14
"SLC26A1","ENSG00000145217",194.741396003072,1.06156808206667,0.11850879943604,8.95771526771398,3.31475137317977e-19,1.77418026683535e-18
"OCIAD2","ENSG00000145247",4956.29511891225,2.18866179340426,0.117747064951607,18.5878246247903,4.03202303776728e-77,3.2793176461259e-75
"SCD5","ENSG00000145284",975.403648576649,-1.59795550475153,0.164893544432359,-9.69083119810688,3.29833303792777e-22,2.15863471278864e-21
"GC","ENSG00000145321",7.17875860909538,4.30901162475862,0.765048699281384,5.63233638434535,1.77784484022034e-08,4.42126167144718e-08
"SNCA","ENSG00000145335",97.514540898603,-1.58633668514977,0.150326450002197,-10.5526118998126,4.94042734670199e-26,3.99814864380546e-25
"DDIT4L","ENSG00000145358",525.425716842113,3.29548775767705,0.2365484941358,13.9315524696815,4.07402657895455e-44,8.42734769679004e-43
"CCNA2","ENSG00000145386",787.67704636685,2.94183238678891,0.159770157953398,18.4129027878097,1.03522243787184e-75,8.12422591264949e-74
"SFRP2","ENSG00000145423",5905.34185424961,1.2695170917165,0.215672672207106,5.88631410147972,3.94903478713758e-09,1.03683168666548e-08
"GLRA3","ENSG00000145451",83.5921814061917,3.90045008770273,0.319156035437778,12.2211384232562,2.39704242145614e-34,3.0418638331287e-33
"ROPN1L","ENSG00000145491",152.124194763467,-1.83761166137159,0.264855942235416,-6.93815530760582,3.9725286729693e-12,1.31899156699647e-11
"NKD2","ENSG00000145506",555.467494752797,-1.16700409823801,0.154103964902547,-7.57283629253805,3.65162362474719e-14,1.39821317178689e-13
"CDH18","ENSG00000145526",26.1818261984039,4.16523361483682,0.531651309534615,7.83452149959508,4.7063154343799e-15,1.91473629075397e-14
"ADAMTS16","ENSG00000145536",281.320624195285,2.32011066802084,0.207157402913048,11.1997478023736,4.08895871392797e-29,3.95266009013037e-28
"SRD5A1","ENSG00000145545",1312.71516606892,1.56282856723807,0.120559887032378,12.9630891808844,1.9810573841644e-38,3.06900950431634e-37
"OTULINL","ENSG00000145569",2426.02307783324,-1.17357354438321,0.17951581749152,-6.53743809755732,6.25815331282892e-11,1.90664289505275e-10
"SKP2","ENSG00000145604",1102.16863237321,1.29346129377806,0.127977258602744,10.106962032943,5.1455121756025e-24,3.74415003489449e-23
"UGT3A1","ENSG00000145626",42.4012269291153,4.34710261599456,0.710206538990724,6.12089917134843,9.30487725324087e-10,2.58047378630252e-09
"SHISAL2B","ENSG00000145642",4.23261240122264,1.86949858834697,0.387424763082987,4.82544939427766,1.39687931689752e-06,2.9446703130593e-06
"PIK3R1","ENSG00000145675",2604.48150737883,-1.01906388687496,0.10097582132929,-10.0921574438272,5.98396375058526e-24,4.33486086596041e-23
"BHMT","ENSG00000145692",21.0213299898336,2.39534219789059,0.345106506777427,6.94087810820512,3.89670130798431e-12,1.29457651731482e-11
"CRHBP","ENSG00000145708",13.1036542866516,-1.21739840763153,0.172757510218642,-7.04686242636162,1.82997081891174e-12,6.24759928692763e-12
"TSLP","ENSG00000145777",37.170084010355,-1.74209634373912,0.201586079380017,-8.64194764388981,5.52627541674199e-18,2.73380276560034e-17
"MEGF10","ENSG00000145794",59.116506148004,2.8280237890524,0.273122307816474,10.3544225722957,3.99590386117644e-25,3.07389113448109e-24
"CXCL14","ENSG00000145824",6998.93860669201,4.31221562845229,0.314451541788452,13.7134504220474,8.43492384399328e-43,1.63163343070888e-41
"SLC25A48","ENSG00000145832",17.2316478980237,4.36532227242887,0.364764711535823,11.9675016095962,5.25883866929359e-33,6.22330689878771e-32
"C1QTNF2","ENSG00000145861",80.0307247727927,-1.86340804727459,0.145462145910691,-12.8102609487052,1.43650665419974e-37,2.13838715171347e-36
"ZNF300","ENSG00000145908",271.234446009054,1.24134915964894,0.174941293567482,7.09580416569915,1.28601475953808e-12,4.44590660740981e-12
"CPLX2","ENSG00000145920",562.171647752507,4.7232384620017,0.510036236922037,9.26059389526021,2.03298242096631e-20,1.17951214196985e-19
"GFOD1","ENSG00000145990",495.137499426852,-1.76870890844036,0.13013562704484,-13.5912735705413,4.51160895458848e-42,8.46186782226956e-41
"GFRA3","ENSG00000146013",1038.05644281905,2.95231509608207,0.325048282514917,9.08269710961043,1.05917048913804e-19,5.84900756725682e-19
"DCDC2","ENSG00000146038",321.066399647282,-1.22384254876686,0.227985343422074,-5.36807555431815,7.95812170389305e-08,1.87657711712913e-07
"SLC17A4","ENSG00000146039",3.51456480972786,3.40697013821003,0.644685800127403,5.28469858888895,1.25911893957839e-07,2.90927365520094e-07
"H2BC1","ENSG00000146047",1.09178379096447,2.31516431123812,0.683672690027999,3.38636359914173,0.000708254754717395,0.00114758691715642
"TNFRSF21","ENSG00000146072",8780.80833550025,1.95985582682387,0.116904923775127,16.764527648072,4.4352486720853e-63,2.08293712571187e-61
"RASGEF1C","ENSG00000146090",20.4513078385083,3.3133932353346,0.351072834244809,9.43790835443599,3.80294767728056e-21,2.31056512018951e-20
"HMGCLL1","ENSG00000146151",66.0035619570457,-1.78699076915801,0.188320806085145,-9.48907774083158,2.33087284627827e-21,1.43616762529122e-20
"LGSN","ENSG00000146166",950.167239575714,4.57058302223794,0.286687484238932,15.942736511053,3.20027098495888e-57,1.20047062335156e-55
"SCUBE3","ENSG00000146197",825.624372689429,2.36481923370623,0.224099420152622,10.5525450806418,4.94394290884294e-26,3.9991849216965e-25
"ANO7","ENSG00000146205",148.736998010777,1.88395201880189,0.135294716887699,13.9248010723557,4.47786492432669e-44,9.24134222502623e-43
"TTBK1","ENSG00000146216",29.7651326728342,1.60934853423111,0.168928337466308,9.52681212855765,1.62187179155682e-21,1.00974780676152e-20
"TCTE1","ENSG00000146221",60.6416958290686,-2.17885485920145,0.303086732355905,-7.18888234488235,6.53238330574564e-13,2.30086485215958e-12
"TPBG","ENSG00000146242",1769.48910464947,1.75727547035967,0.120702978768896,14.5586752562605,5.14450863844925e-48,1.28025998703439e-46
"PRSS35","ENSG00000146250",43.5563968198286,-2.22571136543257,0.204227346588083,-10.8982043914115,1.17554202463356e-27,1.04283457842183e-26
"FAXC","ENSG00000146267",523.192884640165,1.30572483957332,0.152561150890051,8.55869814796,1.14149154124901e-17,5.54847734958819e-17
"GABRR1","ENSG00000146276",16.0861111701304,2.99451975032531,0.444199060626991,6.74139145206321,1.56876915387732e-11,4.98844614720577e-11
"ARHGAP18","ENSG00000146376",2777.77408554864,-1.1338965523618,0.0962953373633442,-11.7751968413938,5.23946525451574e-32,5.90735676112477e-31
"TAAR1","ENSG00000146399",1.07199144218673,1.45741050776935,0.578063715633523,2.5211935438157,0.0116957502319116,0.0163865052775502
"MTFR2","ENSG00000146410",171.99495059546,1.47091072252439,0.149430852858212,9.84342051450429,7.31796136190444e-23,4.99010223508217e-22
"VIP","ENSG00000146469",5.76647003835382,-1.5595401319687,0.201402698350325,-7.74339244083016,9.67986783122515e-15,3.86352610091705e-14
"VWDE","ENSG00000146530",198.169026538392,2.11740427505629,0.241848836207517,8.75507324434454,2.03970980083573e-18,1.039490956034e-17
"SDK1","ENSG00000146555",1927.90505917089,1.15507496844077,0.190088344364971,6.07651653918886,1.22821341788902e-09,3.3695833618964e-09
"CDCA5","ENSG00000146670",989.741655363491,2.96113115714214,0.159785988872405,18.5318573802283,1.14273505166507e-76,9.16903958719425e-75
"IGFBP3","ENSG00000146674",15297.0276331617,2.16946224717423,0.179189642037513,12.1070739497323,9.68891602477711e-34,1.18905195083221e-32
"IGFBP1","ENSG00000146678",52.0268336844275,2.3872318846232,0.398868836692981,5.98500475598877,2.16383538663054e-09,5.80211397766826e-09
"SSC4D","ENSG00000146700",124.826185292777,1.4056353773201,0.1876207238427,7.49189827504651,6.78845297836167e-14,2.55126631257772e-13
"CCT6A","ENSG00000146731",10241.661037186,1.09453352628285,0.103615477830455,10.5634172538761,4.40333809522826e-26,3.57806214976927e-25
"PSPH","ENSG00000146733",846.049336175328,1.22614751301632,0.129360481878295,9.47853235557593,2.57884511868501e-21,1.5851348577338e-20
"ZNF92","ENSG00000146757",580.97499348155,1.0369980781842,0.0907495335065979,11.4270348079398,3.0639355685343e-30,3.16169539910155e-29
"ZAN","ENSG00000146839",2.27292229173755,2.30564290638628,0.412625007429734,5.58774399241642,2.30038425679667e-08,5.6648466153128e-08
"STRA8","ENSG00000146857",6.97233740937482,4.07196907360783,0.598692265370781,6.80143925207717,1.03579075333019e-11,3.33634634551524e-11
"ZC3HAV1L","ENSG00000146858",243.118870288996,1.6115904779186,0.113675480679165,14.177116017368,1.26957791153775e-45,2.81843146043981e-44
"NCAPG2","ENSG00000146918",1378.02338375241,1.79690738154219,0.120702817959529,14.8870375349868,4.00108988247266e-50,1.12388542020539e-48
"RAB19","ENSG00000146955",228.240339011119,1.50053791112041,0.115273614795755,13.017184494293,9.77075671778331e-39,1.54033612291891e-37
"DENND2A","ENSG00000146966",508.756890030392,-1.75643725938694,0.133677004100897,-13.1394122063149,1.95741307890578e-39,3.20439087107604e-38
"CLTRN","ENSG00000147003",177.650954164301,1.55910986681927,0.246911506174301,6.31444800194389,2.71127462746495e-10,7.84109211398582e-10
"TMEM47","ENSG00000147027",1116.63364917805,-1.72004618776014,0.129480452395135,-13.2842151532733,2.85839761901397e-40,4.91309400547713e-39
"SYTL5","ENSG00000147041",278.581493065474,1.21446415581649,0.24819914676285,4.89310366959839,9.92580872303457e-07,2.1165831900996e-06
"SPIN2A","ENSG00000147059",10.8105061072856,1.44341654265528,0.236975829506471,6.09098634937311,1.12217120664964e-09,3.08717856712515e-09
"DIPK2B","ENSG00000147113",729.641395712194,-1.76830785737891,0.117569083308467,-15.0405855656745,3.98013758223404e-51,1.16177164370169e-49
"AWAT2","ENSG00000147160",12.160784136009,-2.59907926303031,0.308811035140128,-8.41640669301516,3.88207943471241e-17,1.8136304784676e-16
"NXF3","ENSG00000147206",80.4363456807132,-1.91947147461431,0.281781040953244,-6.81192555794697,9.63009393338043e-12,3.10862837362396e-11
"RADX","ENSG00000147231",140.039288638493,-1.66914274199943,0.17241158243375,-9.68115203420749,3.62606684660388e-22,2.36706362956159e-21
"FRMPD3","ENSG00000147234",177.933043655562,1.95605189970057,0.220134295310626,8.88572085935283,6.35076295458027e-19,3.34218239842073e-18
"HTR2C","ENSG00000147246",18.6329404171216,3.12409025695779,0.594408387734377,5.25579773338233,1.4738420407112e-07,3.37835711432814e-07
"DOCK11","ENSG00000147251",1388.89072026211,-1.23874976447332,0.126927926729197,-9.75947371389921,1.68024888104782e-22,1.1201450532261e-21
"IGSF1","ENSG00000147255",76.0049834459142,2.76965005685343,0.277304755483271,9.98774814383058,1.72454838475998e-23,1.21725223860001e-22
"ARHGAP36","ENSG00000147256",2.64128470768394,2.58939531487874,0.63838949549602,4.05613709678418,4.98909821070022e-05,9.15213597335031e-05
"GPC3","ENSG00000147257",1984.31398692373,-2.15525176884913,0.212213921462843,-10.1560338454351,3.1149108271835e-24,2.28516192828185e-23
"MAGEA4","ENSG00000147381",115.840624960183,6.62790794083744,0.870209970288602,7.61644679690273,2.6075399355271e-14,1.00857570398587e-13
"CHRNA6","ENSG00000147434",11.6106213479186,1.91901923440763,0.208365510133786,9.20986987326012,3.26520522523274e-20,1.86898007341937e-19
"DOK2","ENSG00000147443",957.612766950508,-1.87268342723221,0.140739985130304,-13.3059799992048,2.13672953600413e-40,3.69396150606008e-39
"ST18","ENSG00000147488",40.1272984299249,1.43227725932263,0.248584894034209,5.76172283069434,8.32596465939782e-09,2.12580601670384e-08
"RGS20","ENSG00000147509",90.0142856536358,2.89468959806978,0.252609638593865,11.4591415204221,2.11601755611299e-30,2.2115597039445e-29
"TACC1","ENSG00000147526",6035.35479326894,-1.81318617897509,0.114192593616106,-15.8783168116023,8.9549310709453e-57,3.31054920769472e-55
"PLPP5","ENSG00000147535",2525.31855640111,1.14134488483484,0.107599915466861,10.6073028020766,2.75589872603282e-26,2.26094891815246e-25
"GINS4","ENSG00000147536",246.808731369454,2.41636278277447,0.1533703549903,15.7550837182798,6.33753841813012e-56,2.27249649129463e-54
"DNAJC5B","ENSG00000147570",148.995075701654,-1.19896022731436,0.167368163760509,-7.16360985491828,7.857983680253e-13,2.74829753695792e-12
"CRH","ENSG00000147571",2.91126255401078,-2.71082766816545,0.450949132058497,-6.0113823831771,1.83947946402311e-09,4.95839199303488e-09
"ATP6V0D2","ENSG00000147614",145.343035694381,-1.2901840607804,0.231397013392656,-5.57562970180215,2.4663606462446e-08,6.0610618106379e-08
"RSPO2","ENSG00000147655",107.127148114016,-2.6115760015293,0.272385256606062,-9.58780234315803,8.998112904849e-22,5.69922952943233e-21
"FAM83A","ENSG00000147689",6219.67804710491,6.78640608774972,0.235775588542183,28.783327950576,3.46846411966057e-182,6.20612284930866e-178
"GSDMC","ENSG00000147697",349.675623808363,2.54508807607313,0.225394882988633,11.2916852517964,1.442441167644e-29,1.437060123199e-28
"ARHGAP39","ENSG00000147799",792.316542564285,1.0016386345418,0.121914355086204,8.21592037979089,2.10543125097324e-16,9.37359576353922e-16
"SLC39A4","ENSG00000147804",2366.29862957111,1.4407544282753,0.147770274033859,9.7499611318659,1.84538911436317e-22,1.22658051349555e-21
"CER1","ENSG00000147869",1.0995197274733,1.23036305001597,0.564295537046883,2.18035226090004,0.0292313599476435,0.0389367024151854
"CDKN2B","ENSG00000147883",1356.13322994043,-1.30938468107228,0.153263401998496,-8.54336171583306,1.3037250403788e-17,6.30474382364807e-17
"CDKN2A","ENSG00000147889",878.602316794687,3.56867166878581,0.258476517229737,13.8065604838444,2.32678770406096e-43,4.61565547547259e-42
"IFNK","ENSG00000147896",3.90265524752279,2.73728728571203,0.747107644293025,3.6638459084464,0.00024845629116546,0.000422909857098895
"NTRK2","ENSG00000148053",497.071809441709,-1.85651444056043,0.276558758561159,-6.71291139076281,1.90778977101944e-11,6.03110995986763e-11
"SHC3","ENSG00000148082",545.993574348397,-1.81541849788821,0.175958670255099,-10.3173006209713,5.88545723175454e-25,4.49268286040034e-24
"SNX30","ENSG00000148158",3880.56806838744,-1.00266950622665,0.140621206438511,-7.13028661623013,1.00160139812356e-12,3.48128473516411e-12
"STOM","ENSG00000148175",14203.6902572688,-1.2221609448749,0.10119166519511,-12.0776838934157,1.38568064731484e-33,1.68666556614996e-32
"SLC25A25","ENSG00000148339",1255.05840371858,-1.65511506564168,0.107155601939295,-15.4459033003177,8.03933992374835e-54,2.62976068109011e-52
"PTGES","ENSG00000148344",1918.26444996186,2.96761582703596,0.188033821410458,15.7823513066725,4.11566303927219e-56,1.49677964962799e-54
"LCN2","ENSG00000148346",8893.13505289516,2.69378907115658,0.25993471632699,10.3633293360009,3.64064639871426e-25,2.81148407476022e-24
"HMCN2","ENSG00000148357",216.332988602405,-1.39938325960468,0.18693572548859,-7.48590594947621,7.10552676664431e-14,2.66539183303075e-13
"CACNA1B","ENSG00000148408",56.2966626347774,2.70946918953076,0.394445950899153,6.86905058438154,6.46305878366561e-12,2.11298210882749e-11
"TMEM236","ENSG00000148483",99.5161228724179,-1.12351281454627,0.185284758778011,-6.06370875810862,1.33017933157354e-09,3.63427985644303e-09
"ST8SIA6","ENSG00000148488",259.507899582557,-3.53342395174517,0.197339947166767,-17.9052645066291,1.07284257520487e-71,7.13619784317498e-70
"ZEB1","ENSG00000148516",1278.01894253136,-1.31734686147862,0.116711056065838,-11.2872499477298,1.51709313075127e-29,1.50723750075139e-28
"FAM13C","ENSG00000148541",129.984134460323,-1.71057291957092,0.143865162072435,-11.8901122059673,1.33227481364907e-32,1.54194005437405e-31
"A1CF","ENSG00000148584",17.5855672250329,3.6926203453204,0.437192136093094,8.44621858553766,3.00890080143426e-17,1.41866303135871e-16
"RGR","ENSG00000148604",1.1942841500581,-2.14844387543383,0.383131448944372,-5.60758946140642,2.05163971337374e-08,5.07184158488483e-08
"ANKRD1","ENSG00000148677",562.961899898953,-4.43288109302208,0.292387730710461,-15.1609682193257,6.41171206610697e-52,1.92168783917675e-50
"HABP2","ENSG00000148702",983.470688044898,2.23771556556946,0.285402628002873,7.84055697464334,4.48552352393859e-15,1.8282339957593e-14
"VAX1","ENSG00000148704",6.63660292697046,4.77823509862622,0.74241514334831,6.43606901265006,1.22607304202989e-10,3.65087784008003e-10
"PLEKHS1","ENSG00000148735",1265.43116212351,1.02036618859863,0.270220430485349,3.776051228865,0.000159334234340864,0.000276551310026296
"MKI67","ENSG00000148773",3335.24805513811,3.1019661922922,0.160041334262891,19.3822814998329,1.08909771357755e-83,1.14871109853109e-81
"CYP17A1","ENSG00000148795",8.13114711556217,-2.12567169906888,0.260639162061231,-8.15561131434847,3.47418075991309e-16,1.52473672644408e-15
"INA","ENSG00000148798",142.220135796361,4.38984084177064,0.382615757650166,11.4732358874366,1.79807374976678e-30,1.88586949616512e-29
"MTG1","ENSG00000148824",145.337347585905,1.20199663407096,0.111266970207819,10.8028162519922,3.33805110597365e-27,2.88818899609219e-26
"ITPRIP","ENSG00000148841",1522.4867000894,-1.65383690366333,0.113026400317473,-14.6323062489646,1.74761305758984e-48,4.46714863420785e-47
"ADAM12","ENSG00000148848",1266.63213563177,3.10187452164782,0.196662630039778,15.7725670658448,4.80561806686858e-56,1.73710957718141e-54
"SLC5A12","ENSG00000148942",45.0636779782539,3.26751929742208,0.339116099230562,9.63540010290259,5.66707944508911e-22,3.64227918502082e-21
"SAA4","ENSG00000148965",5.14513478600968,2.6403298652575,0.4094244135277,6.44888232850548,1.12678002951458e-10,3.36641761030294e-10
"SCGB1A1","ENSG00000149021",3669.4032549593,-3.21137790369196,0.402325882349373,-7.98203159324274,1.43944172159866e-15,6.07307963323857e-15
"ZNF215","ENSG00000149054",96.9059606197659,1.56056944809061,0.17109152854261,9.1212549293576,7.4259391997653e-20,4.14578253046491e-19
"GLYAT","ENSG00000149124",0.924312469541477,-1.16316288299367,0.40482831979237,-2.87322508363604,0.00406304527250454,0.00602669891908511
"SERPING1","ENSG00000149131",16164.8094366915,-1.4073878153755,0.119291279572054,-11.7979102950725,4.00124608064289e-32,4.54278528686188e-31
"CCDC81","ENSG00000149201",67.9361471029558,-1.9551766871494,0.200755347541799,-9.73910140422195,2.05362234579379e-22,1.36043926817061e-21
"KLHL35","ENSG00000149243",265.603791280813,1.30787002282728,0.180827706500794,7.23268600888626,4.73533388690682e-13,1.68213875795958e-12
"TENM4","ENSG00000149256",745.919711999023,1.80201943468451,0.158230276256964,11.3885880585713,4.76650721042377e-30,4.87354934377785e-29
"SERPINH1","ENSG00000149257",12633.4353517038,1.08482941522193,0.0968882221298582,11.1967109249662,4.23153590232449e-29,4.0794650808347e-28
"CAPN5","ENSG00000149260",2461.35525085553,1.94500372723971,0.181455572038912,10.7188977741759,8.2986361690659e-27,7.0206854360802e-26
"PAK1","ENSG00000149269",3752.43519556216,1.16218453868661,0.0798515837302376,14.5543079347407,5.48380936685571e-48,1.36280279168263e-46
"HTR3B","ENSG00000149305",8.25892296461115,3.59596760363026,0.502884609039996,7.15068136703357,8.63482119185876e-13,3.01175157087581e-12
"GLB1L2","ENSG00000149328",1781.09454589042,1.46902601767476,0.157179821913826,9.34614888722902,9.08971996444556e-21,5.3855085868816e-20
"P4HA3","ENSG00000149380",311.09204252932,2.25048909242943,0.157507690336359,14.288121980733,2.59513809355045e-46,5.97616549651199e-45
"GRIK4","ENSG00000149403",47.8444330096779,-2.49777286152875,0.172600239902612,-14.4714333128279,1.8360582701905e-47,4.39205757065758e-46
"ST14","ENSG00000149418",13626.8567648361,1.4729421996018,0.109115198414093,13.4989645898088,1.58589274370815e-41,2.91338592024332e-40
"HYOU1","ENSG00000149428",9731.1024921288,1.11208983572394,0.0984806327522028,11.2924724856529,1.42957723988334e-29,1.42503763527758e-28
"GGTLC1","ENSG00000149435",877.857958714355,-1.13906671693604,0.298228858132754,-3.81943827994337,0.000133755921267864,0.000234017277720337
"ADAM33","ENSG00000149451",145.810988529487,-1.05792314890605,0.200922233008088,-5.26533640935326,1.39932877666529e-07,3.21703582177463e-07
"SLC22A8","ENSG00000149452",1.47449411466658,-2.17735957152194,0.467242376998272,-4.66002160486825,3.16176195326813e-06,6.45888875782927e-06
"TMC2","ENSG00000149488",24.588892301366,-1.28146272123113,0.278663087223945,-4.59860950367386,4.25320141638455e-06,8.58654326338359e-06
"INCENP","ENSG00000149503",1071.15779589804,1.22630272632287,0.107704676351947,11.3857890656082,4.92206720280748e-30,5.02399021447999e-29
"ZP1","ENSG00000149506",9.5494204177636,1.33505203658663,0.245925507411319,5.42868468846428,5.67708788149192e-08,1.35422121668491e-07
"MS4A3","ENSG00000149516",2.25670854949309,-1.83400255281171,0.305732368205824,-5.99871895663018,1.98880220401956e-09,5.34559679082499e-09
"PLCH2","ENSG00000149527",315.786811759571,1.24471210588229,0.210272786090752,5.91951116938683,3.22899910821907e-09,8.54428882628864e-09
"MS4A2","ENSG00000149534",282.669253189342,-1.86941156239727,0.202113870856624,-9.24929869718537,2.25970398833464e-20,1.30723839195835e-19
"CHEK1","ENSG00000149554",692.06642070939,2.60486828886948,0.143482488174484,18.1546077295634,1.1806837656244e-73,8.58779456029165e-72
"FEZ1","ENSG00000149557",435.225175260187,-2.14522526658501,0.117140278033154,-18.3133018173121,6.48175568329405e-75,4.89358879498651e-73
"ESAM","ENSG00000149564",2694.86946921757,-1.94381982099887,0.136202728983401,-14.2715189005924,3.29326770461268e-46,7.53535026069497e-45
"SCN2B","ENSG00000149575",78.5620180720992,-1.89880145844412,0.200781324916155,-9.45706210095506,3.16716674499211e-21,1.9334737143686e-20
"SIDT2","ENSG00000149577",3007.28975716471,-1.09044129013899,0.0778404797519621,-14.008666102954,1.37972087252301e-44,2.92504094455618e-43
"JPH2","ENSG00000149596",180.922009351536,-1.50249794057095,0.164538511687404,-9.13158825348711,6.75016088059439e-20,3.7720371216888e-19
"C20orf144","ENSG00000149609",24.2167128635908,1.86035051245147,0.174035914853235,10.6894632295886,1.14028993600248e-26,9.5699849084861e-26
"DSN1","ENSG00000149636",1046.56722541706,1.03198548614064,0.0914470511093422,11.2850603012524,1.55534884528583e-29,1.5443871747336e-28
"SPINT4","ENSG00000149651",3.50826172229845,3.30297002755412,0.543317704576222,6.07926080768964,1.20737840353021e-09,3.31394719655868e-09
"CABLES2","ENSG00000149679",742.838220794954,1.27223085437037,0.104931782805184,12.1243613742119,7.84695023012396e-34,9.6631438725126e-33
"FERMT3","ENSG00000149781",1917.17061757674,-1.02578589288333,0.127782997243459,-8.02756168670033,9.94289783860122e-16,4.24298285299527e-15
"TBX6","ENSG00000149922",154.78895399369,1.12680979813567,0.150117388645883,7.5061910435555,6.08725633582229e-14,2.29690589660203e-13
"ALDOA","ENSG00000149925",409.799655932299,1.13480124673379,0.129690343135516,8.75008284578298,2.13196174308005e-18,1.08588646367581e-17
"TLCD3B","ENSG00000149926",13.6214295268848,2.97621713301193,0.271747774368855,10.9521306657407,6.49027119159919e-28,5.85334790480264e-27
"DOC2A","ENSG00000149927",126.159348814917,1.01160909381667,0.257481976375266,3.92885400391016,8.53516354012439e-05,0.000152704410782367
"HMGA2","ENSG00000149948",778.35762027392,5.7437699018201,0.382077709538714,15.0329887308909,4.46401782542645e-51,1.29877513740415e-49
"MMP3","ENSG00000149968",99.7466029896501,3.91868982810094,0.299358337502324,13.0902979379036,3.74137377135586e-39,6.01477096953013e-38
"CNKSR2","ENSG00000149970",106.095785094208,-1.72340316922776,0.199402862226576,-8.64282061944279,5.48419875666211e-18,2.71373806285827e-17
"KLRF1","ENSG00000150045",57.7066768228122,-1.55284400332796,0.188269848200167,-8.24796969973117,1.61108203800343e-16,7.24480796833261e-16
"CLEC1A","ENSG00000150048",185.317033041971,-2.27720839775771,0.117385370256423,-19.3994225411842,7.80430831503729e-84,8.31205289767632e-82
"FXYD4","ENSG00000150201",110.366831954612,1.21320158728945,0.363765255669578,3.33512222066489,0.000852619161537822,0.00136873449285809
"TRIM48","ENSG00000150244",5.56636562107666,4.32213305776564,1.1658374802157,3.70732038651387,0.000209463878220582,0.000359238682354152
"PCDH15","ENSG00000150275",50.4782326738926,-2.96229071689022,0.298175784797129,-9.934712568647,2.94022681644407e-23,2.04865570197172e-22
"LATS2","ENSG00000150457",1422.41338650068,-1.19988471404575,0.0806669983134171,-14.8745427390742,4.82268811079083e-50,1.35042814344883e-48
"ADGRL3","ENSG00000150471",182.877747233482,-1.16147098073303,0.228896525479921,-5.07421848495869,3.89091792445548e-07,8.58978339571645e-07
"FAM124A","ENSG00000150510",133.003004129722,-1.35300600627295,0.122671922397223,-11.0294677040423,2.75490747996957e-28,2.53959606074681e-27
"LYPD1","ENSG00000150551",109.50281187036,3.53547157684062,0.214471438679345,16.484579945055,4.73574583362425e-61,2.03693990867882e-59
"LYPD6B","ENSG00000150556",317.714960815729,2.06330930982073,0.272443265665951,7.57335405144718,3.63709283592631e-14,1.3929473911222e-13
"ADRA2A","ENSG00000150594",788.38651946495,1.41528621516982,0.251298805608048,5.63188596040223,1.78249539015495e-08,4.43159511130228e-08
"GPM6A","ENSG00000150625",413.784903542768,-4.41672120961787,0.262265723509393,-16.8406345690831,1.22911330463833e-63,5.88035410692345e-62
"SPATA4","ENSG00000150628",24.3827239477858,-1.99041008584402,0.268748209794165,-7.40622639819064,1.29943923700876e-13,4.79399304490675e-13
"CCDC102B","ENSG00000150636",389.939923583316,-1.00215956775728,0.118896917908257,-8.42881031222832,3.49197096089968e-17,1.63650697756359e-16
"CNDP1","ENSG00000150656",9.49347589455286,1.38119392874476,0.263986983461035,5.23205315139573,1.67637528926831e-07,3.82204167314957e-07
"CCDC83","ENSG00000150676",1.4343006929142,1.78085547676008,0.469344735859808,3.79434420095854,0.00014803419935187,0.000257964153584243
"C11orf53","ENSG00000150750",41.0454995187167,2.20740371158303,0.430995199573494,5.12164338203172,3.02884301189259e-07,6.75749227079727e-07
"CCT5","ENSG00000150753",8899.76043548186,1.24749929731968,0.103506127834929,12.0524197302519,1.8833857072301e-33,2.27852741443328e-32
"DIXDC1","ENSG00000150764",857.612884505501,-1.25283659835216,0.0941351233878777,-13.3089175778729,2.05436419661244e-40,3.55844516650401e-39
"CRIM1","ENSG00000150938",4319.39706079039,-1.33402229962485,0.114448852130245,-11.6560566121424,2.13712864244499e-31,2.34311536760221e-30
"ABCB9","ENSG00000150967",422.423876568139,1.29442603292832,0.113855377405259,11.3690373035339,5.96417522776961e-30,6.06002199605233e-29
"RILPL2","ENSG00000150977",1331.89435638791,-1.30773079949076,0.0862556919599934,-15.1610956885872,6.39927963272376e-52,1.9211797058444e-50
"TKTL2","ENSG00000151005",1.91919048615154,1.85141999810493,0.415365487909617,4.4573274670037,8.29877814789353e-06,1.63409307142356e-05
"PRSS53","ENSG00000151006",35.8072584519217,1.48587849881517,0.17037420171957,8.72126462702892,2.75111628193933e-18,1.38859587116334e-17
"SLC7A11","ENSG00000151012",1894.80437968184,3.08326349032204,0.238249394444711,12.9413277104364,2.63043837276774e-38,4.04698484986528e-37
"ENKUR","ENSG00000151023",209.348217834112,-1.59892283938879,0.244175326071296,-6.54825720974743,5.8212398807583e-11,1.77625247589373e-10
"GPR158","ENSG00000151025",94.7131905370054,1.59961609148099,0.309785567717666,5.16362367448588,2.42214419381369e-07,5.45287192500104e-07
"LYZL2","ENSG00000151033",1.13208231497044,2.35931146377211,0.823445765326252,2.86516922318174,0.00416786449368933,0.00617238076664055
"THRB","ENSG00000151090",525.183889995582,-1.06675688490679,0.153586180863176,-6.94565669197232,3.76703843401332e-12,1.25308828220488e-11
"BTBD11","ENSG00000151136",223.453766193165,1.84019690855132,0.218529869214417,8.42080268096327,3.73913566329721e-17,1.74867627870823e-16
"DLG5","ENSG00000151208",1997.3011700407,1.16915337488869,0.105382360391072,11.0943935071295,1.33562860335332e-28,1.25319363396963e-27
"MAT1A","ENSG00000151224",132.797855593965,1.38827804915704,0.268955187500677,5.16174483213322,2.44658635452414e-07,5.5051269669895e-07
"MAGI1","ENSG00000151276",1449.08305191763,-1.05453232781772,0.110519350634892,-9.54160806917363,1.40634456121664e-21,8.8046617333273e-21
"NPAS3","ENSG00000151322",164.090668189836,1.97901534661547,0.296173672451354,6.68194215318218,2.35796109446801e-11,7.42276528207532e-11
"ALLC","ENSG00000151360",1.63990749251437,1.93033313553775,0.583669538599089,3.30723638614222,0.00094221346439202,0.00150553898181518
"ADAMTS12","ENSG00000151388",1282.57410105061,1.85304687447232,0.16515370007531,11.2201353867781,3.24772861753356e-29,3.15309865184633e-28
"FRMD4A","ENSG00000151474",578.51803458288,-1.28598820770449,0.098432929571963,-13.0646137760669,5.24501464771756e-39,8.36444269978702e-38
"PTPRO","ENSG00000151490",398.651353323047,-1.4163678785095,0.147496254565851,-9.60273793174283,7.78484911650541e-22,4.960623406041e-21
"ACAD8","ENSG00000151498",2570.07673641319,1.30036638217858,0.129549228985116,10.0376234761535,1.04153199901991e-23,7.43363863520675e-23
"AKR1C2","ENSG00000151632",14860.2868518501,4.59966065595357,0.392094866043082,11.730989243425,8.84192161731948e-32,9.8818553091004e-31
"DPYSL4","ENSG00000151640",95.7142079779899,1.2338510838068,0.201836932704109,6.11310857371979,9.77088444077407e-10,2.70551586658574e-09
"ADAM8","ENSG00000151651",2995.74578700749,2.12789203468498,0.150607135249413,14.1287597772913,2.52552953473775e-45,5.53112606671512e-44
"FLI1","ENSG00000151702",1226.08764346122,-1.66957537321706,0.10878850113122,-15.346983880247,3.7104045183731e-53,1.17922323352131e-51
"KCNJ1","ENSG00000151704",32.1302042073923,1.22247255829539,0.283386545536734,4.31379886430397,1.60472954137853e-05,3.08117026332074e-05
"TMEM45B","ENSG00000151715",2583.24080421079,1.80183558178726,0.1469574377608,12.260934929473,1.46796354588145e-34,1.88153808928773e-33
"WWC2","ENSG00000151718",1994.97597401511,-2.35022223998319,0.10762588899514,-21.8369600653362,1.03410964836377e-105,4.40555331861259e-103
"CENPU","ENSG00000151725",705.765329353516,2.36203436579063,0.138212317548056,17.089897685634,1.76483226761855e-65,9.0223267898568e-64
"TDO2","ENSG00000151790",264.289323110553,1.64335311223716,0.183636525463275,8.94894470526134,3.58896875020586e-19,1.9186560456359e-18
"SLC35F4","ENSG00000151812",3.18031725230169,2.4526448693766,0.394628832220375,6.2150676005522,5.13025586543504e-10,1.45246310443401e-09
"PABPC3","ENSG00000151846",44.8646426089064,1.19296219010176,0.173315457252751,6.88318404492927,5.85293287487943e-12,1.91982635985734e-11
"CCL28","ENSG00000151882",652.242029280622,1.02556683792143,0.192098330381249,5.33875976894766,9.3584547619423e-08,2.19434977139868e-07
"GFRA1","ENSG00000151892",306.690693141953,-1.5037403124747,0.239039673904291,-6.29075620759414,3.15923157628973e-10,9.09104705605534e-10
"BEND6","ENSG00000151917",119.51485170403,1.76660532490789,0.181390080246676,9.73926094803779,2.05040093591275e-22,1.35880829430692e-21
"RBM46","ENSG00000151962",5.4384669145179,2.52509027882258,0.435874109702502,5.79316417886355,6.90725241851352e-09,1.77420998456018e-08
"MCHR2","ENSG00000152034",2.48955454178527,2.71754968042099,0.583743082771472,4.65538652298665,3.23373473537218e-06,6.59913499315857e-06
"KCNE4","ENSG00000152049",1034.02684940653,2.29744379024536,0.237610274335749,9.66895811499723,4.08515691597589e-22,2.65899282275579e-21
"CCDC74B","ENSG00000152076",70.4987610586828,-1.19956701828328,0.215578377469769,-5.56441249981807,2.63037070484518e-08,6.4472908249034e-08
"TUBA3E","ENSG00000152086",2.30792809318699,1.47124151064389,0.386728080454427,3.80433070418651,0.000142188117205357,0.000248163478458393
"HSPB8","ENSG00000152137",1593.47780989454,-1.97985190336868,0.147352070441375,-13.4362000984328,3.71004439413364e-41,6.68517868521986e-40
"TMEM178A","ENSG00000152154",168.151624310683,-1.20144343461468,0.2125822605383,-5.65166365044943,1.5890229918167e-08,3.96435978702958e-08
"POU4F1","ENSG00000152192",37.249968740143,5.17204391965396,0.412691295855108,12.5324763851327,4.95896902145774e-36,6.86771150936094e-35
"GRID2","ENSG00000152208",7.53898460556579,-1.00868083608593,0.42737652092498,-2.36016904696313,0.0182666090395837,0.0249919280887957
"SPC25","ENSG00000152253",213.290026092568,2.35903374813521,0.151419660968481,15.5794414876299,1.00428370008336e-54,3.42932218427321e-53
"G6PC2","ENSG00000152254",1.61396545786759,-2.45929857674679,0.358892457314165,-6.85246660002661,7.25873380832591e-12,2.36619646624841e-11
"PDK1","ENSG00000152256",1469.44135931961,1.73404189481081,0.118718248495557,14.6063635269661,2.55812495187568e-48,6.46504657682365e-47
"PTH","ENSG00000152266",0.712921447461537,1.67501525119862,0.759543374118398,2.20529242736508,0.0274335808920787,0.0366895181180928
"SH2D6","ENSG00000152292",19.678852567818,2.27686335239004,0.260819005062711,8.72966811541435,2.55421025517605e-18,1.2912854394765e-17
"SPOCK1","ENSG00000152377",698.416804251243,3.12134390432323,0.258139491586197,12.0916946304628,1.16851304409551e-33,1.42760231968977e-32
"GUCY1A2","ENSG00000152402",788.879658892757,-1.88122049211056,0.1718851970747,-10.9446335352136,7.0502252032974e-28,6.34236699661138e-27
"BOLL","ENSG00000152430",4.94240729022217,2.78919361041984,0.42067625223689,6.63026162182598,3.35092416770136e-11,1.04238675474062e-10
"SUV39H2","ENSG00000152455",412.919297323639,1.31201957654946,0.0943559024070431,13.9050079865648,5.90602705002561e-44,1.20773190864124e-42
"CCDC50","ENSG00000152492",2691.15253541932,-1.00455794334075,0.0871116502507291,-11.5318437941353,9.1169954285099e-31,9.65840137373165e-30
"PLEKHH2","ENSG00000152527",1180.11539709116,-1.27296533658021,0.159343227711883,-7.98882610111256,1.36229697693963e-15,5.75710434775171e-15
"GRIA4","ENSG00000152578",14.1190018724256,1.41079285936642,0.256162280023573,5.5074184194355,3.64134063801128e-08,8.83450956419469e-08
"IGSF10","ENSG00000152580",489.940733571897,-2.78142652540999,0.216769665769214,-12.8312534668539,1.09576879243408e-37,1.64346948893739e-36
"SPARCL1","ENSG00000152583",9629.26488176562,-1.96040605884292,0.126448514807112,-15.5035910214792,3.28033883122198e-54,1.09915922672387e-52
"DSPP","ENSG00000152591",1.88689773169212,2.74203815127123,0.53167201512371,5.15738664679053,2.50420354851594e-07,5.63052451540534e-07
"DMP1","ENSG00000152592",5.47865304475899,2.77850311419405,0.365796293172933,7.59576618476144,3.05976569965887e-14,1.1778913008605e-13
"MEPE","ENSG00000152595",8.82930145512321,1.67473393443268,0.349834438907005,4.78721860450643,1.69108603030964e-06,3.53653603790677e-06
"CAPSL","ENSG00000152611",141.78028553399,-2.05787483915717,0.328401512209572,-6.26633789019801,3.69637810076437e-10,1.05839803739761e-09
"GJA1","ENSG00000152661",6009.17689656485,-1.22647238982222,0.162070996182469,-7.56750077874136,3.80472895162667e-14,1.45434768492749e-13
"CCNO","ENSG00000152669",448.105344133818,2.12058551103794,0.209830557076925,10.1061806277363,5.1867023602666e-24,3.77258802163619e-23
"DDX4","ENSG00000152670",5.01939321973299,2.71849080979967,0.348333866359663,7.80426789450545,5.98479418960864e-15,2.42385519317944e-14
"TCTEX1D1","ENSG00000152760",83.5335689410211,-1.63918621669666,0.207759549760853,-7.88982368600382,3.02613761812994e-15,1.2487703044557e-14
"DNAI4","ENSG00000152763",298.627518285088,-1.25490901366061,0.182511796622066,-6.87576933045702,6.16561984810097e-12,2.01905995501593e-11
"ANKRD22","ENSG00000152766",1173.51089702102,2.80051676164513,0.183659538226679,15.2484144776006,1.68679518859363e-52,5.20376315681135e-51
"UTRN","ENSG00000152818",6254.55936333739,-1.34719048691294,0.115066896479573,-11.7078893072613,1.16134731036138e-31,1.28828192339096e-30
"CNTNAP4","ENSG00000152910",3.8163067422245,3.88005971190687,0.598074314569677,6.48758794247605,8.72214307315661e-11,2.62515232982323e-10
"ZNF117","ENSG00000152926",2207.9841283553,1.33456562141507,0.173291676623083,7.70126787057293,1.3472273365241e-14,5.32022483611251e-14
"LMNTD1","ENSG00000152936",15.3663043759217,-1.81942430184647,0.364747686677962,-4.9881722853882,6.09532003220769e-07,1.32455138858747e-06
"PLOD2","ENSG00000152952",5583.34509441831,2.06040661941523,0.177570137884687,11.6033396378464,3.9630501091019e-31,4.27431317674263e-30
"JAKMIP1","ENSG00000152969",8.89777684860245,1.28238187067267,0.22786407494271,5.6278369944674,1.82483409835424e-08,4.5299329247853e-08
"ZIC1","ENSG00000152977",45.6022734471818,4.35521633328979,0.579627008275849,7.5138257381152,5.74240120692008e-14,2.17181958984191e-13
"LGI2","ENSG00000153012",641.451847017167,2.75320226887618,0.206293722790415,13.3460302700209,1.24931299964265e-40,2.18300366236387e-39
"CENPH","ENSG00000153044",379.383114430808,1.42131714934679,0.112326056530956,12.653494596377,1.07007077205994e-36,1.53665941608896e-35
"TEKT5","ENSG00000153060",26.5040750346515,2.39119603370022,0.218717462744324,10.9328080332363,8.03236603987693e-28,7.1969517051336e-27
"DAB2","ENSG00000153071",3402.99731483846,-1.08297561672838,0.112895247186987,-9.59274764627301,8.57699013051039e-22,5.44213065266746e-21
"ACMSD","ENSG00000153086",59.8053406092677,2.90721067817082,0.288198006084949,10.0875461203361,6.27177376983856e-24,4.53784262287591e-23
"ACOXL","ENSG00000153093",438.777978791775,-1.56879828510915,0.147370247370634,-10.6452850090131,1.83422091662698e-26,1.5222502254734e-25
"CLGN","ENSG00000153132",252.865449386062,1.5599532326401,0.245250333050573,6.36065693871422,2.00892678461916e-10,5.87156598451332e-10
"SCN3A","ENSG00000153253",121.18881538148,1.5721442593276,0.307320451507588,5.11565127415149,3.12660247610988e-07,6.96604384323671e-07
"FEZF2","ENSG00000153266",0.976242033836643,1.92798178418111,0.773445022188262,2.4927198816619,0.0126768812295199,0.0176684402430129
"ADGRF1","ENSG00000153292",3770.79378463205,2.43816637760488,0.273558630365661,8.91277447304744,4.9771153965924e-19,2.63555862063415e-18
"ADGRF4","ENSG00000153294",266.241003155032,4.4712485919396,0.271526159836381,16.4671006087735,6.32290789858697e-61,2.70659787151714e-59
"FAM81B","ENSG00000153347",211.523369554681,-1.21849373259883,0.247119224815345,-4.93079295432933,8.18964991491703e-07,1.7585192118998e-06
"PLEKHG4B","ENSG00000153404",802.394122819869,1.68469179332604,0.249983416560813,6.73921421070026,1.59245484137098e-11,5.06106473830391e-11
"ADPRHL1","ENSG00000153531",362.209706285036,1.24578849465579,0.16031322687947,7.77096512187624,7.78903460458696e-15,3.13541498717378e-14
"PTPRD","ENSG00000153707",393.919873894214,-1.04726326565795,0.166503241130993,-6.2897470256092,3.17983729409451e-10,9.14592970635477e-10
"TGIF2LX","ENSG00000153779",2.09200492567297,3.31488300207283,1.03248722407522,3.21058016484602,0.00132467314290276,0.00208299292960358
"CIBAR2","ENSG00000153789",214.837765799602,-1.96711670430612,0.282392202899529,-6.96590303878181,3.26303831241675e-12,1.09111464257284e-11
"TMPRSS11D","ENSG00000153802",26.3674550766103,3.99456856240884,0.413242024008914,9.66641418425215,4.18795207949409e-22,2.72391954047211e-21
"SPHKAP","ENSG00000153820",8.81956195415692,-1.72732557175335,0.45813457077536,-3.7703454005446,0.000163021765922968,0.00028273223394976
"KCNJ16","ENSG00000153822",70.8727936914961,-1.2018974572429,0.304618689754441,-3.94558015534689,7.96069954093523e-05,0.000142926747828571
"PID1","ENSG00000153823",913.320138647474,-1.9446137153224,0.158103613288968,-12.2996158966222,9.10058653212937e-35,1.17486864949055e-33
"LGI4","ENSG00000153902",108.07239429603,-1.66885752993831,0.12254113157647,-13.6187540335947,3.0980817919389e-42,5.83515552664872e-41
"MSI2","ENSG00000153944",3695.21515340222,1.20028021643216,0.0896435736064856,13.3894730892937,6.96732694296748e-41,1.2416970218179e-39
"HS3ST3A1","ENSG00000153976",99.3076047284562,1.39515601216013,0.204108450374555,6.83536624573801,8.17957849755922e-12,2.65621049104949e-11
"SEMA3D","ENSG00000153993",211.754901180248,-1.18252220845746,0.199206881156071,-5.93615141000574,2.91790348932192e-09,7.7439998716163e-09
"CABYR","ENSG00000154040",392.021827655082,4.59319596856942,0.257052412540423,17.8687137116331,2.06705783734252e-71,1.35977448101359e-69
"ANKRD29","ENSG00000154065",1095.67177190959,-2.15614617609251,0.201475561033444,-10.7017752675949,9.98467034482635e-27,8.42715596603669e-26
"CHST9","ENSG00000154080",346.222215467358,-1.54503729548193,0.37534662584637,-4.11629461700376,3.85012100650938e-05,7.15296596090462e-05
"THY1","ENSG00000154096",2832.90453721308,1.2887998798122,0.148741254073328,8.6647103242577,4.52662473922251e-18,2.25361425873423e-17
"DNAAF1","ENSG00000154099",336.443408314495,-1.5022911262527,0.261248205854786,-5.75043614687153,8.9013517988258e-09,2.26689279442628e-08
"C16orf74","ENSG00000154102",137.659925677047,1.7017734312199,0.222458791957942,7.64983670117942,2.0123469790117e-14,7.85662764465554e-14
"JPH3","ENSG00000154118",81.498557540369,2.94624335016381,0.312818444013095,9.41838119379073,4.58095892443854e-21,2.767288927582e-20
"UBASH3B","ENSG00000154127",793.070969828447,-1.61683530122004,0.140920789990599,-11.4733624565113,1.79544502853491e-30,1.88421688537098e-29
"ROBO4","ENSG00000154133",1261.00715669782,-2.84448502593613,0.132194706787643,-21.5173897280585,1.07020267774256e-102,3.54613639126806e-100
"PANX3","ENSG00000154143",1.3725961616765,1.682533169973,0.571505310212702,2.9440376841762,0.00323960551079075,0.00486416559575219
"NRGN","ENSG00000154146",1450.83611454051,-1.29030913266364,0.220368240517976,-5.85524088966161,4.76319105181511e-09,1.23949647309668e-08
"RETREG1","ENSG00000154153",725.131009688679,-1.40496728251644,0.181219961167129,-7.75282851551171,8.98679427951443e-15,3.59813627306672e-14
"CDH12","ENSG00000154162",13.6126089017014,1.73603703813673,0.425472361458327,4.08025807407649,4.49857277124545e-05,8.2999548974938e-05
"ABI3BP","ENSG00000154175",1910.65922303414,-2.47883167426797,0.17012789288973,-14.5704013149369,4.33337870500724e-48,1.08292102190914e-46
"ANGPT1","ENSG00000154188",750.244205830135,-2.25409875492594,0.171277859544203,-13.1604794742557,1.48142764286397e-39,2.43632213361811e-38
"CERS3","ENSG00000154227",5.40281487751649,1.04184871552867,0.369245851267892,2.821558351844,0.00477909423105106,0.00702706328179773
"GAL3ST2","ENSG00000154252",16.8703086961827,2.231330152073,0.330249145793899,6.75650544593844,1.41359669761834e-11,4.51185974143506e-11
"ABCA9","ENSG00000154258",174.56035383972,-1.63833427726883,0.163325077011806,-10.0311250865071,1.1124172209866e-23,7.90965215063368e-23
"ABCA6","ENSG00000154262",385.259379565948,-1.11993540448907,0.172742925158671,-6.48324904455777,8.97681362103268e-11,2.69998531049147e-10
"ABCA10","ENSG00000154263",87.8794040287212,-1.17755550017031,0.195512124739215,-6.02292825440368,1.71289385063138e-09,4.63112868983792e-09
"ENPP3","ENSG00000154269",459.905039455737,2.18662151834243,0.266190535095927,8.21449762499799,2.13054313632194e-16,9.48303690005187e-16
"UCHL1","ENSG00000154277",3113.13491314456,3.4734561170083,0.289440025541531,12.0006074160255,3.52698406780332e-33,4.19882408018662e-32
"FAM167A","ENSG00000154319",784.28160841828,-1.89796917804704,0.201336270056722,-9.42686172497547,4.22542020733475e-21,2.55942599085446e-20
"PGM5","ENSG00000154330",598.612363782617,-1.85926516709469,0.174914187506153,-10.6295846757959,2.17077021318992e-26,1.79572775888152e-25
"WNT3A","ENSG00000154342",109.408220440188,-4.09783075897887,0.258478871447302,-15.8536391622025,1.32670383973404e-56,4.88450860172039e-55
"ASZ1","ENSG00000154438",10.7048798913881,1.09431845522327,0.375687348903663,2.91284350781768,0.0035815403909093,0.00534929066899333
"GPR26","ENSG00000154478",4.24234999561276,2.07186995217753,0.501038036119874,4.13515502380309,3.54715101588452e-05,6.6086186096649e-05
"CCDC173","ENSG00000154479",85.878849032741,-2.06692430272767,0.207883586069966,-9.94270082502822,2.71367971970878e-23,1.89597310522254e-22
"C10orf90","ENSG00000154493",7.17992600046972,3.5438167437117,0.459432602577213,7.71346378953619,1.22448108331325e-14,4.85478396271303e-14
"CNTNAP3B","ENSG00000154529",24.3363804315813,-1.59788193187796,0.234153303101089,-6.82408452375374,8.84877737610447e-12,2.86676034022519e-11
"MAGED4","ENSG00000154545",1.9105983335007,2.59177188894124,0.434192121078746,5.96918221938715,2.38445691670752e-09,6.37363125345797e-09
"SRSF12","ENSG00000154548",100.150330136863,2.1332564297269,0.186685058891008,11.4270335419416,3.06398022804566e-30,3.16169539910155e-29
"CHODL","ENSG00000154645",113.480848286969,2.09342490289654,0.24896508601518,8.40850794142634,4.15259300287699e-17,1.93244074383558e-16
"TMPRSS15","ENSG00000154646",4.84620431308893,3.24492235722227,0.511699172965726,6.34146492443055,2.27590577904992e-10,6.61406238501546e-10
"PDE1C","ENSG00000154678",275.924674345229,-1.34547466969734,0.220544231372565,-6.10070216447616,1.0560352164169e-09,2.91329604183588e-09
"JAM2","ENSG00000154721",708.939983031392,-2.50101889914381,0.117792469032192,-21.2324176553283,4.79322287721866e-100,1.22521624202962e-97
"ADAMTS1","ENSG00000154734",2600.13579010962,-2.33794717229856,0.151648487389717,-15.4168842204824,1.26040334599469e-53,4.09299402357224e-52
"SLFN13","ENSG00000154760",2068.8765656575,1.60026629743627,0.127670909318507,12.5343064130922,4.84582347190843e-36,6.71621373995799e-35
"WNT7A","ENSG00000154764",195.465922064449,-2.26360568528752,0.312355674054699,-7.24688511626371,4.26465394528056e-13,1.51978213741906e-12
"FGD5","ENSG00000154783",1218.4766247981,-2.24549394100737,0.110562797089535,-20.309670161374,1.05611187238038e-91,1.83466113907788e-89
"SKA1","ENSG00000154839",256.133159214567,3.02604108816086,0.171592320630575,17.6350612722099,1.32552413413078e-69,8.15037915189075e-68
"EME1","ENSG00000154920",133.026658785722,2.69753924181143,0.151956355576261,17.7520659243347,1.66128686209873e-70,1.06162163655474e-68
"EPHB1","ENSG00000154928",162.425197199534,1.5666414078822,0.224937543369102,6.96478402145382,3.28907946063086e-12,1.0992061783539e-11
"CA10","ENSG00000154975",117.186571294404,4.97458747708017,0.476048462534181,10.4497501170335,1.46911793416808e-25,1.15648601830486e-24
"SEPTIN14","ENSG00000154997",6.00228306863272,3.7584083890267,0.64628678946068,5.8153879211473,6.04934340224442e-09,1.56259421822375e-08
"DKK2","ENSG00000155011",255.75327819859,-2.3049729363647,0.155370193905197,-14.8353611360693,8.65369618077352e-50,2.37485560985553e-48
"RSPH10B","ENSG00000155026",6.58467659026014,-1.51192288425782,0.234697337107026,-6.4420112426259,1.17900544974514e-10,3.51833630958802e-10
"CNTNAP5","ENSG00000155052",3.35239214813392,3.29279328257746,0.664126787265017,4.9580793091297,7.11935020486176e-07,1.53885640511708e-06
"PROM2","ENSG00000155066",3861.46804962756,2.60794182836552,0.158080384129095,16.4975676313879,3.81971749285874e-61,1.64689650842702e-59
"KLF10","ENSG00000155090",3772.8089695022,-1.13960999360779,0.0873830416112017,-13.0415464213105,7.10021524962568e-39,1.12627793848894e-37
"GOLGA7B","ENSG00000155265",1116.9228673169,2.71488869596974,0.191599489171328,14.1696029969166,1.4129704091886e-45,3.12899499153609e-44
"GPR78","ENSG00000155269",16.543748944007,3.44131564252554,0.324999167202,10.5886906485106,3.36262318652259e-26,2.74862570472585e-25
"PPM1J","ENSG00000155367",49.3926886577614,1.43287749825198,0.155195634852161,9.23271778627623,2.63850556200595e-20,1.51851978195473e-19
"SLC16A1","ENSG00000155380",1221.69973192058,1.03514954282258,0.202187555638012,5.11974903478169,3.05942519415073e-07,6.82146978179925e-07
"SLC7A7","ENSG00000155465",1966.13803334058,-1.44926935510223,0.120206362478229,-12.0565111964411,1.79214948838407e-33,2.16961642731097e-32
"MAGEC1","ENSG00000155495",41.4759462184316,6.95966780068658,0.639496484709351,10.8830430926446,1.38848738024967e-27,1.22505940309701e-26
"GRIA1","ENSG00000155511",178.761155552627,-3.69977658324633,0.274028731876535,-13.5014184750279,1.53394024563561e-41,2.82374411678579e-40
"VSIG4","ENSG00000155659",3327.74381149074,-2.38513364083523,0.17382251910362,-13.7216607671725,7.53201417067937e-43,1.46013358132141e-41
"PDIA4","ENSG00000155660",21019.3124147422,1.7644180192679,0.102135719753577,17.2752296995108,7.2285062736647e-67,3.94328240105739e-65
"FLACC1","ENSG00000155749",44.7308437900963,-1.40404946777606,0.211288205337127,-6.64518620684858,3.02833978951302e-11,9.45820978421303e-11
"C2CD6","ENSG00000155754",129.47317250258,2.26057652761533,0.213625176273537,10.5819761839343,3.61257095933491e-26,2.94889289121257e-25
"DEPTOR","ENSG00000155792",1219.85082992497,1.53882671336492,0.142686851768717,10.7846426933522,4.06821199457919e-27,3.50807311898821e-26
"PPARGC1B","ENSG00000155846",306.526680642988,-1.39094363498064,0.135007422990466,-10.3027196888194,6.84968593927763e-25,5.20651786369986e-24
"SLC24A2","ENSG00000155886",55.8477432246211,5.18334408399653,0.301253826399027,17.2059028957558,2.39809629890813e-66,1.27705765108224e-64
"ADCY8","ENSG00000155897",36.0208270307636,-3.35849600707116,0.425405568061995,-7.8948097044694,2.90758524778123e-15,1.20206614691658e-14
"RAET1L","ENSG00000155918",8.73397527787797,3.88888695366054,0.454898787777663,8.54890595039632,1.24260716930924e-17,6.01731260634647e-17
"SLA","ENSG00000155926",1780.8692848794,-1.11553035260811,0.128739831761671,-8.66499775044934,4.51521914843076e-18,2.24856154252356e-17
"MICU3","ENSG00000155970",165.326186972091,-1.02166885022243,0.132406276265583,-7.71616632562903,1.19880852383213e-14,4.75615984854286e-14
"GRIP1","ENSG00000155974",208.415755949835,1.57922382448146,0.150809345306579,10.4716575837596,1.16583436942401e-25,9.21797365095174e-25
"KIF5A","ENSG00000155980",87.9131994244706,2.68896229973625,0.241538226304642,11.1326573059486,8.70025261719421e-29,8.26731917575443e-28
"MAGEA8","ENSG00000156009",14.0385613420204,3.55234091943678,0.446789830456842,7.95080970353446,1.85296391724264e-15,7.75557505759592e-15
"GNAQ","ENSG00000156052",4689.01445711341,-1.16926639923251,0.0805758535568591,-14.5113746565205,1.02642748980041e-47,2.50557531718945e-46
"WIF1","ENSG00000156076",2352.39480168093,-2.28888873852431,0.353528019000968,-6.47441960892507,9.51770676683038e-11,2.85595048094744e-10
"MMP16","ENSG00000156103",132.556735919122,1.22606822226056,0.19818322618368,6.18653882001201,6.14995449936541e-10,1.72911904238129e-09
"BATF","ENSG00000156127",599.980617659619,1.11280628375516,0.142452976808082,7.81174468017172,5.64017272987764e-15,2.28790774553844e-14
"ALX3","ENSG00000156150",5.22573078064971,4.13459926601213,0.574928650695263,7.19149978177664,6.40834367475368e-13,2.25850883144313e-12
"CFAP161","ENSG00000156206",40.1263584111632,-2.05347202062175,0.24849806062146,-8.26353338728798,1.41422622421539e-16,6.38364021944651e-16
"ADAMTSL3","ENSG00000156218",433.743159955559,-2.29549832545005,0.168974861968801,-13.5848510169157,4.92533147157362e-42,9.20887732715432e-41
"SLC28A1","ENSG00000156222",10.1229613542873,2.33428878714373,0.269185395861958,8.67167692983161,4.2580234825036e-18,2.12521099504706e-17
"CXCL13","ENSG00000156234",1500.39802902699,2.64654153314466,0.247935189522419,10.6743279896755,1.34225187361955e-26,1.12228564367638e-25
"NAA11","ENSG00000156269",10.5173330935705,4.6110228352153,0.713209647882323,6.46517170499088,1.0118384916306e-10,3.03009642355588e-10
"TSPAN7","ENSG00000156298",1121.63043756234,-1.70671958273182,0.22026395554478,-7.74851962732887,9.29700021000908e-15,3.71817668211203e-14
"RPGR","ENSG00000156313",507.348858664448,-1.01893921097615,0.100943353512764,-10.0941684174115,5.86258475089667e-24,4.25209683614893e-23
"SORCS3","ENSG00000156395",3.83874484099354,1.24359177213695,0.408046111871367,3.04767460332762,0.0023061950445929,0.00352539495368652
"FUT6","ENSG00000156413",331.351536063051,3.92372591543732,0.290329229647799,13.514746414604,1.27995984692448e-41,2.36106407639379e-40
"FBXO43","ENSG00000156509",36.0350497773031,2.34508252927116,0.177558880489433,13.2073514025716,7.95754344339608e-40,1.32945214596346e-38
"HKDC1","ENSG00000156510",944.720705554022,1.70385129879492,0.188702711264307,9.02928891365218,1.72790915402819e-19,9.39170063579173e-19
"LRFN2","ENSG00000156564",10.6175831034836,2.33539286772191,0.377545783954986,6.1857209561645,6.1819277526366e-10,1.73783555817638e-09
"RAB11FIP1","ENSG00000156675",5951.41365425701,-1.45316877900726,0.127056074686136,-11.4372239390914,2.72464632551206e-30,2.82293553574912e-29
"GLYATL2","ENSG00000156689",46.4847878771029,3.78020511779274,0.422523153852777,8.94674074857899,3.66132855192213e-19,1.95558662028486e-18
"MS4A1","ENSG00000156738",628.000555520395,1.68495588158677,0.258540671395944,6.51717918302428,7.16418287191746e-11,2.169013944623e-10
"TBC1D31","ENSG00000156787",420.444573121438,1.06187864243091,0.112485010548469,9.44017907144487,3.72142860050305e-21,2.2633420104963e-20
"ATAD2","ENSG00000156802",2180.36492918697,1.85270704778495,0.126032288675166,14.7002571107797,6.4215432523734e-49,1.69220432127713e-47
"FBXO32","ENSG00000156804",2931.26036339809,2.11221359671129,0.150561725772548,14.0288880581921,1.03765769703742e-44,2.21296891216813e-43
"SASS6","ENSG00000156876",297.377025767286,1.22787265736456,0.103157759363824,11.9028628087395,1.14355670528262e-32,1.33040703040455e-31
"COX6A2","ENSG00000156885",1.09001666475782,1.4588366616955,0.614881636459397,2.37254875604312,0.0176658314249863,0.0242051245644597
"ADGRG4","ENSG00000156920",2.63971256967949,-2.33058237949736,0.411519174087125,-5.66336279388999,1.48434866129449e-08,3.71253153432238e-08
"ZIC3","ENSG00000156925",5.23611262453685,4.13886684174866,0.753955087454293,5.48954030633764,4.02981153584288e-08,9.73871121162029e-08
"LHFPL4","ENSG00000156959",125.832249079259,3.55848850045049,0.397441913099525,8.95348070539152,3.44446081891346e-19,1.84195270271424e-18
"BUB1B","ENSG00000156970",523.510423355085,3.42298980080344,0.159690582107074,21.4351388518848,6.28460523035358e-102,1.87417402311194e-99
"SST","ENSG00000157005",130.736516154882,6.40302547202234,0.729473144684705,8.77760273791831,1.66995936316887e-18,8.55931907338316e-18
"SHCBP1L","ENSG00000157060",1.11068795378076,1.71790236390032,0.613139497832172,2.80181324147958,0.005081628172452,0.00744437308741474
"NMNAT2","ENSG00000157064",865.663789880499,2.75576917526963,0.269667077408427,10.219153193461,1.62756422370471e-24,1.21595017347593e-23
"ZFYVE9","ENSG00000157077",1059.75792802063,-1.27093582895658,0.0961209847972648,-13.2222514327875,6.52802489728979e-40,1.09368866561055e-38
"LYZL4","ENSG00000157093",1.37164345980724,1.84819472366129,0.384373556475151,4.80832953393029,1.52196731604046e-06,3.19818686857451e-06
"TMEM171","ENSG00000157111",71.0464074669237,2.88294555835953,0.244542090649414,11.7891588752819,4.4395266094519e-32,5.02444336640878e-31
"SYN2","ENSG00000157152",51.0036715247268,-2.28832491878345,0.237367138539867,-9.64044531547115,5.39534076713509e-22,3.4738694619053e-21
"NRG1","ENSG00000157168",250.806765697168,-1.74018505766039,0.205341409033269,-8.47459392556547,2.3590094114112e-17,1.12140689156165e-16
"LRP8","ENSG00000157193",692.141315739437,1.3303603542795,0.147370467320905,9.02731991330794,1.7592751414627e-19,9.55637829574744e-19
"STEAP2","ENSG00000157214",1842.39785288904,1.68818399165781,0.177678211414119,9.50135629023819,2.07174117526652e-21,1.28135723639972e-20
"CLDN12","ENSG00000157224",3237.65591692772,1.20629373354485,0.0973752790683291,12.3880901301283,3.03177896258282e-35,4.03628132273024e-34
"MMP14","ENSG00000157227",14687.5014769118,1.16825711249376,0.134182839154952,8.70645694971975,3.13520964926273e-18,1.57712415671234e-17
"C1orf158","ENSG00000157330",63.5706599142302,-2.25023509801421,0.366034411130522,-6.14760533323685,7.86614619107629e-10,2.19303449356385e-09
"CLEC18C","ENSG00000157335",1.26541266604132,1.10862573137421,0.441703510710668,2.50988661962526,0.0120769931127367,0.0168889126820006
"ARMC12","ENSG00000157343",22.6707398114478,1.45194824719452,0.174725686881938,8.30987288191689,9.58046465221537e-17,4.3652471103155e-16
"IL34","ENSG00000157368",231.420959951578,-1.2726976999153,0.165852241955754,-7.67368402686308,1.67125472603393e-14,6.56071979221699e-14
"ARSL","ENSG00000157399",1335.49289644014,2.01756769778107,0.236763526059806,8.52144640417053,1.57572929092582e-17,7.57103227780227e-17
"HYDIN","ENSG00000157423",261.431854628705,-1.61659428894994,0.282516447950292,-5.72212450170113,1.05200167775863e-08,2.6628187890982e-08
"CCNB2","ENSG00000157456",880.30450349335,3.04406091601413,0.154192571619908,19.7419427150997,9.40899060150503e-87,1.21996426690384e-84
"FAM81A","ENSG00000157470",197.679505225255,1.38497422906595,0.15103854384275,9.16967413634416,4.74451070877963e-20,2.68480487388343e-19
"AFAP1L1","ENSG00000157510",771.38017698259,-1.68034576172416,0.109637555736556,-15.3263701515,5.0968356830875e-53,1.60277119292592e-51
"KCNJ6","ENSG00000157542",42.9248853874342,2.00470263110062,0.300732301519079,6.66607019257436,2.62743634237002e-11,8.24350665860544e-11
"KCNJ15","ENSG00000157551",2895.33442252787,-1.37658683592654,0.215989378094833,-6.37340061844213,1.84882098919635e-10,5.42310720650659e-10
"ERG","ENSG00000157554",993.733983984003,-2.13286177983301,0.111460412596162,-19.1355991796,1.27603830326577e-81,1.24765865357019e-79
"TSPAN18","ENSG00000157570",974.544461119207,-2.01881179322172,0.132196010591153,-15.2713518675338,1.18686814114843e-52,3.68052541586983e-51
"PALM2AKAP2","ENSG00000157654",6093.57795503931,-2.50516159561097,0.111209052936426,-22.5265976956308,2.27795800577133e-112,1.63038010389065e-109
"DGKI","ENSG00000157680",64.8857482187082,2.09825649328006,0.206215057798334,10.1750886462037,2.5616663671159e-24,1.89091981463716e-23
"SNX22","ENSG00000157734",245.381525977872,-2.23489975005625,0.151188501203678,-14.7822071934257,1.90809249327417e-49,5.17295439123557e-48
"ACAN","ENSG00000157766",169.51794134148,1.45915346439109,0.214191449319985,6.81237962123891,9.59973775644239e-12,3.09994780140812e-11
"PSMG3","ENSG00000157778",1837.45061369033,1.54986633509381,0.111000008496345,13.9627587068595,2.63051216813654e-44,5.49856941874616e-43
"GAREM2","ENSG00000157833",387.596354217591,1.94355502676544,0.156072983609909,12.452860077457,1.34922017400999e-35,1.82890883133036e-34
"DPYSL5","ENSG00000157851",12.545693405801,4.66594756475872,0.567189266936011,8.22643839853394,1.92862197125996e-16,8.63368349556031e-16
"DRC1","ENSG00000157856",213.735047962849,-1.94451503723276,0.28628448929916,-6.79224725724065,1.10400119432636e-11,3.55221963137594e-11
"RADIL","ENSG00000157927",177.096460301563,-2.24629551653803,0.185982793518394,-12.0779749246849,1.38078566311983e-33,1.68185145474494e-32
"KRTCAP3","ENSG00000157992",2205.12958816757,1.55068277098692,0.147159042398503,10.5374616857571,5.80444129359556e-26,4.68043569474111e-25
"ANKRD61","ENSG00000157999",45.4145635608734,1.76621533665397,0.175868581307017,10.0428133526059,9.88148868831877e-24,7.06672570344076e-23
"SLC30A2","ENSG00000158014",34.7275827086,2.42546195126072,0.290482516113594,8.34976914862661,6.83965161487265e-17,3.13960714071104e-16
"GRHL3","ENSG00000158055",156.243546334017,3.50726257394043,0.196838899147518,17.8179343063282,5.12960106911067e-71,3.31350006966055e-69
"NLRP14","ENSG00000158077",6.76680206894322,-1.11115159771422,0.194592044668242,-5.7101594240844,1.12870392923677e-08,2.85131997823431e-08
"GALNT14","ENSG00000158089",906.401960353113,3.66658142236311,0.217277246198179,16.8751283740903,6.85757331424261e-64,3.30734661217636e-62
"RHPN1","ENSG00000158106",1628.11652579658,1.91350472674289,0.152015160572663,12.5875913924272,2.4709861354144e-36,3.47316220903142e-35
"XDH","ENSG00000158125",1036.43631955284,4.07324031813651,0.223653051622215,18.2123171966231,4.12128939922392e-74,3.03906224335185e-72
"TMSB15A","ENSG00000158164",46.1542360069733,-1.65373456610639,0.247216195475351,-6.68942648731637,2.24046897095008e-11,7.0566293429343e-11
"MRAS","ENSG00000158186",1103.26867102766,-1.12417422293965,0.0910224250367541,-12.3505193636152,4.83979700769261e-35,6.35818559901937e-34
"ESYT3","ENSG00000158220",1021.86586063728,-1.06597331815756,0.179025687848579,-5.95430371455502,2.61181381252377e-09,6.95521770310529e-09
"TENT5B","ENSG00000158246",428.078901737886,-2.80261863763905,0.167338913283135,-16.7481584686585,5.84064553281496e-63,2.73577671514812e-61
"CLSTN2","ENSG00000158258",236.2852034742,-1.06831636845629,0.207831790451848,-5.14029334075242,2.7430987890434e-07,6.14680859516011e-07
"COLEC12","ENSG00000158270",2465.0270900925,-1.67810700300907,0.164365767983587,-10.2095894029262,1.79623323781158e-24,1.34084277530924e-23
"RNF207","ENSG00000158286",564.076088793224,1.58503317726943,0.142663087504332,11.1103243662892,1.11752834408353e-28,1.05519444119718e-27
"SLC13A3","ENSG00000158296",285.632562317732,1.11985913067398,0.189461112886176,5.91075980508339,3.40533288106165e-09,8.99359723111973e-09
"RHBDL2","ENSG00000158315",393.967225037963,2.68718139754141,0.146459449407678,18.3476136801627,3.44932441258945e-75,2.64887389332459e-73
"SHROOM4","ENSG00000158352",1407.35290483498,-1.72346303331134,0.145826363471607,-11.8185970786202,3.12865570343525e-32,3.56567111474949e-31
"H2BC5","ENSG00000158373",963.317607626527,2.67838934374654,0.153709629441388,17.4249938242669,5.33142037778607e-68,3.05753541088866e-66
"CDC25C","ENSG00000158402",195.18593296551,3.68829466874498,0.167020646268995,22.0828667062203,4.61843282505493e-108,2.23344914969481e-105
"H4C8","ENSG00000158406",434.259755655914,2.11471881270265,0.184858744760052,11.4396471503016,2.64960920318007e-30,2.74837434623194e-29
"RIBC1","ENSG00000158423",162.008565580073,-1.09819299473635,0.159036356531952,-6.90529523364493,5.0099125310632e-12,1.65148056223865e-11
"CATIP","ENSG00000158428",48.0674030793121,-1.60086537318984,0.229747233100443,-6.96794190548514,3.21610969134337e-12,1.07622686940727e-11
"CNOT11","ENSG00000158435",3473.43402640904,1.12722801878839,0.0652558854795787,17.27396709897,7.38843499442314e-67,4.01827560350192e-65
"CD1A","ENSG00000158477",434.877402664185,1.54735106484023,0.283080807187668,5.4661108261374,4.60016788432381e-08,1.10609973044771e-07
"NCF1","ENSG00000158517",265.804258292547,-1.30959283243524,0.151848207735257,-8.62435488681217,6.44549524010018e-18,3.1753647117597e-17
"CPA5","ENSG00000158525",9.1155639514753,1.73147404844845,0.268156812770016,6.45694595845845,1.06837026778016e-10,3.19457707242486e-10
"POM121L2","ENSG00000158553",4.77388681725933,2.52144682442766,0.387086446867183,6.51391141393492,7.32186881638958e-11,2.21525530489785e-10
"ALAS2","ENSG00000158578",22.8080403692432,-4.03834625743757,0.252650957459522,-15.9838945319832,1.65476428910027e-57,6.34019216806662e-56
"PAGE5","ENSG00000158639",6.46750482310606,2.70632981071776,0.509203961253129,5.31482473949653,1.06760030371367e-07,2.48731409301414e-07
"DUSP23","ENSG00000158716",2409.76898546213,1.02577968201166,0.139338303597219,7.36179252602969,1.81456850920447e-13,6.64512368710512e-13
"HTR6","ENSG00000158748",10.1162779603801,1.37364101511136,0.214602111636521,6.40087371292015,1.54490318198578e-10,4.56003837599334e-10
"ITLN2","ENSG00000158764",174.020697931611,-4.63922507122749,0.365201579183741,-12.7031900617642,5.6767640496343e-37,8.26479569895089e-36
"PLA2G2F","ENSG00000158786",16.0347879515861,5.45595578532983,0.4369920954511,12.4852505162541,8.98600546672488e-36,1.22457422556061e-34
"CDA","ENSG00000158825",747.440337910282,2.43411371259943,0.259524322299871,9.37913522335257,6.65160248975614e-21,3.97518782061478e-20
"ADAMTS4","ENSG00000158859",1238.96756911195,-1.30248678511422,0.195583368909658,-6.65949662476598,2.74767013895126e-11,8.61016844067511e-11
"SLC5A11","ENSG00000158865",14.4341177764195,1.47817517590915,0.262288438562502,5.63568559868836,1.74363238973033e-08,4.34100658820716e-08
"FCER1G","ENSG00000158869",2809.0610813477,-1.24178156929671,0.135217563896417,-9.18358187733638,4.16985227309461e-20,2.36785676681948e-19
"APOA2","ENSG00000158874",3.49906246622198,1.07414103314889,0.351879676018444,3.05258048803192,0.00226882876527648,0.00347183384051073
"WFDC8","ENSG00000158901",1.25966819722338,1.03654187354088,0.479579131480126,2.16135733500704,0.0306677471415989,0.0407468626720597
"CACHD1","ENSG00000158966",1197.97333502772,-1.00956635673758,0.185127638637039,-5.45335296323277,4.94288191018228e-08,1.18572175920219e-07
"MIS18A","ENSG00000159055",569.011813325004,1.24572098485539,0.0939411429868662,13.2606539078362,3.91467330412437e-40,6.66462887066579e-39
"DONSON","ENSG00000159147",582.816662767832,1.45713622485271,0.0936382027366258,15.5613433648568,1.33272053797109e-54,4.51635768672665e-53
"SV2A","ENSG00000159164",397.370150837268,1.29141488145289,0.204257058682933,6.32249817842301,2.57368058972865e-10,7.45159656828717e-10
"LAD1","ENSG00000159166",4245.43120046255,1.95022347840503,0.138839293349306,14.0466249241018,8.07937279832644e-45,1.73338390264335e-43
"HOXB13","ENSG00000159184",122.745869019063,6.58895973286257,0.526782507285563,12.5079319106752,6.75603264937606e-36,9.29175189817724e-35
"C1QC","ENSG00000159189",10353.3014291245,-1.11001479235113,0.154391537276233,-7.18960904162201,6.49771093545008e-13,2.28910300783635e-12
"RCAN1","ENSG00000159200",2144.32071552053,-1.80393987640082,0.109696523600201,-16.4448226543207,9.13513849212207e-61,3.90107477421337e-59
"CIART","ENSG00000159208",316.362845205991,1.14176526461266,0.162357899015381,7.03239738587956,2.03014605792227e-12,6.90334538472124e-12
"CLIC6","ENSG00000159212",6818.89265937031,1.23231687754983,0.211454920246207,5.82779949558507,5.61629981094625e-09,1.45409423407989e-08
"CCDC24","ENSG00000159214",626.184269023164,1.02774780494245,0.112239738425545,9.15671953052715,5.34988918963695e-20,3.01402919616417e-19
"IGF2BP1","ENSG00000159217",348.532188295391,6.59447807778513,0.428129492914243,15.402998828455,1.56251780535139e-53,5.01941312228948e-52
"GIP","ENSG00000159224",4.74053615641141,4.08243851422643,0.54524826258727,7.48730219671816,7.03037029391371e-14,2.63885914975872e-13
"CBR1","ENSG00000159228",5923.86675083792,1.66633179391524,0.217797818953316,7.65081947065968,1.99702540868845e-14,7.79851061494159e-14
"CBR3","ENSG00000159231",130.174938129998,1.7624083556715,0.207432678924586,8.49629077158205,1.95745281517116e-17,9.34490480839317e-17
"CHAF1B","ENSG00000159259",547.701798124537,1.93218986767578,0.111434274353942,17.339278053166,2.37703742665155e-67,1.32913533359613e-65
"CLDN14","ENSG00000159261",17.3399556185259,1.93937105719821,0.217863749211016,8.90176114301511,5.49674578005765e-19,2.9012764673325e-18
"SIM2","ENSG00000159263",81.1754246408186,5.32978126188379,0.375768653137814,14.1836771571499,1.15625545612517e-45,2.57004706539723e-44
"SCUBE1","ENSG00000159307",357.054610713857,-3.56432242221096,0.206638685540989,-17.2490567914687,1.13741028861835e-66,6.14854449977287e-65
"PLA2G4D","ENSG00000159337",49.934231274644,1.48111581291518,0.218641649566748,6.77417050159522,1.25122044591882e-11,4.01220204996873e-11
"PADI4","ENSG00000159339",19.6159357424969,-2.55048980138804,0.212882927184224,-11.9807155750959,4.48436138758626e-33,5.31381975550205e-32
"BTG2","ENSG00000159388",8124.72427809004,-1.2997139630567,0.143725843863714,-9.04300805002844,1.52418644399583e-19,8.31978890860814e-19
"CELF3","ENSG00000159409",83.8980552414313,3.3938733179832,0.336057443831979,10.0990868682559,5.57589479012212e-24,4.04908626134964e-23
"STARD9","ENSG00000159433",581.994153613528,-1.70166601497364,0.145558129484867,-11.6906284863365,1.42329440088575e-31,1.57300844441313e-30
"PGLYRP3","ENSG00000159527",32.4697495170341,5.92558060582033,0.446829927356519,13.2613780837746,3.87705003720399e-40,6.60686250625629e-39
"ISL2","ENSG00000159556",11.0499142533876,1.85385910686632,0.264193839360685,7.0170413941234,2.26615488752115e-12,7.67233858134645e-12
"CCDC17","ENSG00000159588",325.808764751736,-1.29839381737195,0.246467695650266,-5.26800810120913,1.37912022521694e-07,3.17302278382497e-07
"DRC7","ENSG00000159625",95.8374023600108,-1.47579317757701,0.276601773692554,-5.33544365198963,9.53112249991906e-08,2.23308072398915e-07
"ACE","ENSG00000159640",1864.51191069197,-1.73132443545375,0.125620190041556,-13.7822147449467,3.26111782969162e-43,6.4334268276375e-42
"LRRC36","ENSG00000159708",290.235883867146,-2.90605840938282,0.237281164680302,-12.2473202341967,1.73639133116887e-34,2.21606634012872e-33
"TPPP3","ENSG00000159713",2865.04832357202,-2.19900165291725,0.21957788428562,-10.0146772980873,1.31389991542768e-23,9.31442598524066e-23
"AGRP","ENSG00000159723",35.3352661578228,-3.05734635050275,0.21467713971534,-14.2416018517704,5.05548011224569e-46,1.14648549617759e-44
"CARMIL2","ENSG00000159753",331.459163927883,1.33136211705973,0.167032866557845,7.97065957434593,1.57829722836023e-15,6.63544932026542e-15
"TNFRSF13C","ENSG00000159958",224.316731608868,1.50230457691242,0.202549351304014,7.41698044076947,1.19820633344304e-13,4.4323973380807e-13
"PTGIR","ENSG00000160013",262.229293438474,-1.35442345400787,0.113378394564035,-11.9460454455713,6.80887508513293e-33,8.00994095320733e-32
"ATAD3B","ENSG00000160072",1255.46996670535,1.49725231458288,0.121851061344353,12.2875607160419,1.05645951719762e-34,1.36092369627192e-33
"CPAMD8","ENSG00000160111",1628.88395266689,-1.6030118115554,0.209620125313224,-7.64722284732972,2.05366249698793e-14,8.01268710392607e-14
"ANKLE1","ENSG00000160117",54.3702226872071,1.52490308299098,0.185780367245168,8.2080959662364,2.24723574050309e-16,9.99249232227181e-16
"CCDC58","ENSG00000160124",609.586175254815,1.01562010494718,0.0931495420886654,10.9031143060311,1.11378585149614e-27,9.89521859027827e-27
"CILP2","ENSG00000160161",538.572200513443,3.49610330328556,0.212667069241792,16.4393261060586,1.00024981300673e-60,4.26130235812603e-59
"ABCG1","ENSG00000160179",2237.56579740347,-1.39039473252405,0.120335784934461,-11.5542914626875,7.0224264593156e-31,7.48375679788767e-30
"TFF3","ENSG00000160180",5699.86357292313,3.02585942531704,0.325584749956637,9.29361533585352,1.49134642546292e-20,8.72903552201765e-20
"TFF2","ENSG00000160181",446.619529381678,9.60012400465313,0.750942155802651,12.7841058468637,2.01163023195215e-37,2.9796440182384e-36
"TFF1","ENSG00000160182",1028.77567683017,8.12177082193621,0.479552900696462,16.9361311549588,2.43629780472312e-64,1.19105673824893e-62
"RSPH1","ENSG00000160188",466.529755967921,-1.78468205007861,0.232830951329759,-7.66514090968499,1.78634973139257e-14,6.99718821011543e-14
"CBS","ENSG00000160200",51.8984510096046,1.3136545872037,0.23369652415429,5.62119865478363,1.89637055093914e-08,4.70164310211361e-08
"HSF2BP","ENSG00000160207",41.3804327409313,2.25687760890905,0.159911073783111,14.1133290867028,3.14379375935754e-45,6.84329704819761e-44
"G6PD","ENSG00000160211",7353.99429310654,1.31254441193707,0.18634690233992,7.04355369182805,1.87397741133231e-12,6.39296049970812e-12
"AIRE","ENSG00000160224",4.68973284352207,1.70397457140638,0.273556301273641,6.22897211094353,4.69505351515093e-10,1.33368141842508e-09
"FTCD","ENSG00000160282",25.5722152391953,2.62068894846451,0.283763973910237,9.23545336764109,2.57194498006938e-20,1.48116548208501e-19
"SPATC1L","ENSG00000160284",350.045765636061,1.05260201837439,0.150199238349168,7.00803832258724,2.41682618554058e-12,8.1577572039007e-12
"S100B","ENSG00000160307",475.29556904085,1.26961352716798,0.215363411125026,5.89521460741967,3.74194726747894e-09,9.85206922557396e-09
"ZNF208","ENSG00000160321",66.2378065346568,1.12439860623737,0.254082754034543,4.42532438106566,9.62974709961237e-06,1.88455720062741e-05
"LCN1","ENSG00000160349",3.37771646838153,1.05501760052489,0.339905981904866,3.10385123148603,0.00191019354485245,0.00294825266091994
"ZNF714","ENSG00000160352",593.415129977406,1.04361617056801,0.159357289965195,6.54890762007778,5.79594687897039e-11,1.76883638931293e-10
"BRSK1","ENSG00000160469",189.992451483406,1.54290701644046,0.164236432969794,9.39442600244628,5.75306455678434e-21,3.45318967173909e-20
"COX6B2","ENSG00000160471",32.5614384803158,3.19934123030492,0.277449387052558,11.5312607618011,9.17895529106583e-31,9.7182868060971e-30
"NLRP4","ENSG00000160505",4.28781579663833,1.45908599343485,0.394716298689126,3.69654356377113,0.000218554770053783,0.0003741843364819
"JAML","ENSG00000160593",1431.59066633471,-1.7560370919469,0.142020102390583,-12.3647079701256,4.05682992328267e-35,5.36503014170709e-34
"TLCD1","ENSG00000160606",852.123057442505,1.75559158573788,0.126694197675408,13.8569217687121,1.15523120350209e-43,2.33038916846255e-42
"FLAD1","ENSG00000160688",2405.32735597327,1.40187273707804,0.0890840916885205,15.7365104196116,8.50039017721561e-56,3.02983030758803e-54
"CHRNB2","ENSG00000160716",17.934285719026,1.33398472080333,0.264289034840892,5.04744633694856,4.47754477990434e-07,9.84476637341218e-07
"RUSC1","ENSG00000160753",2395.01832211536,1.16462570590705,0.086321793741596,13.4916763823671,1.75073984913627e-41,3.20359047300655e-40
"PAQR6","ENSG00000160781",154.881557509329,1.67739738324718,0.185612518153771,9.0370918940798,1.60895106842271e-19,8.76376300374048e-19
"PTH1R","ENSG00000160801",143.426937119941,-1.90659218660297,0.156258584035857,-12.201519669252,3.05076523897994e-34,3.83877232215669e-33
"MYL3","ENSG00000160808",46.4929386208605,-1.0616140172524,0.11223167305281,-9.45913028270425,3.10515093097114e-21,1.8982051796333e-20
"PPP1R35","ENSG00000160813",338.457153197826,1.27566799738383,0.122958487181105,10.3747860487654,3.22934940869545e-25,2.50141770431981e-24
"LRRC71","ENSG00000160838",84.1800393036074,-2.03342028065836,0.307831226293345,-6.60563356467493,3.95820852968786e-11,1.22448522167539e-10
"AZGP1","ENSG00000160862",4719.62117520426,1.45049178725903,0.327362516840697,4.43084260610347,9.38655847894455e-06,1.83958040376511e-05
"FGFR4","ENSG00000160867",986.582993317902,-2.46059910694864,0.199688556018887,-12.3221838847686,6.8805382338724e-35,8.96022348025318e-34
"CYP3A7","ENSG00000160870",6.69185636311363,-2.08838847287308,0.248542631296578,-8.40253626502036,4.36937354174508e-17,2.02909942336996e-16
"HK3","ENSG00000160883",899.174375816781,-1.76505622130004,0.168251550284237,-10.4905792446978,9.54414718381741e-26,7.586558221237e-25
"LY6K","ENSG00000160886",219.62416618645,3.52524620564159,0.339555659141986,10.3819391923829,2.99626281057431e-25,2.32590587720634e-24
"TONSL","ENSG00000160949",963.546653781239,2.11834499115227,0.124952129932992,16.9532523558284,1.82095779662521e-64,8.95120820192716e-63
"RECQL4","ENSG00000160957",891.366694694546,3.02509786524778,0.149449408862451,20.2416181386974,4.21113803326285e-91,7.04204605880114e-89
"FOXH1","ENSG00000160973",9.11254755622468,3.19724770649458,0.330886695222666,9.66266626206603,4.34407872614411e-22,2.81931812284718e-21
"CELF5","ENSG00000161082",55.2724474720189,3.29696760705356,0.263272212364743,12.5230368121261,5.58563831294547e-36,7.71766998714543e-35
"YDJC","ENSG00000161179",1005.6216540261,1.25249792234826,0.114868225832363,10.9037805126036,1.10565821516878e-27,9.82788993741427e-27
"BDH1","ENSG00000161267",1047.42210164575,1.32612600622492,0.119369194093237,11.1094492703796,1.12853368631082e-28,1.06446248018764e-27
"NPHS1","ENSG00000161270",24.382249232111,2.02064142827894,0.303942961712186,6.64809415850977,2.96912354164982e-11,9.2813639990811e-11
"COX7A1","ENSG00000161281",282.625750994415,-1.92683163090433,0.122121759786256,-15.7779550038974,4.41254086172462e-56,1.60149277157888e-54
"GRIN2C","ENSG00000161509",82.4329119335738,1.0848611348561,0.230940749104158,4.69757346446817,2.63270504177304e-06,5.41646444894159e-06
"CYGB","ENSG00000161544",579.515950186101,-1.24855249849817,0.109742405529758,-11.3771198332227,5.43656510311456e-30,5.53335946473429e-29
"SIGLEC11","ENSG00000161640",44.6444810202069,-2.41995322049251,0.176452710610463,-13.7144576137161,8.31861209436389e-43,1.61087582472352e-41
"CD300LG","ENSG00000161649",121.082516068101,-4.9579016225213,0.308479797655509,-16.0720464036934,4.00638840700886e-58,1.56862817870043e-56
"IZUMO2","ENSG00000161652",16.8916760283915,1.53307051420586,0.397158289478752,3.86009949891247,0.000113340864838181,0.000199803753157593
"FAM171A2","ENSG00000161682",216.468472455364,1.74911299318022,0.184888466151088,9.46036834850946,3.06860305681626e-21,1.87650425480565e-20
"DBF4B","ENSG00000161692",419.388613343359,1.31801519233167,0.107668379256473,12.2414324561539,1.86708021310891e-34,2.3777698400824e-33
"AQP5","ENSG00000161798",3276.97825779055,1.69466468979965,0.340881952393325,4.97141217920588,6.64669710164855e-07,1.4401713640082e-06
"RACGAP1","ENSG00000161800",1589.60325307796,1.48857784998712,0.125599550915127,11.8517768506435,2.10675701081008e-32,2.42263516673681e-31
"TAMALIN","ENSG00000161835",564.991877271428,-2.33724041638993,0.126202966867883,-18.5196946981182,1.43247030255273e-76,1.14424960373107e-74
"SYCE2","ENSG00000161860",25.0032862319633,1.00143888167386,0.122065074865518,8.20413933123107,2.32248634174182e-16,1.03194060374438e-15
"SPC24","ENSG00000161888",377.991898378751,2.70176265983433,0.150934820126724,17.9001946506839,1.17510493155916e-71,7.78746390384743e-70
"ALOX15","ENSG00000161905",489.338129338033,-2.11981820275473,0.321493034394553,-6.59366759453075,4.29091860141683e-11,1.32260820904654e-10
"CXCL16","ENSG00000161921",6951.68720293062,-1.08116027940942,0.107337496765007,-10.0725311470268,7.30728886852374e-24,5.26366021435166e-23
"SCIMP","ENSG00000161929",351.089684728824,-1.52894480353883,0.142510158204074,-10.7286724175086,7.46610707251895e-27,6.35240389199152e-26
"BCL6B","ENSG00000161940",732.439700911212,-1.76792667540745,0.10962446463827,-16.12711798631,1.6452065360213e-58,6.49838422715876e-57
"TNFSF13","ENSG00000161955",650.831738199414,-1.09289365669734,0.110373112888449,-9.90181057774363,4.08805924056812e-23,2.8318871076843e-22
"FGF11","ENSG00000161958",14.4347937775385,3.34278912498988,0.266884391858136,12.5252327485931,5.43317318462397e-36,7.51281049400902e-35
"CCDC78","ENSG00000162004",354.903705559654,-1.08369554858331,0.22307559520135,-4.85797447992981,1.18592690165454e-06,2.51657851652096e-06
"MSLNL","ENSG00000162006",148.288781347751,3.01267963675316,0.35293328541406,8.53611648790421,1.38808421866177e-17,6.69460671819812e-17
"SSTR5","ENSG00000162009",5.0593272914803,3.59508238469733,0.558659572873875,6.43519337940168,1.23316228443585e-10,3.67076572207797e-10
"MEIOB","ENSG00000162039",26.221029296257,2.62307934459027,0.316475652741537,8.28840803982011,1.14774249716005e-16,5.20818726935126e-16
"TEDC2","ENSG00000162062",266.963863947202,3.51911378613901,0.145812415815681,24.1345276837567,1.08549302938518e-128,2.42784084684862e-125
"CCNF","ENSG00000162063",700.245753141565,1.88784774888396,0.112413753535959,16.7937435545203,2.71186605391841e-63,1.28709335020589e-61
"NTN3","ENSG00000162068",7.56651415284118,1.25675472136954,0.256540815753598,4.89884901035252,9.6399685116955e-07,2.05710144996741e-06
"BICDL2","ENSG00000162069",1158.49878692439,1.02338549173661,0.144885183543766,7.0634240624575,1.62448994280113e-12,5.57052482685715e-12
"PAQR4","ENSG00000162073",377.231390976853,1.46250446047258,0.122531478398472,11.9357448354334,7.70659428570329e-33,9.05410975404393e-32
"ZG16B","ENSG00000162078",323.616324009743,2.50003563942235,0.267941596656723,9.33052452704947,1.05348250191332e-20,6.21100905176543e-20
"ADCY9","ENSG00000162104",2303.20282954769,-1.14857303326065,0.118176483664273,-9.71913360126394,2.49898705531272e-22,1.64876015415599e-21
"PPP1R32","ENSG00000162148",128.511988795396,-1.31629680456291,0.166701350189643,-7.89613763215155,2.87679010674568e-15,1.18988454415165e-14
"GNG3","ENSG00000162188",5.64361363583573,1.14985616926119,0.220358001152597,5.21812760710657,1.80740930365354e-07,4.11188489132521e-07
"ITIH3","ENSG00000162267",85.1194115609368,-1.4641272434086,0.145491498608186,-10.0633181829514,8.0247106302406e-24,5.7688287387262e-23
"FGF19","ENSG00000162344",38.461042549187,7.16393215012986,0.548672129513772,13.0568544760574,5.8078329381489e-39,9.24551198952832e-38
"PDZK1IP1","ENSG00000162366",3609.2918094431,1.04210676088027,0.199011799343665,5.23640690811857,1.63732765738217e-07,3.73587143248396e-07
"TAL1","ENSG00000162367",187.532556386983,-2.77703210244731,0.137309732700839,-20.2245831218514,5.94911228194259e-91,9.85624685748137e-89
"ELAVL4","ENSG00000162374",35.9305289120698,1.76365455241431,0.226619327120993,7.78245428057729,7.11309135258879e-15,2.87107023622538e-14
"SLC1A7","ENSG00000162383",1414.8724413061,3.02256579154575,0.328806809331278,9.19252797012628,3.83715635692241e-20,2.18378621801567e-19
"ACOT11","ENSG00000162390",319.467196728255,1.19355079222981,0.119880950075006,9.95613391020868,2.37104320522669e-23,1.6637284733773e-22
"PLPP3","ENSG00000162407",2645.14359225427,-1.3872298576819,0.0821122448238445,-16.8943116907585,4.9546196440376e-64,2.4025205769855e-62
"PRKAA2","ENSG00000162409",632.145546613989,1.22802481919169,0.180528630862575,6.80238261002771,1.02902860452318e-11,3.31635605560757e-11
"AK4","ENSG00000162433",1201.63509841445,2.59900678381356,0.185809653806557,13.9874690607805,1.85911031697227e-44,3.92276661575294e-43
"KNCN","ENSG00000162456",1.52246595887917,-1.50296227319319,0.414184156765685,-3.62872951232525,0.000284819469536685,0.000481871668723516
"TMEM82","ENSG00000162460",18.9332777312468,4.93325696649618,0.421996543309671,11.6902781425772,1.42917793392294e-31,1.5785358501039e-30
"AKR7A3","ENSG00000162482",450.737602851136,5.35615718847975,0.304611282225543,17.5835811114636,3.29117137978195e-69,2.00302481287206e-67
"PDPN","ENSG00000162493",1563.82507536498,-1.33697633562885,0.153163312634759,-8.7290899669758,2.56729945588699e-18,1.29728012324727e-17
"LAPTM5","ENSG00000162511",8548.14147266618,-1.20195332143734,0.13051549859123,-9.20927655650933,3.28330257423525e-20,1.87873786251331e-19
"SYNC","ENSG00000162520",106.446542475127,-1.84128942002935,0.129954649809098,-14.1687074893756,1.43110279694991e-45,3.16523143953334e-44
"CAMK2N1","ENSG00000162545",2012.87448009731,-1.03239604185889,0.182105832769405,-5.66920908659844,1.4345821025166e-08,3.59459145222372e-08
"ALPL","ENSG00000162551",6154.61675119181,-1.27050458677103,0.234405124298722,-5.42012291997474,5.95580703556781e-08,1.41862693407102e-07
"TTLL10","ENSG00000162571",85.1003210271037,-1.64677433301264,0.262532242167281,-6.27265557715134,3.54941496355165e-10,1.01827291875629e-09
"SCNN1D","ENSG00000162572",188.919280543904,1.52192226855093,0.178040796494155,8.54816591769684,1.25059854290893e-17,6.05437222085216e-17
"CCDC27","ENSG00000162592",4.55621735174079,1.51846025956951,0.270831367636961,5.60666318978584,2.06264493554864e-08,5.09623112838606e-08
"C1orf87","ENSG00000162598",112.709972342877,-2.39585745251889,0.353182307741614,-6.78362817163448,1.17194724283333e-11,3.76407323927782e-11
"NEXN","ENSG00000162614",636.600373181868,-1.54146065711974,0.12508918904714,-12.32289272048,6.82031348056762e-35,8.8882643195773e-34
"DNAJB4","ENSG00000162616",958.266022912698,-1.19224727041648,0.125537658078627,-9.49712850043568,2.1575771639244e-21,1.33122511014136e-20
"ADGRL4","ENSG00000162618",895.735847174743,-1.27708009637524,0.107342521809002,-11.897243281163,1.22321395043736e-32,1.41938827595173e-31
"LHX8","ENSG00000162624",7.18604833549312,4.38768485622803,0.603531667786257,7.27001595843674,3.59445033073033e-13,1.28708224470198e-12
"NTNG1","ENSG00000162631",149.866742184071,-1.87668997725291,0.277854422688995,-6.75422028230054,1.4360542800531e-11,4.58108740113927e-11
"DNAI3","ENSG00000162643",103.88731691718,-1.67233561611659,0.235934260222506,-7.08814232633884,1.35924146308263e-12,4.69243825949016e-12
"GBP4","ENSG00000162654",3228.56197921822,-1.32232837816985,0.152874423410307,-8.64976853990017,5.16039873926978e-18,2.56130415095019e-17
"KCNT2","ENSG00000162687",142.323140465526,-2.45001187880742,0.20862183151221,-11.7437943145659,7.59986452711081e-32,8.50966057469298e-31
"CADM3","ENSG00000162706",94.8492534298751,-1.02083719025935,0.216161841606589,-4.7225596463841,2.32894754553413e-06,4.81532914631871e-06
"TRIM58","ENSG00000162722",78.5279259883338,-2.08621550138226,0.278852035517227,-7.48144261350882,7.35111387190006e-14,2.75174645418217e-13
"SLAMF9","ENSG00000162723",50.2307977094035,1.92066393162024,0.222145014162725,8.64599162335158,5.33400279654478e-18,2.64233975743565e-17
"DDR2","ENSG00000162733",1634.86444198509,-1.09633191006199,0.136381163343434,-8.03873411243177,9.07713007406581e-16,3.88278958678603e-15
"FCGR3B","ENSG00000162747",169.300092197349,-2.35965531083245,0.217321327830737,-10.857909503803,1.82887961150391e-27,1.60255352050144e-26
"C1orf74","ENSG00000162757",218.347692193512,1.27457873410245,0.0795905890623382,16.0141889778471,1.01724446625776e-57,3.9143129537097e-56
"FLVCR1","ENSG00000162769",1108.01552648877,1.25898923698639,0.102747076117393,12.253285295904,1.61325608790945e-34,2.06480623612045e-33
"ATF3","ENSG00000162772",3197.9436679141,-1.76913278529831,0.178028904896216,-9.93733453749914,2.86387611176847e-23,1.99701228635515e-22
"TDRD5","ENSG00000162782",157.496703725225,3.67000293600001,0.309334771909098,11.8641784541393,1.81677035458821e-32,2.09590405897142e-31
"C1orf115","ENSG00000162817",1293.09641554719,-1.60311649624938,0.147800468201498,-10.8464913254797,2.07228301365219e-27,1.80786737997458e-26
"ACP6","ENSG00000162836",1238.86139737183,1.30903380876948,0.097438002423715,13.4345304317413,3.79467723903097e-41,6.82393566210865e-40
"WDR64","ENSG00000162843",12.0438886865372,1.81739543536374,0.214188581346647,8.48502485023901,2.15672636090348e-17,1.02715743347474e-16
"KIF26B","ENSG00000162849",2085.62876464469,3.15157842716798,0.149071307847278,21.1414152909742,3.31001828368506e-99,8.11317221232558e-97
"TFB2M","ENSG00000162851",1077.71416666764,1.18340711856833,0.0824218627178546,14.3579273695785,9.50267420268267e-47,2.22263201972027e-45
"KLHDC8A","ENSG00000162873",104.860457965453,2.13623156901275,0.222603040229998,9.59659655504055,8.26278055227553e-22,5.25207575210892e-21
"PKDCC","ENSG00000162878",781.04816401313,-1.17085250952409,0.180374684451006,-6.49122415979676,8.51416850260947e-11,2.56514593394833e-10
"IL20","ENSG00000162891",2.69408887497977,-1.20707524670909,0.372448985289491,-3.24091431144826,0.00119146992794195,0.00188296868227038
"FCAMR","ENSG00000162897",20.651080234512,1.57571762106837,0.26100677689897,6.03707551117838,1.56932298703517e-09,4.25646448492047e-09
"TRIM17","ENSG00000162931",203.294581873904,2.17735676951062,0.224134125834077,9.71452589563483,2.61462951521635e-22,1.72061662066076e-21
"CAPN13","ENSG00000162949",2045.87893402681,1.31454012605151,0.228869073435499,5.7436337130188,9.2666125408668e-09,2.35689407524847e-08
"LRRTM1","ENSG00000162951",39.4220920828746,2.23971660758444,0.412899594708796,5.42436136117799,5.81621120889804e-08,1.38611437347912e-07
"KCNF1","ENSG00000162975",54.7080449687141,1.58396594727114,0.278376602744313,5.69001105572799,1.27031146921267e-08,3.19567537936349e-08
"NEUROD1","ENSG00000162992",37.7190838097735,4.65178804709222,0.708029590251464,6.57004751092407,5.02992100644823e-11,1.54321633347699e-10
"FBXO41","ENSG00000163013",649.934291827821,1.70847097718588,0.131082605219384,13.0335445677672,7.88574237871438e-39,1.24756488401712e-37
"ACTG2","ENSG00000163017",915.471292412688,-1.27356772151691,0.183370820599148,-6.94531287669236,3.77622461059432e-12,1.25591053824097e-11
"ANKRD30BL","ENSG00000163046",1.46329924393415,2.29854037523101,0.604247771891217,3.80396996423649,0.000142395453369094,0.000248476872160445
"SLC16A14","ENSG00000163053",1618.49933463515,2.90516825054653,0.248166244256525,11.7065407475141,1.17996202095702e-31,1.30731024402377e-30
"TEKT4","ENSG00000163060",25.6750891140285,-1.72071141582109,0.276636620701881,-6.22011435599274,4.96792667636107e-10,1.40895723601408e-09
"EN1","ENSG00000163064",2.8444503628177,1.66118327148163,0.411682191599017,4.03511083398925,5.45765288588858e-05,9.97892735409814e-05
"SPATA18","ENSG00000163071",709.29060670354,-1.41882452433258,0.21972395124921,-6.45730479661434,1.06584096947732e-10,3.18807965009323e-10
"NOSTRIN","ENSG00000163072",739.747972443775,-1.49573785463584,0.151443620372816,-9.87653260635024,5.26222994875692e-23,3.62003385133055e-22
"SGPP2","ENSG00000163082",6984.30937153613,1.40276065159025,0.146399378043426,9.58173914628351,9.54243543683455e-22,6.0290535759633e-21
"INHBB","ENSG00000163083",1351.91148303206,1.05697583755715,0.199724232349596,5.29217624282582,1.20869323413088e-07,2.79963081401991e-07
"XIRP2","ENSG00000163092",3.96069967486985,-1.9531685464295,0.351148955006954,-5.56222229506797,2.66360692261337e-08,6.52607403345489e-08
"HPGDS","ENSG00000163106",175.195014653567,-1.34753986986762,0.185163347279178,-7.27757350290219,3.39877832333495e-13,1.22019142334334e-12
"STPG2","ENSG00000163116",11.5829609228054,1.02937816811777,0.200170848088003,5.14249791091063,2.71109457738494e-07,6.07661471541385e-07
"NEURL3","ENSG00000163121",50.1471337027842,1.05271383004554,0.224206549626628,4.69528580587243,2.66234214266606e-06,5.4741658149596e-06
"ANKRD23","ENSG00000163126",36.9491428187774,1.00429533316965,0.141740836989643,7.08543391233846,1.38609305497567e-12,4.77684187840517e-12
"MSX1","ENSG00000163132",77.3703168965711,-1.01349944101278,0.165584954511552,-6.12072180109864,9.3152417189456e-10,2.5829477774228e-09
"C1QTNF7","ENSG00000163145",247.046701929522,-2.38840694742902,0.201757128873446,-11.838030015421,2.48214802759833e-32,2.84516813951422e-31
"LYSMD1","ENSG00000163155",549.286498598144,1.01503210572156,0.093501624241253,10.8557697682617,1.87222616755237e-27,1.63893066614552e-26
"IVL","ENSG00000163207",384.925302925842,4.27790313756757,0.398685324622937,10.7300240900853,7.35769920757194e-27,6.26314519129803e-26
"SPRR3","ENSG00000163209",51.6561462733645,4.0758102272103,0.495566461121048,8.22454816250114,1.95928053143971e-16,8.76654327308095e-16
"SPRR2D","ENSG00000163216",88.9211416567372,4.06397820439613,0.45259362652536,8.97930939857901,2.72471564715413e-19,1.46450396739348e-18
"PGLYRP4","ENSG00000163218",97.9553050152696,4.27875533121648,0.299180644095469,14.3015780454404,2.13903539327381e-46,4.95132733400367e-45
"S100A9","ENSG00000163220",14510.3352801909,1.03030490222419,0.262229981569385,3.92901260206045,8.52953700374355e-05,0.000152619005607983
"S100A12","ENSG00000163221",44.7661051937563,-1.99231381327039,0.260758462150074,-7.64045698399523,2.164521042829e-14,8.43051262937296e-14
"TGFA","ENSG00000163235",1858.99647850958,1.44162633749606,0.172952366743579,8.33539525731631,7.72397272946347e-17,3.53556009333052e-16
"C1orf189","ENSG00000163263",40.0984852407871,-1.89789798933249,0.279871683330254,-6.78131480380219,1.19087064494438e-11,3.82279304807853e-11
"NPPC","ENSG00000163273",6.25757270302353,1.43408068198642,0.315048395799523,4.55193773752455,5.31540676408194e-06,1.06385428668589e-05
"ALPP","ENSG00000163283",124.040300653786,-1.42097702368244,0.33641629405515,-4.22386504100035,2.4014789081846e-05,4.54272778350216e-05
"GABRB1","ENSG00000163288",3.37214923590746,1.36491251080718,0.508423744797677,2.68459631316065,0.00726174571706997,0.0104331472712007
"NIPAL1","ENSG00000163293",254.237634893739,1.08663413697492,0.159575812386542,6.80951655970738,9.79272610906902e-12,3.15941666551699e-11
"ALPI","ENSG00000163295",1.49313664409194,2.52534477074975,0.744159667796314,3.3935523249037,0.000689923766777733,0.0011187969873984
"LENEP","ENSG00000163352",4.11616564492274,1.85172811163407,0.31004685420354,5.97241380303909,2.33768666151031e-09,6.25387914054661e-09
"DCST2","ENSG00000163354",105.098661161926,2.36295749416017,0.18046614517417,13.0936331126242,3.58062372373933e-39,5.76670569656776e-38
"DCST1","ENSG00000163357",39.9404582285978,2.75943588461591,0.188436241062841,14.6438703566353,1.47431233377992e-48,3.78477339861179e-47
"COL6A3","ENSG00000163359",33222.1844766851,1.25451961510517,0.148103835380468,8.47054103549984,2.44255847444297e-17,1.15989115666688e-16
"INAVA","ENSG00000163362",1918.44571446765,2.19320115269803,0.139892426923699,15.6777689895555,2.14662511883187e-55,7.53128691201151e-54
"LMOD3","ENSG00000163380",32.1730963459147,-1.25135799251083,0.111341374374418,-11.2389307168311,2.62543053084709e-29,2.56144102990442e-28
"NAXE","ENSG00000163382",5585.98011352503,1.07525081229135,0.108930212886477,9.87100625068948,5.56039756310754e-23,3.8192780651318e-22
"CCKAR","ENSG00000163394",3.19663739461543,2.70378997311696,0.652766021666131,4.14205072472333,3.44214188017491e-05,6.42435012641803e-05
"SLC15A2","ENSG00000163406",1454.24798300228,-1.60042740412708,0.163594424316961,-9.78289700770173,1.33338279794747e-22,8.952427168358e-22
"EIF4E3","ENSG00000163412",1315.74595609087,-1.08818025137059,0.0985756878468159,-11.0390327994627,2.47684862256288e-28,2.29271869650893e-27
"PROK2","ENSG00000163421",17.784090648792,-2.04242862108681,0.238165672789659,-8.57566330682183,9.85173567624947e-18,4.80843170908706e-17
"TEX55","ENSG00000163424",6.64127415077734,4.02743581611915,0.436315859596062,9.23055105044249,2.69243151023213e-20,1.54756431135829e-19
"LMOD1","ENSG00000163431",767.382537794683,-1.82113951412933,0.14161693321312,-12.8596169455858,7.59521164694213e-38,1.14684491138173e-36
"PDCL2","ENSG00000163440",2.99046527560132,3.42253958383372,0.557019463207719,6.14438060049872,8.02761480958489e-10,2.23665698828873e-09
"TRIM46","ENSG00000163462",277.42346592519,1.79253614130552,0.159084777264107,11.2678043250462,1.89229958608671e-29,1.86962542760075e-28
"KRTCAP2","ENSG00000163463",222.124691591705,1.2831479606076,0.139568052935945,9.19370825640525,3.79526992094309e-20,2.16063521143604e-19
"CXCR1","ENSG00000163464",69.7161891054557,-2.87992161964357,0.222160499481351,-12.9632478607446,1.97696262975418e-38,3.06531995963531e-37
"TSACC","ENSG00000163467",37.1857515550313,3.10283211115188,0.189773915436124,16.3501506728213,4.33905778810737e-60,1.78891154383883e-58
"CCT3","ENSG00000163468",14686.5771195552,1.35289306715218,0.0891475473305035,15.1758865797676,5.10828185691975e-52,1.54657338859332e-50
"TMEM79","ENSG00000163472",403.583188049562,1.34015342230284,0.0968155339346921,13.8423388049159,1.41525737310537e-43,2.8421100086391e-42
"ADORA1","ENSG00000163485",438.130217456136,1.0783405884528,0.228756019869756,4.71393316366829,2.42980391479971e-06,5.01690300571328e-06
"NEK10","ENSG00000163491",123.244155174074,-1.23982134558799,0.2309270184534,-5.36888820499009,7.92235070883319e-08,1.86863460628991e-07
"CCDC141","ENSG00000163492",134.086523347925,-2.94873018599004,0.230997095469958,-12.7652262466371,2.56404568027376e-37,3.78223160405098e-36
"CRYBA2","ENSG00000163499",7.63688537464641,4.26146576083691,0.456692994698309,9.33113888390608,1.04739326737174e-20,6.18311043651686e-20
"IHH","ENSG00000163501",104.178823836104,-1.30835510618917,0.344291184701775,-3.80014117213736,0.000144613680413372,0.000252126335733847
"CIP2A","ENSG00000163507",427.272805632238,1.97375613796494,0.147702630822709,13.3630398251612,9.94196214522097e-41,1.75435432607928e-39
"TGFBR2","ENSG00000163513",10186.4952990672,-1.65650713256887,0.104880014869177,-15.7943068051155,3.40515794877129e-56,1.24343859545642e-54
"RETNLB","ENSG00000163515",4.397340283831,3.8842515780275,0.498806985804499,7.78708335803036,6.85737136003345e-15,2.76972789492277e-14
"FCRL4","ENSG00000163518",22.6048524496714,2.51895495552523,0.271557957406024,9.27593865997075,1.76061886667408e-20,1.02481305729991e-19
"DPPA2","ENSG00000163530",2.8952672263711,3.72813969415071,1.27076910132377,2.93376640199,0.00334876136889335,0.00502137064249701
"NFASC","ENSG00000163531",503.617926940641,-1.30932880883614,0.174707858137133,-7.49438990779919,6.66074474353924e-14,2.50484879563152e-13
"SGO2","ENSG00000163535",465.191356223287,1.57666992872736,0.125205739038718,12.5926330600532,2.31809704180993e-36,3.27111280513447e-35
"MNDA","ENSG00000163563",1021.01379734079,-1.45624868125575,0.145216451479223,-10.0281246816178,1.14673840346979e-23,8.14876499336175e-23
"AIM2","ENSG00000163568",474.877927252615,2.84714991321097,0.234500161018815,12.1413558986108,6.37606094831817e-34,7.90075197702611e-33
"EFHB","ENSG00000163576",108.053706442732,-1.66713796861591,0.224289988875694,-7.43295756075794,1.06195981400648e-13,3.93979824839685e-13
"SLC2A2","ENSG00000163581",5.16941410339438,4.02826372464712,0.698000784486834,5.77114498174766,7.87346944093544e-09,2.01314645193852e-08
"RPL22L1","ENSG00000163584",1327.71944966663,1.17167121386999,0.134334102196938,8.72206829619688,2.73165471040773e-18,1.37916189992454e-17
"CTLA4","ENSG00000163599",192.414895880519,1.04063880470637,0.16049697440417,6.48385309797678,8.94092804602317e-11,2.68964400685092e-10
"NKX6-1","ENSG00000163623",12.5780406133163,2.16294909779026,0.304676824456956,7.0991585974595,1.25518703858763e-12,4.34327241954138e-12
"SYNPR","ENSG00000163630",4.56728580730787,3.62447709545735,0.441255643362789,8.21400734466618,2.13926489510603e-16,9.5194893728257e-16
"ALB","ENSG00000163631",314.19143780626,5.21388645658625,0.427002818091893,12.2104263383671,2.73452481604205e-34,3.45490203243775e-33
"PRICKLE2","ENSG00000163637",734.217692437628,-1.3569936466225,0.116902945230336,-11.6078653446138,3.75882358597678e-31,4.06384473860318e-30
"PTX3","ENSG00000163661",151.969393743762,-2.06022291554995,0.217917119666858,-9.45415816205505,3.25631611176633e-21,1.98586449174625e-20
"ABHD6","ENSG00000163686",413.034511206118,-1.26569788630529,0.0890137319728026,-14.2191306695467,6.97135671107109e-46,1.57101367293696e-44
"DNASE1L3","ENSG00000163687",230.064089159536,-3.48475777792728,0.225513192078991,-15.4525673012808,7.24973890117414e-54,2.38812054637863e-52
"CFAP20DC","ENSG00000163689",155.29025219635,1.45878834470015,0.156834422753001,9.30145512122425,1.38536539628871e-20,8.12466176197765e-20
"FANCD2OS","ENSG00000163705",1.94549031006126,1.74611004239368,0.327292206266727,5.33501870487771,9.5534708651408e-08,2.2374378820676e-07
"PCOLCE2","ENSG00000163710",476.744364116158,-2.32836043150414,0.222615902110622,-10.4590930361621,1.33123799353309e-25,1.04887016372909e-24
"CXCL3","ENSG00000163734",380.91360038196,-1.73061015979604,0.199701123441092,-8.66600112195432,4.47562548765582e-18,2.23070659751046e-17
"PPBP","ENSG00000163736",108.702066834414,-2.05233604662075,0.32173455337378,-6.3789730543378,1.78279398050318e-10,5.23801850462126e-10
"PF4","ENSG00000163737",21.0599958740723,-2.02999154577233,0.275209528189826,-7.37616738462682,1.62911176134166e-13,5.97819867630974e-13
"PLSCR2","ENSG00000163746",16.7213854989136,1.89756430940156,0.209891989366719,9.04067046639964,1.55713781844436e-19,8.49447164189784e-19
"CPA3","ENSG00000163751",1449.42102820823,-1.68147614015746,0.199920682917246,-8.41071626817865,4.07514423780777e-17,1.89788016260006e-16
"SNRK","ENSG00000163788",1430.3851277032,-1.15657287410542,0.0730179797518424,-15.8395627766767,1.6597081394931e-56,6.09797900204314e-55
"DNAJC5G","ENSG00000163793",3.08596620973398,1.45302364102977,0.332439141950346,4.37079590720036,1.23794463860793e-05,2.40036231237665e-05
"UCN","ENSG00000163794",46.4269888871515,1.40697505669095,0.16967909237105,8.29197656016574,1.11381882968712e-16,5.0556976964971e-16
"SPDYA","ENSG00000163806",35.2553608780761,1.35574484617265,0.200270607392921,6.76956475950933,1.29170386643908e-11,4.13682786507867e-11
"KIF15","ENSG00000163808",359.428202262482,2.68218605355749,0.14820066838954,18.0983397895849,3.28418539726325e-73,2.32268495309215e-71
"CLEC3B","ENSG00000163815",440.517659848253,-3.76362357580865,0.195312179229191,-19.269784355804,9.63366127292609e-83,9.7940398384356e-81
"LRRC2","ENSG00000163827",66.7102369655562,-2.45070214366184,0.174551405848147,-14.0400023234064,8.87097243750856e-45,1.89639557735174e-43
"POLR2H","ENSG00000163882",2332.87993282707,1.17763838743426,0.0829353313186404,14.1994776979877,9.22977470988707e-46,2.06177726446953e-44
"KLF15","ENSG00000163884",439.122961990494,-1.40776490118597,0.199232502738698,-7.06593995374494,1.59532393676597e-12,5.47260950930856e-12
"CFAP100","ENSG00000163885",75.8305379570631,-1.27350883590173,0.293827094278036,-4.33421172077704,1.46283340205329e-05,2.81748956544021e-05
"CAMK2N2","ENSG00000163888",65.1428242906333,3.2178528310384,0.243249766463351,13.2285957673189,5.99978447104235e-40,1.01086764162298e-38
"HEYL","ENSG00000163909",1131.60217781994,-1.00692190244655,0.112047475470413,-8.98656483083759,2.55078249061596e-19,1.37225349081754e-18
"RFC4","ENSG00000163918",828.133136576037,1.78468672273975,0.120980382855377,14.7518686965408,2.99262172148305e-49,8.0040329540353e-48
"RPL39L","ENSG00000163923",676.87641675258,2.31752270711417,0.176485959096479,13.1314849010015,2.17352257652264e-39,3.54197080707829e-38
"GNL3","ENSG00000163938",3719.60337687508,1.09885957438942,0.0769687747513189,14.2766930867714,3.05770428115146e-46,7.01429521828757e-45
"ZDHHC19","ENSG00000163958",14.241219988217,-1.85618653296825,0.210632702483764,-8.81243278503407,1.22458810105999e-18,6.33465015676969e-18
"MELTF","ENSG00000163975",1085.70050650263,2.78386360623999,0.20798974516963,13.3846195348215,7.43772497548494e-41,1.3202699701027e-39
"S100P","ENSG00000163993",10404.8008001397,5.03841937273468,0.321147669581246,15.6887931938115,1.8045366913967e-55,6.35601870455927e-54
"CLDN19","ENSG00000164007",3.0938084890618,-1.09396490702164,0.378262198540971,-2.89208097251395,0.0038269930074623,0.00569781876206714
"SGMS2","ENSG00000164023",3598.1395226894,-1.31790505120385,0.127623707292598,-10.3264908939085,5.34814090294543e-25,4.08775246375065e-24
"EMCN","ENSG00000164035",917.446247741786,-2.73401784279681,0.150732640849531,-18.138193740837,1.59177169483001e-73,1.14383819018447e-71
"CDC25A","ENSG00000164045",236.049259226858,2.3431594482284,0.151205139547281,15.4965595431741,3.65971437148465e-54,1.21942773275559e-52
"CAMP","ENSG00000164047",38.2246719452779,-2.63494229291413,0.247455331498388,-10.6481532523832,1.77858409565131e-26,1.47676126327094e-25
"CAMKV","ENSG00000164076",3.84806934575172,1.69256015364407,0.35521941341008,4.76483010147339,1.89012844210413e-06,3.93806104035505e-06
"MST1R","ENSG00000164078",2008.65511922465,1.07646181613597,0.130892154800452,8.22403617525479,1.96766704141708e-16,8.79966667634988e-16
"POC1A","ENSG00000164087",422.980909469373,1.56224983860458,0.116083529014272,13.4579802308776,2.76367740179332e-41,5.0101803191781e-40
"ETNPPL","ENSG00000164089",53.6451877783689,5.98757932597515,0.604041625196056,9.9125276739525,3.67235631794437e-23,2.54885460034828e-22
"PITX2","ENSG00000164093",327.307213372325,8.21980619250587,0.39371832160121,20.8773779159598,8.59826890159838e-97,1.83153363638452e-94
"PRSS12","ENSG00000164099",340.772936117669,-1.04751066034436,0.238810437706394,-4.38636883046221,1.15258617006697e-05,2.24141118802394e-05
"MAD2L1","ENSG00000164109",877.294871114356,2.58194879054712,0.154552940716362,16.7059182347462,1.18686784991446e-62,5.39000671028411e-61
"NPY5R","ENSG00000164129",5.78057499577449,-1.29831856841341,0.35969049437985,-3.60954372912154,0.000306736063722505,0.000517093309608703
"HHIP","ENSG00000164161",1132.09576122671,-2.87675032487807,0.292960126017814,-9.81959683039986,9.27135941113249e-23,6.28856838299445e-22
"ITGA2","ENSG00000164171",5181.16760776081,1.58577138584198,0.184125909026091,8.61242936547987,7.15283692201024e-18,3.51802394297771e-17
"SLC45A2","ENSG00000164175",9.36872069483835,1.67803746787705,0.275179146543114,6.09798194724083,1.07415873803987e-09,2.96009892187701e-09
"ZNF474","ENSG00000164185",52.4933886464129,-1.41484190813568,0.228114086965134,-6.20234342805812,5.5628518844214e-10,1.56997016984152e-09
"RANBP3L","ENSG00000164188",89.8395652881306,-1.83464838440566,0.187148445449915,-9.80317191518779,1.09104619182036e-22,7.36682623027991e-22
"F2RL2","ENSG00000164220",124.915899142469,1.27813269258294,0.241910357091269,5.28349719272549,1.26740806949282e-07,2.92615904354002e-07
"ANKRD33B","ENSG00000164236",234.892049283991,-1.69892895600568,0.177884081521275,-9.55076441622169,1.28742802837945e-21,8.0799543008746e-21
"CMBL","ENSG00000164237",2651.88760976812,1.32298136544728,0.190908044233939,6.92994038441933,4.21018004606507e-12,1.39505095489338e-11
"F2RL1","ENSG00000164251",1394.31899001097,1.32613218112709,0.165648355174097,8.00570690685896,1.18782330052876e-15,5.03762083819889e-15
"PRDM9","ENSG00000164256",3.314169702348,3.87432769071074,0.736614268600967,5.25964246941503,1.44335763317185e-07,3.31229936261946e-07
"SPINK1","ENSG00000164266",8947.59942583942,6.66599434473977,0.3635570618258,18.3354830497937,4.311692130349e-75,3.28294073567381e-73
"CDC20B","ENSG00000164287",71.2766117592534,1.25958015520507,0.345549706488903,3.64514896569742,0.000267236961039753,0.000453367871800919
"GPX8","ENSG00000164294",1368.64087424926,1.22314268107494,0.133711826691271,9.14760280628786,5.82108824745647e-20,3.26817483563661e-19
"ENPP6","ENSG00000164303",22.2724577434457,-1.35242817546754,0.186087897393744,-7.26768475762793,3.65700978254036e-13,1.30895931264242e-12
"CAGE1","ENSG00000164304",6.65402508949381,1.2523957063796,0.238698848517803,5.24676056946373,1.54796859077859e-07,3.54101278378948e-07
"CARTPT","ENSG00000164326",0.603049871600418,-2.32907470937098,0.750299016640769,-3.10419533774506,0.00190797316360006,0.00294533377761159
"TERT","ENSG00000164362",42.0256528451222,5.51514307178028,0.338055332314184,16.314320599607,7.80699479854501e-60,3.20391187913683e-58
"SLC6A18","ENSG00000164363",2.88667506015427,2.18822981237796,0.548615418730714,3.98864074480569,6.64529714401743e-05,0.000120470417221787
"FOXQ1","ENSG00000164379",1708.43658355886,1.46516461994823,0.237548468364205,6.16785546982299,6.92223700978545e-10,1.94046039191745e-09
"ADGRF2","ENSG00000164393",22.13675236091,1.4851486544016,0.312841608320815,4.74728621417455,2.0616411631889e-06,4.28250226120579e-06
"GRIK2","ENSG00000164418",102.140103263372,2.6257184360652,0.257609214326236,10.1926417614084,2.13872002935644e-24,1.58854784081672e-23
"FABP7","ENSG00000164434",17.2216663897056,2.5172661064117,0.366136486884705,6.87521237730228,6.18975740427637e-12,2.02659339862245e-11
"TLX3","ENSG00000164438",1.41888104046807,2.27522132068967,0.782243506188484,2.90858447873322,0.00363069068442609,0.00541908144948582
"TBXT","ENSG00000164458",27.5809634189703,5.57049916251165,0.495601892346643,11.2398666117591,2.59774561570021e-29,2.53719772389323e-28
"SFXN1","ENSG00000164466",2122.76643065957,1.51790329194711,0.0768933310014,19.7403763392624,9.70524730029262e-87,1.24932366866285e-84
"IL22RA2","ENSG00000164485",69.7065612218608,3.79547884466028,0.270847389505754,14.0133484453601,1.29168298780851e-44,2.74164693960353e-43
"IL31RA","ENSG00000164509",165.398590742834,4.07303876051309,0.274076117692388,14.8609765593823,5.90579783522763e-50,1.64855601662602e-48
"PI16","ENSG00000164530",106.796246835943,-3.5724777596633,0.263688673413231,-13.5480895459806,8.13191167512562e-42,1.50781653474635e-40
"TBX20","ENSG00000164532",4.52251424163828,1.81490028486212,0.484473330199007,3.74613043016551,0.000179583245424391,0.000309833478968145
"HCN1","ENSG00000164588",36.6775371865215,2.10501341226102,0.380122723778645,5.53772053229531,3.06433714879608e-08,7.47718322697509e-08
"MYOZ3","ENSG00000164591",44.591425091606,-1.39511887039389,0.150283383201924,-9.28325434701837,1.64379520722744e-20,9.59622435331828e-20
"PTTG1","ENSG00000164611",1060.93835579162,2.33490977948732,0.146143618580463,15.9768165190311,1.85374377311961e-57,7.05724198562321e-56
"BMPER","ENSG00000164619",181.200059715295,-2.18182489975586,0.240843418724991,-9.05910118410665,1.3152988294863e-19,7.21036824632304e-19
"KCNK5","ENSG00000164626",2849.36453776431,1.47863523212339,0.160488672410893,9.21333082211371,3.16158788824844e-20,1.81082881192155e-19
"KIF6","ENSG00000164627",102.87306401416,-1.28289938278492,0.208129950952418,-6.16393448859366,7.09593094882286e-10,1.98666081156763e-09
"SLC29A4","ENSG00000164638",1242.18084263226,3.11615333596683,0.218457470261343,14.2643478029794,3.64988193186311e-46,8.33001752638095e-45
"STEAP1","ENSG00000164647",1059.43870080453,2.82499505138069,0.189175761675154,14.93317656747,2.00483473604092e-50,5.69404887809211e-49
"SP8","ENSG00000164651",95.6928055856286,6.87785969749334,0.485607358487618,14.1634173726565,1.54304117969035e-45,3.40859701582708e-44
"ELAPOR2","ENSG00000164659",1156.91301981099,-2.08062684002691,0.142236193007885,-14.6279705328697,1.86260615345057e-48,4.75429556400728e-47
"FABP5","ENSG00000164687",518.310938072377,-1.7274784834261,0.175016490545879,-9.87037551740452,5.59547387151328e-23,3.84189616204862e-22
"COL1A2","ENSG00000164692",85455.0182510613,1.49011765624358,0.167320013398217,8.90579450706322,5.30050360707768e-19,2.80017452144792e-18
"FNDC1","ENSG00000164694",1836.25372724865,2.38943606781106,0.218912349102718,10.9150355272552,9.76910977954759e-28,8.71379268621361e-27
"CHMP4C","ENSG00000164695",1000.35091496515,1.04190521800787,0.112258391153029,9.28131257989934,1.67403410746172e-20,9.76319826753993e-20
"SOX17","ENSG00000164736",166.40194913009,-2.70161341408286,0.151557978948048,-17.8256099272011,4.47187019029252e-71,2.89910048242406e-69
"DLC1","ENSG00000164741",5055.91557941724,-2.2441188338781,0.161483203025347,-13.8969180189339,6.61280421814027e-44,1.35071810359799e-42
"SUN3","ENSG00000164744",30.8273999711738,3.48129298079533,0.369615927629738,9.41867684956128,4.56808000252408e-21,2.76044091473027e-20
"HNF4G","ENSG00000164749",400.0276320161,3.52459109809105,0.205151279331709,17.1804490304549,3.72020439330686e-66,1.96939695885916e-64
"SBSPON","ENSG00000164764",268.001722458466,-2.26573407822436,0.202848676388033,-11.1695778280071,5.74532959899691e-29,5.50033079266194e-28
"EN2","ENSG00000164778",33.0114770503668,4.20778935287393,0.371518677511671,11.3259160509952,9.76526214198769e-30,9.79976643334749e-29
"KCNV1","ENSG00000164794",22.0623764234731,3.62499977703195,0.441961967490881,8.20206271958625,2.36296951361008e-16,1.0488864675521e-15
"DEFA5","ENSG00000164816",2.60319481290561,3.52256561204324,1.39582769783311,2.52363928406902,0.0116147039138295,0.0162806029870859
"DEFA4","ENSG00000164821",1.82965738058643,-2.67451739422031,0.436642259041896,-6.12519136395291,9.05746806139418e-10,2.51341929315332e-09
"DEFB1","ENSG00000164825",257.868625135433,1.19696578232434,0.313320734630962,3.82025716789588,0.000133312600648729,0.000233310090317655
"TMEM74","ENSG00000164841",40.8241809324003,2.08350480798156,0.264372422348721,7.88094608912462,3.24911479524789e-15,1.33585503288995e-14
"GPR146","ENSG00000164849",47.8364702543443,-2.06353303423156,0.12326421914008,-16.7407301861582,6.61714697912316e-63,3.07534054279093e-61
"GPER1","ENSG00000164850",210.392421939451,-2.2045374363243,0.182748066431667,-12.0632599806391,1.65115328281751e-33,2.00277780285944e-32
"TMEM184A","ENSG00000164855",1887.87302592723,3.13151513861051,0.142444694312199,21.9840770744827,4.09028337701866e-107,1.87660103756397e-104
"SPAG11B","ENSG00000164871",2.00383125383102,2.99163681585152,1.39034312023868,2.15172555055182,0.0314189765313729,0.0416923573921577
"MICALL2","ENSG00000164877",2340.34742900629,1.60596562665286,0.128451164579662,12.5025384698391,7.23049880575582e-36,9.92141987203902e-35
"CA3","ENSG00000164879",140.768763078648,-2.08814880633854,0.209591597033408,-9.96294143417255,2.21413067381045e-23,1.55606599161392e-22
"GBX1","ENSG00000164900",4.61090775234864,2.59920593405573,0.495216199222637,5.24862865579886,1.53235606791156e-07,3.50664370420022e-07
"OSR2","ENSG00000164920",231.253286728893,1.24629630626589,0.187230393086103,6.65648501679291,2.80453708766539e-11,8.78375321365253e-11
"CTHRC1","ENSG00000164932",3117.88251480656,3.79711017928721,0.175103423783207,21.684956794382,2.84524320843581e-104,9.98234053500823e-102
"SLC25A32","ENSG00000164933",14.167472311195,1.31101192680706,0.21594721675294,6.0709832083965,1.27129482236984e-09,3.47870901615899e-09
"DCAF13","ENSG00000164934",2523.33398398256,1.34906919228628,0.0919254381827244,14.675689547486,9.22727394986763e-49,2.39627885029001e-47
"DCSTAMP","ENSG00000164935",119.833830508165,-2.17088205958151,0.207018726631481,-10.4864042732035,9.97526356293474e-26,7.92572783888061e-25
"INTS8","ENSG00000164941",1831.85482771999,1.17213549842186,0.0820944008704317,14.2778982000468,3.00529292324146e-46,6.90291479788952e-45
"C9orf24","ENSG00000164972",267.695541022856,-2.388757501636,0.298066304846846,-8.01418161929911,1.10872770318535e-15,4.71446406680025e-15
"DIRAS2","ENSG00000165023",25.9172059788681,1.03291876588883,0.308053242374372,3.35305273181817,0.000799254775171146,0.00128717672554112
"ZMAT4","ENSG00000165061",47.8902927899611,4.32840075541624,0.453385814028809,9.54683764133213,1.33715619199039e-21,8.38029272969671e-21
"NKX6-3","ENSG00000165066",3.79728604598395,1.97908660704405,0.400230060031742,4.94487247381441,7.61937264246852e-07,1.64118736838437e-06
"MAMDC2","ENSG00000165072",616.533560545302,-2.65516932488056,0.201986514337845,-13.1452801865747,1.81133338002886e-39,2.97068635828198e-38
"PRSS37","ENSG00000165076",2.89224568992636,1.00178840319104,0.349043499861039,2.87009614443436,0.00410347007723994,0.00608262696479615
"C8orf34","ENSG00000165084",170.48261814679,-1.11119443339542,0.209905012211657,-5.29379656868295,1.19802701151704e-07,2.77564383232868e-07
"TMC1","ENSG00000165091",24.5234191998385,1.52864204423406,0.22198120553739,6.88635797131294,5.72388509139164e-12,1.87921974202331e-11
"ALDH1A1","ENSG00000165092",6054.84137954096,-1.08838974402751,0.209816221414843,-5.18734794044151,2.13309969310707e-07,4.82278908374588e-07
"SVEP1","ENSG00000165124",1414.98518235258,-2.06548567220726,0.173412959259138,-11.9107919098521,1.03984954525906e-32,1.21132994227346e-31
"FBP1","ENSG00000165140",2945.55154839485,-1.68171232582663,0.136793868434974,-12.2937697797913,9.78348833034713e-35,1.26121006264338e-33
"CFAP47","ENSG00000165164",82.851247179073,-1.1825152992564,0.306319386894162,-3.86039979789128,0.000113201655493218,0.000199597676560913
"CYBB","ENSG00000165168",6301.11783947631,-1.32642694067477,0.158450934192548,-8.37121565381815,5.70268359865784e-17,2.62849349898982e-16
"MID1IP1","ENSG00000165175",3733.32016999864,-1.05523257473553,0.107886455351787,-9.78095509111608,1.35921785497154e-22,9.11904202437413e-22
"SHOC1","ENSG00000165181",183.93859096721,3.1800865616919,0.274116015529359,11.6012432019,4.06135036563759e-31,4.37769530676828e-30
"RNF183","ENSG00000165188",154.562741004551,4.1388038600061,0.30274401814164,13.6709682503776,1.5136754824838e-42,2.89361062052165e-41
"ASB11","ENSG00000165192",12.8413666738594,1.10300918009928,0.318982619435739,3.45789743043191,0.000544408608377878,0.000892451051736636
"VEGFD","ENSG00000165197",460.968049432057,-3.57049938484918,0.255863308971334,-13.9547143324454,2.94479262462534e-44,6.14832840518334e-43
"OR1Q1","ENSG00000165202",1.14066733502389,1.70956647360136,0.497395541936841,3.43703618038949,0.000588117037869675,0.000960757615137596
"CLDN3","ENSG00000165215",4107.64986810672,1.99532420717208,0.18503488307325,10.7835029483721,4.11895144036955e-27,3.54840626492693e-26
"WNK2","ENSG00000165238",614.002999458717,2.03393581046721,0.209902392248875,9.68991248110996,3.32813736583395e-22,2.17734412749056e-21
"ZNF367","ENSG00000165244",285.559783896236,1.21869925604881,0.125231279633067,9.73158830301542,2.21113091364213e-22,1.46261609751566e-21
"SLITRK5","ENSG00000165300",143.153707535579,1.23389604372034,0.284260047303098,4.34072974878765,1.42010297106223e-05,2.73725115385291e-05
"MELK","ENSG00000165304",683.253826986263,3.61463380922989,0.169719579977573,21.2976829762808,1.19276837916535e-100,3.28341609360087e-98
"ARMC3","ENSG00000165309",282.164363115292,-1.19783621861717,0.252115603289103,-4.75113877518958,2.0227424565584e-06,4.20652379999993e-06
"OTUD1","ENSG00000165312",1099.02618908628,-2.11172387895119,0.081371658870187,-25.9515893896184,1.74472035632202e-148,1.04060937785567e-144
"FAT3","ENSG00000165323",131.358703875581,-1.80172905092246,0.262027033314202,-6.87611895663439,6.15051470472884e-12,2.01485096323166e-11
"SLC7A3","ENSG00000165349",5.05543174258718,1.22389081051665,0.364601147486875,3.35679363313225,0.00078851942874427,0.00127073566950565
"GPR101","ENSG00000165370",0.988042421129144,1.4492566049295,0.605550497082869,2.39328778014555,0.0166981381475136,0.0229477562114793
"CLDN2","ENSG00000165376",2139.75226093274,2.91111545824842,0.352913544213752,8.24880627558237,1.59984537621073e-16,7.19789623247137e-16
"LRRC18","ENSG00000165383",38.580059033621,-2.16469620143193,0.275211547381334,-7.86557185564792,3.67415133760128e-15,1.50576248015803e-14
"TSHR","ENSG00000165409",39.9747836890141,2.57544441908367,0.237954204664775,10.823277624835,2.67052779701463e-27,2.31847422959645e-26
"CFL2","ENSG00000165410",1535.05363414864,-1.38941338698034,0.107506869100384,-12.9239498704309,3.29768251512483e-38,5.04319942248963e-37
"ZCCHC24","ENSG00000165424",1309.87668335352,-1.03802038889447,0.093914064366587,-11.0528747306966,2.12305550494774e-28,1.97032324429615e-27
"PGM2L1","ENSG00000165434",1969.07493053003,1.89057959812951,0.125552180398139,15.0581184025182,3.05354618633894e-51,8.95690195281356e-50
"PHYHIPL","ENSG00000165443",28.6081963218346,2.55252512552988,0.310496149634048,8.22079477809402,2.02158942213353e-16,9.02953058667881e-16
"SLC16A9","ENSG00000165449",1187.9742457781,3.20500686160596,0.263400868247485,12.1677915601805,4.61397545857335e-34,5.76521388828582e-33
"PHOX2A","ENSG00000165462",2.28081779042135,3.08118446424859,0.655885077249587,4.6977505223466,2.63042446922815e-06,5.41239478241713e-06
"GJB2","ENSG00000165474",1634.37010368888,4.55914978559733,0.22874919752327,19.9307793643016,2.20107705835344e-88,3.20194079716408e-86
"SKA3","ENSG00000165480",309.102932636199,3.20240658778224,0.159276009379967,20.1060197342251,6.53632049066252e-90,1.03499453574712e-87
"PKNOX2","ENSG00000165495",230.822364378893,-2.43371058426128,0.170027918656329,-14.3135939291268,1.79967280450214e-46,4.17659474590879e-45
"RPL10L","ENSG00000165496",2.57800988084218,1.39108678466094,0.397259469031976,3.50170831182621,0.000462285427153223,0.000763351157996736
"DEPP1","ENSG00000165507",6667.83958307979,-1.80023763764077,0.146245571007244,-12.3096899635449,8.0331178078272e-35,1.04006206176159e-33
"MAGEC3","ENSG00000165509",8.96536436650598,3.23242700873353,0.444032387749926,7.27970998942987,3.34538559421577e-13,1.20247055920657e-12
"TMEM63C","ENSG00000165548",515.264415940972,4.02598709944231,0.24571975937391,16.3844662297426,2.46927033607981e-60,1.02511958523146e-58
"NGB","ENSG00000165553",4.65597371104937,4.16814216419733,0.632016377252926,6.59499075374322,4.2528236653775e-11,1.31131783292434e-10
"CDX2","ENSG00000165556",45.3150052492127,4.97282331350928,0.467414198431367,10.6390078226078,1.96207466832297e-26,1.62459056179097e-25
"AMER2","ENSG00000165566",6.28651082039618,-1.92755472519152,0.378995278215871,-5.08595973613582,3.65771651825976e-07,8.0909286266809e-07
"AKR1E2","ENSG00000165568",158.144820644758,1.33779241613517,0.17555988308288,7.62014870734232,2.53383636684541e-14,9.81340565194047e-14
"SSX5","ENSG00000165583",7.03925655672638,3.76569630522334,0.837907549083435,4.49416681988667,6.98428618954631e-06,1.38394056245351e-05
"OTX2","ENSG00000165588",5.42674186616446,4.43533060692848,0.75253460830041,5.89385598749487,3.77286015956638e-09,9.92907586926331e-09
"DRGX","ENSG00000165606",108.274693752863,2.20315192781006,0.360471836272583,6.1118559235903,9.84790741510485e-10,2.72557784034758e-09
"VSTM4","ENSG00000165633",932.220788688751,-1.23765027555062,0.134181559739844,-9.22369868072948,2.8702481686891e-20,1.64659668106297e-19
"SOHLH1","ENSG00000165643",4.57836210036082,3.98971291487935,0.533153604056598,7.48323350817265,7.25158665173876e-14,2.71619510068163e-13
"SLC18A2","ENSG00000165646",81.243413044389,-1.00399659573138,0.197176286636997,-5.09187292678733,3.54543700509948e-07,7.85518874842064e-07
"CLEC1B","ENSG00000165682",14.1621728988192,-1.6277111507839,0.216546050409115,-7.51669747708956,5.61772023398963e-14,2.12691214868338e-13
"GFI1B","ENSG00000165702",11.6660797929848,-1.54992858520778,0.203631630802887,-7.61143334705254,2.71072686320693e-14,1.04735555524426e-13
"HPRT1","ENSG00000165704",1672.58376121031,1.02066644734782,0.10223703188197,9.98333410662929,1.80304220311512e-23,1.27165290265427e-22
"ZMYND19","ENSG00000165724",844.947179060907,1.01248607082107,0.0822166203696047,12.314858799467,7.53469346106566e-35,9.78361902023569e-34
"RET","ENSG00000165731",473.133987569959,2.69533926620479,0.300741700883527,8.96230638546752,3.17956943639306e-19,1.70335436902338e-18
"JCAD","ENSG00000165757",2819.79107436865,-2.09382216075877,0.126229036656481,-16.5874842763547,8.58414284366801e-62,3.78315438181655e-60
"NDRG2","ENSG00000165795",2140.76466330068,-1.4938845952402,0.140397703014449,-10.640377749531,1.93343891808133e-26,1.60162141487172e-25
"RNASE7","ENSG00000165799",7.3962669616183,1.4615778486962,0.364473549498603,4.01010677100398,6.06912973020468e-05,0.000110371926275589
"NSMF","ENSG00000165802",2498.58329333343,1.26982853277982,0.116415941854991,10.9076859452937,1.05918198245464e-27,9.42413884239723e-27
"BTNL9","ENSG00000165810",572.990145799236,-3.40850882753827,0.208994841806718,-16.3090571904665,8.50960469184395e-60,3.47630951486675e-58
"CYP2C19","ENSG00000165841",10.7069500892787,1.68705113067377,0.325789740207553,5.17834333763544,2.23864951427994e-07,5.0563185759923e-07
"C10orf82","ENSG00000165863",8.61253816703037,1.30956799741652,0.448761487872801,2.91818267120933,0.00352078027898471,0.00526117600900898
"E2F7","ENSG00000165891",196.871619860081,2.73180649804993,0.187962952936854,14.5337496318632,7.40533740228145e-48,1.82250604159684e-46
"OTOGL","ENSG00000165899",33.192715748868,1.29308287931762,0.256941957013337,5.03258749309869,4.83903635956691e-07,1.05992015646628e-06
"LARGE2","ENSG00000165905",1544.13556548898,2.45824087091005,0.167775575275331,14.6519591238231,1.30886573768626e-48,3.36971721502449e-47
"SMCO2","ENSG00000165935",16.8627042236738,2.50220678939757,0.23715579094024,10.5508989659379,5.03133742012415e-26,4.06436661211203e-25
"PDZRN4","ENSG00000165966",28.1169554727069,-1.72130222253757,0.226052807112886,-7.61460228926945,2.64504640255694e-14,1.02286179556843e-13
"NELL1","ENSG00000165973",399.560635722143,4.30206084494266,0.444570810731097,9.67688552891702,3.78057451998633e-22,2.46343116846742e-21
"HACD1","ENSG00000165996",308.992913902627,-1.06669695532813,0.176534346468135,-6.04243296938632,1.51807425278974e-09,4.12058595345371e-09
"KCNC2","ENSG00000166006",10.5681029209428,4.58019507514534,0.594860296520255,7.69961468589857,1.36477133951159e-14,5.38712851927661e-14
"AMOTL1","ENSG00000166025",2182.81740863685,-1.74531154758721,0.119255092126647,-14.6351113102468,1.67701009881869e-48,4.29280997112487e-47
"PASD1","ENSG00000166049",4.66148711362718,3.40887069004343,0.843817208517843,4.03982124994947,5.34919537879803e-05,9.78762173155058e-05
"JAM3","ENSG00000166086",483.941927404082,-1.25441053983203,0.144721024296608,-8.66778373031068,4.40612626055148e-18,2.19729144871928e-17
"CMTM5","ENSG00000166091",5.48687566465337,-2.9521374893581,0.192487767561282,-15.3367537416019,4.34380899925036e-53,1.37321156225418e-51
"GLB1L3","ENSG00000166105",997.707760069576,5.22395922478277,0.354089020273443,14.753236970603,2.93255009129146e-49,7.85510760231709e-48
"ADAMTS15","ENSG00000166106",277.991753806637,-1.51263349272628,0.178762714858778,-8.46168337687896,2.63545246792638e-17,1.24784734079404e-16
"SVOP","ENSG00000166111",5.24195786777401,1.66831961017568,0.419341121180304,3.97843074745431,6.93716102867794e-05,0.00012549451247208
"GPT2","ENSG00000166123",3157.40890776767,3.41061331517146,0.174248214941175,19.573304187494,2.61186145175199e-85,3.07460769448674e-83
"AMN","ENSG00000166126",475.641566565904,1.84441670854575,0.228140720299678,8.08455722469442,6.23904471231949e-16,2.69976365266101e-15
"PPP1R14D","ENSG00000166143",599.620396116574,6.00752374906032,0.296374531635097,20.2700404650725,2.36462329586549e-91,3.99152873895483e-89
"C16orf71","ENSG00000166246",118.213008715006,-1.09018251443521,0.171895588579125,-6.34212037345793,2.26624128717077e-10,6.58704602848385e-10
"SCN3B","ENSG00000166257",54.5159164739663,-1.04423005829085,0.180271550124201,-5.79253940830603,6.93300508714676e-09,1.78031372021121e-08
"CYYR1","ENSG00000166265",769.098584729866,-2.27137792221088,0.109724710509717,-20.7006964216118,3.41401428708314e-95,7.02148938376766e-93
"TMEM100","ENSG00000166292",1117.02030809051,-4.33883067616173,0.235981344335134,-18.3863291752413,1.69045280612753e-75,1.32084157467423e-73
"APBB1","ENSG00000166313",1118.66877957857,-1.37388143720874,0.116253403668307,-11.8179889264033,3.1513832783672e-32,3.58928714193662e-31
"SYNPO2L","ENSG00000166317",27.5143239059111,-2.64000055894961,0.19008771784935,-13.8883279194392,7.45555125455894e-44,1.51938699997521e-42
"DCHS1","ENSG00000166341",1127.47057040777,-1.03784159823842,0.129940840360471,-7.98703160114499,1.38226667879411e-15,5.83873882994876e-15
"NETO1","ENSG00000166342",71.3604303967655,4.85224489922508,0.317641289891216,15.2758632257376,1.10751682985743e-52,3.44041642997204e-51
"CYB5A","ENSG00000166347",8860.39629257602,-1.00151451120622,0.147864194865901,-6.77320504882541,1.2596022676334e-11,4.03618613444922e-11
"WDR88","ENSG00000166359",47.4502675145971,1.43127021872868,0.132175879753007,10.8285280294956,2.52176415311985e-27,2.19357928982856e-26
"MOGAT2","ENSG00000166391",9.09048737149511,2.15830220886831,0.329336716979125,6.55348188524366,5.62107546296678e-11,1.71693245576758e-10
"SERPINB7","ENSG00000166396",46.0226819967968,2.2800758146345,0.390528594926622,5.83843499363448,5.2693434492853e-09,1.36624202779397e-08
"RIC3","ENSG00000166405",170.201241056081,-1.0279456966647,0.219250327502398,-4.68845683550212,2.75272961732387e-06,5.65235150823686e-06
"LMO1","ENSG00000166407",8.63195222204642,1.2271482609402,0.323007349647384,3.79913417536732,0.000145202470042332,0.00025312819529106
"WDR72","ENSG00000166415",623.459157436929,2.56283572274105,0.321084193327471,7.98181840152821,1.44193066523795e-15,6.08071303160561e-15
"CRABP1","ENSG00000166426",37.420256674396,4.75797383245366,0.410513863187015,11.590287829783,4.6157882886539e-31,4.96037836930236e-30
"CENPN","ENSG00000166451",306.991182134832,1.04561240478182,0.117715174240352,8.88256260528386,6.53374536065654e-19,3.43242236459858e-18
"MFAP4","ENSG00000166482",5788.63258153778,-2.6520449857188,0.179859302643156,-14.7451087975166,3.30786296982512e-49,8.8208035944979e-48
"MCM7","ENSG00000166508",5495.99784989058,1.2736822484044,0.117284177799482,10.8597960296229,1.79148903386461e-27,1.57287111299997e-26
"CLEC3A","ENSG00000166509",3.12208133287307,3.3268273345072,0.687206779962447,4.84108630984257,1.29131267418507e-06,2.72920596257897e-06
"CCDC68","ENSG00000166510",657.961249517608,-1.04011365674783,0.151698662836705,-6.85644578072161,7.05948562298062e-12,2.30292390614389e-11
"CLEC4E","ENSG00000166523",226.368323368591,-1.63895916262878,0.189846352360131,-8.63308218595501,5.97204937398514e-18,2.94780357099907e-17
"CLEC4D","ENSG00000166527",27.9887546981768,-1.19809334753736,0.19863740148519,-6.0315597091955,1.62384703907253e-09,4.39768352809516e-09
"A2ML1","ENSG00000166535",60.9903160655889,3.27742554172424,0.349708727658532,9.37187231118932,7.1257090082088e-21,4.25284560653369e-20
"BEAN1","ENSG00000166546",399.041138040856,2.87155874895183,0.197593175713389,14.5326818023162,7.52170471605881e-48,1.84617095314733e-46
"TMED3","ENSG00000166557",6465.56340861997,1.1951163526063,0.106735375333272,11.1970033259794,4.21759617342827e-29,4.06821823887612e-28
"SLC38A8","ENSG00000166558",13.5399376521337,3.61641813835669,0.449516657647296,8.04512597438433,8.61567498952689e-16,3.69423131051054e-15
"SEC11C","ENSG00000166562",4867.89360231373,1.05014673437329,0.174042158808371,6.0338641026026,1.60084705959742e-09,4.33867864849692e-09
"RRAD","ENSG00000166592",1462.36190829028,-1.21418282062304,0.214523777405127,-5.65989856840002,1.5146248943886e-08,3.78534902472782e-08
"CFAP52","ENSG00000166596",167.445341469738,-2.06598353789443,0.26670487403572,-7.74632839150037,9.45876981791593e-15,3.77949460366167e-14
"MC4R","ENSG00000166603",5.11209443818846,2.84485204630949,0.360497839310127,7.89145380664025,2.98686388469761e-15,1.23341692796895e-14
"MMP10","ENSG00000166670",245.87738235949,3.34640493543807,0.3049595624916,10.9732743190509,5.13774815859893e-28,4.64996094091101e-27
"HTR3A","ENSG00000166736",383.338843491756,5.96536659104625,0.315555426025036,18.9043385062026,1.05048660466699e-79,9.3051271372804e-78
"PCLAF","ENSG00000166803",276.476519670706,2.65833497384231,0.149612853627251,17.7680921751907,1.24865665340839e-70,8.00796182775497e-69
"MESP1","ENSG00000166823",194.50709893573,2.39427797872811,0.184887196964836,12.9499393037122,2.35139903000003e-38,3.62703300377505e-37
"SCNN1G","ENSG00000166828",786.449813438407,-1.04403156479041,0.222802519420541,-4.68590556114762,2.7872477261795e-06,5.72034643568629e-06
"GLYATL1","ENSG00000166840",16.3282344397206,2.11440452977701,0.355075120164803,5.95480902406126,2.6037569846141e-09,6.93701961371354e-09
"PLK1","ENSG00000166851",891.24711526434,3.18622563823867,0.151088131496406,21.0885236760934,1.01376110132324e-98,2.38674044552326e-96
"GPR182","ENSG00000166856",20.2369685801096,-1.58091625624867,0.150977177112485,-10.4712267541657,1.17115314766319e-25,9.25593784060839e-25
"TAC3","ENSG00000166863",7.30780706647623,2.45553697638896,0.40448577520545,6.07076225397969,1.27304536854724e-09,3.48243399777033e-09
"MTMR10","ENSG00000166912",1131.25162472216,-1.10165970799583,0.084128390273923,-13.0949814255189,3.5176036780744e-39,5.67031374880949e-38
"C15orf48","ENSG00000166920",824.840879641514,3.0238009584917,0.220244147048262,13.7293135777592,6.77725494524424e-43,1.31667125662601e-41
"SCG5","ENSG00000166922",535.016544892954,2.84756594367579,0.22788519190522,12.495616410478,7.88825002398906e-36,1.07908606788407e-34
"GREM1","ENSG00000166923",2721.24396747991,5.04227541848878,0.236191515347557,21.3482495807229,4.04819426678744e-101,1.13178656274418e-98
"MS4A6E","ENSG00000166926",4.92432900576187,-1.26934527602446,0.268774402878297,-4.72271638381886,2.32715276804536e-06,4.8121743301324e-06
"MS4A7","ENSG00000166927",1986.55576968176,-2.09941458824979,0.141487404517893,-14.8381730190286,8.29853874162256e-50,2.28088715366901e-48
"MS4A14","ENSG00000166928",133.888789075287,-1.59200796876046,0.163844188300485,-9.71659712360851,2.56200556629983e-22,1.68784851243751e-21
"EPB42","ENSG00000166947",1.50231650392358,-3.50224262320728,0.375476042350214,-9.32747293618447,1.08425121208008e-20,6.38384565243466e-20
"MS4A8","ENSG00000166959",507.592893752201,-1.72092732829219,0.348698687756321,-4.93528478516908,8.00338907649795e-07,1.72162347614544e-06
"CCDC178","ENSG00000166960",10.0310277014038,-1.97270547205187,0.250351982653808,-7.87972777822882,3.2809508394899e-15,1.34801500277825e-14
"MS4A15","ENSG00000166961",1341.83517518464,-1.92575273524108,0.350203085212268,-5.49895993655747,3.82037915384874e-08,9.25383026936721e-08
"RCCD1","ENSG00000166965",575.020878771353,1.34635578193758,0.0927144907588057,14.5215248546216,8.85189740946358e-48,2.1637568353488e-46
"TCP10L2","ENSG00000166984",1.4536039991718,1.23200438110459,0.433999180001831,2.83872513560829,0.00452941545602877,0.00668080378820565
"NAT16","ENSG00000167011",7.85091246474041,3.29055001918049,0.392533742442561,8.38284627126544,5.16629319188278e-17,2.38987807865457e-16
"TEF","ENSG00000167074",1511.86177678216,-1.16012598333804,0.122537747648353,-9.46749883690746,2.86624404080116e-21,1.75515758460147e-20
"B4GALNT2","ENSG00000167080",319.210458639519,3.37490280458333,0.375386470434711,8.99047533779007,2.46163460529587e-19,1.32548985833762e-18
"GNGT2","ENSG00000167083",115.307156623156,-1.09967999553943,0.130207248769292,-8.44561271306718,3.02454851747788e-17,1.42566508491127e-16
"TTC16","ENSG00000167094",70.3476221900466,-1.39843995629792,0.21396468088364,-6.53584484374984,6.32514620795083e-11,1.92541410511848e-10
"SAMD14","ENSG00000167100",139.133524236214,-1.11438278780006,0.120601197504728,-9.24022987214837,2.45968237817732e-20,1.41879744657404e-19
"PIP5KL1","ENSG00000167103",417.352346143193,1.54951561395804,0.159776643888388,9.69801077459391,3.07433850308029e-22,2.01720347765367e-21
"BPIFB6","ENSG00000167104",2.21609556025718,3.14284278719275,0.7629621032987,4.11926460515473,3.80083483833524e-05,7.06653551146431e-05
"TMEM92","ENSG00000167105",937.890487125989,1.2931007189674,0.149527180778996,8.64793084595522,5.24415925264007e-18,2.60143447484028e-17
"ANKRD40CL","ENSG00000167117",5.24891131945442,3.82029405507717,0.477182148236823,8.00594504466075,1.18552664340661e-15,5.03026517203569e-15
"CERCAM","ENSG00000167123",2560.94773096459,1.44813796016309,0.128826878369668,11.2409613466506,2.56572942874831e-29,2.51003809013633e-28
"PRRX2","ENSG00000167157",244.143411069749,2.18539494379942,0.220952921427833,9.89077188786213,4.564943673275e-23,3.15003999791398e-22
"UGT1A6","ENSG00000167165",132.046744996676,4.98278498842657,0.506578901932789,9.83614787235585,7.86653422904228e-23,5.35397097604616e-22
"LOXHD1","ENSG00000167210",31.0858425851453,-2.16407652762285,0.179804752132991,-12.0357026271597,2.30661795845767e-33,2.77554237597061e-32
"DPEP2","ENSG00000167261",251.185494155763,-2.16235883016393,0.141055032575465,-15.3298949401685,4.82766747467181e-53,1.52348243605472e-51
"OR51E2","ENSG00000167332",4.30294450406734,1.62724986696253,0.382128942180266,4.25837901122624,2.05914616009253e-05,3.91752283280549e-05
"OR51B5","ENSG00000167355",7.28783705667884,1.48864939640347,0.38640165703262,3.85259578811226,0.000116872233670848,0.000205765509895945
"PPP2R3B","ENSG00000167393",568.995426228148,1.01266915546872,0.108585732127532,9.32598726948177,1.09955093684888e-20,6.47179766876218e-20
"PPP2R3B","ENSG00000167393",568.995426228148,1.01266915546872,0.108585732127532,9.32598726948177,1.09955093684888e-20,6.47179766876218e-20
"LPO","ENSG00000167419",17.175269287537,2.28814885753967,0.271953959091947,8.41373615291273,3.971535103743e-17,1.85203746706473e-16
"CA4","ENSG00000167434",313.098011808078,-4.34108985173215,0.275746870478785,-15.743024913373,7.66883593769402e-56,2.73889184497324e-54
"JSRP1","ENSG00000167476",217.818737471368,3.08203942871624,0.230810097291418,13.3531395068254,1.13560064264743e-40,1.99208846067554e-39
"CDT1","ENSG00000167513",725.846442326184,2.75722505519031,0.157532535266573,17.5025752650054,1.36935299867704e-68,8.05981355438431e-67
"RSKR","ENSG00000167524",212.56296768943,1.22491768401877,0.135564834734525,9.03565947922641,1.63016485463156e-19,8.87390926191743e-19
"CACNB3","ENSG00000167535",1683.79319568218,1.14642230898901,0.116654555022283,9.82749716691328,8.57226788156823e-23,5.82100907798483e-22
"DHRS13","ENSG00000167536",153.214662297951,1.15572542754649,0.103222509144545,11.1964477237043,4.24412267071797e-29,4.08719520705902e-28
"TUBA1A","ENSG00000167552",7179.50523874867,-1.06937585120721,0.126055511937389,-8.48337240293279,2.18759088822567e-17,1.04102563199527e-16
"GPD1","ENSG00000167588",551.630379348455,-3.93611812809848,0.222239662174452,-17.7111416098569,3.44023500294704e-70,2.15986403185022e-68
"ANKRD33","ENSG00000167612",4.75155804890237,2.17141748007408,0.385928910714906,5.62647010832042,1.83934642643337e-08,4.56342562509321e-08
"LAIR1","ENSG00000167613",2059.83857420788,-1.05987922666698,0.132808118270904,-7.98053041083692,1.45705795415122e-15,6.13871861870208e-15
"TTYH1","ENSG00000167614",41.704958859511,2.47653176889488,0.208013792458138,11.9056132751066,1.1064682856229e-32,1.2880960985459e-31
"TMEM145","ENSG00000167619",60.2673307938758,2.9515846840784,0.248024167661843,11.9003914493631,1.17793315093156e-32,1.36773250289542e-31
"KIR3DL1","ENSG00000167633",11.0353253426792,-1.71475018224356,0.307021355334337,-5.58511697134633,2.33542970868989e-08,5.74719347786938e-08
"NLRP7","ENSG00000167634",16.5367983297256,1.16597741248771,0.203597879322075,5.72686423046296,1.02303977795854e-08,2.59354643624427e-08
"PPP1R14A","ENSG00000167641",447.226162282771,-1.94530182368513,0.149450136294016,-13.0163937746976,9.87243564826924e-39,1.55362788966123e-37
"DNAAF3","ENSG00000167646",93.2315633226944,-1.14832972201317,0.212557551377525,-5.40244143090272,6.57399258761326e-08,1.56005901021438e-07
"PSCA","ENSG00000167653",456.145177717545,2.59815642965032,0.357905180710367,7.25934289214121,3.88975287815156e-13,1.38976334362552e-12
"LY6D","ENSG00000167656",212.506955220226,5.54613169892639,0.406008338069823,13.6601423638068,1.75640038013923e-42,3.34332680870545e-41
"CHAF1A","ENSG00000167670",746.990203928569,1.01668812882088,0.0964957802550053,10.5360889992715,5.88975901203446e-26,4.74709270280777e-25
"MFSD3","ENSG00000167700",922.535732975356,1.10980474724952,0.133543130023597,8.31045930294894,9.53323562443628e-17,4.344834055732e-16
"GPT","ENSG00000167701",121.869361994439,2.0853718302085,0.216259477357714,9.64291533341261,5.26704609481733e-22,3.3973776414768e-21
"KIFC2","ENSG00000167702",774.223473442824,1.79276482878403,0.159016040241807,11.2741131401453,1.76144615504417e-29,1.74130143934836e-28
"TRPV3","ENSG00000167723",78.7016137906493,1.85757184582502,0.206884317760295,8.97879484503644,2.73748671295209e-19,1.47092641906461e-18
"KLK6","ENSG00000167755",149.956876690385,6.1195004223746,0.474026162346612,12.9096258992979,3.97226190236687e-38,6.05930794706313e-37
"KLK13","ENSG00000167759",238.218109488694,1.43115118156001,0.338698734606374,4.22544000119531,2.38474358928198e-05,4.51345642511343e-05
"KRT80","ENSG00000167767",2721.36246674568,2.43000027466923,0.16542748183479,14.6892175817319,7.55814587590048e-49,1.97716234148373e-47
"KRT1","ENSG00000167768",20.6886205081664,-1.80022230610513,0.28198956928678,-6.3840031766364,1.72517509028616e-10,5.07122685896012e-10
"RCOR2","ENSG00000167771",230.421865967101,2.81723636822318,0.21719263186187,12.9711415349251,1.78354173090899e-38,2.77503584270909e-37
"ANGPTL4","ENSG00000167772",2532.57593078937,1.42142669199306,0.234333526699212,6.06582725065028,1.31276174405839e-09,3.5888840162623e-09
"NUDT8","ENSG00000167799",386.659983836808,1.33031008759575,0.135479771150119,9.81925254451228,9.30307577515661e-23,6.30530056230595e-22
"TBX10","ENSG00000167800",9.3408626457946,4.39532633149906,0.437704263231632,10.0417718096866,9.9864024231749e-24,7.13890126080178e-23
"CD300C","ENSG00000167850",209.461945732278,-2.08635954109776,0.147889244643651,-14.107581292507,3.41076844718803e-45,7.41541674672362e-44
"TEKT1","ENSG00000167858",310.512360390393,-2.24182789453963,0.337517044754161,-6.64211757415843,3.09208145634574e-11,9.65223543237864e-11
"HID1","ENSG00000167861",3838.21435372263,1.03708706333692,0.120517010606136,8.60531686042427,7.61062245115354e-18,3.73496619633819e-17
"TMEM88","ENSG00000167874",126.258402932257,-2.14002966255714,0.141273010696137,-15.1481847241163,7.78883371736511e-52,2.31889520307511e-50
"TK1","ENSG00000167900",2630.11807829915,2.63894406868887,0.152294229010895,17.3279321601876,2.89553656609022e-67,1.60401968350007e-65
"KRT24","ENSG00000167916",5.96028636216825,1.13662896892101,0.405585924312386,2.80243692097551,0.00507181335841156,0.00743182019671264
"SOST","ENSG00000167941",17.320604161428,-1.24510402633582,0.371009878399389,-3.35598618480847,0.00079082519112684,0.00127399254027483
"RAB26","ENSG00000167964",170.562366818459,3.65577407069735,0.19762382567764,18.4986504444083,2.1170901661717e-76,1.68360419303601e-74
"DNASE1L2","ENSG00000167968",26.2296101939091,1.75065448700444,0.188804764847666,9.27230034907713,1.82173834659391e-20,1.05935535377331e-19
"CASKIN1","ENSG00000167971",45.8786115880018,3.64759243012481,0.248909586442674,14.6542866518517,1.26477970820369e-48,3.26090825920586e-47
"ABCA3","ENSG00000167972",15529.9873740797,-2.10306572695367,0.198188640905846,-10.6114342241883,2.63670239613755e-26,2.16713440395449e-25
"SLC22A11","ENSG00000168065",6.91080226947557,2.20426835543525,0.336685928566427,6.54695717406664,5.87211934351659e-11,1.7911665771146e-10
"MAJIN","ENSG00000168070",34.8074503956605,2.60410953376449,0.333684627672416,7.80410398863501,5.99257657601637e-15,2.4264578564078e-14
"PBK","ENSG00000168078",420.282076174044,3.38025471873886,0.186754831578887,18.0999585936336,3.18907455240798e-73,2.26436948278714e-71
"SCARA5","ENSG00000168079",400.899466975146,-2.31845226647635,0.28051683020096,-8.26493107317459,1.39775481066382e-16,6.31566334020399e-16
"PNOC","ENSG00000168081",48.2243740583714,1.57178575887634,0.206335085390675,7.61763689340724,2.58361851105458e-14,9.99971577293956e-14
"OR1F1","ENSG00000168124",1.74381178626606,2.89035136475802,0.639026104751053,4.52305679418843,6.0952876086974e-06,1.21396906926116e-05
"KCNJ4","ENSG00000168135",1.42157986728512,1.84502731123524,0.46496692797404,3.96808288983997,7.24531350535792e-05,0.000130764973321938
"FAM83B","ENSG00000168143",142.014736007837,3.27211260408333,0.329103656339506,9.94249848354099,2.71919886788451e-23,1.89908764024424e-22
"H3-4","ENSG00000168148",1.73497662553268,1.14317269206307,0.324420523557144,3.52373727632464,0.000425505927019037,0.00070535274709576
"DDIT4","ENSG00000168209",2661.4035248638,1.16177794677892,0.173439213628418,6.69847332949717,2.10608150802297e-11,6.64622864604143e-11
"TTC39C","ENSG00000168234",1375.70237185863,1.50661962462601,0.133357940815131,11.2975621505327,1.34911267943744e-29,1.34707997618159e-28
"GNG4","ENSG00000168243",437.118806047766,4.25823914781948,0.315159801501895,13.5113651154964,1.3401317732384e-41,2.46951367853293e-40
"POLR2J3","ENSG00000168255",60.0714843318368,1.01904717398399,0.170857052863942,5.96432606616174,2.45645774267973e-09,6.5572726226717e-09
"KCNV2","ENSG00000168263",3.81773997602074,1.22428672615312,0.298906392462382,4.09588672917792,4.20555533154259e-05,7.78019039984404e-05
"COA6","ENSG00000168275",862.646991557926,1.14881645225384,0.114486317659604,10.0345305512363,1.07469390611201e-23,7.65810356912078e-23
"KIF5C","ENSG00000168280",162.789890085776,1.28988871470459,0.222156207573508,5.80622404745447,6.38974463434955e-09,1.64648186553019e-08
"H1-4","ENSG00000168298",54.8951777936883,4.04934422045581,0.323142825526844,12.5311283450402,5.04399019330201e-36,6.98005541599016e-35
"FAM107A","ENSG00000168309",1690.00152074688,-4.54221434661921,0.20339954319276,-22.3314874523321,1.82742889944514e-110,1.12752363095765e-107
"CX3CR1","ENSG00000168329",278.095597877758,-1.56732262801384,0.194979863064621,-8.0383820327866,9.10324389354577e-16,3.89302923009595e-15
"MFSD2A","ENSG00000168389",2575.48351752243,-1.59676693754493,0.165561736643649,-9.64454088194166,5.18426578488529e-22,3.34760258711485e-21
"DTYMK","ENSG00000168393",1429.72981392686,1.28782614319111,0.106071416812703,12.1411232345949,6.39421862038007e-34,7.91776842729832e-33
"MTNR1A","ENSG00000168412",8.05233117476822,3.83054732514878,0.403207631408795,9.50018557874258,2.09516580924862e-21,1.29498219882306e-20
"TXNDC2","ENSG00000168454",7.57441291360158,1.03724856675875,0.263786317194876,3.93215454762375,8.41879107465935e-05,0.000150712785091425
"TNXB","ENSG00000168477",1766.46698850796,-2.69675361812973,0.205614072304471,-13.1156082261549,2.68023256370808e-39,4.33611222987601e-38
"LGI3","ENSG00000168481",631.714941058487,-4.25624648183079,0.331788325120827,-12.828198461416,1.13983829200969e-37,1.70670515137484e-36
"SFTPC","ENSG00000168484",164288.724932976,-4.71706030933633,0.373934951211582,-12.6146547522574,1.75324284910166e-36,2.48579828042599e-35
"FEN1","ENSG00000168496",1385.42068470618,1.57633892245685,0.108222351427231,14.5657426739316,4.6391529516804e-48,1.15771776519411e-46
"CAVIN2","ENSG00000168497",3125.60845994052,-3.30302820883481,0.166108746290689,-19.8847338420973,5.51742506920347e-88,7.71275677837951e-86
"GBX2","ENSG00000168505",7.5716347978482,2.61515238874539,0.405240265376857,6.4533379631301,1.09412980861692e-10,3.2705086310696e-10
"HJV","ENSG00000168509",3.41467436915197,1.31031019416535,0.318139175196708,4.11866974054727,3.81065824145699e-05,7.08332722983482e-05
"SERINC2","ENSG00000168528",8873.10932100323,2.03430913862845,0.132856704902867,15.3120547443636,6.35249297844009e-53,1.98715309201449e-51
"CHRM1","ENSG00000168539",27.29198216775,-4.48077991255765,0.327666009056472,-13.6748389784471,1.43524641407216e-42,2.74661647989232e-41
"COL3A1","ENSG00000168542",95527.7753443289,2.52949664590798,0.177813674435905,14.225546229403,6.36057546829775e-46,1.43880880978826e-44
"GFRA2","ENSG00000168546",70.9074023911751,-1.71390629344888,0.168053132390259,-10.198597723658,2.01155764951699e-24,1.4972047014479e-23
"DYNLRB2","ENSG00000168589",82.4153644163561,-1.98522496501922,0.262650668934004,-7.55842341112806,4.07984123046391e-14,1.55585249651941e-13
"ADAM18","ENSG00000168619",1.47163738017236,2.586204602518,0.571982818266675,4.52147253365964,6.14109292447005e-06,1.22254757117871e-05
"GDNF","ENSG00000168621",21.935604225943,2.52564152978062,0.267947783283038,9.42587208162399,4.26546073111857e-21,2.58280503762791e-20
"WFDC13","ENSG00000168634",20.5472439321176,1.3881772623359,0.277412345192101,5.00402122109823,5.61465721071535e-07,1.22411431060473e-06
"VWA3B","ENSG00000168658",274.282557958092,-1.82814160552444,0.26452226422703,-6.91110674886484,4.8088700212587e-12,1.58725532725294e-11
"UGT3A2","ENSG00000168671",18.0134036682036,2.05774587330651,0.316759640806684,6.49623755117951,8.23535860449771e-11,2.4847531412894e-10
"IL7R","ENSG00000168685",3514.63397288127,-2.00758458657523,0.160614389237384,-12.4994067848309,7.52104086046431e-36,1.03121826909033e-34
"LRP1B","ENSG00000168702",27.5944105465235,1.4887910237511,0.367472570434655,4.05143442948715,5.09045923934589e-05,9.32946708692164e-05
"WFDC12","ENSG00000168703",22.9071394581046,-1.8051102015261,0.375390436230831,-4.8086206448161,1.51975298153936e-06,3.19390886759264e-06
"PKIG","ENSG00000168734",1968.20136772629,-1.13898086595433,0.12578769805147,-9.05478742037456,1.36834055995004e-19,7.48737542482753e-19
"NPNT","ENSG00000168743",4349.52846900108,-1.80937231211032,0.179220015308524,-10.0958160783299,5.76495476212503e-24,4.18298197723857e-23
"CA7","ENSG00000168748",4.59047593669491,2.56297175093004,0.342482041095719,7.48352159643234,7.23570059236357e-14,2.71081220056871e-13
"FAM178B","ENSG00000168754",153.752192086024,2.9372125118884,0.223032055334132,13.1694634992627,1.31528983906601e-39,2.16707929009282e-38
"SHOX2","ENSG00000168779",87.3000473996251,3.19584083883961,0.256872963327991,12.4413281858666,1.55889961627649e-35,2.10516157238002e-34
"TSPAN5","ENSG00000168785",1502.0009439689,1.11072614765815,0.130755334589979,8.49469087545189,1.98460396404663e-17,9.46947166098304e-17
"OR13J1","ENSG00000168828",1.74999838184868,1.05543220309877,0.360415193695079,2.9283787741526,0.00340734674042061,0.00510274985155223
"HTR1E","ENSG00000168830",1.29551526711405,1.59667357670828,0.747175827287944,2.13694490425874,0.0326024731094328,0.0431444457767237
"FSTL5","ENSG00000168843",22.7459793390357,3.49349801115286,0.542082193914127,6.44459096862768,1.15912594208018e-10,3.45958973838877e-10
"ATOH8","ENSG00000168874",2002.15292668746,-1.62151338444344,0.229035116952623,-7.07975879864249,1.44405581682982e-12,4.96989627438661e-12
"SOX14","ENSG00000168875",34.6680056653799,5.27533981775199,0.713548187073334,7.39310941197839,1.43434354357747e-13,5.2818911350549e-13
"BTNL3","ENSG00000168903",10.8095237156144,-1.25152174200014,0.456466835793841,-2.74175831377458,0.00611112885814973,0.00885898312070592
"PLA2G4F","ENSG00000168907",1061.75692337437,-2.67561148111217,0.211361481288852,-12.6589360785923,9.98432709778819e-37,1.43608974888042e-35
"ENHO","ENSG00000168913",19.8071946036241,-1.47577431910343,0.243593209425972,-6.0583557422684,1.37519998243776e-09,3.75269990632283e-09
"CTRB2","ENSG00000168928",1.69330750248312,-1.42370661275197,0.241565203867664,-5.8936742128304,3.77701491487824e-09,9.93708688015239e-09
"TRIM49","ENSG00000168930",0.77642409082845,1.81840878985604,0.673426889931465,2.70023192872667,0.00692911529101427,0.0099881301782098
"STXBP6","ENSG00000168952",375.657774622982,-3.49839319661456,0.202506893527732,-17.2754276937021,7.20374200114137e-67,3.94179069193953e-65
"TM4SF20","ENSG00000168955",12.685596090108,3.02182817208495,0.48615073123105,6.21582562353236,5.10554777821826e-10,1.44592539404336e-09
"CPLX1","ENSG00000168993",223.963231398936,1.11492152623923,0.180404066687082,6.18013521930807,6.40467204985277e-10,1.79847452900213e-09
"PXDC1","ENSG00000168994",1721.73519873174,-1.06211163011778,0.110403008410475,-9.62031420528762,6.56303762460355e-22,4.19701330296752e-21
"SIGLEC7","ENSG00000168995",127.8155637783,-1.22917767765174,0.150718485881102,-8.15545399402039,3.47870632531534e-16,1.52634851100705e-15
"NTSR2","ENSG00000169006",0.923061217426273,1.65077673730529,0.569182532333098,2.90025895654018,0.003728544863698,0.00555494198552443
"COL4A3","ENSG00000169031",1140.56144427756,-1.42047745676048,0.210430041654847,-6.75035487133718,1.47483978829412e-11,4.70062492553378e-11
"VCX3A","ENSG00000169059",3.57353154465633,3.63105217639116,0.669989663568646,5.41956447066759,5.97444024586591e-08,1.42287580619298e-07
"ZBBX","ENSG00000169064",132.597148678806,-1.61331011073532,0.325983191995606,-4.94905918571736,7.45730696683335e-07,1.60763365731987e-06
"ACTBL2","ENSG00000169067",18.4619534352802,1.7213236197084,0.269349573654327,6.39066769757534,1.65162958680973e-10,4.86462686366856e-10
"VXN","ENSG00000169085",4.84353010899179,2.07007939682463,0.397578924522642,5.20671310560562,1.92214922157249e-07,4.3629349259922e-07
"ARMC4","ENSG00000169126",172.867759876696,-1.59388428380169,0.263642947436249,-6.04561699564183,1.48839295889326e-09,4.0449294066642e-09
"PCSK9","ENSG00000169174",789.804516371746,-1.48627522620495,0.274971690668301,-5.4051936131776,6.47384243985758e-08,1.53812857225298e-07
"GSG1L","ENSG00000169181",5.6516025475214,-2.40232505508027,0.27411498071321,-8.76393201433116,1.88555570797476e-18,9.62574844016901e-18
"IL13","ENSG00000169194",4.53591465751517,-1.7507023276951,0.233917566828765,-7.48427042666985,7.19456768342073e-14,2.69709615670327e-13
"RAB3B","ENSG00000169213",404.367784199915,4.30709129177279,0.304590508356281,14.140595893864,2.13469090646041e-45,4.69238628861132e-44
"RSPO1","ENSG00000169218",59.1904290548147,-3.59008941098848,0.204931534682596,-17.5184820459619,1.03551577854825e-68,6.11501116355244e-67
"RGS14","ENSG00000169220",1137.1039807229,1.0125749538322,0.103782115581406,9.75673841450982,1.72617499935305e-22,1.14947708460827e-21
"GCSAML","ENSG00000169224",46.6568610349294,-1.62424934585791,0.219069527589222,-7.41430980260999,1.2225982568831e-13,4.5205711503528e-13
"SLC50A1","ENSG00000169241",4861.51329325378,1.76269669068369,0.115205379246471,15.3004720978572,7.59040362952702e-53,2.37024593618023e-51
"ADRB2","ENSG00000169252",437.275045879786,-3.07436712322595,0.162380488897753,-18.9331067057065,6.08647293036178e-80,5.50026566378603e-78
"B3GALNT1","ENSG00000169255",778.570894760951,-1.26290573100204,0.142709088699767,-8.84951156586084,8.79031536926567e-19,4.57889702772258e-18
"GPRIN1","ENSG00000169258",417.77297524536,2.7001687434713,0.150386084986039,17.9549108132043,4.39286784577623e-72,2.97733274107856e-70
"HSPB3","ENSG00000169271",12.6457607556188,-2.52870401955523,0.227970942650495,-11.0922207460098,1.36847632948967e-28,1.28199722322296e-27
"KCNAB1","ENSG00000169282",172.054160872987,-1.57556148085036,0.137813806381979,-11.4325372922606,2.8758080375663e-30,2.97438342290022e-29
"NR0B1","ENSG00000169297",181.978682833947,5.99969318268176,0.650576488882251,9.22211805254409,2.91288516106318e-20,1.67052096752896e-19
"STK32A","ENSG00000169302",1054.65827636541,2.10820979526176,0.179763291011266,11.7276991503768,9.19234827173862e-32,1.02670841214868e-30
"P2RY12","ENSG00000169313",85.4150200331256,-1.11649353383868,0.194523946440443,-5.73962000190303,9.48892252544735e-09,2.41138035432225e-08
"C22orf15","ENSG00000169314",58.076784654147,-1.68305407054027,0.268147485653509,-6.2765983668967,3.46060479606171e-10,9.93431760242774e-10
"OR5AU1","ENSG00000169327",1.03747308334493,1.35280271651995,0.493079341060068,2.743580198699,0.00607732012515541,0.00881425703164511
"MINAR1","ENSG00000169330",78.7907641397485,2.03434641965015,0.143105251970169,14.2157355627606,7.31784621727491e-46,1.64495254228266e-44
"GP2","ENSG00000169347",60.2382554306688,3.3843871092235,0.568319584251713,5.95507739484221,2.59948783552778e-09,6.92667696814573e-09
"ARL13B","ENSG00000169379",634.158592600104,-1.06337536806902,0.075967243022416,-13.9978143968611,1.60738316429911e-44,3.39562065629327e-43
"RSPH10B2","ENSG00000169402",7.15223003716346,-1.82791075594286,0.28175030442577,-6.48769753654141,8.71580282138693e-11,2.62368539507194e-10
"NPR1","ENSG00000169418",938.326180617881,-2.61265118363984,0.165817994914233,-15.7561378364948,6.23273835022851e-56,2.2394053674827e-54
"KCNK9","ENSG00000169427",27.3985474721671,2.98609815669032,0.339259186559912,8.80181959689686,1.34615456722029e-18,6.94142468912756e-18
"RASSF6","ENSG00000169435",722.38892581266,1.3277681521788,0.184368521666919,7.20170742908899,5.94631784220649e-13,2.09898333301639e-12
"COL22A1","ENSG00000169436",248.657909196778,3.58290253508437,0.243918495056158,14.6889334253209,7.58990496334796e-49,1.98257181765234e-47
"SDC2","ENSG00000169439",2562.59200415799,-1.10313933622677,0.130983512650588,-8.42197093285714,3.70202924879502e-17,1.73268138500364e-16
"CD52","ENSG00000169442",2022.02031502749,-2.3649320926716,0.159361308751146,-14.8400644498007,8.06784128759836e-50,2.22740002350515e-48
"SPRR1B","ENSG00000169469",236.170880966959,5.42075174231296,0.460477494337877,11.7720231910736,5.44038899092347e-32,6.13003024021371e-31
"SPRR1A","ENSG00000169474",16.2662947898408,2.89743716876782,0.443267928181772,6.53653689914526,6.29596103882802e-11,1.91718228161589e-10
"SLC38A11","ENSG00000169507",44.5179236672161,1.83949478801091,0.241467549501356,7.61797927634407,2.57677654757505e-14,9.97539220375602e-14
"CRCT1","ENSG00000169509",2.63088084819829,2.43871351408581,0.780329262744935,3.1252365258061,0.00177662144243458,0.00275230194540969
"ZNF280A","ENSG00000169548",9.09222553608273,4.98477452171014,0.592815898458186,8.40863838954842,4.14797794561927e-17,1.93079524924468e-16
"CT55","ENSG00000169551",2.55495158041496,1.96516253700513,0.475683672905443,4.13123815034905,3.60814535918422e-05,6.71526366880416e-05
"ZEB2","ENSG00000169554",2637.15399350434,-1.28373872289469,0.132949039682896,-9.65587059490321,4.6419943290018e-22,3.00721232906695e-21
"GJB1","ENSG00000169562",925.171261796692,1.73264940802813,0.289204899462007,5.99107902822976,2.08453306485841e-09,5.59618156481793e-09
"CLIC3","ENSG00000169583",1090.00744899088,-1.80799307162193,0.203512282146939,-8.8839506517672,6.45269223145548e-19,3.39283050536094e-18
"GKN1","ENSG00000169605",2.2912216104368,1.65140483345739,0.759073377940216,2.17555361767338,0.0295886547550337,0.0393920981794507
"CKAP2L","ENSG00000169607",413.781916646368,3.16206287056679,0.159582287314516,19.8146230623626,2.2266918387898e-87,2.99565391514781e-85
"PROKR1","ENSG00000169618",5.79443785487986,1.93785840604622,0.309488951451636,6.26147846944724,3.81344477053359e-10,1.09052209172379e-09
"BOLA2B","ENSG00000169627",25.0759266538683,1.03260994093461,0.152000693565007,6.79345545547126,1.09479052220034e-11,3.52321705282926e-11
"BUB1","ENSG00000169679",1069.40790045376,2.6372707194494,0.152382715925458,17.3068887992487,4.17366330204261e-67,2.30491844022989e-65
"CHRNA5","ENSG00000169684",109.431253119275,3.6438573356374,0.231084681208992,15.7684936819413,5.12577300063363e-56,1.84538141449371e-54
"GP9","ENSG00000169704",4.98650954881522,-3.08321151160552,0.256528687088118,-12.0189735760291,2.82458270813109e-33,3.38288208812514e-32
"DUS1L","ENSG00000169718",4811.09273523309,1.20249348659201,0.0923829385189376,13.0164022261049,9.87134333630385e-39,1.55362788966123e-37
"LDB2","ENSG00000169744",980.849392903397,-2.57494594739651,0.118079369451997,-21.8069080089668,1.9951240528561e-105,8.30203597157076e-103
"RAC3","ENSG00000169750",633.581279357672,2.30542851959566,0.167560431949165,13.7587883534168,4.51022438168224e-43,8.83915058723333e-42
"LINGO1","ENSG00000169783",238.983831918051,2.47722583707364,0.218671594627842,11.3285213897563,9.47914017384439e-30,9.51797166838371e-29
"PCDH7","ENSG00000169851",1208.25188052203,1.71314288331033,0.209984297571037,8.15843328823566,3.39398087583533e-16,1.48990431332977e-15
"ONECUT1","ENSG00000169856",79.2154075924602,6.7079480913736,0.361431684472425,18.5593803187594,6.84901031545921e-77,5.54521907576976e-75
"P2RY1","ENSG00000169860",365.131452898336,-1.72976807194411,0.128131941723685,-13.4998974391127,1.5659398622809e-41,2.87968776524072e-40
"MUC17","ENSG00000169876",10.1849674097587,4.59277930647729,0.800369026641765,5.73832713860498,9.56162876871755e-09,2.42916688284344e-08
"AHSP","ENSG00000169877",2.26840040697994,-1.83131875798482,0.300405457206812,-6.09615675764525,1.0864887468393e-09,2.99223382287143e-09
"WNT10B","ENSG00000169884",43.5778184559422,1.17804221997126,0.19066236378255,6.17868254961329,6.46387188744824e-10,1.81452870539867e-09
"CALML6","ENSG00000169885",15.9778198950263,2.42767894861222,0.25668106823691,9.45795872398168,3.14013188358306e-21,1.91762388371849e-20
"REPS2","ENSG00000169891",1114.60766757945,-1.06210700672869,0.132890038686327,-7.99237487796716,1.32363823520374e-15,5.59637498641318e-15
"MUC3A","ENSG00000169894",2218.9148742254,4.72811219154429,0.304046572653433,15.5506182828564,1.57577215142396e-54,5.30984766580581e-53
"PYDC1","ENSG00000169900",2.97726994184643,3.1271853416966,0.492869439832554,6.34485543019063,2.22634414859347e-10,6.47634138364216e-10
"TM4SF4","ENSG00000169903",802.229100147787,4.57223360961224,0.397275526684942,11.5089737537199,1.1888467887861e-30,1.25498735054571e-29
"KLF13","ENSG00000169926",5027.43090179291,-1.38238458219211,0.0914743459624502,-15.1122652766446,1.34437481192696e-51,3.97601628261308e-50
"FRMPD4","ENSG00000169933",6.57433970030073,-1.71934288126998,0.324357204988759,-5.30076981434577,1.15315405544354e-07,2.67722661399393e-07
"TAS1R3","ENSG00000169962",217.302603559305,2.26429810233681,0.199002008514679,11.3782675825093,5.36549872698854e-30,5.46724764931697e-29
"PUSL1","ENSG00000169972",458.443851358774,1.1997852529377,0.105557313006726,11.3661973648501,6.16137653276178e-30,6.25329043112346e-29
"MYO7B","ENSG00000169994",148.894855517626,-1.6651735035781,0.23098071704044,-7.20914509624006,5.6304241788507e-13,1.9910114591339e-12
"MYRIP","ENSG00000170011",136.967570147282,-1.17084352231408,0.209241412548841,-5.59565866073851,2.19785744794604e-08,5.41982680762108e-08
"ZPLD1","ENSG00000170044",32.148129974472,4.38224341839854,0.320778335379817,13.6612823718589,1.72911648158687e-42,3.29489682694716e-41
"SERPINA9","ENSG00000170054",11.2221760218811,-2.17761584206775,0.310162829300006,-7.02087947476597,2.20475985018213e-12,7.47579458012295e-12
"GPR37L1","ENSG00000170075",32.7207203858931,1.20701165869553,0.200934349635231,6.00699512495848,1.88993196818444e-09,5.08672573807523e-09
"NSG2","ENSG00000170091",13.7530684198024,1.5305016678704,0.35062074292579,4.36512014405929,1.27052907459599e-05,2.46061010193161e-05
"SPDYE5","ENSG00000170092",38.5056010559674,1.03606812232746,0.193247552900578,5.361351834869,8.26014576841495e-08,1.94497681582114e-07
"VGLL2","ENSG00000170162",3.59929448533509,2.6665499286661,0.68724210599154,3.88007356565974,0.000104424876100894,0.000184942522822261
"HOXD4","ENSG00000170166",41.8047556373838,2.51851117901537,0.285991057897025,8.80625848071865,1.29392470576012e-18,6.68365899542891e-18
"CHRNB1","ENSG00000170175",631.757338563663,1.07729131920469,0.111673323560201,9.64680986344909,5.07086766694172e-22,3.27674377625815e-21
"HOXD12","ENSG00000170178",4.56447128054046,4.38620776817208,0.579373367733291,7.57060647321854,3.71485811150909e-14,1.42151317769957e-13
"CNGB3","ENSG00000170289",20.2405424021194,2.86763975478208,0.315129085125956,9.09988918869832,9.0424040265623e-20,5.01225945623542e-19
"LGALS9B","ENSG00000170298",23.7426026294828,1.01218702731696,0.323888185513703,3.12511253138666,0.00177737052002859,0.00275322402518151
"CDK1","ENSG00000170312",1518.99097850356,2.45332497650242,0.152128783218176,16.1266324794301,1.65818812831544e-58,6.52422623426468e-57
"FABP4","ENSG00000170323",937.898718024526,-4.90053013937417,0.257418162911385,-19.0372353059685,8.38378799360582e-81,7.89532202997836e-79
"FOS","ENSG00000170345",18244.0267728538,-1.67803073035038,0.178511924742988,-9.40010440628168,5.45089557139905e-21,3.27841594820314e-20
"CST5","ENSG00000170367",25.9865364276946,-1.92865174137799,0.278656457688745,-6.92125263263149,4.47667309161487e-12,1.48033841486352e-11
"CST2","ENSG00000170369",108.382764322961,2.24584514505514,0.270006236240812,8.31775286498246,8.96466912538674e-17,4.09300394642881e-16
"CST1","ENSG00000170373",734.037093059976,6.83252007475073,0.343624077046137,19.8837058610225,5.63165477684168e-88,7.81141076914947e-86
"SP7","ENSG00000170374",3.2851734271454,1.63284446202985,0.365474190420211,4.46774219583727,7.90494900708403e-06,1.55911874541176e-05
"TMEM182","ENSG00000170417",382.99165870439,1.54740139092551,0.093906845643569,16.4780467315322,5.27621351619561e-61,2.26396375168557e-59
"KRT8","ENSG00000170421",49848.008547685,1.2692470521832,0.130944105057578,9.69304461338751,3.22760753854151e-22,2.11466794899756e-21
"KRT78","ENSG00000170423",17.0506298216321,2.53976536548252,0.295407700628515,8.59749207647214,8.14770038778408e-18,3.99197160565774e-17
"METTL7B","ENSG00000170439",731.187053451188,2.59096961678032,0.200151758670867,12.9450254845922,2.50680037834893e-38,3.86340905855275e-37
"KRT86","ENSG00000170442",123.628853240847,1.617908182937,0.192933268678304,8.38584342669636,5.03633334388952e-17,2.33156824119573e-16
"KRT75","ENSG00000170454",14.2973539229,4.67421894572387,0.568431506665999,8.22301172772671,1.98455419903295e-16,8.87297058553139e-16
"KRT6C","ENSG00000170465",19.6337704521481,3.66140407396398,0.50348131937053,7.27217462316497,3.53745887185524e-13,1.26768979759876e-12
"MZB1","ENSG00000170476",1957.20640273992,2.10567853878394,0.210649229710399,9.99613690341444,1.58458364319832e-23,1.12022738552934e-22
"KRT4","ENSG00000170477",646.357901313419,-2.12740412811088,0.340413658277782,-6.24946760031257,4.11854163707794e-10,1.17495321288641e-09
"NPAS2","ENSG00000170485",858.549802395268,1.25056206697563,0.14893565892937,8.39665984603923,4.59358264538682e-17,2.13211347014024e-16
"KRT72","ENSG00000170486",1.90375026382839,-1.52736184079408,0.300848539407746,-5.07684645503303,3.83750737884291e-07,8.47904339800091e-07
"KISS1","ENSG00000170498",40.1887271767122,1.99321406890721,0.24511178816996,8.13185723864542,4.2276253571056e-16,1.84815295662572e-15
"HSD17B13","ENSG00000170509",142.449130704972,-1.4688954934896,0.292221831008087,-5.02664530032647,4.99134328245257e-07,1.0918105788866e-06
"COX7B2","ENSG00000170516",20.669944445421,8.29766987378339,0.964115435918937,8.60651076068972,7.53180819589211e-18,3.69730162000268e-17
"ELOVL6","ENSG00000170522",876.061624001732,1.29125554186745,0.183460954953017,7.03831255101734,1.94581838203864e-12,6.63045673392065e-12
"KRT83","ENSG00000170523",24.1599272359835,5.24304029294474,0.43688970863319,12.0008326800546,3.51739720138012e-33,4.19019894302893e-32
"IRX1","ENSG00000170549",103.430318584513,-1.35447063397983,0.336840685632751,-4.02110164167217,5.79266020866866e-05,0.000105601700574334
"CDH2","ENSG00000170558",324.550569140995,1.97877778836448,0.273503523691554,7.23492612327754,4.65782617657482e-13,1.65559165231333e-12
"EMB","ENSG00000170571",4631.73957682177,1.24363591841542,0.145670786302475,8.53730490500066,1.37388670363656e-17,6.62791986739523e-17
"SIX2","ENSG00000170577",282.869597822177,3.27991226039835,0.291224155367805,11.262500723046,2.00973393175292e-29,1.98236875638671e-28
"FOXA3","ENSG00000170608",386.182354280691,3.28827151602223,0.257480889532606,12.7709342700784,2.38277106366853e-37,3.51773289127236e-36
"GTSF1","ENSG00000170627",92.6937091167753,1.47600996744436,0.278509471390789,5.29967602205279,1.16008346759763e-07,2.69281430659401e-07
"HOXB9","ENSG00000170689",336.889113463272,6.64654184910835,0.436997386641132,15.2095688722427,3.05548709586038e-52,9.345612069441e-51
"TTLL6","ENSG00000170703",63.9003152381656,-1.05659661140951,0.256066403443691,-4.12626020907057,3.68710068475882e-05,6.86006993369965e-05
"GPR37","ENSG00000170775",328.411385028683,2.71735999082206,0.229636483461648,11.8333112833784,2.62575079449015e-32,3.00399993387546e-31
"AKAP13","ENSG00000170776",8521.33755155428,-1.01474527800231,0.110776593763263,-9.16028597314426,5.17599678634208e-20,2.92158077280817e-19
"CDCA4","ENSG00000170779",693.979794796868,1.42342464717901,0.119114764581917,11.9500269523691,6.49041849202535e-33,7.64033276827695e-32
"DYDC1","ENSG00000170788",4.94702441901955,-1.84588397275206,0.348788842758639,-5.29226783217204,1.20808788085299e-07,2.7985909440837e-07
"OR10A2","ENSG00000170790",3.75760179140929,1.13811433103177,0.389795833584752,2.91977038483228,0.00350289375214262,0.00523663446462427
"HTRA3","ENSG00000170801",3051.3960074565,1.07248739195657,0.168275147257305,6.37341526325725,1.84864437255008e-10,5.42310720650659e-10
"BFSP2","ENSG00000170819",16.5258170607753,1.97110799716965,0.228484985968497,8.62686004865733,6.30592600841564e-18,3.10831774293612e-17
"CEL","ENSG00000170835",65.9567249422806,1.53184624790873,0.246829335411832,6.20609477132392,5.43174299135916e-10,1.53466251925453e-09
"PSG6","ENSG00000170848",2.51907961098283,3.56827098465343,0.875478453956175,4.07579531915248,4.58573425080061e-05,8.44857320320997e-05
"PLA2G1B","ENSG00000170890",270.928686450402,-2.17639533736637,0.298129484486925,-7.30016804983882,2.87408528458406e-13,1.03786090811428e-12
"OSCAR","ENSG00000170909",734.339185118907,-2.21297413463185,0.15660177816779,-14.131219712338,2.43883266559916e-45,5.35435986325961e-44
"PKHD1","ENSG00000170927",147.436615672099,1.8160729282004,0.270022270863463,6.72564126800747,1.74820786314608e-11,5.54130793538934e-11
"NCBP2L","ENSG00000170935",5.27903385536159,-1.38257187890501,0.214950101167888,-6.43205967986564,1.2588629068437e-10,3.74166677610537e-10
"DCDC1","ENSG00000170959",48.5251736581494,-1.22146326253397,0.267794527634254,-4.56119575453839,5.08631344998705e-06,1.0206280874803e-05
"PLAC1","ENSG00000170965",38.9100142346157,4.88452555135132,0.329705833061539,14.8147987131293,1.17540840198342e-49,3.21092863155562e-48
"DDI1","ENSG00000170967",1.44269566600716,2.07457909980121,0.892568733390804,2.32427937725315,0.0201105253755045,0.0273765695788118
"S1PR1","ENSG00000170989",1751.34176810987,-2.84570084542512,0.120124521665863,-23.689591483583,4.61622853881699e-124,6.35370594192711e-121
"HS6ST2","ENSG00000171004",1957.50276558476,3.68733433553117,0.193757819871401,19.0306349337461,9.50935239651857e-81,8.86202304327639e-79
"FPR2","ENSG00000171049",249.683020885809,-2.95439922100298,0.211716335419347,-13.954517090763,2.95295045082345e-44,6.15817510682798e-43
"FPR1","ENSG00000171051",833.555278466277,-1.92971746193648,0.162597940904406,-11.8680313613011,1.73502383576507e-32,2.00288912860287e-31
"SOX7","ENSG00000171056",298.041218140725,-2.93531907313648,0.159022219753932,-18.4585467218263,4.45158817013638e-76,3.52443659859515e-74
"C8orf74","ENSG00000171060",10.7600778526031,4.72856518590289,0.571242980065981,8.27767753987404,1.25600790531911e-16,5.69099758163453e-16
"KYAT1","ENSG00000171097",7.56873939639894,1.44852446816472,0.208335241887702,6.95285375167351,3.5796974636758e-12,1.19343258277531e-11
"OBP2B","ENSG00000171102",1.45242382364438,1.38094451870567,0.509346057582409,2.71121077339886,0.00670379974056934,0.00967503538941823
"GIMAP8","ENSG00000171115",1086.34757378111,-2.44673220186843,0.121498257175744,-20.1380024598155,3.42888778460677e-90,5.62872377339164e-88
"KCNMB3","ENSG00000171121",115.956750219512,1.81411933708813,0.13871310647977,13.0782114475441,4.38639995413221e-39,7.03909007885988e-38
"FUT3","ENSG00000171124",1322.53780356467,2.31731962900149,0.164486915976895,14.0881699631781,4.49047955840104e-45,9.72737902402782e-44
"PRKCE","ENSG00000171132",1042.29306042264,-1.85086327004788,0.0939423709155468,-19.7021136683019,2.06803615216311e-86,2.64309791933247e-84
"RLN3","ENSG00000171136",8.63990584657702,2.49919160261306,0.331804934831629,7.53211100938343,4.99264834232993e-14,1.89386170848653e-13
"ZNF692","ENSG00000171163",1321.36397239771,1.62501178339688,0.121549504638426,13.3691353842273,9.15993923695309e-41,1.6195532882095e-39
"NETO2","ENSG00000171208",1194.60573238657,1.39929969510033,0.135131072344386,10.3551290670895,3.9665123000286e-25,3.0525937455661e-24
"JUNB","ENSG00000171223",7723.81795489038,-1.15405459517074,0.119494133349165,-9.65783476414329,4.55386872955723e-22,2.95332994483391e-21
"FAM241B","ENSG00000171224",544.7315527261,1.07372072027268,0.105714874029001,10.1567611004117,3.09177065464797e-24,2.27004728451441e-23
"SHCBP1","ENSG00000171241",506.762780649832,2.28340868160726,0.138008995408786,16.545361226953,1.72924392203389e-61,7.58366703356676e-60
"SOSTDC1","ENSG00000171243",282.236434354525,-3.73083669277807,0.311969240997309,-11.9589889081733,5.82670528893862e-33,6.86914793951611e-32
"NPTX1","ENSG00000171246",1312.47464039291,3.51192278343262,0.328810452642897,10.680690821124,1.25335458736161e-26,1.04942787232856e-25
"KCNK3","ENSG00000171303",882.567025836324,-2.20445261787824,0.23236425189005,-9.48705577534939,2.37651699452467e-21,1.46378721456213e-20
"ESCO2","ENSG00000171320",233.918295219457,2.63851314115366,0.151406026895461,17.4267378601476,5.17131454484673e-68,2.97525180549655e-66
"KRT19","ENSG00000171345",33940.7660627153,1.19754590906265,0.157768025001346,7.59054890274775,3.18553132305048e-14,1.22472522482472e-13
"KRT15","ENSG00000171346",2122.3261046847,2.41830326135378,0.235331579926844,10.276152746289,9.02588904413836e-25,6.81723227804e-24
"KRT38","ENSG00000171360",1.4255107516386,1.48353739076202,0.589387944308215,2.51708133002839,0.0118331510725518,0.0165686338634611
"TPPP","ENSG00000171368",1048.9583770811,-1.67748609719419,0.185221995401971,-9.0566246927299,1.3454960054825e-19,7.36687883295546e-19
"APLN","ENSG00000171388",732.967891455213,-1.62175495384185,0.186190900654685,-8.71017298986915,3.03411398924002e-18,1.52798766139802e-17
"KRT9","ENSG00000171403",0.894085273731998,1.4268065973278,0.514295810005553,2.77429170055342,0.00553220490244165,0.00806960566779359
"MRPL36","ENSG00000171421",904.336569186021,1.05797363916687,0.108561417225,9.74539266537162,1.93031148737156e-22,1.28207362448178e-21
"KRT20","ENSG00000171431",100.629460363786,5.17468623512308,0.539524458335655,9.59119861050628,8.70675812463246e-22,5.52251056802725e-21
"MCC","ENSG00000171444",727.090141622023,-1.18137911074669,0.135140637269736,-8.7418494881647,2.29324873660149e-18,1.16372942836104e-17
"KRT27","ENSG00000171446",10.713935974939,-1.89866745579137,0.265388257856138,-7.15430091417458,8.41004023632254e-13,2.93621170631257e-12
"CDK5R2","ENSG00000171450",30.8278867844254,3.31248001821068,0.353588999543715,9.36816479722286,7.38045909699301e-21,4.39609036692729e-20
"NLRP5","ENSG00000171487",5.05535194255607,3.91672915981062,0.767986388547121,5.09999814869154,3.39656803594222e-07,7.54404069849978e-07
"LRRC8C","ENSG00000171488",1020.21987447772,-1.10613561674593,0.105540683920484,-10.4806561380568,1.06005711600368e-25,8.40397443644592e-25
"OR1L8","ENSG00000171496",6.38456827359509,-1.60267052111054,0.160198479118882,-10.0042805020715,1.45948726409677e-23,1.03342325352131e-22
"COL24A1","ENSG00000171502",173.458088062348,1.97468243976467,0.151456172338793,13.037979299698,7.44029092327279e-39,1.17813385389487e-37
"RXFP1","ENSG00000171509",99.9396933572124,-3.09677176315258,0.172300780464301,-17.9730570854506,3.16767840874768e-72,2.17997191414317e-70
"PTGER4","ENSG00000171522",800.61220049378,-1.57768178947699,0.132371347972148,-11.9186048464879,9.46807424887142e-33,1.1051027562626e-31
"MAP6","ENSG00000171533",407.578672460331,-1.42422450688904,0.165028914154692,-8.63015135368353,6.12708408484768e-18,3.02266102923021e-17
"OTP","ENSG00000171540",2.09888639899973,1.28692936188448,0.398280280688034,3.23121536336495,0.00123265025612824,0.00194512840928676
"ECEL1","ENSG00000171551",165.223419888193,4.55489858598777,0.313205132298881,14.542860624778,6.48260036901953e-48,1.60655357898707e-46
"FGG","ENSG00000171557",19654.2247905643,1.21075357317116,0.378550176754459,3.19839653372161,0.00138194113137115,0.00216733041139661
"FGA","ENSG00000171560",13570.3284046981,3.9545529516691,0.419645457625827,9.42355714760325,4.36059351239876e-21,2.63862359544643e-20
"OR2AT4","ENSG00000171561",1.1878636059295,1.04338710651871,0.427945014100836,2.43813357356434,0.0147633176782731,0.0204158005423403
"FGB","ENSG00000171564",6728.2921554279,8.6356226212213,0.506409940107874,17.0526325359683,3.3413906750429e-65,1.69850861785633e-63
"DNAI2","ENSG00000171595",115.688026497032,-1.96418117838253,0.323458043197798,-6.07244500388389,1.25977249054313e-09,3.44823453775252e-09
"NMUR1","ENSG00000171596",75.8978395901155,-2.67748416811035,0.156112118608279,-17.1510334494196,6.17445763921766e-66,3.23039679937197e-64
"PTCRA","ENSG00000171611",31.1305716755542,-2.42865685531519,0.178751257989322,-13.5867958784395,4.7962165480542e-42,8.98625159102971e-41
"ENC1","ENSG00000171617",4375.26264060698,1.25161248072236,0.120159371311963,10.4162702172673,2.08988893573683e-25,1.63151757099211e-24
"P2RY6","ENSG00000171631",810.76219491791,2.98908943935852,0.179408845259375,16.660769623912,2.52751014468894e-62,1.13345210573732e-60
"GPR82","ENSG00000171657",80.2647285031253,1.23212012362345,0.205983559786343,5.98164302481942,2.20897971040288e-09,5.91784308403034e-09
"LKAAEAR1","ENSG00000171695",6.66118059583724,-1.84450522098557,0.26304966562106,-7.0120036709824,2.34929038509877e-12,7.94283496317573e-12
"DEFB4A","ENSG00000171711",9.43661106143301,1.19711816829265,0.473334945734526,2.5291142753784,0.0114350788821318,0.0160451589113853
"SPATA46","ENSG00000171722",16.9222289106212,1.32538689579921,0.216203348161507,6.13027923512602,8.7724967383687e-10,2.43622977090845e-09
"LGALS4","ENSG00000171747",1641.08457728959,3.29068870075286,0.395822266887997,8.31355124769673,9.28798840434267e-17,4.23629815240641e-16
"PAH","ENSG00000171759",131.989440543017,5.27797581997356,0.408018921357316,12.9356153445429,2.83345318938117e-38,4.35184359807702e-37
"RASGRP4","ENSG00000171777",175.154361270011,-1.93545939107435,0.13026746208227,-14.8575811652185,6.21281528305922e-50,1.72886320155177e-48
"WDR87","ENSG00000171804",28.3986522219279,3.37367840714779,0.408245441318932,8.26384832675249,1.41049811091392e-16,6.36841854619804e-16
"CFAP46","ENSG00000171811",138.34743716112,-1.35855284983415,0.275489842493406,-4.93140813301192,8.16389602018243e-07,1.75319960980706e-06
"ANGPTL7","ENSG00000171819",28.8051098280312,-3.40181706024819,0.306297363742814,-11.1062564126558,1.1696071481123e-28,1.10146214216702e-27
"FAM90A1","ENSG00000171847",87.4119150633138,1.49693179899863,0.194955618553444,7.67832089224077,1.61187317848557e-14,6.33734273404579e-14
"RRM2","ENSG00000171848",2371.4966558167,3.2013547464947,0.159769277098094,20.0373614041525,2.60200405424681e-89,3.91240828089397e-87
"IFNB1","ENSG00000171855",1.07408224664498,1.71182286656594,0.41678881916768,4.10717079691441,4.00535054916461e-05,7.42747822325654e-05
"PRND","ENSG00000171864",59.9297700704571,-1.08259714414397,0.27412347873329,-3.94930470438574,7.83785281427629e-05,0.00014087664530974
"KLF17","ENSG00000171872",8.32781443657677,-1.90488171227094,0.18119401322731,-10.51293957423,7.53088884817294e-26,6.03719507886911e-25
"ADRA1D","ENSG00000171873",30.9776843153437,-1.90311634260403,0.220877455309107,-8.61616383591846,6.92346703602217e-18,3.40614780521157e-17
"FRMD5","ENSG00000171877",333.690948658702,3.56554632365154,0.17779430700893,20.0543334802753,1.85006317836346e-89,2.82933166243226e-87
"AQP4","ENSG00000171885",6698.76115569689,-2.96281613665486,0.266764198121236,-11.1064983889193,1.16644305517398e-28,1.09963991497513e-27
"CYP4F11","ENSG00000171903",583.030112536242,2.93858749727472,0.35342506790488,8.31459838062648,9.20635045500886e-17,4.20013331696771e-16
"LGALS9C","ENSG00000171916",30.1338776894301,1.08404466865823,0.285513590858796,3.79682335050159,0.000146562151047131,0.000255473606301638
"ZNF217","ENSG00000171940",3901.20793755151,1.34590197153283,0.105092168335588,12.8068722231993,1.5006230430469e-37,2.23012027485367e-36
"SRGAP2C","ENSG00000171943",285.622399188303,-1.13254577115139,0.0849707197039607,-13.3286592734203,1.57706410242272e-40,2.73699398493209e-39
"SCG2","ENSG00000171951",245.158472255676,1.48201432662752,0.263538974131465,5.62351102531131,1.8711481522068e-08,4.64039554919421e-08
"FOXB1","ENSG00000171956",52.9111864173657,4.50626128999274,0.366359463995605,12.3001088626082,9.04521497548576e-35,1.16856340473911e-33
"DRC3","ENSG00000171962",297.424109708982,-1.24712894468297,0.1647130651733,-7.57152411298296,3.68870582276676e-14,1.41210982641775e-13
"SYNPO","ENSG00000171992",6705.01391237949,-1.73388321914469,0.11437323323488,-15.1598688793203,6.51993677633429e-52,1.95085666787541e-50
"ZNF556","ENSG00000172000",10.3303810870552,1.69848989178363,0.308323117508865,5.5087983849761,3.61291415638568e-08,8.76910919698982e-08
"MAL","ENSG00000172005",310.748480528111,-1.2528676883356,0.195095491023959,-6.42181775580728,1.34656577392879e-10,3.99371811584749e-10
"GAP43","ENSG00000172020",34.2099521343887,2.32121867082417,0.294722466963048,7.87594747948141,3.38170279265561e-15,1.38813507843512e-14
"EPHX4","ENSG00000172031",168.958558762309,2.62732062394742,0.195008320423383,13.4728642257071,2.25928734584727e-41,4.10410441413657e-40
"LAMB2","ENSG00000172037",8959.3076861145,-1.01482270013665,0.0901329206268284,-11.2591791443024,2.08693523716242e-29,2.05625177304775e-28
"LRRC15","ENSG00000172061",1277.13383527422,2.31332361439817,0.234742461033328,9.8547301762749,6.53920970949175e-23,4.48127458184358e-22
"TEX37","ENSG00000172073",0.880041745610383,1.9416074172882,0.544990832702587,3.56264234328466,0.000367140720515542,0.000613833761183386
"FRMD3","ENSG00000172159",251.01190540298,-2.39763484367951,0.150924566824952,-15.8863125740184,7.88303987111994e-57,2.92031537088921e-55
"MTBP","ENSG00000172167",282.266988999677,1.72161069355108,0.121868743704471,14.1267616389478,2.59820293798819e-45,5.68333070530839e-44
"ID4","ENSG00000172201",1380.7103967099,-1.94212291708151,0.178673662802173,-10.8696653251678,1.60789568456183e-27,1.41445808671902e-26
"GPR22","ENSG00000172209",9.28950785939529,1.78590066258606,0.388141302498658,4.601161100582,4.2014230885962e-06,8.48775695204379e-06
"TPSAB1","ENSG00000172236",835.412670488985,-1.74899319512339,0.188551170747595,-9.27596041005066,1.76025965635921e-20,1.02481305729991e-19
"ATOH1","ENSG00000172238",2.5143394865686,3.47690800818792,0.831930001895846,4.17932758797563,2.92372278108468e-05,5.49460894044199e-05
"C5orf34","ENSG00000172244",141.321613491394,2.05646316726462,0.133222414201906,15.43631512448,9.32794655018524e-54,3.04571072303767e-52
"NEGR1","ENSG00000172260",299.389175023524,-1.63590448990831,0.184130651911844,-8.88447671760554,6.42223355151231e-19,3.37880108606909e-18
"CLEC12A","ENSG00000172322",277.359053626045,-1.82038655941575,0.185384937328206,-9.81949550838068,9.28068228387511e-23,6.29250655950653e-22
"CFAP53","ENSG00000172361",161.299149991944,-1.58546886028925,0.195890196690541,-8.0936610768425,5.78976446756628e-16,2.50899141724784e-15
"MCRIP2","ENSG00000172366",1418.96524866147,1.11255897303672,0.119582101208021,9.30372490362379,1.3560965885373e-20,7.95822770045847e-20
"PRSS27","ENSG00000172382",127.43619718214,1.36828070987808,0.165189965496812,8.28307400974967,1.20035770682566e-16,5.44160132967611e-16
"SYNPO2","ENSG00000172403",1041.21636363265,-1.77537422182841,0.154773300021229,-11.4708042122569,1.84932561426048e-30,1.93848759320228e-29
"RSPH9","ENSG00000172426",132.274301711804,-1.52657711945111,0.183305590832373,-8.32804451036695,8.21886152431317e-17,3.75536489414034e-16
"IL17D","ENSG00000172458",76.2655458234214,-1.57045986180558,0.139203870091262,-11.2817255782902,1.61545705065734e-29,1.60140570678182e-28
"FUT9","ENSG00000172461",117.982940940461,6.72246779438501,0.452752140803009,14.8480088519558,7.16657969537161e-50,1.98500945029852e-48
"RAB40A","ENSG00000172476",56.6763882011845,-1.64412553673363,0.148681031311102,-11.0580719156665,2.00358140570087e-28,1.86234192686783e-27
"ACOT12","ENSG00000172497",1.09422140141857,1.54344739349994,0.471902053180944,3.27069438053096,0.00107283783920797,0.0017057301809977
"NIPAL4","ENSG00000172548",40.3315422352779,1.32765251853516,0.243390320494877,5.4548287534019,4.90200636328401e-08,1.17638948307726e-07
"MUCL1","ENSG00000172551",26.6588383199742,1.79388129256094,0.362205808750061,4.95265743735987,7.32067840120824e-07,1.57913078520578e-06
"SNTG2","ENSG00000172554",8.89719801799451,-1.05404142517229,0.269297957204945,-3.91403423966609,9.07667562868194e-05,0.000161842508245148
"OR10AD1","ENSG00000172640",10.2125531616919,1.47780641956184,0.235682717441092,6.27032153908871,3.60303290563545e-10,1.03332373426086e-09
"ZNF738","ENSG00000172687",340.373304728286,1.06201431229021,0.146177754525785,7.26522524398798,3.72417176810516e-13,1.33193294916461e-12
"FAM71D","ENSG00000172717",11.0994069027,1.1978783053038,0.234217818043702,5.11437735740621,3.14777525793171e-07,7.01059779564004e-07
"CCL19","ENSG00000172724",1038.77696809935,1.08999695750345,0.226915143520282,4.80354435844882,1.55881335123034e-06,3.27369099689724e-06
"LRRC20","ENSG00000172731",1357.74560453386,1.15919743440942,0.103028694741335,11.2512095520546,2.28437673878261e-29,2.24461026837108e-28
"COL6A5","ENSG00000172752",288.221101901024,-1.58730355735156,0.210209411138261,-7.55105848380662,4.31734903124563e-14,1.64397374369181e-13
"EFCAB12","ENSG00000172771",128.187053500148,-1.5476250680073,0.216788884843979,-7.13885801442777,9.41094805578363e-13,3.27607185918553e-12
"FADS6","ENSG00000172782",49.8862853291599,5.20048408911059,0.446128253717438,11.6569261098724,2.11542205467391e-31,2.32216238185769e-30
"HOXC5","ENSG00000172789",2.50381136388085,1.34069886986297,0.338066527960392,3.96578412524781,7.31550509338411e-05,0.00013200517611529
"OVOL1","ENSG00000172818",166.976962118938,2.2826140415083,0.180527590952147,12.6441284097862,1.20553978006767e-36,1.72290122082674e-35
"CES3","ENSG00000172828",341.995844086491,1.10844897502738,0.243487705415279,4.55238170295649,5.30419872010841e-06,1.06172980980982e-05
"MYEOV","ENSG00000172927",903.087329675502,6.28512577107603,0.312486333702604,20.1132820645451,5.64613980537687e-90,9.10147563401877e-88
"MRGPRF","ENSG00000172935",192.006675246804,-1.22566711299758,0.148175484441799,-8.27172671386816,1.32032671234765e-16,5.97486238341843e-16
"FRG2C","ENSG00000172969",2.03776273841435,1.80899077316608,0.429792237588249,4.20898893688056,2.56515946644866e-05,4.84160319970103e-05
"HPSE2","ENSG00000172987",67.3933334827728,-2.37106781421818,0.237119432619063,-9.99946646307704,1.53220325196822e-23,1.08405349100306e-22
"HSPA6","ENSG00000173110",643.789902427725,1.1501552808522,0.189926260169506,6.05579912870238,1.39722269326114e-09,3.80937723492218e-09
"LRRN3","ENSG00000173114",171.126278411406,-2.71104521814497,0.209068186597654,-12.9672776248942,1.87574792030337e-38,2.91343381406148e-37
"ADCK5","ENSG00000173137",612.93367003268,1.65577523974199,0.122822032543512,13.4810929721049,2.02090768237856e-41,3.68229136057023e-40
"RHOD","ENSG00000173156",1129.96501762455,1.17088535885679,0.139649045023712,8.38448525486146,5.09482064180063e-17,2.35742502569792e-16
"ADAMTS20","ENSG00000173157",16.9738840092024,4.71123426737612,0.535869349554842,8.79175916907702,1.47236118502536e-18,7.57256645118104e-18
"CKS1B","ENSG00000173207",1309.97687190054,1.72830451106073,0.132917246982773,13.0028611808724,1.17850155411125e-38,1.84973055330813e-37
"ABLIM3","ENSG00000173210",944.915794672473,-1.42061879969428,0.159398309248456,-8.91238311367499,4.99472010713772e-19,2.64331638204718e-18
"MAB21L3","ENSG00000173212",34.9802809354113,1.56938172815412,0.238297188781869,6.58581721495126,4.52390102425108e-11,1.3915448001878e-10
"SYT12","ENSG00000173227",1331.18078906004,5.70450488862087,0.277045334156312,20.5905105963717,3.33832387398468e-94,6.63695878635642e-92
"C11orf86","ENSG00000173237",99.1208801535217,7.80646787613889,0.456004254836325,17.1192873604675,1.06571992601796e-65,5.51125047290157e-64
"LIPM","ENSG00000173239",1.40280879650311,1.18482838409706,0.479712682005348,2.46987088009453,0.013516182844955,0.0187738751470874
"GPR151","ENSG00000173250",0.822524519970449,1.47329510721057,0.600571479351182,2.45315529935291,0.0141609187221992,0.0196343524754987
"SLC2A14","ENSG00000173262",34.9099243189998,1.15293446394535,0.242736495637787,4.7497367913961,2.03681576006108e-06,4.23529859323334e-06
"SNCG","ENSG00000173267",1191.63142757712,1.45481923218615,0.250212325273065,5.81433880444721,6.08740122281423e-09,1.57197099263696e-08
"MMRN2","ENSG00000173269",1375.21237043467,-2.13490366760859,0.111217031045264,-19.1958340152032,4.00993706060466e-82,3.98610021252217e-80
"MZT2A","ENSG00000173272",1163.97471933671,1.17431926902808,0.106754968200372,11.0001369381138,3.81552057512037e-28,3.48677781668175e-27
"C1QB","ENSG00000173369",13382.0471430767,-1.59530822880329,0.159636355502071,-9.99338918622828,1.62914304577531e-23,1.1508194440607e-22
"C1QA","ENSG00000173372",10991.2562240508,-1.5689878088441,0.153380358017495,-10.2293920103194,1.46435808786397e-24,1.09584940469051e-23
"NDNF","ENSG00000173376",4137.09416864987,-1.79612606480797,0.199480241523343,-9.00402992843673,2.17580804644233e-19,1.17512023468133e-18
"OLR1","ENSG00000173391",2366.83494617749,-2.53604187874064,0.175698339184119,-14.4340685889071,3.15884103866411e-47,7.48624406686317e-46
"INSM1","ENSG00000173404",48.0630763263011,2.96394057041799,0.388184296778262,7.63539533932008,2.25128528644545e-14,8.74940217862043e-14
"SAA1","ENSG00000173432",716.75040895409,2.15305052493484,0.28756549883035,7.48716564988569,7.03768565541731e-14,2.64105095286036e-13
"TMEM196","ENSG00000173452",1.77888502308022,1.46399400898164,0.647258011892646,2.26183991867598,0.0237072955277933,0.0319712570755808
"PPP1R14B","ENSG00000173457",4109.23007907232,2.07671104454367,0.110766686093445,18.7485165241082,1.99066828419716e-78,1.70425969421721e-76
"PTPRM","ENSG00000173482",2831.14731960168,-1.39178734618229,0.123247535258796,-11.2926180897639,1.42721047733135e-29,1.42347140863377e-28
"FKBP2","ENSG00000173486",10.8368478595591,1.68433527960346,0.167030263568748,10.084012583206,6.50155555584296e-24,4.69716332535603e-23
"PEAK1","ENSG00000173517",2622.07721622221,-1.62447906774786,0.100659488326088,-16.1383600767504,1.37136778402129e-58,5.42873534502055e-57
"MST1","ENSG00000173531",221.482341494504,1.31495501654842,0.158122681216519,8.31604300174897,9.09488339254432e-17,4.15139664649989e-16
"NLRP13","ENSG00000173572",1.40927979944258,2.31806590651664,0.815617927400603,2.84209778701699,0.00448177426024524,0.00661325967660961
"PC","ENSG00000173599",1733.15095588764,1.71864614039599,0.120538677494964,14.2580470942017,3.99477811860555e-46,9.10554966575911e-45
"SCAI","ENSG00000173611",713.495802061386,-1.10241544752734,0.104667135833865,-10.5325844520784,6.11325948729586e-26,4.92501359775709e-25
"GPRC6A","ENSG00000173612",2.5632283569532,2.53234199548562,0.584215262043996,4.33460431455644,1.46022533865517e-05,2.81276908004704e-05
"LRFN4","ENSG00000173621",493.88866380327,1.19261507148251,0.159468970773883,7.47866538358467,7.50811730929557e-14,2.80875481946949e-13
"TRAPPC3L","ENSG00000173626",3.71628816707802,-2.11146315787972,0.180241935634466,-11.7146054299029,1.07289567202924e-31,1.193121333724e-30
"APOBEC4","ENSG00000173627",62.7448774092944,-1.83245008532344,0.344504135109666,-5.31909460169503,1.04284904117481e-07,2.43249874771749e-07
"SLC19A1","ENSG00000173638",1442.23955601709,-1.02632382379495,0.094751555091286,-10.8317359309424,2.43494791886184e-27,2.11909159106006e-26
"HSPB7","ENSG00000173641",250.570111443179,-1.49864346765472,0.159969219817345,-9.36832391484997,7.36934312516535e-21,4.39093095366578e-20
"TAS1R1","ENSG00000173662",38.791111281011,1.01583637456033,0.268641530597712,3.78138247016442,0.000155959848827958,0.000270931026706666
"MUC13","ENSG00000173702",2809.32112822967,5.93858500934904,0.384107909284847,15.4607204532857,6.38800445930864e-54,2.1166771072298e-52
"HEG1","ENSG00000173706",4724.39644456591,-2.12223341959136,0.121976694765554,-17.3986795073469,8.44267969985428e-68,4.79571009109501e-66
"WFIKKN2","ENSG00000173714",13.8352689677603,-3.04535671143092,0.269169500263968,-11.3138996373824,1.11998644615802e-29,1.122684452723e-28
"C11orf80","ENSG00000173715",903.123792968738,1.43048012197079,0.091849788681351,15.574125346477,1.09135654574517e-54,3.71955098533681e-53
"HAP1","ENSG00000173805",47.586449891861,1.22935413916377,0.243569331773518,5.04724519385257,4.4822596246978e-07,9.85392203768494e-07
"TDRD12","ENSG00000173809",28.3504370560705,1.39889150251988,0.262658212912247,5.32590048112161,1.00454122842701e-07,2.34681501504695e-07
"TIGD3","ENSG00000173825",48.1833209676725,1.47167122301345,0.151825148320414,9.6931979931784,3.22276256228699e-22,2.11226705227111e-21
"NET1","ENSG00000173848",7674.46658840445,1.35660215891975,0.111662453294563,12.1491344574085,5.79761101542722e-34,7.20894050722997e-33
"DPY19L1","ENSG00000173852",4834.71144260483,1.12552161070618,0.121849291036525,9.23699761510141,2.53510716387471e-20,1.46042087840342e-19
"PHOSPHO1","ENSG00000173868",44.8999853340121,-1.65666651571703,0.156084719703824,-10.6138930118246,2.56820449889082e-26,2.11277623442085e-25
"CBX2","ENSG00000173894",805.534896738117,2.48571136686211,0.193681824066327,12.8339939942473,1.05767913509924e-37,1.58900526988502e-36
"SPTBN2","ENSG00000173898",2974.04994206435,2.50346149977339,0.125816052116209,19.8977909230619,4.25262444590634e-88,6.03906422306366e-86
"HOXB2","ENSG00000173917",476.710812587087,1.6001113288556,0.223446552572232,7.1610472859649,8.00630241868174e-13,2.79907716251411e-12
"SLCO4C1","ENSG00000173930",975.313057708379,-1.21079856889687,0.215946791839239,-5.60693010803441,2.05946776099108e-08,5.08978682975322e-08
"PIFO","ENSG00000173947",874.571715968321,-1.10142467950555,0.20431035957377,-5.39093897051196,7.00904774711385e-08,1.65933965783419e-07
"NRROS","ENSG00000174004",425.931294408265,-1.07914998159599,0.121466282301117,-8.88435836803466,6.42907346684438e-19,3.38140539512776e-18
"CBY2","ENSG00000174015",25.6980091765576,5.10379055749047,0.424272693836804,12.029505154658,2.48646561876071e-33,2.98793346652017e-32
"TENT5D","ENSG00000174016",1.21698146032943,1.92077538837605,0.507518891438489,3.7846382090958,0.000153932344879201,0.000267668750915796
"CD34","ENSG00000174059",2687.49071546909,-1.67115360398175,0.113706488269972,-14.6970821930051,6.7297606872177e-49,1.76821744458717e-47
"MSRB3","ENSG00000174099",1350.67367139568,-1.84003033249551,0.130634700361545,-14.0853106211675,4.67598247268197e-45,1.01169715095161e-43
"TLR10","ENSG00000174123",196.264140863819,1.20925291249663,0.205517435808101,5.88394316882074,4.00605445399295e-09,1.05103126606006e-08
"FAM53A","ENSG00000174137",97.7802321124391,1.34240446071835,0.124544991167162,10.7784700784683,4.35061428224911e-27,3.74077565364167e-26
"NWD2","ENSG00000174145",2.49413179345644,2.9533668631739,0.547453126127971,5.39473924290556,6.8623136300851e-08,1.62610750606691e-07
"GSTA3","ENSG00000174156",20.7820849596388,-2.54305123499656,0.327068063748445,-7.77529669467356,7.52707766278073e-15,3.03269535285151e-14
"SELP","ENSG00000174175",485.810221890599,-2.32143968032344,0.153224679218466,-15.1505598978188,7.51238728732699e-52,2.2403190955357e-50
"ZNF80","ENSG00000174255",10.1564835661864,1.19234844693003,0.232481305674453,5.12879280108525,2.9160607615962e-07,6.52139594099504e-07
"EVX2","ENSG00000174279",1.47876337065288,2.70119382650851,0.670585349372316,4.02811339233237,5.62262256958307e-05,0.000102627344320667
"ZBTB4","ENSG00000174282",5412.43274118776,-1.0234742862716,0.0796136759475055,-12.8555084800562,8.00974270290979e-38,1.20638321703001e-36
"SLC16A11","ENSG00000174326",141.087261036678,-1.61642701637207,0.192545521218439,-8.39503825455523,4.65742585761889e-17,2.16062537906079e-16
"CHRNA9","ENSG00000174343",152.254260565003,4.74699315981127,0.41613405264356,11.4073653181114,3.84190388029582e-30,3.9484885772621e-29
"EXO1","ENSG00000174371",417.028702008328,3.59326794269684,0.168928068353135,21.2709940848036,2.10766525712034e-100,5.71400824934156e-98
"TRHR","ENSG00000174417",2.37254036845265,1.11801864925482,0.36905857761529,3.02937993334017,0.00245056288802853,0.00373523483733661
"ZWILCH","ENSG00000174442",582.138151620523,1.0870759488891,0.0914402544134342,11.8883740630689,1.36028912161954e-32,1.57334539451444e-31
"GOLGA6L2","ENSG00000174450",0.821607522985588,1.63065938055572,0.682291413890549,2.38997493938463,0.0168495224815161,0.0231433565488422
"CNTNAP2","ENSG00000174469",289.105292368244,2.65623554160756,0.310362629053268,8.55849027220241,1.14355126780645e-17,5.55567820658722e-17
"GALNTL6","ENSG00000174473",93.7707883062281,1.57333822498557,0.291300236602044,5.40108804351904,6.62379039858379e-08,1.57083474621418e-07
"LINGO2","ENSG00000174482",14.7013700714759,1.5673502604953,0.344904861262866,4.54429738901464,5.51187948939222e-06,1.10145253187062e-05
"IGDCC3","ENSG00000174498",7.18977919965435,1.57770477086295,0.279979232038619,5.63507785693665,1.74979266225662e-08,4.35573735472422e-08
"ANKRD36C","ENSG00000174501",365.146074587867,2.59234232827939,0.255021604829913,10.1651871025137,2.83577041184708e-24,2.08722500942739e-23
"MFSD4A","ENSG00000174514",1997.9769801392,1.52143779046063,0.222753384421502,6.83014444162926,8.4829177524654e-12,2.75171949501203e-11
"KLK15","ENSG00000174562",0.893182137321035,1.74076689540565,0.589092700050532,2.9549965485166,0.00312672548874577,0.00470494484653335
"IL20RB","ENSG00000174564",393.258871323721,3.81350057340513,0.28303505856227,13.4735979096601,2.23694359042037e-41,4.06764549424712e-40
"UGT8","ENSG00000174607",663.029326133601,2.17545897190779,0.221641496801442,9.81521512578791,9.68312319616831e-23,6.55295474088652e-22
"SLCO2A1","ENSG00000174640",3799.1021598535,-1.79926013548511,0.161102809393503,-11.1683970146685,5.82220969361879e-29,5.57095176726851e-28
"BRSK2","ENSG00000174672",95.7346841752492,1.99520144224463,0.240044476005883,8.3117990275924,9.42619692765156e-17,4.29714500959158e-16
"FAM241A","ENSG00000174749",689.708367153434,-1.10540276556161,0.100998734153918,-10.9447190088246,7.04357881001843e-28,6.3395752337857e-27
"ODAPH","ENSG00000174792",10.0721271734462,2.15913177833258,0.295597762689699,7.30428998746893,2.78734651720989e-13,1.00735187300417e-12
"FZD4","ENSG00000174804",1672.49918658101,-1.60243604269187,0.129372213075448,-12.3862458915915,3.10229282469378e-35,4.12708739867998e-34
"ADGRE1","ENSG00000174837",158.159844448744,-2.6683356373916,0.198371341016797,-13.4512154009468,3.02853084683305e-41,5.4792216827486e-40
"DNAH12","ENSG00000174844",233.451674682131,-1.51166433917769,0.287983764357163,-5.24913042425163,1.52818855327032e-07,3.49889670936224e-07
"CATSPERD","ENSG00000174898",39.6070100880656,-2.54392937632823,0.330495377488771,-7.69732210979159,1.38947326006692e-14,5.47859079823212e-14
"SEZ6L2","ENSG00000174938",4369.42243350145,1.71479770605691,0.165860151036871,10.3388167401084,4.70308543224121e-25,3.60549732815304e-24
"ASPHD1","ENSG00000174939",487.404347493111,2.77585755581862,0.218565189462113,12.7003644205647,5.88550065533796e-37,8.56172871755789e-36
"P2RY14","ENSG00000174944",209.811316747153,-1.43355429544752,0.13699990348461,-10.4639073385081,1.26527863618243e-25,9.97780107413494e-25
"ZIC4","ENSG00000174963",15.6659741703363,5.01266395259205,0.676716088879893,7.4073367472156,1.28860961245674e-13,4.75698200860087e-13
"CA5A","ENSG00000174990",8.43974919255442,2.72491832035354,0.348812120646348,7.81199436333883,5.62900788502508e-15,2.28441456309262e-14
"ZG16","ENSG00000174992",10.029211079845,2.21001894842022,0.372361244990191,5.93514759700205,2.93581268238452e-09,7.78921950265513e-09
"UBE2C","ENSG00000175063",1674.13899236594,4.18134158037389,0.194069867765246,21.5455476345858,5.82902579949663e-103,2.00574535827679e-100
"DSG4","ENSG00000175065",4.11049619680447,3.92867473563113,0.524965233929038,7.48368555042673,7.2266749527211e-14,2.70799779956102e-13
"DES","ENSG00000175084",711.178748516713,-3.04363704428703,0.225750654775363,-13.4822955322794,1.98823232620687e-41,3.63014704212443e-40
"MARCKSL1","ENSG00000175130",8893.56864200576,1.90332777625812,0.119692274621898,15.9018431412606,6.15275539303728e-57,2.29356775515867e-55
"INHBC","ENSG00000175189",8.56166733260952,1.12764284351263,0.225455608459872,5.00161806226849,5.68511346056428e-07,1.23856976926673e-06
"GAL3ST3","ENSG00000175229",2.59131419769743,1.38500070623255,0.431798112352476,3.20751913130639,0.00133885155242664,0.0021041783774765
"VWA3A","ENSG00000175267",178.434571138179,-1.31244333196677,0.3048289958771,-4.305506857018,1.66603829547703e-05,3.19237772766873e-05
"CCNE2","ENSG00000175305",180.288179602966,1.93985027870427,0.14612788939052,13.2750174302464,3.23195884080066e-40,5.53391765918146e-39
"ANKS4B","ENSG00000175311",153.896805697439,6.45784487826818,0.464952468770635,13.8892581758801,7.35935614596821e-44,1.50149326704457e-42
"GRAMD2A","ENSG00000175318",1135.15259712294,-1.3205708866295,0.16648205155635,-7.93221175666812,2.15276950581101e-15,8.97681304299148e-15
"ISX","ENSG00000175329",12.5990910489461,3.89278186157389,0.628305525265759,6.19568299980704,5.80328215887435e-10,1.63498862649565e-09
"APOF","ENSG00000175336",4.3357445076476,2.45989262513472,0.424188420000259,5.79905652571377,6.66890522801388e-09,1.71569692659745e-08
"NRIP3","ENSG00000175352",385.621257993635,1.55417562109915,0.192889409448691,8.05734034616641,7.79723308882403e-16,3.35536054974335e-15
"PCSK1","ENSG00000175426",876.723445321987,5.71380880890556,0.400493548998779,14.266918463955,3.51782971988058e-46,8.03889235987525e-45
"LPL","ENSG00000175445",3456.10489181926,-2.0831571501474,0.224213060985464,-9.29097145809207,1.52886453605181e-20,8.94570737199968e-20
"LRRC25","ENSG00000175489",526.471925040239,-1.06761145543197,0.13268599332255,-8.04615037878699,8.54389990089747e-16,3.66521220155259e-15
"DPP10","ENSG00000175497",181.583571006485,2.44400207848928,0.310319552380362,7.87575922864712,3.38679887524348e-15,1.38958936653822e-14
"SUGCT","ENSG00000175600",199.252212510625,2.00386354296396,0.178972730774493,11.1964740901721,4.24286010530776e-29,4.08719520705902e-28
"RMI2","ENSG00000175643",671.363889609399,2.27813260569732,0.119673333016187,19.0362593593777,8.54144055003495e-81,8.00167517077358e-79
"TOM1L2","ENSG00000175662",2439.98617899259,-1.37164583372095,0.0897038373422569,-15.2908267289342,8.80255717403525e-53,2.73920270460892e-51
"B3GNTL1","ENSG00000175711",359.597711370775,1.20979594789233,0.0921832188543763,13.1238197464494,2.40500491850872e-39,3.9120684551706e-38
"EIF4E1B","ENSG00000175766",10.1065114648062,4.76258456471025,0.644976859758221,7.38411695342926,1.53468503904696e-13,5.64210384295608e-13
"PRIMA1","ENSG00000175785",43.271962257742,-1.5093362445969,0.281002220623741,-5.37126091475942,7.81879826412209e-08,1.8456696218989e-07
"ETV4","ENSG00000175832",1976.53923834742,3.85760330883898,0.15924548109927,24.2242560492767,1.23533687947479e-129,3.15769754063464e-126
"CALCB","ENSG00000175868",27.6346982046539,3.56944989498779,0.377562395487976,9.45393380708505,3.26330608867323e-21,1.98944926216797e-20
"CREG2","ENSG00000175874",61.968539343652,2.50363932384898,0.26790311931748,9.34531606137078,9.16154331519577e-21,5.42447036859027e-20
"TMEM270","ENSG00000175877",20.1227767511885,1.2959916836766,0.258011378353173,5.02300205498151,5.08700001455611e-07,1.11232666822012e-06
"A2M","ENSG00000175899",58332.2061769242,-1.87275344059217,0.14111110217059,-13.2714819159175,3.3881348985896e-40,5.78472306683814e-39
"DOK7","ENSG00000175920",159.45451681566,-1.12237672300415,0.193140771828864,-5.81118482843513,6.20322292864614e-09,1.60026337748364e-08
"LRRN1","ENSG00000175928",595.682108987671,1.40837656596838,0.239713284728999,5.87525454653286,4.22194101700444e-09,1.10491722418108e-08
"DENND2C","ENSG00000175984",171.738590945418,-1.10057133966266,0.126657985727001,-8.68931661391514,3.64626160686944e-18,1.8259882152733e-17
"ASCL3","ENSG00000176009",1.6435747217967,1.01135876861026,0.432233512522968,2.3398434857744,0.0192918226933645,0.0263422301169391
"TUBB6","ENSG00000176014",2566.27230608418,-1.3088123458009,0.129878700500175,-10.0771900300861,6.96906447423313e-24,5.02609716394411e-23
"C11orf16","ENSG00000176029",132.366214709262,-1.17390011491236,0.26946498766201,-4.35641054927991,1.32212687880498e-05,2.55528367276491e-05
"NUPR1","ENSG00000176046",346.939194304406,-1.1123732703956,0.142806845282987,-7.78935539253257,6.73519164419098e-15,2.72099309301217e-14
"UFSP1","ENSG00000176125",83.6981419760808,1.00728638687663,0.130654161688773,7.70956220496104,1.26250074548163e-14,4.99777120329709e-14
"MC5R","ENSG00000176136",5.12389024973853,2.43972498397196,0.365736229539605,6.67072274202402,2.54546714868089e-11,7.99333866117008e-11
"GPX2","ENSG00000176153",4761.71513536457,5.9477910082905,0.3649463681157,16.2977125625343,1.0245535295275e-59,4.17593082091927e-58
"FOXG1","ENSG00000176165",8.5220026908324,4.08008467860862,0.655993752295706,6.21970051441804,4.98104701437946e-10,1.41245442517103e-09
"BNIP3","ENSG00000176171",3678.68392926078,1.15589567073919,0.116260989460081,9.94224869500251,2.7260275328017e-23,1.90311395413269e-22
"ENTHD1","ENSG00000176177",16.8657241687589,1.3569531429452,0.243229533070789,5.57889959255183,2.42044899586298e-08,5.9506861614422e-08
"LRRTM4","ENSG00000176204",16.0025656106225,-1.78856784846211,0.274515557742624,-6.51536059802849,7.25152408739422e-11,2.19434331973186e-10
"ATAD5","ENSG00000176208",379.559483577362,1.63146465514225,0.124324218673374,13.1226616386663,2.44204872445556e-39,3.96511595523442e-38
"HMGB4","ENSG00000176256",1.2160470250678,2.47400302560711,0.938815883156498,2.63523771805925,0.0084078376538546,0.0119940555800383
"TAC4","ENSG00000176358",48.9258379324604,2.25590449952423,0.264586565260514,8.52614907829145,1.51300250293609e-17,7.2794175275707e-17
"B3GNT4","ENSG00000176383",97.0420275773164,2.81239943244406,0.20649148016211,13.6199296466669,3.04861275918523e-42,5.7480324657641e-41
"RIMS2","ENSG00000176406",121.199861151996,3.93300048062168,0.361192319763861,10.8889371822551,1.30150237996463e-27,1.15001393010899e-26
"VPS37D","ENSG00000176428",164.204037734016,1.49634576955318,0.155056552101356,9.65032273241224,4.9001270892489e-22,3.17214088306551e-21
"CLEC14A","ENSG00000176435",1499.33891217767,-2.29382901791494,0.117903241882473,-19.4551819041706,2.63416643340763e-84,2.92752422316539e-82
"SYNE3","ENSG00000176438",560.385095010695,-1.69050744153891,0.133909452207716,-12.6242577627504,1.55197864222397e-36,2.2079833071672e-35
"CLK2","ENSG00000176444",2209.91647990235,1.02110370357631,0.0813063842791245,12.5587149475356,3.56068797844924e-36,4.96968720736289e-35
"DIRAS1","ENSG00000176490",273.486432894351,2.57680874711074,0.228971258383478,11.2538524062052,2.21692950061865e-29,2.18073224599063e-28
"GNG7","ENSG00000176533",426.335084243155,-1.05251143634648,0.135389200303991,-7.77396892797402,7.60644049027192e-15,3.06398108267527e-14
"DCAF4L2","ENSG00000176566",9.42735890277415,5.3842278064331,1.03453988757283,5.20446613137866,1.94555101528193e-07,4.41437285270601e-07
"CNBD1","ENSG00000176571",1.25972251530807,2.30289694922427,0.585326376582912,3.93438095625965,8.34113969579288e-05,0.000149382456787931
"MAP3K19","ENSG00000176601",126.596522401601,-1.58980732398155,0.290188305487636,-5.47853684630748,4.28857290474762e-08,1.03403092554439e-07
"LMNB2","ENSG00000176619",3448.54603788306,1.00715787330872,0.105918616671637,9.5087899083034,1.92893237293924e-21,1.19551045891935e-20
"HORMAD2","ENSG00000176635",9.20258702141219,1.56806446908817,0.29465631537759,5.32167269884835,1.02817437882542e-07,2.39952056349593e-07
"BDNF","ENSG00000176697",112.353727525369,-2.34766478973595,0.241647196773355,-9.71525770248379,2.59591531181362e-22,1.70892982613249e-21
"PFN4","ENSG00000176732",56.907477492756,1.20057057468683,0.133025506421328,9.02511561116934,1.79505729015108e-19,9.74187445940953e-19
"MAGEB6","ENSG00000176746",1.21156426759513,2.43460900857234,0.708401434649295,3.43676464994404,0.000588706904227261,0.000961457889497845
"CDK5R1","ENSG00000176749",279.118206180122,1.55210487470293,0.144345820688088,10.7526831556615,5.75623606038664e-27,4.93277451285911e-26
"TCERG1L","ENSG00000176769",11.5098438905588,1.21893179410173,0.371323842819481,3.28266503127383,0.00102830775570098,0.00163769565400602
"NCKAP5","ENSG00000176771",539.718701047443,-3.50861703618818,0.217816221144438,-16.1081530923335,2.23603217545304e-58,8.77397449898711e-57
"BASP1","ENSG00000176788",4022.54926344121,1.7668705322611,0.187349498676483,9.43087942451424,4.06664902692205e-21,2.46492381567467e-20
"GRIN1","ENSG00000176884",120.346111992384,3.16322655795474,0.224724296924352,14.076032726535,5.3320229593518e-45,1.15085508819881e-43
"SOX11","ENSG00000176887",160.748729489907,4.41212527040912,0.350939481753199,12.572325143832,2.9977582234014e-36,4.19709607913312e-35
"TYMS","ENSG00000176890",233.007634400279,1.36128153944961,0.120600410884537,11.2875364973084,1.51215636609767e-29,1.50316743658809e-28
"C8G","ENSG00000176919",44.0563761617838,1.52816789611605,0.212404896432131,7.19459824978347,6.26449442427921e-13,2.20911704244438e-12
"FUT2","ENSG00000176920",1012.51149546332,3.17349294224076,0.15870400406462,19.9963004143777,5.93124438982422e-89,8.6989963825512e-87
"GCNT4","ENSG00000176928",207.594719033706,-1.08731632047821,0.184709736953396,-5.8866215631748,3.94169860855496e-09,1.03520935275024e-08
"MUC20","ENSG00000176945",1907.16141046151,2.14340078523272,0.192212982013061,11.1511759652481,7.06662071320102e-29,6.74362903580298e-28
"FIBIN","ENSG00000176971",586.643482975593,-2.15105265074388,0.17107060717527,-12.5740633429799,2.93255332245765e-36,4.10901931078581e-35
"FMR1NB","ENSG00000176988",1.7856308408677,2.07097856946362,0.523970360302926,3.95247274724912,7.73477405348447e-05,0.000139121745214111
"SCN4B","ENSG00000177098",442.442337438388,-2.80518213338427,0.17105780778999,-16.3990300684095,1.94315691957605e-60,8.12357634625567e-59
"FAM9B","ENSG00000177138",15.0938785924843,2.23274759123325,0.444909262762477,5.01843359558292,5.20944938538231e-07,1.13826691723832e-06
"PUS1","ENSG00000177192",1023.12142478866,1.18398203565257,0.0969557382664047,12.211572587889,2.69626686914973e-34,3.40949138443081e-33
"SPACA4","ENSG00000177202",47.7299955872453,1.22328698501623,0.176273006293933,6.93972951806596,3.92851380088228e-12,1.30486165656556e-11
"TRIM72","ENSG00000177238",57.7594963129198,3.52865624267967,0.343284437747326,10.2791034333952,8.7538100584452e-25,6.62011510463905e-24
"CASKIN2","ENSG00000177303",1832.81109023085,-1.72131973419335,0.0958404903403493,-17.9602559219031,3.98964084366029e-72,2.72468105403105e-70
"C10orf71","ENSG00000177354",14.378761239569,3.08829673046364,0.471414684011836,6.55112544263918,5.71050632457115e-11,1.74365340726197e-10
"LRRN4CL","ENSG00000177363",64.7394832461099,-1.20750177188111,0.172813890042824,-6.98729582200763,2.80234964668048e-12,9.42881576307895e-12
"UMODL1","ENSG00000177398",309.816164275752,4.29618338239908,0.314297967860656,13.6691414572041,1.55215671328231e-42,2.96084648942007e-41
"UBE2U","ENSG00000177414",6.90778194465295,2.07679555686399,0.490553791242072,4.23357355287295,2.30006908325248e-05,4.36150234279743e-05
"NIM1K","ENSG00000177453",97.6698606755605,-2.25060329819814,0.204319975424663,-11.0150918603061,3.23206757140442e-28,2.97028171829169e-27
"CD19","ENSG00000177455",193.853279259117,1.97799348415002,0.215025267473974,9.19888861149508,3.61670984332148e-20,2.06357746258136e-19
"ERICH5","ENSG00000177459",229.344625030326,1.21033252455199,0.242464789391621,4.99178675629105,5.98232826242401e-07,1.30110367812754e-06
"GPR4","ENSG00000177464",360.963938860395,-1.58281518068295,0.120885985306462,-13.093454767898,3.58904317036744e-39,5.77506739634753e-38
"OLIG3","ENSG00000177468",2.70049584728422,3.32599200877838,1.07791344102112,3.08558357489969,0.00203153122182453,0.00312662894822865
"CAVIN1","ENSG00000177469",11383.6256421874,-2.08114834831935,0.117327478455402,-17.7379449018878,2.13605557389649e-70,1.35533483630248e-68
"ZBED2","ENSG00000177494",295.775003297666,-2.36870613224383,0.185946793840707,-12.738623147614,3.60704316919766e-37,5.28157311182109e-36
"OR2B11","ENSG00000177535",4.90785538871959,-1.09883058323657,0.252602885853128,-4.35003178813828,1.36117798380282e-05,2.62706910410784e-05
"FAM187B","ENSG00000177558",1.5523053717685,-1.17521479686675,0.266051852286831,-4.41723967251221,9.99693612925947e-06,1.95363890520795e-05
"CD163","ENSG00000177575",4950.77865190669,-1.19289382358033,0.170126325715969,-7.01181206706308,2.35251069918527e-12,7.95116621468114e-12
"HASPIN","ENSG00000177602",109.047595970808,1.93036624658178,0.148335928013217,13.0134773984748,1.02566323295582e-38,1.61267067023537e-37
"JUN","ENSG00000177606",10968.3106477502,-1.09229784214013,0.119920849782726,-9.10848984241829,8.35366135182378e-20,4.64198952075102e-19
"SRRM3","ENSG00000177679",193.61666600803,2.31194091515994,0.175116759778596,13.2022823976585,8.51164490619833e-40,1.418052721663e-38
"CRACR2B","ENSG00000177685",1428.21219024403,1.0625475825032,0.157115642914741,6.76283763214964,1.35314859257023e-11,4.32818873200914e-11
"SUMO4","ENSG00000177688",10.4139826895313,2.05168231767094,0.269737798312766,7.60620992128059,2.82250709890854e-14,1.08983857403476e-13
"NAALADL2","ENSG00000177694",843.283517611298,1.20456039100393,0.15609463107742,7.71685984770671,1.19230631584465e-14,4.73141204466807e-14
"SOX12","ENSG00000177732",1521.619231613,1.33735876669907,0.11766924004842,11.3654066784892,6.21742310985416e-30,6.30302275946858e-29
"MYOZ1","ENSG00000177791",112.064391325792,-1.81201011022169,0.207464446900727,-8.73407534298512,2.45657339444647e-18,1.24308449510268e-17
"KCNJ10","ENSG00000177807",76.2241484343672,2.09720214986457,0.217573661253913,9.6390442564511,5.46948237142071e-22,3.51907400474041e-21
"CAPZA3","ENSG00000177938",1.9756104841259,2.65222329993421,0.5747340489927,4.61469666636698,3.93669847799368e-06,7.97637253615004e-06
"MAMDC4","ENSG00000177943",389.636893485912,1.5638186738445,0.169195601050049,9.24266744607569,2.40427304787813e-20,1.38773089179624e-19
"ODF3","ENSG00000177947",1.86794512497798,1.3730095444579,0.49169384685662,2.79240741619098,0.00523174370180604,0.00765425920330462
"LCN15","ENSG00000177984",15.1139130922476,3.01097741413242,0.547285043688964,5.50166215732296,3.76227358981529e-08,9.11802266593051e-08
"SPATA31E1","ENSG00000177992",1.78803144232465,1.64162881429379,0.482195139935996,3.40449058551625,0.000662875852373242,0.00107727862184509
"C2orf73","ENSG00000177994",24.3042574785492,-1.70234574689427,0.273237874690099,-6.23027004885407,4.65631828157959e-10,1.32288826631158e-09
"TSPYL6","ENSG00000178021",4.34737149911122,1.64996554278794,0.489768838697026,3.36886590657234,0.000754781392744402,0.00121911026000863
"HTR3C","ENSG00000178084",19.0258747491743,-4.55470453163501,0.364171477659541,-12.5070325685779,6.83294215354973e-36,9.3903098274551e-35
"PPP1R42","ENSG00000178125",24.4257749715531,-1.91986949993235,0.292398511834894,-6.56593457977799,5.17075151970409e-11,1.58452229734655e-10
"NDUFV2","ENSG00000178127",73.6680273357765,1.70871205521977,0.220025032668234,7.76598932629754,8.10103746289991e-15,3.2573452432285e-14
"ZNF114","ENSG00000178150",149.229289847682,1.79382384885469,0.265636280887784,6.7529324038853,1.44886455100727e-11,4.62112895029823e-11
"AMER3","ENSG00000178171",2.82997143877075,1.43275076319816,0.517913791890549,2.76638851027343,0.00566809625096115,0.00825956887518917
"ZNF366","ENSG00000178175",121.402656328137,-1.94806795940835,0.140948061186091,-13.8211759921717,1.8994126750166e-43,3.79310167344553e-42
"SH2D4B","ENSG00000178217",16.4882323611123,-2.21737692554608,0.166613877759027,-13.30847679299,2.06651876489714e-40,3.57603677565808e-39
"RNF212","ENSG00000178222",534.177272726635,1.71961067134016,0.221503041065871,7.76337274226761,8.27000993854535e-15,3.32155528238815e-14
"TMEM151B","ENSG00000178233",4.78550831282299,1.93824998036985,0.379958306203245,5.10121755130956,3.37475371430495e-07,7.49745073380412e-07
"SLITRK1","ENSG00000178235",6.47582119205159,4.14567283163482,0.690829492993605,6.00100730162833,1.9609717139595e-09,5.27237669089065e-09
"GEN1","ENSG00000178295",656.338458871865,1.14810788134879,0.101047469499151,11.3620646517866,6.45996012884333e-30,6.53409081884645e-29
"TMPRSS9","ENSG00000178297",35.4465707415354,1.0703230088881,0.181073984201942,5.91097066541833,3.4009760222219e-09,8.98474294487176e-09
"AQP11","ENSG00000178301",86.0908943529419,1.55475334281332,0.114183788794386,13.6162353625611,3.20676983315608e-42,6.03351552309798e-41
"KCNG2","ENSG00000178342",27.4126444502854,2.00638382307198,0.220953941109972,9.08055232232029,1.08025265940039e-19,5.9620483758949e-19
"SHISA3","ENSG00000178343",825.579618180131,1.39817833772366,0.335758150359541,4.1642424352959,3.12388047879107e-05,5.85232890870156e-05
"CALML3","ENSG00000178363",3.22561344911924,3.48162951709513,0.589641413749198,5.90465567022744,3.53384049379308e-09,9.31786147295014e-09
"CALML5","ENSG00000178372",50.8120701037274,5.12460332916508,0.578732590954908,8.85487254261851,8.37794901665699e-19,4.37173058486566e-18
"HTR1A","ENSG00000178394",0.866316247675187,1.47534384110163,0.679707146602746,2.17055808295612,0.0299645935644562,0.0398540453912744
"CCDC185","ENSG00000178395",16.9162129664812,4.67068792173167,0.361574123677982,12.9176498423637,3.57907100109602e-38,5.46885716674731e-37
"DNAJC22","ENSG00000178401",460.202684350176,3.45194702369233,0.210392129380557,16.4072060768416,1.6984347516792e-60,7.15061012042258e-59
"NEUROG2","ENSG00000178403",1.19121277127682,2.18184187161023,0.550365900979638,3.96434784154797,7.35968721703796e-05,0.00013277564365241
"GLDC","ENSG00000178445",254.454400684609,2.75064354508304,0.262856336290658,10.4644369007771,1.25822400967289e-25,9.93092289593161e-25
"MCMDC2","ENSG00000178460",104.968177672849,1.27152198763104,0.137485932124649,9.24837885579621,2.27923200338956e-20,1.31810918670489e-19
"TUBAL3","ENSG00000178462",27.737799433276,1.75047808488991,0.270480531861225,6.47173411278275,9.6884499255103e-11,2.90572300565129e-10
"UCN3","ENSG00000178473",182.161721151635,1.07150019177344,0.368746893490965,2.90578771153688,0.00366329892505602,0.00546547216426476
"ERBB4","ENSG00000178568",228.565020513013,-1.67100917884218,0.248583513735167,-6.72212390006854,1.79094558405105e-11,5.66974333606254e-11
"OTOS","ENSG00000178602",2.44109073154407,3.33295844418746,0.687523509316194,4.84777378376835,1.24854656072478e-06,2.6428775122499e-06
"GPR35","ENSG00000178623",384.67785313408,2.37025432486066,0.214468485884217,11.0517604257264,2.14957728965906e-28,1.9939028742286e-27
"C10orf53","ENSG00000178645",1.3492442886156,-1.68426533845948,0.41213427210408,-4.08669080069647,4.37569650388569e-05,8.08324773322596e-05
"DYNAP","ENSG00000178690",1.02378607710056,1.86101913755759,0.58511083811942,3.18062667158758,0.00146956876165564,0.00229811168085163
"KCTD12","ENSG00000178695",6666.41077724378,-1.3106756955577,0.12035488720209,-10.8900911797368,1.28511543270117e-27,1.13721911163808e-26
"THBD","ENSG00000178726",2812.33299821173,-2.44036249270846,0.144860016718549,-16.8463496552667,1.11593660345096e-63,5.35320473070993e-62
"ERFE","ENSG00000178752",248.013799451508,3.32849840965356,0.248472627330928,13.3958353699078,6.39523969353221e-41,1.14087760554708e-39
"CPN2","ENSG00000178772",4.95614269336048,1.05091953826772,0.276063980615158,3.80679701830689,0.000140778195789339,0.000245750659244746
"CPNE7","ENSG00000178773",364.486378153375,3.25152746106089,0.203915670754381,15.9454516125805,3.06416983689602e-57,1.15183174141976e-55
"C5orf46","ENSG00000178776",56.9055225913907,2.11795856375476,0.23796060813176,8.90045869517209,5.56163603762279e-19,2.9336491364584e-18
"GDPD4","ENSG00000178795",8.2414780934948,2.07410960830159,0.24444852153698,8.48485233316422,2.1599284543588e-17,1.02840872362539e-16
"OPLAH","ENSG00000178814",1232.26756474387,1.34349692523685,0.137553106554149,9.7671143814405,1.55827099547206e-22,1.04232309988716e-21
"TMEM52","ENSG00000178821",113.851462826528,1.98331883810704,0.178940085432235,11.0837034268553,1.50515187582867e-28,1.40753939607421e-27
"TMEM139","ENSG00000178826",104.174573887959,-1.91133813427377,0.224238304678055,-8.52369151210778,1.54546909906413e-17,7.43362327676195e-17
"RNF186","ENSG00000178828",23.6925121891094,5.03025130147756,0.411965129405136,12.2103812736313,2.73603989267551e-34,3.45490203243775e-33
"EFCAB13","ENSG00000178852",165.979439912304,1.34915491320112,0.174026309587154,7.75259164204392,9.00357950771893e-15,3.60405029377214e-14
"APOLD1","ENSG00000178878",1262.47877622556,-1.99802408111894,0.13904378846411,-14.3697471364186,8.01232477582474e-47,1.87895841695717e-45
"RFLNA","ENSG00000178882",293.595654134141,2.56739516001693,0.246799090073223,10.402774010452,2.40818563831589e-25,1.87591056275081e-24
"EXOSC4","ENSG00000178896",770.431234879851,1.09263619703763,0.115295258002376,9.47685287295261,2.62067718483563e-21,1.61029453531126e-20
"FOXE1","ENSG00000178919",140.946752114333,4.24647166180269,0.38331826402976,11.078187658371,1.60080033231348e-28,1.49416381565389e-27
"LGALS7B","ENSG00000178934",31.173326036548,2.47773393535401,0.343629231995274,7.21048649140562,5.57523278521653e-13,1.9722744212313e-12
"ERICH3","ENSG00000178965",294.201735439437,-2.02171239364156,0.346251218929182,-5.83886000428797,5.25592096300126e-09,1.36295933030408e-08
"EXD1","ENSG00000178997",7.81284492382601,-2.42578120143191,0.206248257669134,-11.761462757777,6.16567383300438e-32,6.93415473877733e-31
"AURKB","ENSG00000178999",609.602074193625,3.43836017716681,0.175770297977269,19.5616677944727,3.28166113568456e-85,3.81290666888336e-83
"C14orf39","ENSG00000179008",16.6499131622098,2.59992505192881,0.331270728368677,7.84833922614287,4.21582615111771e-15,1.72144631040505e-14
"EXOC3L1","ENSG00000179044",263.342656674564,-1.26447214751296,0.103064887076045,-12.2686996841125,1.33378112394217e-34,1.71323371505365e-33
"TRIML2","ENSG00000179046",1.83842758156895,1.06077182259784,0.488834926452344,2.17000006586324,0.0300068409579476,0.039904303623973
"C9orf50","ENSG00000179058",20.2768305178224,2.13679682930967,0.209845462609083,10.1827163796735,2.36855594086269e-24,1.75271180520497e-23
"ZFP42","ENSG00000179059",77.115226679937,1.58949597180604,0.497751211560186,3.19335430008058,0.00140630285052377,0.00220418508272791
"CCDC89","ENSG00000179071",51.7310444409186,-1.208470214245,0.182020447683227,-6.63920031857148,3.15389531805131e-11,9.83832791595049e-11
"FAM133A","ENSG00000179083",203.82633636006,5.51803521416088,0.434082395009202,12.7119534853375,5.07505921422271e-37,7.40081780929804e-36
"C12orf42","ENSG00000179088",26.9344037220879,3.01554118307078,0.250618518770362,12.0323956819563,2.40091384659606e-33,2.88706663018436e-32
"PER1","ENSG00000179094",5443.18067863089,-1.17712483271912,0.147364379995594,-7.98785183199845,1.37310339355328e-15,5.80140236619808e-15
"HES7","ENSG00000179111",10.3284917407335,2.00192137171995,0.285414289556543,7.01408950067074,2.31451207225228e-12,7.82865113588090e-12
"C10orf67","ENSG00000179133",50.6629288808116,-3.75207988915736,0.265215672434695,-14.1472781555971,1.94126638303595e-45,4.27245748974935e-44
"GIMAP7","ENSG00000179144",748.39910231563,-1.81073063055005,0.124910791006172,-14.4961905690004,1.28062495111246e-47,3.10912106516353e-46
"ALOXE3","ENSG00000179148",27.3219661624818,2.73826439756724,0.248456405670881,11.0211060575129,3.02321194325437e-28,2.78119955273267e-27
"PXT1","ENSG00000179165",4.98937371521079,1.2126897732317,0.237336623584951,5.10957708470829,3.22880737653085e-07,7.18391574089362e-07
"GGN","ENSG00000179168",24.7399441637363,1.12057293245672,0.139885532171037,8.01064209475651,1.14111086391718e-15,4.84525312958476e-15
"GVQW3","ENSG00000179240",272.483434573827,1.11156387324534,0.135243282136899,8.21899510040109,2.05215426131007e-16,9.15234202333527e-16
"PCARE","ENSG00000179270",21.6860584865747,-2.97873901074212,0.301699820012573,-9.87318789457012,5.44074248247426e-23,3.73852554680922e-22
"TMEM151A","ENSG00000179292",28.8066992473199,1.58967285654247,0.317439711164182,5.00779455321605,5.50572561249419e-07,1.20095024240349e-06
"RTL3","ENSG00000179300",4.31288770875217,-1.4438197357783,0.207864579613823,-6.94596327311112,3.75886557359678e-12,1.25060211432442e-11
"GATA2","ENSG00000179348",726.686994781435,-1.87460114435021,0.136984271801584,-13.6847911055475,1.25166337187061e-42,2.4055867575597e-41
"EGR3","ENSG00000179388",475.3885498965,-1.74940790952867,0.17698647111019,-9.88441601527555,4.86409536730992e-23,3.35388279026113e-22
"GPC5","ENSG00000179399",93.9197310896301,-1.43304202190443,0.273033738856528,-5.24858952562436,1.53268153114535e-07,3.50693997912836e-07
"MKRN3","ENSG00000179455",53.078720006551,2.32830995261836,0.352131772846452,6.6120416621241,3.79055277374984e-11,1.17526183990133e-10
"LBX2","ENSG00000179528",61.2661888985735,2.12809888128964,0.141400072700647,15.0501965143607,3.44210303575119e-51,1.00801226871843e-49
"HTR1D","ENSG00000179546",140.795973955012,2.68407102316159,0.266084069089808,10.0873044836655,6.28722759367382e-24,4.54718526004873e-23
"LSMEM2","ENSG00000179564",3.46154303292322,-1.15114663489015,0.210597476226907,-5.4660989082787,4.6004770187406e-08,1.10609973044771e-07
"RNF151","ENSG00000179580",1.81320603627897,1.26628357661615,0.301513558923692,4.19975665816286,2.67201993246936e-05,5.03639025088743e-05
"ARL14","ENSG00000179674",90.8828724302383,4.21618999706286,0.386124703921599,10.9192443639114,9.32685220252727e-28,8.33177066699054e-27
"WDR97","ENSG00000179698",119.469615887545,2.07212778542286,0.212059209150669,9.77145861159276,1.49287086906866e-22,1.00007257432593e-21
"NLRP8","ENSG00000179709",2.17668631795901,2.51839121428959,0.648512941433382,3.88333224117824,0.000103034627938099,0.00018262492300113
"APOBEC3B","ENSG00000179750",236.904875319872,2.19833089682588,0.205809612773737,10.6813810453192,1.24406940167625e-26,1.04214109570192e-25
"ATOH7","ENSG00000179774",6.7166015008064,2.1954295620205,0.294535467581217,7.45387161705787,9.06402029786517e-14,3.37669196730588e-13
"CDH5","ENSG00000179776",3090.27066962568,-2.55024180097774,0.118881869852879,-21.4518984613361,4.38390475491512e-102,1.32951199626604e-99
"LRRC3B","ENSG00000179796",7.44991884444384,-1.0355056922157,0.307284330822529,-3.36986168296928,0.000752059232927251,0.00121482313395028
"FAM216B","ENSG00000179813",426.981931167838,-2.33433914435232,0.323062685726858,-7.22565386683485,4.9869646633956e-13,1.7687167239274e-12
"MYADM","ENSG00000179820",5399.60059666589,-1.98182573038241,0.1191765586688,-16.6293250327024,4.27381608019702e-62,1.91178477807413e-60
"MRGPRX3","ENSG00000179826",1.48108994197284,2.03746019385093,0.541422517355498,3.76316116995395,0.000167778995897776,0.000290701033562401
"NKPD1","ENSG00000179846",23.4486548257543,2.57159938735201,0.207735251808392,12.3792152028389,3.38637893507759e-35,4.49499097072279e-34
"GIPC3","ENSG00000179855",249.739117270573,-1.21944896689174,0.121128718548489,-10.0673810596253,7.70011518111814e-24,5.54439279419505e-23
"NLRP11","ENSG00000179873",15.7120861298712,3.16344121965169,0.385799310552026,8.19970677273954,2.40974095793478e-16,1.06911715745914e-15
"C1orf194","ENSG00000179902",168.759493901308,-2.2124173969026,0.294961389760027,-7.50070169761053,6.34770994881776e-14,2.39064563490204e-13
"B3GNT3","ENSG00000179913",2079.86290350245,4.34421463859279,0.182665479655008,23.7823514700068,5.0861466150087e-125,7.58386844852923e-122
"ITLN1","ENSG00000179914",213.702177493201,-4.76944334410666,0.315293311421115,-15.1270045108456,1.07477436727766e-51,3.18393009167204e-50
"GPBAR1","ENSG00000179921",60.0039881136659,-1.83898971495506,0.148907489663007,-12.3498805810029,4.87837873266992e-35,6.39947438883159e-34
"ZNF648","ENSG00000179930",6.39485731362749,3.05366067096092,0.403531527211893,7.56734100073784,3.80940989957612e-14,1.45582595756334e-13
"CCR8","ENSG00000179934",41.6078742206021,1.63765122752472,0.172419710109169,9.4980511595097,2.13854944141461e-21,1.32085140335629e-20
"TMEM150B","ENSG00000180061",188.989288485767,-1.82076880607163,0.158301784517566,-11.5018842751554,1.29066611547052e-30,1.36006412273934e-29
"ANKRD18A","ENSG00000180071",87.7281910556182,2.02705409496529,0.191802830160522,10.568426405746,4.17440008028874e-26,3.39665941958192e-25
"WFDC11","ENSG00000180083",2.08863031274309,1.53858848079087,0.452318368746039,3.40156090732351,0.00067002196256819,0.00108790408132782
"C12orf40","ENSG00000180116",2.98103479257357,2.49636416381185,0.553733733000825,4.50823927645406,6.536783235291e-06,1.29843097723204e-05
"TH","ENSG00000180176",12.1726010286466,2.20166818770942,0.360462655114837,6.10789538519047,1.00953486308216e-09,2.79233379272362e-09
"RCC1","ENSG00000180198",2838.05945393048,1.74513750237996,0.0929209914328563,18.7808747568194,1.08281404799402e-78,9.31480373113315e-77
"F2","ENSG00000180210",26.5023265321349,5.711771682959,0.529876573328906,10.7794380247371,4.30507812246396e-27,3.70518339803981e-26
"FAM71C","ENSG00000180219",1.29014080824901,1.81283353416016,0.619242984162566,2.92749951234691,0.00341699596710953,0.00511591572583807
"SLC9A4","ENSG00000180251",20.5335274633761,4.39294210043121,0.516626860153206,8.50312370349556,1.84556059235556e-17,8.82014307666078e-17
"ADGRD2","ENSG00000180264",2.48297188197077,2.53297827857562,0.402092929044722,6.29948475988715,2.98636660586776e-10,8.61161284106235e-10
"PLD5","ENSG00000180287",247.421337404088,2.7539171103495,0.285481751197131,9.64656094059007,5.0831873603793e-22,3.28351882452227e-21
"ALX1","ENSG00000180318",14.461640129336,3.17908848157877,0.472720049196167,6.72509762804566,1.75474748944238e-11,5.56006673075837e-11
"KCTD4","ENSG00000180332",6.0339864841467,2.30141534530717,0.541983881053371,4.24628005695347,2.17348931896074e-05,4.12847604927437e-05
"MEIOC","ENSG00000180336",58.3556575742688,2.62602254840315,0.253488508843882,10.3595329049825,3.7880735009353e-25,2.91777869790079e-24
"ITPRID1","ENSG00000180347",187.932916599563,4.58787145250766,0.389180911901162,11.7885315343339,4.47271609564568e-32,5.05880588491707e-31
"MTURN","ENSG00000180354",1873.48913058521,-1.23950769282207,0.13520489019626,-9.16762471403831,4.83556144156026e-20,2.73546319550546e-19
"CYP8B1","ENSG00000180432",20.5685674161297,1.25512909206685,0.272929605001171,4.59872827669782,4.25077770385562e-06,8.58261853476513e-06
"SERTM1","ENSG00000180440",114.410347624428,-4.77585991646719,0.392502688324769,-12.1677126259973,4.61843865612813e-34,5.76676363392189e-33
"GLIPR1L2","ENSG00000180481",36.7149576459362,-1.31202219729157,0.156856982781796,-8.36444877380259,6.03966207470422e-17,2.78023343202168e-16
"KCNE1","ENSG00000180509",52.3170681279038,-1.57171372330885,0.19892516930497,-7.90102996418353,2.7660814161779e-15,1.14606404433884e-14
"ZSCAN4","ENSG00000180532",20.0196238005006,1.07604251140914,0.325278792905179,3.30806229880108,0.000939439088351782,0.0015013740271417
"BHLHA15","ENSG00000180535",618.500372214919,2.95873090944403,0.203569010694948,14.5342893760866,7.34720203092192e-48,1.81328946123153e-46
"RNF182","ENSG00000180537",86.8455515680163,-2.0309282902761,0.232197153670371,-8.74656841469826,2.19938946144883e-18,1.11800214868477e-17
"H2AC6","ENSG00000180573",2687.62566938262,1.2398383672005,0.155332296784249,7.98184532687743,1.44161608685262e-15,6.08071303160561e-15
"H2BC4","ENSG00000180596",375.444746287652,2.33505411103365,0.210804754540471,11.0768569528889,1.62476448929069e-28,1.51495106862315e-27
"GSX2","ENSG00000180613",0.871452643759077,1.4103446827129,0.500170501461942,2.81972782999121,0.00480643973883084,0.00706378860344149
"PRF1","ENSG00000180644",870.06062632107,-1.27971293616651,0.164700973995326,-7.7699172331721,7.85374275036346e-15,3.1607516651429e-14
"CHRM4","ENSG00000180720",15.8135837428389,-1.1767194161284,0.248827527613503,-4.72905641676497,2.2556570352557e-06,4.67189157678322e-06
"S1PR5","ENSG00000180739",61.6321084719607,-1.51865214975374,0.195864719181348,-7.75357683661058,8.93396912772676e-15,3.57778669656255e-14
"CLRN3","ENSG00000180745",18.677043614933,2.01177153402282,0.280242073776409,7.17869200335677,7.0381498013557e-13,2.47219502150879e-12
"AGTR2","ENSG00000180772",390.073278382784,-2.99597014899587,0.347045202969513,-8.63279516143913,5.98705969235699e-18,2.95439765789696e-17
"ANKRD30B","ENSG00000180777",1.42523745489299,1.16787196880214,0.49086300622934,2.37922180726834,0.0173492329536968,0.0237986679883852
"OR51E1","ENSG00000180785",30.8731470386864,3.29759439150221,0.26024781569025,12.6709781703876,8.56397695004801e-37,1.23676545251985e-35
"HOXC9","ENSG00000180806",71.5073943753089,3.2720736434403,0.303008433168081,10.798622365818,3.4940657560035e-27,3.02025693585365e-26
"MAP3K15","ENSG00000180815",37.5132339840087,-1.64196633505315,0.23656479351083,-6.94087362149252,3.89682508369621e-12,1.29457651731482e-11
"HOXC10","ENSG00000180818",235.951160597214,6.06884810479523,0.462496960179432,13.1219199850324,2.46606904536858e-39,4.00048716489393e-38
"CXCR2","ENSG00000180871",120.054558172973,-2.59798350201216,0.183148071318473,-14.1851534843333,1.13217755659603e-45,2.51965833584239e-44
"SSR4","ENSG00000180879",14230.205341308,1.35720997395074,0.120967553761507,11.2196199042475,3.26671455690686e-29,3.16981147325024e-28
"SCRIB","ENSG00000180900",5200.80076909033,1.06436830100213,0.115031479510217,9.25284370447128,2.18597943985084e-20,1.2658165086489e-19
"FAM83H","ENSG00000180921",5985.65846972796,1.17404575141553,0.112460204132597,10.4396551693189,1.63403180186983e-25,1.28123273579566e-24
"ZNF572","ENSG00000180938",134.825687021731,1.07189803906825,0.137480705649233,7.79671615741542,6.35389394196758e-15,2.56869011079137e-14
"ST20","ENSG00000180953",47.4605618243726,1.09701210496088,0.168090296830935,6.52632618088745,6.7402453216137e-11,2.04369505997235e-10
"OR52N2","ENSG00000180988",5.73369574564794,1.55412321593911,0.379012346610391,4.10045538051214,4.12337936346638e-05,7.63606157633036e-05
"C1orf105","ENSG00000180999",6.20596335175243,3.4127191370461,0.376959117337049,9.05328716056679,1.38727865828468e-19,7.58636217380435e-19
"NQO1","ENSG00000181019",11811.5328287791,3.04137696090805,0.213991090718409,14.212633575994,7.64937838454385e-46,1.71731903933053e-44
"CHRM2","ENSG00000181072",19.0686288905172,-3.39466588647096,0.361366138702113,-9.3939789119791,5.77754763284817e-21,3.46672232711443e-20
"MUC16","ENSG00000181143",2952.27398256319,2.92119559213395,0.312590526526733,9.34511875517163,9.17864117143962e-21,5.43279611248988e-20
"DHTKD1","ENSG00000181192",2218.39866529089,1.03454211709634,0.0883498617594635,11.7096065176981,1.13806542635054e-31,1.26480774370746e-30
"C4orf50","ENSG00000181215",22.5609339706995,1.38807216896849,0.242351724424324,5.72751100602103,1.01914827675255e-08,2.5844132817366e-08
"H2AW","ENSG00000181218",390.668248280783,2.38744324332175,0.235826628138311,10.123722084181,4.33605641795902e-24,3.15771499741721e-23
"TMEM132C","ENSG00000181234",33.9519188818064,-2.15395850503722,0.321460039244093,-6.70054825508704,2.07639016842783e-11,6.55368659087656e-11
"SLC25A41","ENSG00000181240",13.4121335977162,1.19973023321955,0.23190322276962,5.1734090578439,2.29861025201919e-07,5.1819369080735e-07
"TMEM132E","ENSG00000181291",41.0344068799543,1.53086619509553,0.210011203848585,7.28945012000055,3.11222629850163e-13,1.12204443197843e-12
"ZNF322","ENSG00000181315",488.461455044888,1.17187419790153,0.150173588411406,7.80346404649488,6.02305704310719e-15,2.43824795638726e-14
"NME9","ENSG00000181322",74.41556587514,-1.07948939335142,0.208218993589501,-5.18439444328315,2.16717843026046e-07,4.8973634317568e-07
"HEPHL1","ENSG00000181333",43.7440111491344,2.33542100689287,0.268454965932993,8.69948893951844,3.3338214538116e-18,1.67467903630126e-17
"CFAP65","ENSG00000181378",213.00565441881,-1.90578855032112,0.281943390999597,-6.75947233082632,1.38495204762018e-11,4.42595945491478e-11
"UTS2R","ENSG00000181408",5.70022994308005,1.73911102722535,0.327725879232199,5.30660267446612,1.11687261481113e-07,2.59771242646763e-07
"AATK","ENSG00000181409",970.635355731911,-1.44320362290608,0.172986944760045,-8.34284705651048,7.25229381959808e-17,3.32560977227238e-16
"DDN","ENSG00000181418",25.484783371961,2.42733384178059,0.241383216109257,10.0559346291993,8.64967323356965e-24,6.21311132750951e-23
"SAGE1","ENSG00000181433",7.95557597841633,3.16893374405616,0.570343402133103,5.55618550544154,2.75733831362267e-08,6.74925505412454e-08
"SOX2","ENSG00000181449",953.076913076465,1.58453067284163,0.280165569307541,5.65569379834204,1.55217976269561e-08,3.87622505148814e-08
"FANCB","ENSG00000181544",71.2204810106263,1.84470689814175,0.144057535791035,12.8053481410207,1.53037920527346e-37,2.27245436680149e-36
"EDDM3B","ENSG00000181552",1.59191164473003,1.93422119295205,0.582445440891405,3.32086244849271,0.000897397532778218,0.00143752319194276
"EDDM3A","ENSG00000181562",2.19056653720356,2.59276873579841,0.473593199591776,5.47467475891398,4.38315892279857e-08,1.05598306995604e-07
"TMIE","ENSG00000181585",44.4545037424545,-1.01051991055251,0.169194337660972,-5.97253977008006,2.33588177080586e-09,6.25032638328536e-09
"OR52H1","ENSG00000181616",1.44155296293522,1.44236091951617,0.690777179766158,2.08802630104896,0.0367954622459679,0.0483073744197743
"FDCSP","ENSG00000181617",175.186289366797,1.66933202251591,0.303824026267211,5.49440425441451,3.92031544563962e-08,9.48690888136728e-08
"PHLDA2","ENSG00000181649",1289.35494197227,2.30210428798393,0.163892086167716,14.0464639984392,8.09774832392217e-45,1.73524563784358e-43
"ATG9B","ENSG00000181652",251.735067604593,1.8790837540838,0.200446053034143,9.37451112476492,6.94970817615434e-21,4.14918679999765e-20
"GPR88","ENSG00000181656",28.2535608444274,1.6893332702573,0.217614750953497,7.76295385701266,8.29738069103814e-15,3.33180055441529e-14
"AMIGO1","ENSG00000181754",561.364815699059,-1.07217845723058,0.116290072104376,-9.21986234790746,2.97481862130268e-20,1.7044005632715e-19
"TMEM252","ENSG00000181778",8.5309087669801,-1.69952641860857,0.229751123352128,-7.39724965785605,1.39034008643464e-13,5.12512467378968e-13
"ADGRB1","ENSG00000181790",278.603827210542,2.25045917243363,0.248033104951,9.07322098345789,1.15549620906474e-19,6.36162882116779e-19
"TIGIT","ENSG00000181847",416.257947826534,1.18686692241063,0.15530914127019,7.64196436026806,2.13932402401889e-14,8.3360027791311e-14
"OR4C6","ENSG00000181903",3.31473734173424,3.46701867295222,0.49022861765754,7.07224863680679,1.52442957948935e-12,5.23342641323924e-12
"SNRPE","ENSG00000182004",2300.88029337234,1.10688612118829,0.0857194488458214,12.9128935859024,3.80720601875444e-38,5.81248611719908e-37
"RTKN2","ENSG00000182010",2072.09371208104,-4.05229344026554,0.176999568779785,-22.8943689987585,5.28685576626852e-116,4.50465286789727e-113
"CHST15","ENSG00000182022",3619.10433870842,1.00933956333495,0.11030972991982,9.15005017298656,5.6907111882742e-20,3.19798666117432e-19
"USH1G","ENSG00000182040",17.8499717445991,3.49005124347307,0.382926649511995,9.11415083781925,7.92889443298526e-20,4.41692740004375e-19
"MGAT4C","ENSG00000182050",14.5609554456783,-1.18859625439799,0.322589197910131,-3.68455069821997,0.000229106421976034,0.000391276244002785
"IDH2","ENSG00000182054",6803.49311010492,1.18279405223869,0.114306151422169,10.3475975485366,4.29118654889033e-25,3.29254720923219e-24
"OR52A1","ENSG00000182070",0.704863691679932,1.44365677153534,0.594247962285745,2.42938447105882,0.015124484247832,0.0208829691061392
"ZNF716","ENSG00000182111",6.5890704553345,4.36217586610968,0.701429390474843,6.21898073469183,5.00394734708251e-10,1.41849857226469e-09
"KCNIP1","ENSG00000182132",22.6793093657469,-2.10897259687382,0.178648103661728,-11.8051776293533,3.67015102944001e-32,4.17217359401334e-31
"TDRKH","ENSG00000182134",1370.43233360841,1.38496421250844,0.0961396121927134,14.4057603408286,4.76049859154259e-47,1.12522590883054e-45
"ARL6IP4","ENSG00000182196",14.2872905986157,1.05480524478827,0.177877082558043,5.92996708524314,3.02995411615482e-09,8.03303733891808e-09
"SHMT2","ENSG00000182199",4603.23671082891,1.49080114461979,0.111763060030065,13.3389435133465,1.37392841663937e-40,2.39141061857279e-39
"BACE2","ENSG00000182240",5042.3021114805,1.48130009923152,0.171646771573083,8.62993277214548,6.13880448939753e-18,3.02760828910667e-17
"SYNM","ENSG00000182253",585.853238247814,-1.81535008638619,0.113697788005165,-15.966450343816,2.18893702874673e-57,8.31563699689284e-56
"KCNA4","ENSG00000182255",29.3910018034931,-3.89520305671431,0.31930687607546,-12.1989325898318,3.14925118279072e-34,3.95991225675856e-33
"GABRG3","ENSG00000182256",28.5910614350854,3.25528403723863,0.44707264270188,7.2813313236197,3.3054175827141e-13,1.18905984735632e-12
"IZUMO1","ENSG00000182264",15.4448212383979,-1.02485675738206,0.195254696620663,-5.24882000340881,1.53076550619127e-07,3.50390011542541e-07
"B4GALNT4","ENSG00000182272",510.756226411141,4.76186320651826,0.262421718452896,18.1458426329641,1.38494751164901e-73,9.99228460723214e-72
"FBXL6","ENSG00000182325",744.714471883384,1.18234443235982,0.110856830618994,10.6655081672273,1.47590029597315e-26,1.2300085699044e-25
"GLTPD2","ENSG00000182327",88.3902936227681,1.37362791431641,0.243146075237837,5.6493937357318,1.61014680597206e-08,4.01594045152747e-08
"KIAA2012","ENSG00000182329",61.2636940415939,-1.29388765245609,0.291994280232277,-4.43120889706065,9.37062539963989e-06,1.83665900181571e-05
"LIPF","ENSG00000182333",2.3318759388796,2.23589470702626,0.581519145460546,3.84492019648898,0.00012059167756779,0.000211926483487696
"NXPH4","ENSG00000182379",240.599545463879,4.19663751921306,0.291901685364063,14.3768869096421,7.22730842078208e-47,1.70155565227702e-45
"CACNB4","ENSG00000182389",193.765345604993,-1.408975864377,0.21213686954485,-6.64182453243524,3.09823676440135e-11,9.66976285111343e-11
"IFNL1","ENSG00000182393",3.14375488589578,1.7899376596494,0.344328077032288,5.1983494203453,2.0106590543063e-07,4.55805428337802e-07
"TEX19","ENSG00000182459",7.17673948029377,4.30225146468006,0.45300346991052,9.49717110451686,2.15669487597787e-21,1.33113975218599e-20
"CAPN12","ENSG00000182472",354.898088357355,1.75509314237677,0.173939266331297,10.0902641444623,6.10051362595376e-24,4.41750264302674e-23
"KPNA2","ENSG00000182481",4738.23280689505,1.94689760741199,0.125679726019929,15.4909440771956,3.99382419058071e-54,1.32828059929481e-52
"XKRX","ENSG00000182489",690.381149332607,2.83135775860782,0.215171424010136,13.1586142148431,1.51845347352688e-39,2.49492084497856e-38
"LHFPL1","ENSG00000182508",9.48593619740182,1.20148696054544,0.260873934740983,4.60562287197597,4.11233078740094e-06,8.31904293713568e-06
"CAV3","ENSG00000182533",7.7188152680141,-3.00953194108473,0.288358136943284,-10.4367852178094,1.68417825321466e-25,1.31939586185507e-24
"RNASE10","ENSG00000182545",5.68662756876083,2.57036573448411,0.353094970495285,7.27953086071622,3.34983036143457e-13,1.20382636387123e-12
"NXPH3","ENSG00000182575",167.668579874011,-2.42204075523775,0.148008244854124,-16.3642286118919,3.44363419125318e-60,1.42302417053333e-58
"EPHB3","ENSG00000182580",1405.23405556913,1.31672800897279,0.150079494820962,8.77353705476942,1.73139935492468e-18,8.85900161786312e-18
"VCX","ENSG00000182583",6.31594231462968,3.28415629858572,0.515977336667491,6.36492354450466,1.95387037377396e-10,5.72092989656971e-10
"ACTL10","ENSG00000182584",5.23130434318143,1.2962176360719,0.210291476404101,6.16390953279086,7.09704995773644e-10,1.98666324927688e-09
"EPGN","ENSG00000182585",61.0896790042769,-1.18454799156448,0.347142091495329,-3.41228569103214,0.000644205590293735,0.00104750732707432
"SNORC","ENSG00000182600",75.2877131672503,2.50515033963715,0.171262805440356,14.6275213301326,1.8749423582753e-48,4.77896632715384e-47
"NTM","ENSG00000182667",991.666910834913,-2.08862998483033,0.18321960294764,-11.3995989033292,4.20049838411077e-30,4.30713567833203e-29
"PPP1R27","ENSG00000182676",3.11756466324866,1.5967499887946,0.306652766702903,5.20702945537612,1.91887642993483e-07,4.35661159254206e-07
"GALR2","ENSG00000182687",11.6403245611168,1.77999781229064,0.247003354430033,7.20637100819151,5.74627058006635e-13,2.03077265433789e-12
"TSKU","ENSG00000182704",3329.93403733833,1.73190060148059,0.15845377763276,10.9300051242358,8.28437457380492e-28,7.41903474720177e-27
"SLC35D3","ENSG00000182747",7.61179739626111,1.15165754789165,0.354602879880897,3.24773884599716,0.00116325985592951,0.00184098784735068
"PAPPA","ENSG00000182752",303.504797424124,1.04662310093589,0.222036971238717,4.71373346112995,2.4321876785927e-06,5.02124542899034e-06
"GRID1","ENSG00000182771",79.9893670673148,-1.43784614970434,0.147918069395496,-9.72055784381485,2.46427703941478e-22,1.6276599876799e-21
"RPS17","ENSG00000182774",182.52278731361,1.02832146430803,0.112500360717448,9.14060593006211,6.2103377256435e-20,3.48125228461589e-19
"HCAR2","ENSG00000182782",381.962647501212,-1.34418930682918,0.22008100179449,-6.10770259981086,1.01075466995169e-09,2.79484365777245e-09
"CCDC87","ENSG00000182791",39.427425238269,1.0335286830325,0.152888416137471,6.76001955637498,1.37973115497037e-11,4.41006244299478e-11
"GSTA5","ENSG00000182793",2.766288258741,1.41333129582552,0.35817320991363,3.94594362924667,7.94863141266681e-05,0.000142738721263395
"MAGEB17","ENSG00000182798",3.91503095603553,1.82112303071042,0.446165964717341,4.08171661382589,4.4704285397671e-05,8.25143159294954e-05
"PLCXD3","ENSG00000182836",187.283669303312,-1.02965780393493,0.256436085657113,-4.01526096179659,5.93800551883438e-05,0.000108086198116484
"COL18A1","ENSG00000182871",6771.45155756238,1.00967689443443,0.140898611853611,7.16598184433114,7.72310092918081e-13,2.70270770439727e-12
"TCHHL1","ENSG00000182898",1.80451633019627,2.88430699441536,0.739884421152018,3.89832102414647,9.6861951981372e-05,0.000172230041419327
"RGS7","ENSG00000182901",35.908148125865,3.01299141518865,0.375828499359631,8.0169317130618,1.08419356247646e-15,4.61562584187276e-15
"TCEAL7","ENSG00000182916",75.9498275905605,-1.23500943328894,0.144594434478304,-8.54119619295759,1.32839450598896e-17,6.41537460071807e-17
"WFDC10B","ENSG00000182931",51.9710498414665,2.48561596014066,0.242061194957291,10.2685437068061,9.76678189007669e-25,7.3643922612365e-24
"ODF3L1","ENSG00000182950",34.3750138953294,-2.35874687448683,0.169133949932527,-13.9460284314758,3.32618609672809e-44,6.92040091032042e-43
"SOX1","ENSG00000182968",6.83845723410222,3.34457932173064,0.700313177461982,4.77583376890292,1.789641861104e-06,3.73522242164165e-06
"CADM1","ENSG00000182985",5591.11630592488,-1.37321334083713,0.169336997345924,-8.10935213426458,5.08903672680967e-16,2.2149874520264e-15
"PYCR1","ENSG00000183010",3607.63722206785,3.69610076544586,0.131865293262954,28.0293675006313,7.12911340138143e-173,6.37806130454589e-169
"MCEMP1","ENSG00000183019",777.858052832322,-4.02789776025786,0.239940576550887,-16.7870637728655,3.03492972332123e-63,1.42905256682597e-61
"SLC25A21","ENSG00000183032",84.8842382700675,1.91436908437273,0.217415310793429,8.80512544119587,1.30706315285483e-18,6.74762867686999e-18
"PCP4","ENSG00000183036",627.365399371848,5.24172360813549,0.349150414026056,15.0127950521185,6.05418161269689e-51,1.7528717086729e-49
"SLC25A10","ENSG00000183048",360.901844221534,2.27734417317406,0.136275982075574,16.7112659067914,1.08507369371169e-62,4.95286316366919e-61
"IGSF5","ENSG00000183067",10.8599429372574,1.48042640149926,0.260512092926281,5.68275501098596,1.32542068784424e-08,3.33039634427707e-08
"NKX2-5","ENSG00000183072",4.30846367831213,3.42962138937957,0.639684053407103,5.36143017965295,8.25656349817054e-08,1.94438919021802e-07
"GAS6","ENSG00000183087",4422.64421657604,-1.70321755204127,0.128772765791766,-13.2265354523447,6.16649451287295e-40,1.0379782344199e-38
"FREM3","ENSG00000183090",23.4908565100874,-4.21679829794564,0.281654223434893,-14.971542931329,1.1267647858378e-50,3.23096190913394e-49
"NEB","ENSG00000183091",317.567245153388,2.02534735372357,0.234248375158956,8.646153265094,5.3264563017721e-18,2.64006323012765e-17
"ARHGEF37","ENSG00000183111",456.735799301503,-1.32967240660109,0.14482213974677,-9.18141665995332,4.25456798944337e-20,2.41519622573319e-19
"CALHM3","ENSG00000183128",8.29616446985172,1.85832366159112,0.34787185918101,5.3419775487622,9.19380440434318e-08,2.15687350474515e-07
"RIPPLY3","ENSG00000183145",95.2592695001118,1.41665509499116,0.25309969284975,5.59722170754331,2.17814090342029e-08,5.37342826208455e-08
"GPR19","ENSG00000183150",51.2129223318881,2.44223861954696,0.173499413044275,14.0763509034105,5.30807692285974e-45,1.14707029445325e-43
"GABRR3","ENSG00000183185",2.10029707286386,2.51171509336451,0.475494083637694,5.28232669931248,1.27553474481267e-07,2.94302297729634e-07
"CHST6","ENSG00000183196",553.113501554296,1.19459306602647,0.219730334205148,5.43663245381111,5.4296979745984e-08,1.29763037076919e-07
"PRR36","ENSG00000183248",831.289083094435,2.17670747031533,0.172666275186888,12.6064425027953,1.94579644722716e-36,2.75226370199491e-35
"OR51B4","ENSG00000183251",2.15102395969264,1.30358657376583,0.533691681064501,2.44258364898193,0.0145825497610636,0.0201829798015711
"CCDC60","ENSG00000183273",71.8996499100096,-1.6056143640641,0.305155099928776,-5.261633721471,1.42780988627007e-07,3.27956383761623e-07
"CCBE1","ENSG00000183287",484.977619690139,-2.10167822085538,0.240233332135494,-8.74848715693626,2.1623197359958e-18,1.10072224853977e-17
"MAGEA2B","ENSG00000183305",0.840610670457616,1.80279018109749,0.795849581547038,2.26523984292745,0.0234979653781741,0.0317009043588682
"EPHA10","ENSG00000183317",522.23242953649,3.63340495885917,0.180941296443674,20.0805732592407,1.09128192576801e-89,1.71283399103219e-87
"REC114","ENSG00000183324",4.9346467355614,2.29021839303291,0.348125140478351,6.57872163408241,4.74510168342242e-11,1.45833226419576e-10
"CABCOCO1","ENSG00000183346",134.135241606933,-1.79292179495362,0.245983296719177,-7.28879488512783,3.12739752798092e-13,1.12728694536992e-12
"OVCH2","ENSG00000183378",21.0116705884448,-2.95624949299291,0.279469512102086,-10.5780751208133,3.76615825663739e-26,3.07146169945364e-25
"SYNDIG1L","ENSG00000183379",59.3946386532195,-2.35799110879837,0.249149313600782,-9.46416859320205,2.95905623822413e-21,1.81013310326648e-20
"TMEM89","ENSG00000183396",2.72549676113305,1.36388500684211,0.300222370666184,4.54291598529348,5.54813676526634e-06,1.10857410542614e-05
"TFDP3","ENSG00000183434",1.06741792428388,1.2927815409289,0.589574108181636,2.19273798321315,0.028326262430912,0.0378070873993965
"GRIN2A","ENSG00000183454",112.380494937344,1.59603355327169,0.34871705852148,4.57687260852306,4.719786735817e-06,9.49742960683464e-06
"TREX2","ENSG00000183479",39.593066987857,1.14234188220656,0.156935433683332,7.27905645905058,3.36162985166967e-13,1.20782415533987e-12
"MX2","ENSG00000183486",2750.20425003399,1.47068142351736,0.132725329621389,11.0806386973203,1.55757461869776e-28,1.45457633884963e-27
"MEX3B","ENSG00000183496",216.316263186075,1.11491221749497,0.117211316379527,9.51198443915529,1.87059506753737e-21,1.16056024769231e-20
"ACSM5","ENSG00000183549",45.482898019092,-1.118861289762,0.194673795613788,-5.74736464265431,9.06451103335364e-09,2.30680267273214e-08
"TNFAIP8L3","ENSG00000183578",229.325127752115,-1.19229629363174,0.132508402029568,-8.99789202322198,2.30092954918233e-19,1.240449907307e-18
"FBXL7","ENSG00000183580",458.752211536415,-1.0310801163215,0.127687274711198,-8.07504207959322,6.74533802273618e-16,2.91180538578573e-15
"H3C13","ENSG00000183598",7.77378642069184,1.89119178373327,0.286590303690746,6.59893848248969,4.1411208839061e-11,1.27819692902763e-10
"SFXN4","ENSG00000183605",1154.45152338896,1.38366626715662,0.090883349160549,15.2246399361044,2.42691048241172e-52,7.46129025116718e-51
"GKN2","ENSG00000183607",952.032235238599,-1.82541703216593,0.392771630105657,-4.64752770375723,3.3593698814119e-06,6.84615094397531e-06
"FAM167B","ENSG00000183615",225.99601606788,-1.43670717481262,0.116215761894097,-12.3624123905141,4.17438364612698e-35,5.51377516505112e-34
"CCR3","ENSG00000183625",44.5215429583458,1.38660445552879,0.203131193028089,6.82615227557416,8.72223474717310e-12,2.82627573942717e-11
"DGCR6","ENSG00000183628",42.429025755354,1.96368664372061,0.362396393538512,5.41861530283669,6.00623982993296e-08,1.43006851998657e-07
"PRR32","ENSG00000183631",8.06034270141052,3.18572251203109,0.458629716095385,6.94617553165379,3.75321735855067e-12,1.24918746645363e-11
"HOATZ","ENSG00000183644",104.448135382429,-2.41683766917436,0.30452106645907,-7.93652044266436,2.07932109633209e-15,8.6826820015566e-15
"MARCHF11","ENSG00000183654",5.69965461107395,3.41758010479096,0.867141849382851,3.94120074728635,8.10747371628075e-05,0.000145445184685594
"PSG9","ENSG00000183668",2.41500033948304,3.40763232488062,0.737842521715756,4.61837346668043,3.86759704070575e-06,7.83991320373264e-06
"GPR1","ENSG00000183671",39.0570201992436,1.02363474045649,0.245905282324426,4.16271960805625,3.14479444582622e-05,5.88965951634588e-05
"BMP8A","ENSG00000183682",498.910325338113,2.76666828670467,0.16993620887711,16.2806285075207,1.35470410837176e-59,5.4840996857683e-58
"RFLNB","ENSG00000183688",951.654808637277,-1.35079834337796,0.107095495932695,-12.6130266414461,1.7898491809313e-36,2.53368444575979e-35
"IFNL2","ENSG00000183709",1.11662539394524,2.26656877407356,0.501861478389523,4.51632347106415,6.29225245291983e-06,1.25152593530563e-05
"OPCML","ENSG00000183715",22.1625800424929,1.7530716941606,0.247649533458597,7.07884109320837,1.45364953768528e-12,5.00099042065041e-12
"LHFPL6","ENSG00000183722",1570.95487873088,-1.70299770077412,0.101296374149741,-16.8120301942562,1.99229633879235e-63,9.50617557066972e-62
"ASCL2","ENSG00000183734",148.287461932808,1.30869589370061,0.21873953466047,5.98289603080662,2.19204699010277e-09,5.87423944794203e-09
"ACSM2A","ENSG00000183747",1.45948402196036,-2.20113033243322,0.331808265956856,-6.63374170648125,3.27282339553159e-11,1.01933209775886e-10
"ACP7","ENSG00000183760",15.9274181920109,1.31485496105093,0.352300350055931,3.73219884919836,0.000189815562756662,0.000326731107686864
"TRAIP","ENSG00000183763",227.611637061075,1.80971876550115,0.111365284822324,16.250295308708,2.22291099533954e-59,8.87824697312733e-58
"CHEK2","ENSG00000183765",647.31275577673,1.48638116455474,0.114302860636142,13.0038842097427,1.16283753208016e-38,1.82674731883321e-37
"FOXL2","ENSG00000183770",7.04082068068453,4.01191440540794,0.526598196701561,7.61854945675329,2.56542195514177e-14,9.93358473130311e-14
"KCTD16","ENSG00000183775",69.1368401480168,-1.58379291953668,0.190885355671543,-8.29708970583323,1.06692815372405e-16,4.84900824348092e-16
"B3GALT5","ENSG00000183778",122.637267244828,1.64888661910536,0.332734798046486,4.95555808645839,7.21229713721941e-07,1.55725392393227e-06
"SLC35F3","ENSG00000183780",132.531292129751,2.20389831441406,0.23871841952666,9.23220888770978,2.65107433268011e-20,1.52477251798924e-19
"OLFML1","ENSG00000183801",534.095023171501,-1.63329524220432,0.124308439309981,-13.1390535612104,1.96671188356713e-39,3.21667054229129e-38
"FAM162B","ENSG00000183807",143.386323003512,-2.2841976679682,0.151873081252521,-15.0401746585377,4.00492026123548e-51,1.16710159990694e-49
"CFAP91","ENSG00000183833",114.885917716616,-1.37736333317537,0.236119834096934,-5.83332331416901,5.43341387120152e-09,1.40735486967876e-08
"PNMA3","ENSG00000183837",105.16751052809,2.669596175794,0.275770380443109,9.68050365490476,3.64913813756839e-22,2.38125560523381e-21
"ZNF730","ENSG00000183850",39.9139918898248,1.78344614455435,0.268677895420253,6.63785958932262,3.18270817193344e-11,9.92128873177788e-11
"IQGAP3","ENSG00000183856",1342.82350196705,3.61331474347724,0.150434366900845,24.0192106226555,1.75189165462241e-127,2.84969067055989e-124
"SCN5A","ENSG00000183873",30.8561544236451,1.4999480941132,0.241166336924962,6.21955830667987,4.9855633378038e-10,1.41351108862816e-09
"SRARP","ENSG00000183888",4.77122616465964,1.4865079016363,0.468513166993668,3.17281990424058,0.00150966139280004,0.0023583351930654
"AC138969.1","ENSG00000183889",5.59159928053916,1.44089230418757,0.248550495847974,5.7971813706173,6.74387454842919e-09,1.73398688453863e-08
"KCNH8","ENSG00000183960",60.2905258709845,2.07453748329221,0.278337472875279,7.45331723343552,9.10220623641756e-14,3.38887379438886e-13
"NPW","ENSG00000183971",152.202768029251,4.99172980227903,0.341267681502202,14.6270217569571,1.8887573965246e-48,4.80733088136765e-47
"ST6GALNAC3","ENSG00000184005",169.910805211118,-1.9565421385825,0.148053523396897,-13.215100145489,7.17907077690649e-40,1.20163810487547e-38
"DIABLO","ENSG00000184047",66.4340705223414,1.1278529078105,0.132814945819931,8.49191256938528,2.03263908580648e-17,9.69608402088387e-17
"CLDN5","ENSG00000184113",1805.07439098519,-2.70275093652174,0.176341270149829,-15.3268201721885,5.06165492811036e-53,1.59451041599786e-51
"NIPSNAP1","ENSG00000184117",2781.95299312369,1.06686926519726,0.0957009013596998,11.1479541993794,7.32716126769784e-29,6.98481068529128e-28
"CNTN2","ENSG00000184144",14.0659758440539,1.70496368894341,0.283291764033943,6.01840189303606,1.76147419421469e-09,4.75816089327951e-09
"KCNQ3","ENSG00000184156",1655.5409406403,2.02202961650868,0.18414531238413,10.980619546213,4.73664100217782e-28,4.29998566473707e-27
"C1QTNF12","ENSG00000184163",63.9837902727199,1.91670982136395,0.225170555584041,8.51225781449283,1.70578779898715e-17,8.16960949873582e-17
"CRELD2","ENSG00000184164",2513.54508041229,1.07283521932018,0.100560506989273,10.6685542012494,1.42831480285279e-26,1.19090572075699e-25
"DGAT2L6","ENSG00000184210",2.22182247983467,1.88995560405556,0.465648106207181,4.05876364332225,4.93332148477332e-05,9.05538790798616e-05
"IRAK1","ENSG00000184216",7810.7045598965,1.20782457875073,0.0899521342752106,13.427414351897,4.17744300701777e-41,7.49719034348736e-40
"PCDH9","ENSG00000184226",329.831951604014,-1.78567807698443,0.244766462282438,-7.29543606723343,2.97693310654339e-13,1.07456655387091e-12
"H2AC20","ENSG00000184260",47.4792279327422,2.08629572390599,0.234088635851475,8.91241779558109,4.9931575130451e-19,2.64327122428745e-18
"KCNK12","ENSG00000184261",54.3780623632731,2.12798941598046,0.224804719542303,9.46594635696703,2.90914695484184e-21,1.78081992688967e-20
"H2AC21","ENSG00000184270",9.94958789008234,4.2964501104538,0.517263452598465,8.30611574985753,9.88857758372963e-17,4.50219640472454e-16
"SIX6","ENSG00000184302",1.46057562322225,2.13456542571318,0.562317536874108,3.79601432596094,0.000147041004949617,0.000256283333485632
"CCSER1","ENSG00000184305",229.128145828955,1.63235627167509,0.18085953302594,9.02554730936395,1.78799341706622e-19,9.70648246710128e-19
"S100A7A","ENSG00000184330",4.55804199407131,3.20131927273603,0.732324280348385,4.37145040611392,1.2342388716016e-05,2.39369565679247e-05
"SRPK3","ENSG00000184343",255.253933291362,3.16150245115752,0.21752969220211,14.5336593784177,7.41510310335045e-48,1.82250604159684e-46
"SLIT3","ENSG00000184347",1756.89568932215,-2.46660044867331,0.178572278259735,-13.812896787292,2.13087326392065e-43,4.24112517367433e-42
"EFNA5","ENSG00000184349",1662.3219296305,1.43728310674771,0.148987451630456,9.6470077917213,5.06109288982654e-22,3.27160892621627e-21
"H1-5","ENSG00000184357",29.5833972703965,5.42606280936902,0.465839827420852,11.6479152059855,2.35141083449352e-31,2.57174780327582e-30
"PKP3","ENSG00000184363",3647.83957355081,1.56540084989818,0.113905186680138,13.7430164114831,5.60893291680663e-43,1.09683755934886e-41
"MAP7D2","ENSG00000184368",454.765671589498,3.36543275615893,0.240104877603788,14.016511408454,1.23539883344897e-44,2.62841751806211e-43
"COLEC10","ENSG00000184374",38.1240394149446,-3.08799897437788,0.188057809744742,-16.4204771850174,1.3648910203932e-60,5.77352128319045e-59
"PABPC1L2B","ENSG00000184388",1.59360214519713,2.5595211962333,0.893258162317942,2.86537677930815,0.0041651333628063,0.00616892072350742
"KCND2","ENSG00000184408",142.495586077293,2.28386079102007,0.215495784716613,10.59816921256,3.03870487263136e-26,2.48953966510957e-25
"KNTC1","ENSG00000184445",1343.02438565317,2.14619479568158,0.122147720512309,17.5704858566337,4.14606441545793e-69,2.50626792519556e-67
"BPIFC","ENSG00000184459",1.70393330565793,2.02577869564856,0.44004325273376,4.60358994954121,4.15269715552009e-06,8.39690475802022e-06
"OR56A3","ENSG00000184478",7.41479247762449,4.65100118838648,0.833018959178332,5.5833077232409,2.35986653051156e-08,5.8049342631899e-08
"POU3F2","ENSG00000184486",103.477963104615,5.97972015734872,0.43646159613937,13.7004497308379,1.00897408406502e-42,1.94542815583788e-41
"TMEM255B","ENSG00000184497",356.165389823973,-1.00724695086897,0.119419685494899,-8.43451351169395,3.32583337937427e-17,1.56191959730036e-16
"PROS1","ENSG00000184500",2465.888010898,-1.51064360507609,0.12713402632098,-11.8822918520815,1.46300290653917e-32,1.69105368260371e-31
"GAST","ENSG00000184502",1.21714301233459,2.36911923708072,0.644346340480739,3.6767792229768,0.000236197293354609,0.000403040069616061
"BEX5","ENSG00000184515",176.332473146604,-1.24937725137001,0.189256623449731,-6.60149815946531,4.07023322062803e-11,1.25740129517778e-10
"CEND1","ENSG00000184524",13.597756609812,1.32838735808492,0.212457840621802,6.25247509904608,4.03998174681364e-10,1.15382910448103e-09
"DUSP8","ENSG00000184545",760.863548268069,-1.14511470495247,0.123791903247398,-9.25031989098643,2.23821801048999e-20,1.29564655003874e-19
"SOCS3","ENSG00000184557",8628.0959342889,-1.52150830131171,0.139521333305332,-10.9052018445237,1.08851424436358e-27,9.68031082226521e-27
"PIWIL3","ENSG00000184571",18.0767785719555,5.39397223264302,0.677819173500912,7.95783365758649,1.7507750579228e-15,7.33988240661026e-15
"TAFA3","ENSG00000184599",5.04467496302473,1.6874008046829,0.301627437613054,5.59432131916196,2.21486434381357e-08,5.46026008595429e-08
"C14orf180","ENSG00000184601",2.95319823083295,-1.07726641181101,0.355938817497315,-3.02654939235206,0.00247362404091808,0.00376845934134927
"NELL2","ENSG00000184613",378.269826913355,-1.13343829802996,0.18690971971577,-6.06409500668856,1.32698701274041e-09,3.62666543744678e-09
"ZNF93","ENSG00000184635",250.20394585753,1.21803925771786,0.131412902778745,9.26879501146567,1.88260671807442e-20,1.09439512691701e-19
"CDCA2","ENSG00000184661",264.372216260884,2.96608000109805,0.159881340040763,18.5517584499968,7.8927189613666e-77,6.36146037728525e-75
"H2BC21","ENSG00000184678",1493.89456315701,1.14381712003793,0.161442979007258,7.08496044282302,1.39084024538599e-12,4.79135627853129e-12
"CLDN6","ENSG00000184697",628.450094568789,5.84939992969424,0.406741159849271,14.3811359830461,6.79696710650963e-47,1.60234693592591e-45
"OR51M1","ENSG00000184698",1.49534887300393,1.73317939125985,0.63052338047333,2.74879480275381,0.00598148190103014,0.00868440893014705
"SEPTIN5","ENSG00000184702",6.84119367619889,1.39804088904913,0.240483705823815,5.81345369849455,6.11969042326528e-09,1.57962522711318e-08
"LRRC26","ENSG00000184709",16.0084755236959,1.69167034693347,0.351764850073968,4.80909433269911,1.516156494345e-06,3.18709917214698e-06
"APOBR","ENSG00000184730",929.80258827869,-1.60677063759625,0.143233570235392,-11.2178355601669,3.33328880446141e-29,3.23090664020737e-28
"DDX53","ENSG00000184735",7.81270972298986,4.60665442571459,0.678892807624814,6.78554018245017,1.15652954941466e-11,3.71722350057059e-11
"TCTE3","ENSG00000184786",89.2091755558433,1.05993531306405,0.125685584337488,8.4332289868497,3.36255834565928e-17,1.57792437657701e-16
"SATL1","ENSG00000184788",2.47872027373596,1.90294339115034,0.397962464499705,4.78171576694452,1.73805314077621e-06,3.63221033028601e-06
"TRARG1","ENSG00000184811",2.51037616054957,-1.02874151709893,0.317503425938715,-3.24009580072217,0.00119489546719205,0.00188821554309523
"TCEAL2","ENSG00000184905",78.9594602510335,-2.50237508571147,0.265136001837349,-9.43808109185635,3.79668479270544e-21,2.30754351208826e-20
"LCN12","ENSG00000184925",101.390239970727,2.44242649116807,0.212127799116599,11.5139387734163,1.12232689037658e-30,1.18546605959316e-29
"OR6A2","ENSG00000184933",2.33795992635811,2.22469512690999,0.574936665871713,3.86946121019596,0.000109076132902555,0.000192741383174543
"FAM227A","ENSG00000184949",403.053002529813,1.13285175920575,0.192856606716401,5.87406248867395,4.25242956769865e-09,1.11240822009988e-08
"MUC6","ENSG00000184956",1056.7440859739,4.77984515213486,0.428867695131733,11.1452674248795,7.55170904908453e-29,7.19503354713895e-28
"BRI3BP","ENSG00000184992",1371.40681150814,1.21147420059864,0.097219373929405,12.4612425654822,1.21463204571187e-35,1.65022104737452e-34
"IFNE","ENSG00000184995",11.5604271158602,2.85289588295944,0.414140036831558,6.88872272477193,5.62955423688102e-12,1.84926774298719e-11
"SLC22A10","ENSG00000184999",2.98850573989722,-2.22580900670523,0.272229913392371,-8.17621024437941,2.92910717968419e-16,1.2918539503596e-15
"RFX6","ENSG00000185002",12.8170258178246,3.51809359344947,0.56927282487129,6.17997810495327,6.41104924314518e-10,1.79998280413615e-09
"ROBO2","ENSG00000185008",450.195854009773,-1.53908330249839,0.219111388483794,-7.02420496327703,2.15288578273125e-12,7.30544003611041e-12
"F8","ENSG00000185010",983.967981640358,-1.80528101475823,0.108776663925912,-16.5962160412256,7.42251537414576e-62,3.27928561949605e-60
"MAFF","ENSG00000185022",1538.33538371547,-1.5081583496855,0.11376294703991,-13.2570260258501,4.10868890897193e-40,6.98828618329227e-39
"LRRC14B","ENSG00000185028",5.82117634181997,3.26324111073182,0.366465086057038,8.90464394805652,5.35576712091593e-19,2.82853427079542e-18
"SEMA4B","ENSG00000185033",8992.09941864253,1.58073913573509,0.129504046940188,12.2060983659079,2.88390306871716e-34,3.63392095834903e-33
"MROH2A","ENSG00000185038",49.7536076732126,2.25367739726065,0.36185794037211,6.22807225106935,4.7220930581385e-10,1.34093653530031e-09
"SPDYE16","ENSG00000185040",4.36596306584464,-1.40184311108163,0.236141977128345,-5.93644183100796,2.91274191236627e-09,7.73144801037973e-09
"MANEAL","ENSG00000185090",378.923526150148,1.7741978848676,0.149884958996917,11.8370642173915,2.51089049179572e-32,2.87627167539698e-31
"ADSS1","ENSG00000185100",758.706734421049,1.67860802681627,0.165386308481345,10.1496190478525,3.32659404711647e-24,2.43646120691997e-23
"ANO9","ENSG00000185101",1689.99964624111,1.67075759047248,0.151777064997223,11.0079713987291,3.49790990875991e-28,3.20921224670774e-27
"MYADML2","ENSG00000185105",4.5641554936369,2.52559593976217,0.308076536881536,8.19794965668981,2.44521710169781e-16,1.08458774419135e-15
"FAM43A","ENSG00000185112",483.630775741118,-1.18994304317207,0.137435603150292,-8.65818620427504,4.79330079616592e-18,2.38174204792549e-17
"H2BC13","ENSG00000185130",11.98908297453,2.94625058744236,0.322186897417248,9.144538809804,5.98848342151741e-20,3.35899479188749e-19
"NPY2R","ENSG00000185149",0.922967086216988,-1.16417545335189,0.525030945560184,-2.21734635490822,0.0265994325163415,0.0356458692341895
"MIXL1","ENSG00000185155",43.0461100354893,1.99177806917707,0.207494977125456,9.59916281719341,8.05963781179686e-22,5.12477254322961e-21
"MFSD6L","ENSG00000185156",231.893373889298,1.96850572794574,0.240821303998476,8.17413449417332,2.9799725810039e-16,1.31331648748529e-15
"AQP12B","ENSG00000185176",0.99488885002096,2.09393285868914,0.806756291526247,2.59549616245046,0.00944544577187601,0.0133920254513611
"MC2R","ENSG00000185231",2.91530995164185,1.26331765194635,0.435216064610617,2.90273672015445,0.00369917475764881,0.00551485868510333
"MAGEA11","ENSG00000185247",8.66617502935849,5.11350039760225,0.774223992772438,6.60467829121542,3.98381503007036e-11,1.23188408161178e-10
"PPIL6","ENSG00000185250",299.505261449009,-1.32185077108434,0.176801025149518,-7.47648815931054,7.6335017327741e-14,2.85446701158886e-13
"KLHL33","ENSG00000185271",17.2545690194154,-1.70890983871088,0.163654300276104,-10.4421933052034,1.59091790368457e-25,1.24961782487393e-24
"IL3RA","ENSG00000185291",605.959756738524,-1.72000436491008,0.101602336815749,-16.9287874552454,2.76007325743399e-64,1.3456673241217e-62
"IL3RA","ENSG00000185291",605.959756738524,-1.72000436491008,0.101602336815749,-16.9287874552454,2.76007325743399e-64,1.3456673241217e-62
"CCDC137","ENSG00000185298",1410.10717925718,1.01187467147961,0.0878638438334867,11.5163943134247,1.09080724740556e-30,1.15285375533536e-29
"SFTPA2","ENSG00000185303",243848.008108017,-2.66995649376969,0.324839467734959,-8.21931064099682,2.0467625354992e-16,9.13284839094442e-16
"C12orf56","ENSG00000185306",93.5895774947699,4.85650102153253,0.371744282454373,13.0640906955404,5.28118933694153e-39,8.41463230684727e-38
"HS6ST3","ENSG00000185352",35.0517589912026,1.09365308457901,0.318872008079564,3.42975569152537,0.000604124931263309,0.000985109577608164
"METTL7A","ENSG00000185432",4334.31073635494,-1.88446167962568,0.129257221058457,-14.5791597884766,3.8117915623417e-48,9.55243507352662e-47
"KPNA7","ENSG00000185467",171.871920314941,2.23632014171063,0.186027975673824,12.0214184646707,2.74223127616298e-33,3.28865577911422e-32
"KRT6B","ENSG00000185479",134.889716979813,4.3753262604453,0.42380594785226,10.3238906452784,5.49503186804667e-25,4.19823250277366e-24
"PARPBP","ENSG00000185480",202.933314509271,2.16622636538791,0.146035296454284,14.833580771112,8.88634878395982e-50,2.43496843478397e-48
"STAC3","ENSG00000185482",229.029543910376,-1.05360686499087,0.108664145157402,-9.69599368278008,3.13570273546602e-22,2.05671294155768e-21
"ROR1","ENSG00000185483",560.379766584645,-1.80157159364937,0.152129953509321,-11.8423200171358,2.35837452772345e-32,2.70676045058087e-31
"IRF7","ENSG00000185507",2338.35186002116,1.26854626086325,0.119856406742228,10.5838836266089,3.53975037745486e-26,2.89076921514376e-25
"FAM131C","ENSG00000185519",14.5987656553153,3.51923668367408,0.324074313618832,10.8593508827525,1.80024283737537e-27,1.57823346835656e-26
"PRKG1","ENSG00000185532",543.001045395412,-1.35769228094893,0.142004325628246,-9.5609219996808,1.16712248659163e-21,7.34035945609282e-21
"DLK1","ENSG00000185559",119.030946936209,4.67009124248598,0.641454627527272,7.28047010977005,3.32658888097203e-13,1.19619483213892e-12
"TLCD2","ENSG00000185561",757.114478607391,-1.03684604426741,0.114874397141564,-9.02591064734525,1.78206941490318e-19,9.6772588894879e-19
"LSAMP","ENSG00000185565",707.027176070079,-1.39587370062365,0.157814244207225,-8.84504252221198,9.14934632396307e-19,4.76175839949596e-18
"AHNAK2","ENSG00000185567",4669.37228760486,2.18363813775899,0.207434525968538,10.5268789154713,6.49524491673856e-26,5.22804396289712e-25
"OLFML2A","ENSG00000185585",1329.07609711869,-1.18827866362027,0.143113430673862,-8.30305484275764,1.01468008538872e-16,4.61741372529513e-16
"INKA1","ENSG00000185614",90.1223475584649,-1.47593700346166,0.126067515634048,-11.7075124074472,1.16652025340582e-31,1.29321851884699e-30
"PDIA2","ENSG00000185615",101.56799487687,4.08851684823461,0.334054920123781,12.2390559214624,1.92255847938376e-34,2.44494235050558e-33
"P4HB","ENSG00000185624",39389.3528205083,1.06196469552911,0.0838289143706626,12.6682386799556,8.86833051708907e-37,1.27865461677901e-35
"KRT79","ENSG00000185640",17.8012353222377,-3.11441863704427,0.27570142397463,-11.296345851775,1.36792311388082e-29,1.36510029429278e-28
"SMIM23","ENSG00000185662",3.86814246813872,1.42352334175715,0.342483650292098,4.15647094552704,3.23201252562155e-05,6.0479397742048e-05
"PMEL","ENSG00000185664",183.067120581729,1.01717985240725,0.133836190885579,7.6001853136785,2.95706992583908e-14,1.14007438446539e-13
"MORN5","ENSG00000185681",84.1363908188109,-2.19509804606628,0.329034120786176,-6.67133864664684,2.53480545876371e-11,7.96405163716578e-11
"PRAME","ENSG00000185686",1066.62960261342,7.53458946508109,0.395587248660432,19.0465933636519,7.01194929840858e-81,6.63834967176851e-79
"MYBL1","ENSG00000185697",357.199209633565,1.20452959426235,0.149056414838233,8.08103157163409,6.42211798996222e-16,2.77562698537183e-15
"ADARB2","ENSG00000185736",49.8880456619731,-1.25150458605597,0.228478405088945,-5.47756180969823,4.31226397180468e-08,1.03946301020478e-07
"NRG3","ENSG00000185737",25.540022072753,-2.39954965695896,0.25646437655068,-9.35626884806277,8.26022204361957e-21,4.90378742622711e-20
"SRL","ENSG00000185739",43.3678555824686,-1.81269407393508,0.165099051748768,-10.9794335868959,4.79923432161968e-28,4.35239228163918e-27
"CLDN24","ENSG00000185758",1.78815544540694,-1.36094193758511,0.377048423648082,-3.60946194766575,0.000306832777810126,0.000517207620664775
"KCNQ5","ENSG00000185760",225.4888279463,2.7141339148732,0.234634431270473,11.5675005589632,6.02112273778682e-31,6.44739372514779e-30
"ADAMTSL5","ENSG00000185761",169.891782521532,1.48571612558718,0.175895293048574,8.44659399258001,2.99924535990009e-17,1.41448332168404e-16
"SLC52A2","ENSG00000185803",3117.4221418832,1.43596880315394,0.109746739628418,13.0843869076736,4.04410017850559e-39,6.49560902100544e-38
"NAT8L","ENSG00000185818",173.415372598106,3.35614999282141,0.268685705726419,12.4909882486964,8.36085912326693e-36,1.1411201547873e-34
"DNAH14","ENSG00000185842",546.137577283646,2.13897986553312,0.141895213018025,15.0743624117989,2.38810120295241e-51,7.01646877248398e-50
"EVI2B","ENSG00000185862",1163.24252720043,-1.22963379406939,0.127064319580469,-9.67725478032938,3.76694878479411e-22,2.45544679804448e-21
"TMEM210","ENSG00000185863",1.4983505593689,2.19448125723212,0.474248428483697,4.62728208556954,3.70495731798505e-06,7.51874801981473e-06
"THNSL1","ENSG00000185875",465.354490963572,1.00448105302658,0.0931407924682972,10.7845448423523,4.07254371794354e-27,3.51011679889999e-26
"IFITM1","ENSG00000185885",3071.84411189581,1.11090947055745,0.157349936710794,7.06012022489264,1.66358608415796e-12,5.70240341069702e-12
"TAS2R60","ENSG00000185899",1.47603231747514,1.21368726155236,0.477774902389813,2.54029095183013,0.0110760285287382,0.0155755563081352
"POMK","ENSG00000185900",2124.36487527,1.23663072561895,0.114985908868518,10.7546284391507,5.63606990076638e-27,4.83211302033603e-26
"C16orf54","ENSG00000185905",370.194944878503,-1.05948315314643,0.153656545099023,-6.89513845611751,5.38123656148978e-12,1.77127420520119e-11
"KLHL34","ENSG00000185915",10.4929295420566,1.51216527440339,0.2871188372243,5.26668779040114,1.38907145579089e-07,3.19509648521229e-07
"RTN4RL1","ENSG00000185924",235.016524748606,-1.05498374228437,0.224428717513089,-4.70075199811648,2.59205162580806e-06,5.33527893024083e-06
"NKAIN3","ENSG00000185942",76.1369820621051,4.61720502975574,0.362877747859978,12.7238582607643,4.35798392284946e-37,6.37591221026536e-36
"C7orf61","ENSG00000185955",10.662322511819,1.43050127053683,0.194511808652883,7.35431581477729,1.91907519680847e-13,7.01628482696039e-13
"FAM186A","ENSG00000185958",25.3964885957215,1.17830036526208,0.181850607862652,6.47949643452403,9.20292417223877e-11,2.76566883127088e-10
"CCIN","ENSG00000185972",13.2093121611108,-1.99075149315864,0.178805907242291,-11.1335890623628,8.60975884632173e-29,8.18567561303053e-28
"GRK1","ENSG00000185974",28.190885409241,1.90361048226229,0.332158445539291,5.73103140331596,9.98217818982369e-09,2.53241336098845e-08
"SLITRK2","ENSG00000185985",28.1040582845571,-2.40590744633726,0.2648056912695,-9.0855579228798,1.03168185012947e-19,5.69925388835031e-19
"PLK5","ENSG00000185988",8.33658072794542,3.60071672416022,0.402391507560915,8.94829204022188,3.61024837834302e-19,1.92945562227275e-18
"LEMD1","ENSG00000186007",153.079354257036,2.82336725497645,0.261034671061025,10.8160622629183,2.88925852532563e-27,2.50593808985223e-26
"ATP4B","ENSG00000186009",13.9221488250876,2.01461815943792,0.277512300709519,7.25956346542881,3.88341553598246e-13,1.38777619703084e-12
"NDUFA13","ENSG00000186010",51.596988899395,1.12595513996251,0.104815649749473,10.7422426198162,6.44592647797264e-27,5.51060499141732e-26
"CD300LF","ENSG00000186074",528.50854916204,-1.76246767006906,0.15392108423683,-11.4504629356512,2.33893053576644e-30,2.43458313417504e-29
"ZPBP2","ENSG00000186075",3.04964201168135,2.60618213856051,0.457644754383569,5.69477113765008,1.2353751931283e-08,3.1111285475925e-08
"NBPF6","ENSG00000186086",1.93001720997502,2.63658860233418,0.647997542884684,4.06882499985557,4.72508187099001e-05,8.69277091482874e-05
"LRRC70","ENSG00000186105",15.0863457932373,-1.0012169229104,0.165017585480009,-6.06733470252898,1.30050353022398e-09,3.55591529130467e-09
"CYP4F2","ENSG00000186115",2.16730502126864,1.28835902754939,0.526589179473998,2.44661128213138,0.0144206272650654,0.0199774143429711
"KIF18B","ENSG00000186185",559.66305037467,3.76756028141093,0.177252769495147,21.2552971225314,2.94492282059832e-100,7.63673971434286e-98
"FFAR4","ENSG00000186188",179.761398988713,-2.37889581698407,0.193205812022343,-12.3127549429463,7.73374563088265e-35,1.00348013468733e-33
"BPIFB4","ENSG00000186191",30.4281013883207,5.40882690052349,0.480687276609955,11.2522780687461,2.25686578213264e-29,2.21879667251096e-28
"SAPCD2","ENSG00000186193",445.404393531468,3.80455882158968,0.164659528753932,23.1056098021222,4.06619467796131e-118,4.04202340959787e-115
"EDARADD","ENSG00000186197",136.192284034538,1.53970835633036,0.235531140343427,6.53717531399589,6.26915480330775e-11,1.90966950792621e-10
"SLC51B","ENSG00000186198",109.295852641876,-1.38049871882776,0.232092461798708,-5.94805496106572,2.71347491172375e-09,7.21965897330453e-09
"SOWAHB","ENSG00000186212",782.076196611323,1.29636031978119,0.136200485197465,9.51803011495675,1.76492797837257e-21,1.09652278878543e-20
"KLHL32","ENSG00000186231",72.0566302527012,-1.25078861756226,0.186077908553179,-6.72185444950224,1.79426140499455e-11,5.67923568363124e-11
"GPAT2","ENSG00000186281",209.032488120033,1.42577255477477,0.263818453146327,5.40437008014735,6.50365426593265e-08,1.54439131758902e-07
"PABPC1L2A","ENSG00000186288",1.1973343898872,2.07841359608903,0.902048633921984,2.30410370120775,0.0212168230360128,0.0287862158464799
"GABRA5","ENSG00000186297",5.72207432854796,4.16618939097926,0.603151024900507,6.9073734752693,4.93708943033624e-12,1.62807484660904e-11
"PRELID2","ENSG00000186314",205.648101528389,1.00192274059447,0.131352406477411,7.62774560028159,2.38894394476583e-14,9.27432718674223e-14
"RGS9BP","ENSG00000186326",20.0642179688092,-1.69080310576587,0.189746996632698,-8.9108293452404,5.06522299955618e-19,2.67904330863313e-18
"TMEM212","ENSG00000186329",48.4983851607778,-2.16942295394672,0.36932630291149,-5.87400067865361,4.25401627530343e-09,1.11266062292069e-08
"THBS2","ENSG00000186340",4270.39516377851,2.94684851922556,0.200454725450711,14.7008184147305,6.36853312104412e-49,1.68071037072039e-47
"CD300E","ENSG00000186407",235.533655947642,-1.3921214343117,0.183697786359211,-7.57832449646119,3.50046003763607e-14,1.34234315159499e-13
"GLDN","ENSG00000186417",415.296661003136,-2.523428154282,0.179544446643843,-14.0546154528948,7.21728818813204e-45,1.55215069170969e-43
"FCAR","ENSG00000186431",43.6629634451827,-1.04954824619572,0.243541535454038,-4.30952463299139,1.63605835575641e-05,3.13694729527962e-05
"KRT3","ENSG00000186442",9.52369462776569,3.4534498694586,0.388514782443723,8.88885063198034,6.17442653610556e-19,3.25225239948592e-18
"AKAP14","ENSG00000186471",44.0660242690653,-2.04880002208235,0.335107385989892,-6.11386113150055,9.72489396098961e-10,2.69361497900909e-09
"KLK12","ENSG00000186474",402.116385229466,4.78122035086718,0.473108773055875,10.1059642584614,5.19816544947075e-24,3.77785436179448e-23
"INSIG1","ENSG00000186480",2708.93189995188,-1.03153738729103,0.10473640211859,-9.84889080038333,6.93045755393107e-23,4.73307927528583e-22
"C5orf38","ENSG00000186493",450.621957875484,-1.12580137507027,0.241042369733472,-4.67055387944911,3.00388678715158e-06,6.14760909098744e-06
"CLCNKA","ENSG00000186510",43.1723767697616,1.18671170665948,0.246411272803281,4.815979777057,1.46479359042511e-06,3.08093942793893e-06
"ARHGAP30","ENSG00000186517",2042.07990752342,-1.14947807804771,0.113362741153745,-10.1398225408891,3.6776705921204e-24,2.69139304314153e-23
"CYP4F8","ENSG00000186526",1.1431276890308,1.60151547014605,0.508053975697489,3.15225457678466,0.00162014953139561,0.0025219082701402
"CYP4F3","ENSG00000186529",522.765890071426,3.00532754388143,0.374648086429543,8.02173466978755,1.04262163210091e-15,4.4428742231916e-15
"FOXD2","ENSG00000186564",80.8035046443879,1.11162975859716,0.142539005149568,7.79877590299379,6.2510557801685e-15,2.52825816172141e-14
"HPDL","ENSG00000186603",94.3997971880711,3.46964392543552,0.233499119147391,14.8593448151099,6.05141039694068e-50,1.68657143664267e-48
"PDE2A","ENSG00000186642",326.796176166235,-1.76640429374105,0.132806922000688,-13.3005438807768,2.29790686785109e-40,3.96494190804817e-39
"SPDYE17","ENSG00000186645",3.06882923444865,1.02733927136287,0.344323437940796,2.98364606692708,0.00284836044620158,0.00430890374229666
"CARMIL3","ENSG00000186648",105.907316391478,1.38925889805305,0.196032463756751,7.0868817920736,1.37167447366625e-12,4.73079632947384e-12
"CYP27C1","ENSG00000186684",167.703859581974,3.01662353673358,0.242846195124707,12.4219510014743,1.98656997709695e-35,2.66659389348805e-34
"CFAP73","ENSG00000186710",96.9758468069941,-1.7762414696836,0.27977804135959,-6.34875225036209,2.17068280929585e-10,6.32059031842646e-10
"CCDC73","ENSG00000186714",7.29583968250655,1.23763315323271,0.22847765512481,5.41686736305407,6.06522996647027e-08,1.44353764019756e-07
"OR10H1","ENSG00000186723",7.72377104719744,4.0715648442973,0.426774567486083,9.54031742866234,1.42395788020046e-21,8.90869872392549e-21
"FSCN2","ENSG00000186765",95.2150985925931,1.0315168607717,0.160760538720877,6.41648049315566,1.39460810243844e-10,4.1320951775014e-10
"ZNF732","ENSG00000186777",22.092813840887,1.96737250919664,0.277043440443906,7.10131416951911,1.23576094632543e-12,4.27853533525559e-12
"FOXE3","ENSG00000186790",5.07290614396757,3.06867837765304,0.398624170999384,7.6981743730181,1.38023939353717e-14,5.44338185333051e-14
"VSIG10L","ENSG00000186806",338.763909438198,1.48279446201108,0.197438176729983,7.51017096373896,5.90501947621051e-14,2.23237932575184e-13
"KRT16","ENSG00000186832",502.166735714565,5.18831357860903,0.336310374174611,15.4271588895895,1.07499377587148e-53,3.50361814784489e-52
"SELENOV","ENSG00000186838",1.2214971125079,1.96414353196415,0.630750322374382,3.11397943416085,0.00184582355255432,0.00285357878225804
"KRT14","ENSG00000186847",132.693371888036,3.29047505841306,0.378590460551987,8.69138396571199,3.58050711570481e-18,1.79506903393965e-17
"QRFPR","ENSG00000186867",3.46404701583041,-2.15542758116193,0.376370462051554,-5.72687763384229,1.02295898652668e-08,2.59354643624427e-08
"ERCC6L","ENSG00000186871",205.835320447754,3.29700678419404,0.15304149617232,21.5432210652313,6.12930838359955e-103,2.06927763976881e-100
"TNFRSF18","ENSG00000186891",360.337320049447,2.65559347624797,0.188695377568408,14.0734421291546,5.53103485760746e-45,1.19237116514663e-43
"C1QL4","ENSG00000186897",5.76425420217067,2.94778783417714,0.400241921110477,7.3650152038009,1.77126679309539e-13,6.48920489943812e-13
"RTN4RL2","ENSG00000186907",460.993411320507,2.83105811136539,0.211225092726306,13.4030387906314,5.8037274203159e-41,1.03742352379333e-39
"SERPINA11","ENSG00000186910",3.94819760508435,2.00838267703287,0.52847916375882,3.80030626514809,0.000144517365535473,0.000251982968381039
"P2RY4","ENSG00000186912",8.64867740916585,1.82043574835633,0.2872718530212,6.33697916872484,2.3431365692902e-10,6.80612705102428e-10
"ZACN","ENSG00000186919",8.79964320607025,1.54370378830512,0.237252685650278,6.50658088052424,7.68805179944598e-11,2.32368768323458e-10
"TMEM232","ENSG00000186952",112.941975172207,-1.74906604632574,0.240068477175982,-7.28569642670573,3.20012838796969e-13,1.15234246822181e-12
"FAM183A","ENSG00000186973",188.992669959166,-1.9201876250468,0.261673646612096,-7.33810091274985,2.1664580315057e-13,7.89821384631857e-13
"KANK3","ENSG00000186994",270.407378937426,-2.84968647179947,0.138053978831558,-20.6418278989004,1.1560685312497e-94,2.32421732917426e-92
"ESPN","ENSG00000187017",623.670818311276,2.25427523881089,0.205682803360967,10.9599597145451,5.95258604765201e-28,5.37113576150466e-27
"PNLIPRP1","ENSG00000187021",1.58153162579874,1.7177626994228,0.447929884279348,3.83489193221932,0.000125619514013461,0.000220493423998711
"TMPRSS6","ENSG00000187045",589.775823171968,2.30505301829902,0.281493035871255,8.18866801150016,2.64133019300819e-16,1.16838865620508e-15
"TMPRSS11A","ENSG00000187054",6.87380518078699,3.6754035349129,0.4756489299776,7.72713508487443,1.0999390857519e-14,4.37165927617918e-14
"TMEM262","ENSG00000187066",4.22564694146895,1.07822315398848,0.203078458309463,5.30939205942476,1.09991501311268e-07,2.55993487638204e-07
"MITF","ENSG00000187098",786.708140672789,-1.15479591786508,0.117187813219693,-9.85423216064435,6.57170656769113e-23,4.50182027625181e-22
"LILRA5","ENSG00000187116",208.236951641876,-2.0308957002843,0.162173921697359,-12.5229486900752,5.59184461874938e-36,7.72028362371008e-35
"AKR1C1","ENSG00000187134",13102.633765956,3.24119016827648,0.35479030260551,9.13550946706778,6.50995242473111e-20,3.64235705865271e-19
"FOXD3","ENSG00000187140",9.87521043724294,3.7735965114874,0.406853173849875,9.27508190677117,1.77482625616376e-20,1.03241112488745e-19
"SPATA21","ENSG00000187144",4.15068469267947,1.0601640837216,0.337686362749722,3.13949333070152,0.00169240266903834,0.00262911624909732
"ANGPTL5","ENSG00000187151",11.3053711225586,-2.45776054936202,0.211210402809287,-11.6365506465193,2.68662726360369e-31,2.93120863583297e-30
"H1-7","ENSG00000187166",2.77531406664608,-1.04835697201153,0.234807540783019,-4.46475001831518,8.01622911525483e-06,1.57984786385345e-05
"KRT12","ENSG00000187242",6.49566454484541,1.36510666037632,0.310316147954644,4.39908354551967,1.08708973873094e-05,2.11795477952011e-05
"MAGED4B","ENSG00000187243",2.7579336993741,2.38496617121266,0.397012244192475,6.00728618852472,1.88654345384205e-09,5.07836949294356e-09
"NPSR1","ENSG00000187258",13.9235241960487,5.45153690399453,0.415672289931419,13.1149875419744,2.70226636800373e-39,4.36780958651226e-38
"WDR86","ENSG00000187260",350.027890383399,2.29986961477908,0.216634422916554,10.6163627359673,2.50117813585613e-26,2.05952970017827e-25
"FAM9C","ENSG00000187268",3.78533033891125,1.43019312510744,0.433248206117526,3.30109416476032,0.000963085534310183,0.00153724259281107
"CIDEC","ENSG00000187288",20.1589912600555,2.50219333406689,0.394130773584567,6.34863730966699,2.17230496819459e-10,6.32428454212591e-10
"DCC","ENSG00000187323",94.4714155220389,-2.56220928749896,0.203682423221439,-12.5794324663616,2.73991171624564e-36,3.84210347482628e-35
"LHFPL3","ENSG00000187416",61.6796528440876,-2.05299304188057,0.299001761995659,-6.86615700248072,6.59544851509199e-12,2.15468979880484e-11
"H1-6","ENSG00000187475",2.77720797377958,2.71689227647168,0.39815178831433,6.82376007395141,8.86879569392845e-12,2.87220563532057e-11
"C11orf96","ENSG00000187479",1119.31622567238,-1.83514834034664,0.164765140684135,-11.1379648190556,8.19711292049817e-29,7.80164582374861e-28
"CDHR4","ENSG00000187492",192.4105755719,-1.62113676243379,0.322062587179743,-5.03360783576218,4.81333849701022e-07,1.05480790847525e-06
"GJA4","ENSG00000187513",465.765350995756,-1.45545242655101,0.124520862707161,-11.6884222844957,1.46074956463601e-31,1.61241159531352e-30
"AGMO","ENSG00000187546",34.2013206621492,1.72972625019445,0.298102162626966,5.80246126009815,6.53484953727625e-09,1.6821761296286e-08
"PLEKHN1","ENSG00000187583",324.659620301944,3.13263512450332,0.149984839497421,20.8863451466186,7.12693269038728e-97,1.53641212806144e-94
"ISG15","ENSG00000187608",4164.44871558397,1.52777557557466,0.187981494980779,8.12726580204547,4.39081859576042e-16,1.91808879721536e-15
"PERM1","ENSG00000187642",12.3985821453031,2.46475632777843,0.238972480601617,10.3139755739798,6.09275860817297e-25,4.6469620535396e-24
"SPRY4","ENSG00000187678",3217.91765059145,-1.13096982841704,0.131453592836147,-8.60356726671416,7.72759293396738e-18,3.79133041863116e-17
"ERAS","ENSG00000187682",3.72105319801079,1.28240789208906,0.269539670597635,4.75777049532507,1.95742864168455e-06,4.07590721350654e-06
"TRPV2","ENSG00000187688",1258.7472458129,-1.8743454691751,0.116722317366676,-16.0581584692751,5.01212102345313e-58,1.94960611897058e-56
"AMTN","ENSG00000187689",5.87671707513217,1.52225683665407,0.383257081560635,3.97189487133647,7.13031877259496e-05,0.000128793452249184
"SLC18A3","ENSG00000187714",7.1012441133272,4.82454749310025,0.671840651779638,7.18108896852329,6.91583272179118e-13,2.43066185211176e-12
"KBTBD12","ENSG00000187715",182.525501045569,2.06413295813552,0.264312662514444,7.80943651544778,5.74442236244384e-15,2.32755772942046e-14
"THSD4","ENSG00000187720",1186.09471415053,-1.07729231248372,0.140483692217876,-7.66845101716826,1.74085817130028e-14,6.8234776033025e-14
"DNAJB13","ENSG00000187726",96.973364094486,1.05629721131419,0.209170062481425,5.04994452257233,4.41938392029825e-07,9.72286198031435e-07
"GABRD","ENSG00000187730",85.5866616169899,1.04727401541658,0.16583285028886,6.3152385886895,2.69744991464979e-10,7.80237169783846e-10
"FANCA","ENSG00000187741",629.210089562893,1.96870307329258,0.118096602816862,16.6702769286728,2.15593398927405e-62,9.71690853150646e-61
"ADH1A","ENSG00000187758",8.55491769682654,-1.96177015519591,0.293522537366002,-6.68354182544329,2.33235250429231e-11,7.34344243521069e-11
"LIN28B","ENSG00000187772",21.8435468641413,7.70969743056208,0.791364377791665,9.74228515576643,1.99027533069463e-22,1.32042997746085e-21
"DIPK1C","ENSG00000187773",6.99906180785042,2.17613692996591,0.3725269667898,5.84155544152539,5.17156615441043e-09,1.34147337200443e-08
"TMEM72","ENSG00000187783",19.6868591974683,1.4248692751707,0.277473427021381,5.13515578938988,2.81910400372361e-07,6.31159008241072e-07
"PEAR1","ENSG00000187800",411.819229325582,-2.00935125715244,0.128384147105837,-15.6510854529101,3.26600998906697e-55,1.1303426834502e-53
"ZFP69B","ENSG00000187801",110.126984162564,1.69339375755247,0.114281162895826,14.8177854918758,1.12430254754355e-49,3.07601612892917e-48
"HELT","ENSG00000187821",4.05723150739449,-3.16714422479467,0.425792019202741,-7.43824233888854,1.02033754397764e-13,3.78852452259636e-13
"TMEM220","ENSG00000187824",230.915761927496,-1.26365699135527,0.140128954799208,-9.01781500594204,1.91878002158148e-19,1.04070114962587e-18
"H1-2","ENSG00000187837",2653.36923201703,1.70673594089306,0.182158682644362,9.36950089952731,7.2876314763542e-21,4.34658633354686e-20
"EIF4EBP1","ENSG00000187840",1987.14068969336,1.60584343960463,0.165341146032435,9.71230379212208,2.6722766306655e-22,1.75726004235567e-21
"P2RX2","ENSG00000187848",18.5499343247184,-1.72794088721959,0.27527376257161,-6.2771724812316,3.44785534676243e-10,9.89930611675547e-10
"TTC24","ENSG00000187862",21.2388944356377,1.55581192094819,0.221260629374991,7.03158047296073,2.04207030840756e-12,6.9412545646536e-12
"DMBT1","ENSG00000187908",10385.7303489296,-1.01592415489508,0.313129216456846,-3.24442467039831,0.00117688141556916,0.00186106400077587
"CLEC17A","ENSG00000187912",43.2385056304325,1.21985449275554,0.211052485966833,5.77986318032398,7.47613994955225e-09,1.91483784880244e-08
"OR51I2","ENSG00000187918",1.52662700347532,1.8648773855391,0.820385522383936,2.27317198397164,0.0230158178908718,0.0310944665472933
"LCN10","ENSG00000187922",3.6989857697201,-1.02821419824442,0.294136689581136,-3.49570194629117,0.000472816517450147,0.000780020832264012
"LDLRAD2","ENSG00000187942",50.3319229828073,-1.06181066020666,0.145193829994118,-7.31305634853548,2.61133441717186e-13,9.4507699689434e-13
"OVCH1","ENSG00000187950",29.6150564340156,-3.85469410924841,0.250650977781049,-15.3787315867389,2.27358080257865e-53,7.27749218256525e-52
"CPSF4L","ENSG00000187959",3.54690291308095,1.01820722934523,0.273636068703308,3.72102710790379,0.000198414136022857,0.000341007024863796
"KLHL17","ENSG00000187961",429.620356924525,1.43893325350756,0.122184748099752,11.7767010685557,5.14682377721312e-32,5.80656480741956e-31
"PLA2G2C","ENSG00000187980",63.8619148388073,2.06728131701993,0.188770249207652,10.9513089361125,6.5494265656633e-28,5.90372239493267e-27
"TPRG1","ENSG00000188001",244.931366990622,-1.41561198367247,0.160363005225349,-8.82754711214839,1.06996308847598e-18,5.55084069066416e-18
"S100A3","ENSG00000188015",112.229657523319,-2.35979188466086,0.172454477099975,-13.6835640590116,1.27297059816401e-42,2.44129291671476e-41
"C19orf67","ENSG00000188032",4.85257986596,1.12714154471777,0.259921289823063,4.33647257400518,1.44787483157922e-05,2.78987985800636e-05
"CLCN1","ENSG00000188037",10.9739325067463,1.21765435580681,0.272687575417088,4.46538260477893,7.99257889160217e-06,1.57536036690282e-05
"PRSS45P","ENSG00000188086",1.37926161358477,2.0586689068077,0.40139461186664,5.12879058648569,2.91609506085628e-07,6.52139594099504e-07
"GPR89B","ENSG00000188092",157.019648062519,1.01123713221657,0.0911202966174482,11.0978252898151,1.28533342843929e-28,1.20853762664552e-27
"MESP2","ENSG00000188095",59.607343280104,3.12534132702158,0.243322979716603,12.8444149856362,9.24481425739986e-38,1.39006270174501e-36
"EYS","ENSG00000188107",66.4953613014041,2.01653531651261,0.214750652324247,9.39012428920538,5.99294964476298e-21,3.59169880042226e-20
"OR2AG2","ENSG00000188124",4.96332159516177,1.80717369654032,0.308013182563704,5.86719594758433,4.43226767035457e-09,1.15691561525389e-08
"TMEM215","ENSG00000188133",16.0459870905977,2.31353943855764,0.35301640637146,6.55363149361174,5.61544406459484e-11,1.71550521850428e-10
"NHS","ENSG00000188158",763.487155028874,1.86712460605846,0.166214909805077,11.2331956756953,2.80158914980288e-29,2.73032868504482e-28
"OTOG","ENSG00000188162",4.26926783519262,3.58528066203157,0.490187292764219,7.31410363947582,2.59105111764705e-13,9.37925908315976e-13
"FAM166A","ENSG00000188163",8.05764951959788,1.91358571101943,0.301862495067756,6.33926288388331,2.30867025016886e-10,6.70819044921589e-10
"HEPACAM2","ENSG00000188175",75.123088296082,2.42992296617782,0.374611583729816,6.48651315579811,8.7845612442795e-11,2.64349401856531e-10
"SMTNL2","ENSG00000188176",71.1503702115543,-1.71463920859762,0.192340958074068,-8.9145818226471,4.89660643575583e-19,2.59676878941847e-18
"ZNF793","ENSG00000188227",325.647126567646,1.03813100367048,0.150568724625534,6.8947319986426,5.39664458252887e-12,1.77601915606381e-11
"PLA2G2A","ENSG00000188257",292.627377043608,-1.29947772392732,0.28860917036739,-4.50255174592382,6.71424000219691e-06,1.33205340236511e-05
"IL17REL","ENSG00000188263",43.9386556969967,2.54738756974864,0.288353380874836,8.83425594671409,1.00766697568164e-18,5.22917204056598e-18
"OR7A5","ENSG00000188269",1.51461546114621,1.76724740279661,0.49829052469563,3.54662052599956,0.000390206207420595,0.000649907816194425
"RUFY4","ENSG00000188282",74.387789871967,2.28198070234785,0.225204433618261,10.1329297371471,3.94644424983784e-24,2.88336982288071e-23
"IGFL1","ENSG00000188293",9.0633113581767,3.94334359592636,0.4813308770338,8.1925839045008,2.55676870251488e-16,1.13182242439631e-15
"PEAK3","ENSG00000188305",40.7200623549977,-1.26363021376477,0.13346366401898,-9.46797184876526,2.85329715417721e-21,1.74782766106446e-20
"LRRIQ4","ENSG00000188306",28.3863167533564,2.100450918852,0.240611242250807,8.72964579378439,2.55471438872566e-18,1.2912854394765e-17
"ENO4","ENSG00000188316",22.0252868817186,-1.19507199385045,0.205352154806109,-5.81962237006385,5.8980729732147e-09,1.52440011136401e-08
"SBK1","ENSG00000188322",1366.08718468213,2.53838469460126,0.175573807038486,14.4576502464564,2.24326132734783e-47,5.35896861551865e-46
"SLC38A3","ENSG00000188338",55.8365728477304,2.40590027799852,0.298703402244222,8.05447899127524,7.98180642835334e-16,3.4323110411566e-15
"PRR19","ENSG00000188368",77.9737099756909,2.17698614323224,0.159891500417742,13.6153963002693,3.24381349454766e-42,6.09680198087618e-41
"ZP3","ENSG00000188372",269.243905002118,1.87746030873535,0.163912284886344,11.4540548930617,2.24397473021517e-30,2.34119182785656e-29
"JAKMIP3","ENSG00000188385",109.309671483932,2.33208106797935,0.247883717482918,9.40796391009447,5.05840406936383e-21,3.04747555599754e-20
"CLEC2A","ENSG00000188393",3.47155713882608,3.21988585027013,0.709731325033314,4.53676727615058,5.71230820479486e-06,1.1404857253782e-05
"TCTEX1D4","ENSG00000188396",45.0671854782361,-1.33257326062002,0.187618410218609,-7.10257196544483,1.22456226223832e-12,4.24058303817113e-12
"IER5L","ENSG00000188483",452.851185526996,1.73770767462088,0.156585988909883,11.0974659145331,1.2905109934475e-28,1.21276855072249e-27
"H2AX","ENSG00000188486",1942.64479588376,1.30634117091066,0.111989026330997,11.6649033723145,1.9262166164453e-31,2.11706350848008e-30
"INSC","ENSG00000188487",29.8127282040703,-1.24402595221326,0.283174144256272,-4.39314809436634,1.11720966341296e-05,2.17450587484479e-05
"SERPINA5","ENSG00000188488",155.177513374072,2.33714478010294,0.301223898611342,7.75882919940052,8.57169961511497e-15,3.44040873066963e-14
"LCTL","ENSG00000188501",10.4262648923787,1.73869425061429,0.178883916894184,9.71967900078345,2.48563839885475e-22,1.64055801810063e-21
"NCCRP1","ENSG00000188505",318.873608384175,3.59019737375367,0.31141927761272,11.5285007443195,9.47798721336606e-31,1.00230274946075e-29
"COL25A1","ENSG00000188517",483.649137071101,4.25999700289519,0.386447608019868,11.0234787704422,2.94454771793733e-28,2.71162080890647e-27
"CFAP77","ENSG00000188523",95.8947433720565,-2.16809307193479,0.308039442269784,-7.03836189274733,1.94512961402313e-12,6.62937222546969e-12
"HBA2","ENSG00000188536",938.04254019981,-4.14650013939908,0.242124615041699,-17.1254795332765,9.58166788414126e-66,4.96941401307071e-64
"FBLL1","ENSG00000188573",14.5711503011613,1.33905357977244,0.334091963281677,4.008038884322,6.12250414397754e-05,0.000111286028695845
"NKAIN2","ENSG00000188580",27.6886668811286,1.9600694733134,0.372811112691923,5.25754036450391,1.45994856949591e-07,3.34822606434123e-07
"KRTAP1-1","ENSG00000188581",0.854479506753538,1.80736525415914,0.712959569246839,2.53501787775767,0.0112441587443303,0.015799570630776
"FAM72B","ENSG00000188610",47.157516605864,2.37989953451671,0.182303874301659,13.0545746415607,5.98433375463931e-39,9.50956339891307e-38
"ASAH2","ENSG00000188611",43.3614457215467,1.13868763785089,0.148885916718954,7.64805471830051,2.04042393150745e-14,7.96277108101696e-14
"NANOS1","ENSG00000188613",147.572992521796,1.40497801511662,0.145359510352732,9.66553899161658,4.2239053725873e-22,2.74431150441919e-21
"IGFL3","ENSG00000188624",5.02393656609623,3.96479383962758,0.499372495841476,7.93955188290182,2.0291300044484e-15,8.47705420723679e-15
"S100A16","ENSG00000188643",9284.92530499303,1.23060159758721,0.154508883454779,7.96460093472473,1.65757834378394e-15,6.96058420683551e-15
"SAXO2","ENSG00000188659",221.880356741373,-1.70183388689331,0.243523975925104,-6.98836276973692,2.78112517415176e-12,9.36092414241863e-12
"RHCE","ENSG00000188672",71.4030938576863,1.98885864261174,0.191857118411983,10.3663531438066,3.52730251062103e-25,2.72630772451586e-24
"ZDHHC9","ENSG00000188706",8928.64285922764,1.24445533460796,0.112681801436738,11.0439779870455,2.34419933919498e-28,2.17217808266265e-27
"OSTN","ENSG00000188729",3.87755406723683,-1.59410576394194,0.373808254929476,-4.26450123270469,2.00349238164441e-05,3.81407481484875e-05
"VWC2","ENSG00000188730",10.6051482454882,-2.49105012652627,0.242129613340271,-10.2880853447097,7.97462857616712e-25,6.04618767429484e-24
"FSIP2","ENSG00000188738",145.788350445921,2.87685501621403,0.276368072185226,10.4095056764948,2.24383733369572e-25,1.74864901619415e-24
"NOXA1","ENSG00000188747",639.251951704533,1.40134017071112,0.153947337987206,9.10272427593115,8.80938537442752e-20,4.88742384038543e-19
"BCL2L15","ENSG00000188761",763.579341506176,3.47093662498073,0.200206381175631,17.3367931861066,2.48203807709485e-67,1.38352359231957e-65
"FZD9","ENSG00000188763",89.9902898158269,2.52614753008229,0.29997469489538,8.42120209827469,3.72640814359696e-17,1.74317963172237e-16
"SPRED3","ENSG00000188766",154.145278985552,2.4821010753293,0.168870229398787,14.6982750255394,6.61227183426583e-49,1.73990264603704e-47
"OPTC","ENSG00000188770",0.955123663201439,1.5574387136277,0.486905629915158,3.19864593452961,0.00138074630497249,0.00216583620889566
"PLET1","ENSG00000188771",3.23092860891052,1.08804187846668,0.427319490444487,2.54620232120684,0.0108902049596136,0.0153311123007369
"CATSPER4","ENSG00000188782",1.72053503573908,1.50359223863106,0.348894779760822,4.30958651677682,1.63560063573683e-05,3.13640576307353e-05
"PRELP","ENSG00000188783",4353.18581426357,-1.58031177246156,0.161920309180168,-9.75981197456308,1.67465413230526e-22,1.11683139729176e-21
"HMX2","ENSG00000188816",2.98655201391568,3.37815300941592,0.59794806593802,5.64957594455382,1.6084411528867e-08,4.01224558045473e-08
"SNTN","ENSG00000188817",406.902700042115,-2.20919607578049,0.296404519784928,-7.45331440081782,9.10240175254728e-14,3.38887379438886e-13
"CNR2","ENSG00000188822",49.7390970933831,1.10325471309375,0.226709917785097,4.86637163416709,1.13665691174936e-06,2.41603731550622e-06
"ENTPD8","ENSG00000188833",222.187581488744,4.6786239342672,0.25496813523394,18.3498378335569,3.31099087527772e-75,2.55360171255794e-73
"KLRG2","ENSG00000188883",148.887723165241,-1.13197780363782,0.233591295413044,-4.84597596685363,1.25990768424262e-06,2.66566491594575e-06
"LRRK2","ENSG00000188906",6589.93050585953,-1.97777225964562,0.232564170398288,-8.5042001794967,1.82851795629234e-17,8.74336498982864e-17
"GJB3","ENSG00000188910",551.508263357998,3.25408461699156,0.284564431286681,11.4353174860187,2.78516074482926e-30,2.88229503801214e-29
"INSYN2A","ENSG00000188916",85.6580507063159,2.23343948621886,0.258228977534731,8.64906606354228,5.1922599235979e-18,2.57640340579416e-17
"HACD4","ENSG00000188921",1122.11687411436,-1.42168494063317,0.112445042029578,-12.6433759547993,1.21713539515602e-36,1.73808488631498e-35
"SLC15A5","ENSG00000188991",4.85999655584456,1.82713461712213,0.394103342899771,4.63618147381918,3.54904409384931e-06,7.21379597537722e-06
"LIPI","ENSG00000188992",3.78098000757191,2.2001826369335,0.341903363398613,6.43510088658704,1.23391345387325e-10,3.67239079011211e-10
"LRRC66","ENSG00000188993",48.3481397857035,2.04174124564792,0.281611393731663,7.25020823409375,4.16131363054903e-13,1.48382592250725e-12
"SBSN","ENSG00000189001",38.5167752021447,3.14301552572531,0.3772285950688,8.33185916129204,7.95825881556449e-17,3.6390780727548e-16
"KIR2DL4","ENSG00000189013",34.115349276715,1.11258190369491,0.260180186701693,4.27619765286174,1.90112450052176e-05,3.62420846876581e-05
"MAGEB16","ENSG00000189023",1.68329046645688,2.85051835251706,1.11281852230404,2.5615302903255,0.010421215339002,0.0146939957494691
"RNF222","ENSG00000189051",9.12840774270425,2.64578976276136,0.325202267742773,8.13582814512881,4.09131846833691e-16,1.79075247930412e-15
"CGB5","ENSG00000189052",10.052824014764,4.64608817653047,0.629370752501675,7.38211643623859,1.55792849102402e-13,5.72402761599441e-13
"FAM111B","ENSG00000189057",528.875116227542,2.74049555314518,0.15192167842818,18.0388709596882,9.6495268781076e-73,6.66637005521156e-71
"H1-0","ENSG00000189060",14345.8912728679,1.16265527143125,0.0981427883661909,11.8465685638882,2.24184052626994e-32,2.57631679746615e-31
"GAGE2A","ENSG00000189064",2.26633900096877,3.42578018044333,1.39709969769528,2.45206565150264,0.0142038744359955,0.0196908596330105
"PRSS48","ENSG00000189099",5.06297007360488,1.79498163524088,0.504421288905856,3.55849698400793,0.00037298307327014,0.000623019616320259
"IL1RAPL2","ENSG00000189108",22.0661231436458,6.09087497781986,0.401276187755899,15.1787600751555,4.88936984245041e-52,1.48280499306721e-50
"ANKRD34B","ENSG00000189127",112.354300096627,5.15690634231249,0.357605339912976,14.420663694696,3.83635588079067e-47,9.0798830390195e-46
"PLAC9","ENSG00000189129",283.254781445144,-2.70017621141568,0.13482167618213,-20.0277602821672,3.15533261451544e-89,4.70486387262706e-87
"NKAPL","ENSG00000189134",18.875102593876,-1.72027272016198,0.179954429394348,-9.55949084416378,1.18337442310726e-21,7.43995732700568e-21
"CLDN4","ENSG00000189143",19655.2065058176,1.14784799993543,0.117284501095772,9.78686859057468,1.28204937866338e-22,8.62395095203906e-22
"JPT1","ENSG00000189159",6846.62588706431,1.65840254831742,0.114174011877554,14.5252191899499,8.38735832691994e-48,2.05300961071927e-46
"ZAR1L","ENSG00000189167",2.36637616078683,1.63356722786061,0.29380681338752,5.56000457928797,2.69767571996211e-08,6.60773602426859e-08
"DCAF8L2","ENSG00000189186",3.79703378636964,4.02312439918962,0.898034515973562,4.47992179323769,7.46703936904804e-06,1.47616545608636e-05
"GJB5","ENSG00000189280",116.462593633008,2.35124143092862,0.321274438662412,7.3184827299605,2.507902889577e-13,9.0874658572704e-13
"ALKAL2","ENSG00000189292",69.4932775932489,-2.99359932329321,0.216990348287989,-13.7960022043013,2.69382906860929e-43,5.32604237841172e-42
"FAM180A","ENSG00000189320",68.1733593485332,-1.25143556832969,0.193377706394087,-6.47145729290722,9.70621938237775e-11,2.91007679974673e-10
"BNIP5","ENSG00000189325",95.0285067456981,5.51418382532064,0.353016766254365,15.6201754489684,5.30594291041298e-55,1.82575454800037e-53
"KAZN","ENSG00000189337",511.170656454893,-1.27842991076922,0.140245362649207,-9.11566619116619,7.81886054499531e-20,4.35834491375704e-19
"TOGARAM2","ENSG00000189350",219.359530830332,-1.57159113506311,0.22167952586076,-7.08947354953407,1.34623127661923e-12,4.64931793718352e-12
"ALG1L","ENSG00000189366",196.050645731282,3.23368725831202,0.208615835511927,15.500679756054,3.4324140434277e-54,1.14796606502901e-52
"KIAA0408","ENSG00000189367",9.6166857609531,-1.76268070508366,0.285964164593449,-6.16399158821052,7.0933712706408e-10,1.98625496315455e-09
"C8orf76","ENSG00000189376",163.388168495669,1.17413808893543,0.114386151210073,10.2646874338756,1.01649618970956e-24,7.66140114678738e-24
"SH2D5","ENSG00000189410",25.4660549758476,2.3234450405435,0.304865296064445,7.62121852023575,2.51292114801852e-14,9.73450922309924e-14
"NCR1","ENSG00000189430",17.8964473965821,-1.09748960809455,0.194455722544676,-5.64390491435602,1.66235906983563e-08,4.14327773179675e-08
"GJB4","ENSG00000189433",23.3883010557314,2.73780305341857,0.377443092401733,7.25355188247712,4.05981764569101e-13,1.44907873796827e-12
"SYCP2","ENSG00000196074",323.079817129353,1.87910310481249,0.233285007312126,8.05496729714106,7.95000615105774e-16,3.41945817454029e-15
"ZNF724","ENSG00000196081",34.8941253117598,1.84469281152908,0.175628301901157,10.5033914896431,8.33312724732535e-26,6.650519439625e-25
"PTPRT","ENSG00000196090",208.46418414188,-1.36986309568369,0.32828756245206,-4.17275356230938,3.0094039142732e-05,5.64910451511649e-05
"MYBPC1","ENSG00000196091",56.9317775463828,3.65824321258783,0.379719581524325,9.63406521702774,5.74121510062114e-22,3.68595485451791e-21
"PAX5","ENSG00000196092",252.899719354739,1.73170834110978,0.236620320265884,7.31851068058699,2.50738068602431e-13,9.08741393863339e-13
"ZNF676","ENSG00000196109",37.6387616772995,1.40457844658543,0.337497261340627,4.16174768650293,3.15821194955975e-05,5.91293150711234e-05
"OR8A1","ENSG00000196119",1.51819205931378,1.94742634767081,0.795141733376225,2.449156252184,0.0143191315392302,0.0198460279342715
"MYT1","ENSG00000196132",58.710649114421,2.10228934438572,0.318794520179433,6.59449649009792,4.26701507994937e-11,1.31546693358949e-10
"AKR1C3","ENSG00000196139",7767.07111228037,2.12828616917554,0.283718121273223,7.5014107651093,6.31346037025767e-14,2.37824729273728e-13
"S100A4","ENSG00000196154",9870.71713301296,-1.0723531233095,0.185980653463669,-5.76593910892449,8.12043765578442e-09,2.07451443425115e-08
"PLEKHG4","ENSG00000196155",1023.47333436886,1.16811035138333,0.154892628363987,7.54141990952827,4.6488155134337e-14,1.7653067907867e-13
"FAT4","ENSG00000196159",999.594650349251,-1.13733779230738,0.172923972476296,-6.57709729900683,4.79720879249158e-11,1.47409336981027e-10
"KIF19","ENSG00000196169",211.940194299526,-1.20325293420929,0.263037748382776,-4.57444964309192,4.7747342744928e-06,9.60151948454705e-06
"ZNF681","ENSG00000196172",313.408456062791,1.12592579144349,0.129462742250403,8.69690979715041,3.41044326798267e-18,1.71172682732157e-17
"CTSE","ENSG00000196188",15102.7295924986,1.27512672666187,0.289133714826431,4.41016270768469,1.03292978154332e-05,2.01594814366869e-05
"HRCT1","ENSG00000196196",86.496024080013,-1.74173507380652,0.175846221696829,-9.90487630043816,3.96460365051388e-23,2.74956019839709e-22
"GREB1","ENSG00000196208",474.042368156493,2.68302169668662,0.221947010962685,12.088568731109,1.21382884717114e-33,1.4805071276369e-32
"SIRPB2","ENSG00000196209",323.066218009129,-1.2283282203124,0.136184067795645,-9.01961764099753,1.88746920097606e-19,1.02402930300378e-18
"SULT1C3","ENSG00000196228",1.85471546820106,2.9135824472607,0.784707500979312,3.7129534809143,0.000204854552008098,0.000351603117417831
"ZNF107","ENSG00000196247",717.543625864166,1.31890314167465,0.110674365032843,11.9169704861939,9.65560680312923e-33,1.12625666576526e-31
"BECN2","ENSG00000196289",4.37948585375489,3.88221492125977,0.397946104912867,9.75562990397859,1.74513891678881e-22,1.16167301481035e-21
"ATP2A1","ENSG00000196296",62.7667410863586,1.71019856321755,0.161119706932312,10.6144592475954,2.55268169177482e-26,2.10097210261853e-25
"GIMAP5","ENSG00000196329",83.4443403095827,-1.17978487274708,0.189785255694768,-6.21642007134912,5.08625277501771e-10,1.44091705040203e-09
"STK31","ENSG00000196335",259.582022144933,2.04235103311501,0.179451351948268,11.3810846836293,5.19495395328167e-30,5.29648496216917e-29
"CGB7","ENSG00000196337",8.06963220246547,1.73440421236245,0.262257366124428,6.61336700658986,3.75675513669261e-11,1.1651866815885e-10
"OR8D1","ENSG00000196341",1.42974161910389,2.23885005603148,0.731990943571773,3.05857616913529,0.00222391535832394,0.00340718533320406
"ZNF729","ENSG00000196350",2.66569773667136,3.30758704940991,0.823525893359155,4.01637286220388,5.91007240708392e-05,0.000107599639377241
"CPNE4","ENSG00000196353",175.635083516336,2.75552320734634,0.223242915728822,12.3431608046794,5.30323039099541e-35,6.94152899678718e-34
"PTPN1","ENSG00000196396",4261.85398335012,-1.013118800784,0.0731006320003289,-13.8592344971715,1.11860831432358e-43,2.2616111376488e-42
"SPANXD","ENSG00000196406",1.34046957630849,2.67353521928141,1.07995064039769,2.4756087169844,0.0133009259495006,0.0184878014460044
"THEM5","ENSG00000196407",296.80812239616,1.87951857978846,0.16250942037551,11.5655977077849,6.15611136300804e-31,6.58405861436359e-30
"S100A5","ENSG00000196420",38.6669272156312,1.78371884079898,0.247835781935705,7.19718043483215,6.14703966765998e-13,2.16898009807612e-12
"C20orf204","ENSG00000196421",84.0272824948083,1.82690855814616,0.193627005466823,9.43519502221083,3.9026756502791e-21,2.36730528563142e-20
"NBPF4","ENSG00000196427",3.00471720947632,2.61345564121131,0.565192702300909,4.62400811364316,3.76395132868976e-06,7.63413977830943e-06
"NPIPB15","ENSG00000196436",137.174365699053,1.32110270566976,0.278362036720938,4.74598735241397,2.07491677501508e-06,4.30851640424103e-06
"RFX8","ENSG00000196460",37.2866422845962,2.23062258068814,0.202975363718649,10.9896222862794,4.28716450346084e-28,3.90581641855524e-27
"MYL6B","ENSG00000196465",1164.20645982274,1.02954386494121,0.103194348615758,9.97674658303906,1.92681144970557e-23,1.35680587444241e-22
"IPO4","ENSG00000196497",9.98226514731443,1.20850102487162,0.158736863937795,7.61323485227223,2.67319407225696e-14,1.03330009796703e-13
"SULT1A1","ENSG00000196502",988.55240119912,-1.25787179988692,0.140617196935181,-8.94536249692664,3.70730952252766e-19,1.97896447752349e-18
"ARL9","ENSG00000196503",59.8994675718855,2.43073801215034,0.214901877785744,11.3109203009095,1.15867772666179e-29,1.16016902983545e-28
"SPTSSB","ENSG00000196542",253.449799701069,4.51241134377605,0.344121055345863,13.1128603544494,2.77915511600773e-39,4.48803452082367e-38
"MME","ENSG00000196549",1134.81549784971,-2.45034936758841,0.220996806741876,-11.0877139073345,1.43918744521352e-28,1.34753432533781e-27
"FAM72A","ENSG00000196550",44.9761190933227,1.94217642197707,0.170779997750183,11.3723881459355,5.73953968024708e-30,5.83840724836049e-29
"CCDC196","ENSG00000196553",6.89282319159159,1.77212675782003,0.364634556840384,4.86000771066731,1.17381181033391e-06,2.49205205532803e-06
"AJAP1","ENSG00000196581",43.5711204032024,-1.80965961566415,0.228494886813124,-7.91991296130927,2.37676898032995e-15,9.89242320656985e-15
"XRCC2","ENSG00000196584",297.879530944602,3.23941944926099,0.152305772833149,21.2691836231957,2.19059730016152e-100,5.85020261071494e-98
"POTEF","ENSG00000196604",6.7854836562894,1.17314377900437,0.272256945889631,4.30895812472656,1.64025418127679e-05,3.14465531614547e-05
"MMP1","ENSG00000196611",3360.46636446403,4.93427415187185,0.287579419934391,17.1579529334803,5.48117852913531e-66,2.8760917132498e-64
"ADH1B","ENSG00000196616",3957.71243248739,-3.2592329016215,0.263941410746207,-12.3483196229311,4.97394934785038e-35,6.52006415246057e-34
"UGT2B15","ENSG00000196620",86.4376724967322,4.8754636857319,0.41929571811726,11.6277449901562,2.9786241856567e-31,3.24385408119022e-30
"TCF4","ENSG00000196628",3077.06227824563,-1.07112491840251,0.127717089079173,-8.38670005811445,4.9997851071536e-17,2.31524728059781e-16
"WNK3","ENSG00000196632",134.67480297568,1.74514760009936,0.227885035445116,7.65801754683298,1.88825093253758e-14,7.38663619061978e-14
"SLC30A10","ENSG00000196660",9.92170708549768,3.85362627242462,0.518335212490794,7.43462180372911,1.04867559292048e-13,3.89132152304566e-13
"FAM180B","ENSG00000196666",3.29949776542391,-2.10919766824245,0.25122475862794,-8.39566004466201,4.63284273872525e-17,2.14977840051896e-16
"HSH2D","ENSG00000196684",984.040377598551,1.44396376071697,0.105356461613591,13.7055073661539,9.41071770660285e-43,1.81646140155604e-41
"TRPV1","ENSG00000196689",324.22835180289,1.33888939034579,0.139170596219079,9.62049043921709,6.55180224863694e-22,4.19282538035983e-21
"ALKAL1","ENSG00000196711",67.1158296026912,2.03357950902709,0.254216509329418,7.99939985955808,1.250270839569e-15,5.29117694711639e-15
"DAPK1","ENSG00000196730",4735.53152555981,-1.08071711533198,0.127991154694291,-8.44368595559033,3.07484592023133e-17,1.4482289563227e-16
"H2AC13","ENSG00000196747",41.1639753304063,4.39612667600497,0.297970402789353,14.753568256619,2.91818700195856e-49,7.82835382699318e-48
"CLPSL2","ENSG00000196748",24.6603743636841,5.50043183774152,0.402994341032223,13.6489058969235,2.0493227986639e-42,3.8926255665067e-41
"S100A2","ENSG00000196754",1760.59358802189,3.37944941131201,0.265815142772814,12.7135323294969,4.97360062880655e-37,7.25877944952982e-36
"H2AC11","ENSG00000196787",98.9752986764664,3.03572302252642,0.24686819822247,12.2969383840632,9.4072680125623e-35,1.21358505082031e-33
"ZNF239","ENSG00000196793",275.042597910549,1.68050489667929,0.11542237719638,14.5596108614197,5.07458416058926e-48,1.26461747054908e-46
"CHRNG","ENSG00000196811",2.78174533505176,2.23917994278912,0.421242904000623,5.31565023772081,1.06277119400559e-07,2.47703073783275e-07
"MVB12B","ENSG00000196814",1346.35198869521,-1.52871942186906,0.111294459113803,-13.7358088986791,6.19601692198814e-43,1.20505794331667e-41
"ARID5A","ENSG00000196843",1307.40461272462,-1.08356781904691,0.09783189155597,-11.0758138457028,1.64379793566185e-28,1.53189981577071e-27
"PATE2","ENSG00000196844",1.66031450145366,2.45872918762173,0.463989353955636,5.29910690118295,1.16370489149276e-07,2.69962033235835e-07
"KRT39","ENSG00000196859",10.8090240133022,1.28243051210624,0.263882219235345,4.8598595078606,1.174690844296e-06,2.49362240799482e-06
"SCN8A","ENSG00000196876",223.843091037689,2.98242480335804,0.198900649260935,14.9945453392937,7.9706628472585e-51,2.29660338689205e-49
"LAMB3","ENSG00000196878",18300.1453074651,1.03617450483386,0.163350691873485,6.34325139948827,2.24965867389832e-10,6.54203521080166e-10
"ANKRD36B","ENSG00000196912",112.445237683893,1.28072016200208,0.199452478209324,6.42117948846928,1.35222473276946e-10,4.00917268325501e-10
"HCAR1","ENSG00000196917",443.506447362825,2.45621532664443,0.25439588389138,9.65509067628301,4.67745287092034e-22,3.02908665289098e-21
"FAM3C","ENSG00000196937",2912.55951732795,1.22554053888363,0.125266723251124,9.78344852548565,1.3261345048328e-22,8.91044862747773e-22
"SMIM10L2B","ENSG00000196972",90.3758946112747,-1.04911230832471,0.132221015596756,-7.93453524456555,2.11285016712351e-15,8.81857430378843e-15
"LAGE3","ENSG00000196976",1007.93510878316,1.18386769401822,0.118243804045328,10.0120907270912,1.34871660389259e-23,9.55745987859409e-23
"ZNF138","ENSG00000197008",463.881811798589,1.1915646732497,0.0942725562271781,12.639571057968,1.27748959032416e-36,1.82281668577912e-35
"SERTAD1","ENSG00000197019",1345.21057477519,-1.2435321753626,0.115422094428881,-10.7737793315544,4.5781419163004e-27,3.93263049968138e-26
"DTHD1","ENSG00000197057",259.898602618379,-1.7864963183327,0.255779364770126,-6.98452089729076,2.85829698792808e-12,9.61344135432279e-12
"H4C3","ENSG00000197061",19.8978359314488,4.19705562092323,0.424767949346839,9.88081993327649,5.04186593587637e-23,3.47378156298174e-22
"SLC6A17","ENSG00000197106",44.4872703139861,2.84372031158585,0.287771780600194,9.88185952651373,4.98982335596845e-23,3.43924920294081e-22
"ZNF679","ENSG00000197123",1.15386624932374,2.30293110551804,1.04914708133384,2.19505076694318,0.0281599562772928,0.037590726474903
"ZNF257","ENSG00000197134",92.8657212387366,1.03628456334443,0.227293886508769,4.55922761171339,5.13421019137e-06,1.02920034678673e-05
"ADAM32","ENSG00000197140",47.5965232241398,1.77229153718426,0.196550666160421,9.01697039142947,1.93362656848496e-19,1.0481181517692e-18
"H3C12","ENSG00000197153",10.1212226537338,4.93436477375702,0.399814416075018,12.3416379584251,5.40450861248307e-35,7.06892343590348e-34
"NEK5","ENSG00000197168",177.771371780125,-1.52544783449494,0.206471009229879,-7.38819382045326,1.48836683535837e-13,5.47632074543848e-13
"MAGEA6","ENSG00000197172",326.052389286535,9.17536066582756,0.767005005143215,11.962582518108,5.57991153889523e-33,6.5945414244024e-32
"ADGRA1","ENSG00000197177",14.2896394223475,-2.00995576377271,0.377806438470299,-5.3200675242879,1.03728745541048e-07,2.42015705302642e-07
"CYSRT1","ENSG00000197191",92.7990276007902,1.39283035421134,0.193083331931078,7.213622948606,5.44824854235217e-13,1.92811533165165e-12
"SLC22A4","ENSG00000197208",157.269700193368,-1.1885805484555,0.160433330405868,-7.40856370336887,1.27674581662318e-13,4.71513166085421e-13
"H4C11","ENSG00000197238",8.315953186246,2.31762517351659,0.282517934120236,8.20346212970055,2.33561256258718e-16,1.03751528258124e-15
"FAM110D","ENSG00000197245",102.470452841522,-2.30997482860349,0.136061874847605,-16.9773849668819,1.20747624959147e-64,5.98486773793359e-63
"TPSB2","ENSG00000197253",1039.0715222922,-1.84913177096868,0.211471222694206,-8.74412956718268,2.24741438607644e-18,1.14176563344877e-17
"KANK2","ENSG00000197256",4623.56453235963,-1.64105528259389,0.0835973026804951,-19.6304812472948,8.49066852452734e-86,1.04774849592667e-83
"C6orf141","ENSG00000197261",224.840464992848,1.98084485722043,0.211168545374229,9.38039732058582,6.57245852578122e-21,3.93051471931161e-20
"IL27","ENSG00000197272",12.2557070417897,-1.09245118150161,0.167807980662632,-6.51012649808306,7.50875459086386e-11,2.2706463730662e-10
"GUCA2A","ENSG00000197273",13.007821571834,-1.41216495799622,0.396111310166775,-3.56507103369923,0.000363757656737552,0.000608461788539312
"RAD54B","ENSG00000197275",79.7587002588108,1.93819039967542,0.129735633786474,14.9395377592667,1.82234921731329e-50,5.19224435436095e-49
"BLM","ENSG00000197299",318.131363907366,2.14704950891846,0.130651334536547,16.433429605098,1.10243683986859e-60,4.67438444923427e-59
"LYPD2","ENSG00000197353",9.26231068761752,-1.82188375872724,0.365691612497096,-4.98202227359455,6.29231899083778e-07,1.36619904990973e-06
"ZNF98","ENSG00000197360",11.4932863589405,1.32780517511401,0.405455612804541,3.27484719209969,0.00105719141844081,0.00168189971104841
"ADARB1","ENSG00000197381",1284.41296108517,-1.75009715748607,0.103115322359154,-16.9722318414563,1.31825284486859e-64,6.51588346774412e-63
"OR6N1","ENSG00000197403",2.9110720892426,-4.2317448539139,0.314859664209353,-13.4400983515633,3.51968527142762e-41,6.34856134694097e-40
"C5AR1","ENSG00000197405",1537.84107021475,-1.96619829429303,0.135539810560988,-14.5064264599094,1.10320004581614e-47,2.6856542067739e-46
"CYP2B6","ENSG00000197408",17.9827680684504,2.04162272017089,0.39321341928968,5.19214914856919,2.07880362527204e-07,4.70597586879968e-07
"VEPH1","ENSG00000197415",936.762091763993,-2.59053789541038,0.209742090363543,-12.351063589193,4.8071656971888e-35,6.3199570771344e-34
"OGDHL","ENSG00000197444",156.476277877828,3.53608834107399,0.310796646966734,11.3774983597313,5.41302484908914e-30,5.51253577830119e-29
"CYP2F1","ENSG00000197446",76.1190030434479,-2.20176097269954,0.346875908633692,-6.34740239347278,2.18980822847332e-10,6.37213183152921e-10
"GYPE","ENSG00000197465",37.6484475797657,-3.25738521723589,0.176764075789419,-18.4278689133444,7.8515569447822e-76,6.18889464374396e-74
"COL13A1","ENSG00000197467",337.33091268574,-1.27279195406527,0.150585686773364,-8.45227711436385,2.85675561055419e-17,1.34906118077715e-16
"SPN","ENSG00000197471",1486.36829889335,-2.27466176232566,0.141574025698135,-16.0669427256078,4.3501873059219e-58,1.69951749923276e-56
"ZNF695","ENSG00000197472",38.0195130407079,4.3971287802975,0.299230627365256,14.694781810988,6.96223787479583e-49,1.8266176289402e-47
"SLC28A3","ENSG00000197506",274.536734487122,1.24963375134572,0.221773513361194,5.63472946974732,1.75333355575005e-08,4.36333759569342e-08
"FAM177B","ENSG00000197520",179.627542429235,3.14742434514582,0.277013674063872,11.3619818797108,6.46608471143493e-30,6.536590606876e-29
"HOXA4","ENSG00000197576",6.77066149993998,-1.67091751538374,0.192325691636678,-8.687957917449,3.69012425171458e-18,1.84743685606964e-17
"BCO2","ENSG00000197580",75.9638899343211,-1.00260383529751,0.176097070759515,-5.69347253178735,1.2448125046267e-08,3.13445400299543e-08
"KCNMB2","ENSG00000197584",18.8483177156363,-1.40217154215705,0.238931247747167,-5.86851471031034,4.39716392625032e-09,1.14808775911859e-08
"DMBX1","ENSG00000197587",102.283107278425,6.34379075410414,0.350557215300967,18.0963063295039,3.40767593615337e-73,2.40053328840915e-71
"CCDC154","ENSG00000197599",89.9993407461358,2.31746634638216,0.239431964942236,9.67901820018584,3.70254420394624e-22,2.41522506165549e-21
"MYH6","ENSG00000197616",3.67091632902613,3.67091868301862,0.41425367482404,8.86152352076996,7.89282918110084e-19,4.12942668238121e-18
"DPP4","ENSG00000197635",6159.34323055633,1.29119122919846,0.206052952884742,6.26630781613064,3.6970917001927e-10,1.05843298866477e-09
"SERPINB13","ENSG00000197641",13.0279310306919,1.62915827645513,0.481126783138387,3.3861309192312,0.000708855572942256,0.00114845642581092
"DNAH10","ENSG00000197653",233.598900183271,-1.63928203661717,0.22969876841539,-7.13666010456213,9.56259112974612e-13,3.32691897889456e-12
"CFAP43","ENSG00000197748",396.345127878418,-1.55260073130412,0.248194903184395,-6.25557056725951,3.96065200044479e-10,1.13153355011909e-09
"LHFPL5","ENSG00000197753",129.813588543817,2.02243639041665,0.150780156055346,13.4131469506789,5.06433835753863e-41,9.06162062314388e-40
"HOXC6","ENSG00000197757",120.013343378706,2.34251271115757,0.252012523539772,9.29522342086258,1.46897358032913e-20,8.60371334626156e-20
"CFD","ENSG00000197766",1556.78746289798,-2.34203912650211,0.179851650324263,-13.0220608055558,9.16632041356406e-39,1.44759903936365e-37
"STPG3","ENSG00000197768",16.722708727007,1.95549813946572,0.245436149019052,7.96744141920968,1.61993207019878e-15,6.80729087178648e-15
"MAP1LC3C","ENSG00000197769",126.593226361365,-1.40224243721652,0.217742590359623,-6.43990886165441,1.19545263470057e-10,3.56444492462879e-10
"EME2","ENSG00000197774",486.314974259385,1.06226206326863,0.135062451023163,7.86496953980535,3.69187270434437e-15,1.51267868785972e-14
"ATAD3A","ENSG00000197785",1181.48155189503,1.20156797972243,0.101602671436624,11.8261455405917,2.85974665975852e-32,3.26752535013149e-31
"CFAP299","ENSG00000197826",25.8104439571707,-1.63431980042565,0.312425017787136,-5.23107852246057,1.68523900739034e-07,3.84150981852666e-07
"H4-16","ENSG00000197837",88.5719643835266,1.50049725264234,0.193804269568969,7.74233331380946,9.76086952235493e-15,3.89325096664059e-14
"CYP2A13","ENSG00000197838",13.8400563493364,-1.0820604580803,0.421613174791613,-2.56647686262443,0.010273747912955,0.0145009206757516
"INKA2","ENSG00000197852",367.157068980423,-1.58520627071979,0.107604420152179,-14.7317951109993,4.02860708478384e-49,1.07108271274944e-47
"PRB3","ENSG00000197870",25.0266304528009,3.24007870286065,0.265975798046669,12.1818553667508,3.88345572848628e-34,4.86260835198075e-33
"CYRIA","ENSG00000197872",919.675022544124,-1.38468897323456,0.119069733057577,-11.6292271568711,2.92735860171011e-31,3.1899651315712e-30
"NRAP","ENSG00000197893",20.1440461861939,1.51226597260255,0.270651628353256,5.58749999696558,2.30361762373646e-08,5.67124795562967e-08
"H2BC12","ENSG00000197903",1343.68474380749,1.35728071939923,0.144878873141499,9.36838263556628,7.36524507466812e-21,4.38995103667677e-20
"ERO1A","ENSG00000197930",9337.18249125863,2.06601929956591,0.128642075647201,16.0602142741534,4.84873375575148e-58,1.8901610695351e-56
"AADACL2","ENSG00000197953",4.2054681524317,-1.11699328601156,0.519639728491176,-2.14955328618707,0.0315905668547267,0.0419045157336811
"ELOVL2","ENSG00000197977",92.2489794013483,1.61684670929706,0.209746449020662,7.70857726958602,1.27228079898664e-14,5.03203367291509e-14
"CLEC9A","ENSG00000197992",26.2881297258153,-1.26486406848383,0.181288470156491,-6.97707949872367,3.01379189799846e-12,1.01060304405709e-11
"CCDC151","ENSG00000198003",113.307244772964,-1.32125280639721,0.219876881472905,-6.00905742134617,1.86605030419131e-09,5.02698556050814e-09
"FCGR1B","ENSG00000198019",63.7872503870064,-1.05805243535115,0.151587030281639,-6.97983484065462,2.95527274133478e-12,9.91723465129468e-12
"ZNF560","ENSG00000198028",37.6401619632857,3.71210715749588,0.55033443841737,6.74518419775984,1.52833009201766e-11,4.86417828823764e-11
"TUBA3C","ENSG00000198033",11.5878682043639,4.85234119072354,0.973708576299245,4.98336084207632,6.24892594289367e-07,1.35710683209366e-06
"AVPR1B","ENSG00000198049",13.4156450964801,3.4991528505034,0.357837305867184,9.77861389276767,1.39102442480209e-22,9.32893554459664e-22
"SIRPA","ENSG00000198053",3052.95577478098,-1.25779138087867,0.118866234846163,-10.581569968179,3.62826985339686e-26,2.96035715854218e-25
"AKR1B10","ENSG00000198074",3056.31186841829,7.35510461205559,0.443036692970363,16.6015698671433,6.78918004047767e-62,3.00690095208582e-60
"SULT1C4","ENSG00000198075",266.049639660589,-2.24675935842894,0.15908185724363,-14.1232909733263,2.729413029102e-45,5.95577894264903e-44
"NUP62CL","ENSG00000198088",153.592219178531,1.45806303910325,0.144395914255095,10.0976751774804,5.65672879585995e-24,4.10611960828893e-23
"TMPRSS11F","ENSG00000198092",1.64276823350533,2.40837184033049,0.557691839125406,4.31846347995229,1.57119213622184e-05,3.01839605898834e-05
"ADH4","ENSG00000198099",14.6274632457479,1.60363177557623,0.357253884784334,4.48877351339177,7.16344076099247e-06,1.41818373021065e-05
"MB","ENSG00000198125",426.500452053989,3.22285327603413,0.229366892865679,14.0510831173943,7.58647867340267e-45,1.62959019091469e-43
"NPIPB6","ENSG00000198156",5.62692092484901,1.0517181586211,0.244499266484976,4.30151866605182,1.69631481307795e-05,3.24726232485329e-05
"BPIFA1","ENSG00000198183",11316.6295715933,4.86256943163409,0.425743211244572,11.4213669254276,3.2704907625767e-30,3.36702481097727e-29
"SULT1C2","ENSG00000198203",950.586052208734,1.71702501374447,0.233657867591405,7.34845794598713,2.0050652829064e-13,7.32176185858045e-13
"CACNA1E","ENSG00000198216",40.4192326892053,2.72385292405056,0.264600287886181,10.294217537746,7.48254243436302e-25,5.68031954934482e-24
"CARD11","ENSG00000198286",1345.44145891802,1.83556675690772,0.162562707413108,11.2914381540358,1.44650254672896e-29,1.44030440003458e-28
"ZNF485","ENSG00000198298",147.78301069157,1.24513401071627,0.0903157813865733,13.7864500710767,3.07524564180779e-43,6.07344042702723e-42
"PEG3","ENSG00000198300",48.6468424980118,-1.24378793611488,0.206086842326913,-6.03526126205512,1.58705703887664e-09,4.30325982673431e-09
"HYLS1","ENSG00000198331",297.708662025205,1.28668910067154,0.0975515336621192,13.1898397940942,1.00398376472173e-39,1.66490097332399e-38
"HOXC4","ENSG00000198353",107.126458766634,1.68442602066342,0.205763992755738,8.18620400053666,2.69594598976814e-16,1.19225312889079e-15
"DCAF12L2","ENSG00000198354",19.2349029469396,3.36556137046029,0.374257367303737,8.99263892841124,2.41364135819641e-19,1.30003867616521e-18
"ASPH","ENSG00000198363",19297.4589408494,1.17597052141881,0.164858651544544,7.13320478119444,9.80584977187622e-13,3.4102248779044e-12
"GFPT1","ENSG00000198380",8578.01017573075,1.16564885027815,0.0891831512359014,13.0702810354262,4.86853302587799e-39,7.77791619928883e-38
"TXNRD1","ENSG00000198431",18311.8464906093,1.55300022145048,0.198037892520977,7.8419347008855,4.43657074337539e-15,1.80910575002771e-14
"KRTAP4-1","ENSG00000198443",51.5425971339277,7.28373307249029,0.487616162028857,14.93743161052,1.8808595320203e-50,5.35043236986317e-49
"OR14L1P","ENSG00000198452",2.19165843607123,-1.86419170508929,0.250366488141754,-7.44585155515623,9.63210658607674e-14,3.5823588265365e-13
"B3GNT6","ENSG00000198488",801.710629015523,5.76314749616287,0.335196664957049,17.1933318516201,2.97909151717735e-66,1.58174731504019e-64
"HLA-DRB5","ENSG00000198502",17162.3085716243,-1.12849985777504,0.191729450136166,-5.88589732549473,3.95900047605371e-09,1.03929570889127e-08
"CNGA1","ENSG00000198515",90.7026391210607,2.33004779056656,0.229291334609876,10.1619531088298,2.9314432676633e-24,2.15586988854498e-23
"C2CD4A","ENSG00000198535",720.580350584173,4.10727976157805,0.240877279117056,17.0513374139455,3.41626185734024e-65,1.73164797205068e-63
"KCNRG","ENSG00000198553",24.5769145120106,-1.12401193633861,0.219962324554614,-5.11002026649128,3.22124256068914e-07,7.16797576649804e-07
"WDHD1","ENSG00000198554",717.518280224676,1.78254269405768,0.123115806620013,14.4785851873542,1.65468077086586e-47,3.99018908801926e-46
"SLC34A3","ENSG00000198569",31.3791017362722,1.78390114094495,0.248512206166751,7.17832402867151,7.05711461483584e-13,2.47807782713282e-12
"RD3","ENSG00000198570",5.68323996637752,-1.90187531934018,0.230580759224231,-8.24819610161262,1.60803341233725e-16,7.23291650250136e-16
"SPANXC","ENSG00000198573",2.2689077978042,3.42385206280561,1.03162234760929,3.31890063329873,0.00090372581592597,0.00144701261962983
"SH2D1B","ENSG00000198574",44.8147823854126,-1.79398023020474,0.186054604812907,-9.64222429221106,5.30263202694756e-22,3.41540658236763e-21
"ARC","ENSG00000198576",114.425579562489,-3.4329494188038,0.222970641519559,-15.3964189877557,1.7298762431785e-53,5.54707448372633e-52
"ZNF536","ENSG00000198597",8.86983816695581,-1.76418869094683,0.30509560379975,-5.78241268958028,7.36367897756512e-09,1.88684387720998e-08
"MMP17","ENSG00000198598",361.800687920474,2.68263945279103,0.201629643339699,13.304786976543,2.17111032900881e-40,3.74977578348983e-39
"AKR1C4","ENSG00000198610",32.1263660675746,3.86612872731378,0.423986999395187,9.11850772035175,7.61658250057616e-20,4.24823911106014e-19
"CCDC69","ENSG00000198624",2548.65218024147,-1.50320233387674,0.123114145886331,-12.2098262799517,2.75476729911973e-34,3.4736470248872e-33
"STK39","ENSG00000198648",2836.83744145251,1.5363804366017,0.107840888594031,14.2467338375283,4.69742806771777e-46,1.067993397912e-44
"LPA","ENSG00000198670",3.79832252845638,-1.89133514261736,0.322009760231179,-5.87353358873197,4.26602545257666e-09,1.11547557245293e-08
"MAGEA1","ENSG00000198681",64.4060380444282,6.25383313781128,0.752149378524289,8.31461584144529,9.20499516739866e-17,4.20013331696771e-16
"PAPSS2","ENSG00000198682",4523.18594417447,-1.46919757941163,0.128574603125102,-11.4268101452518,3.07187092202042e-30,3.16801074396031e-29
"ABCA4","ENSG00000198691",973.608759903358,3.68795646272151,0.2852993859935,12.9266189966687,3.18520494801493e-38,4.87535262060146e-37
"ANKRD13B","ENSG00000198720",321.014464894137,1.27246579669258,0.142913760562539,8.90373181479434,5.39998273716247e-19,2.85104429377539e-18
"TEX45","ENSG00000198723",25.0933726554748,2.32472613461209,0.243546578139455,9.54530403330466,1.35708952516076e-21,8.50224190255654e-21
"SMOC1","ENSG00000198732",1022.92100546458,3.8155101598733,0.323032588471441,11.8115332509575,3.40298368357796e-32,3.87092098221618e-31
"F5","ENSG00000198734",992.620269735077,2.3315686448381,0.261231736628745,8.92528861511056,4.44538561514417e-19,2.36167710248737e-18
"MSRB1","ENSG00000198736",2764.99342670983,1.04294324873902,0.13433894564702,7.76352117188254,8.26033260539394e-15,3.3184133657008e-14
"SLC5A3","ENSG00000198743",2979.02953925931,1.54867509256657,0.162200960702673,9.54787866765728,1.32379061014506e-21,8.29943426325352e-21
"PLXNB3","ENSG00000198753",869.425348793684,3.36803764318533,0.208849819407542,16.1266006968053,1.65904148918037e-58,6.52422623426468e-57
"OXCT2","ENSG00000198754",17.5954924252248,1.49647474155917,0.207999571316122,7.19460493158807,6.26418766696345e-13,2.20911704244438e-12
"COLGALT2","ENSG00000198756",200.622937758777,-1.17410952002175,0.246342071821805,-4.76617538911931,1.87755834826315e-06,3.91232695067807e-06
"EPS8L3","ENSG00000198758",186.356432843526,6.44592489105144,0.48742769229826,13.2243715178725,6.34654988653359e-40,1.06627997295536e-38
"APCDD1L","ENSG00000198768",92.9821656515649,3.93647980559811,0.285877178817982,13.7698287840754,3.87129531026332e-43,7.61198758093863e-42
"FAM169A","ENSG00000198780",100.676320363716,1.21628042644882,0.186187606551599,6.53255310047583,6.4657861028298e-11,1.96421580200227e-10
"MUC2","ENSG00000198788",70.0123679479471,4.46576778037779,0.442798734615134,10.0853219110016,6.41545505724712e-24,4.63804999350799e-23
"SCAMP5","ENSG00000198794",768.395214567014,1.2062390427222,0.133923977804082,9.00689378034162,2.11975218497961e-19,1.14657575108344e-18
"ALPK2","ENSG00000198796",65.6786618801611,3.00101272416629,0.227251766607368,13.2056739050626,8.13682321702025e-40,1.35813598714686e-38
"PAX9","ENSG00000198807",616.067096054856,2.70554230716819,0.237934969504513,11.3709317835976,5.83612138939906e-30,5.93327954662031e-29
"GRM3","ENSG00000198822",5.85126935133248,-1.7261839147871,0.234180892111024,-7.37115611451648,1.69154615479198e-13,6.20349156542177e-13
"ARHGAP11A","ENSG00000198826",576.538387638156,2.06497004086315,0.141558085854846,14.5874396958191,3.37632684370576e-48,8.50881918513058e-47
"GJC2","ENSG00000198835",95.2630067993897,-1.41330015733442,0.156016770342735,-9.0586425691912,1.32083997860095e-19,7.23852671886886e-19
"STYXL2","ENSG00000198842",25.513920761291,-1.48119646132994,0.366254276331082,-4.0441752002671,5.25076446166346e-05,9.61341742684378e-05
"ARHGEF15","ENSG00000198844",627.006956921884,-2.45316386213022,0.125769044834469,-19.5053072507544,9.89607404315328e-85,1.12783727932574e-82
"CES1","ENSG00000198848",7068.75293655125,-1.01441288135225,0.278052602439638,-3.64827688161078,0.000264005034838649,0.000448054831487049
"CCDC152","ENSG00000198865",50.9786252836056,-1.03662554075245,0.135020420245715,-7.67754639532274,1.6216452383557e-14,6.37156307639406e-14
"GRK5","ENSG00000198873",1440.55146440453,-2.4891438235364,0.125583810273513,-19.8205789274527,1.97819937216571e-87,2.68150919440614e-85
"PNMA5","ENSG00000198883",29.2126441309194,3.2538626756268,0.388874685332952,8.36738105706434,5.89129415279534e-17,2.71403002770255e-16
"DCAF12L1","ENSG00000198889",5.13878850769183,2.34267134108076,0.639785612632909,3.66165055109628,0.000250595527596476,0.000426348366956712
"PRC1","ENSG00000198901",10.7199588787978,1.84169982405183,0.177604063228896,10.3696941982586,3.40613008409757e-25,2.63606771603624e-24
"MAP3K3","ENSG00000198909",1807.25127843891,-1.04494348013608,0.0734899486751472,-14.2188625652076,6.99811413797373e-46,1.57505982730521e-44
"L1CAM","ENSG00000198910",136.568915798466,1.0248328086884,0.26011267467998,3.93995721257825,8.14961431412473e-05,0.000146142562560266
"POU3F3","ENSG00000198914",3.23977892267626,1.49627066312346,0.498666760954848,3.00054220629904,0.00269499401785257,0.00408657016622339
"RASGEF1A","ENSG00000198915",549.568921590852,1.98722107435384,0.175287383921804,11.3369315571527,8.61110374844652e-30,8.66583123571168e-29
"SPOUT1","ENSG00000198917",5.49248081827501,1.66430583943507,0.230009447934901,7.2358151127171,4.62741370921756e-13,1.64510855352732e-12
"CSAG1","ENSG00000198930",161.951826160397,7.28890208144703,0.598023970287449,12.1883109099181,3.58780715436561e-34,4.50186770077587e-33
"CCDC167","ENSG00000198937",738.192928225229,1.40254011938051,0.115319051988228,12.1622584924101,4.93744817421542e-34,6.15649896733355e-33
"MFAP3L","ENSG00000198948",238.150472101071,-2.06782748497898,0.171012558059953,-12.0916703921477,1.16885787645756e-33,1.42760231968977e-32
"IQANK1","ENSG00000203499",1751.3247699753,2.2382087078473,0.124837558437375,17.9289689406261,7.00669998677904e-72,4.69553868402387e-70
"CHML","ENSG00000203668",1969.4512492968,1.34230791402914,0.145230254772912,9.24261901301509,2.40536188574792e-20,1.3879116485549e-19
"STUM","ENSG00000203685",407.400223591307,2.42165574625916,0.326135953005738,7.42529526088941,1.12528606747289e-13,4.16954723654844e-13
"CAPN8","ENSG00000203697",4324.8714620154,1.40336679334564,0.204377884315483,6.86652960542133,6.57825292574432e-12,2.14946456538245e-11
"C1orf53","ENSG00000203724",179.312451143223,1.08803513204234,0.141326775276011,7.69871901426616,1.37437011358558e-14,5.42262501485925e-14
"SAMD5","ENSG00000203727",391.257544925592,-1.16796079080713,0.186353714816466,-6.26744034567499,3.67031157766603e-10,1.05127077091689e-09
"ECT2L","ENSG00000203734",118.636244334822,-1.58326142331499,0.269341467999232,-5.87826833749752,4.14580485092628e-09,1.08562690176531e-08
"GPR52","ENSG00000203737",6.05156566127891,2.29630898729537,0.42536774032864,5.3984088815039,6.72344997554949e-08,1.59425775791819e-07
"METTL11B","ENSG00000203740",8.82782935504222,4.9888007447987,0.40499928630125,12.3180482374675,7.24259765141504e-35,9.41800870470707e-34
"FCGR3A","ENSG00000203747",5622.13868970674,-1.27495992973569,0.15019649005041,-8.48861334447814,2.09117219087812e-17,9.96998241710159e-17
"OR6K3","ENSG00000203757",2.88002460398566,-4.16901370828556,0.286846531534895,-14.5339519567396,7.38349171683781e-48,1.8197357753358e-46
"CENPW","ENSG00000203760",319.720385201432,1.4576851491242,0.153437586519668,9.50018298767593,2.09521794310219e-21,1.29498219882306e-20
"SPRN","ENSG00000203772",9.47872931425888,1.12028360849153,0.189508047777193,5.91153579825095,3.38932582536941e-09,8.95793308616467e-09
"PRR9","ENSG00000203783",0.90652028524595,-1.7072234662294,0.662980668290743,-2.57507277041857,0.0100218998784425,0.0141711596748041
"SPRR2E","ENSG00000203785",4.51586153181163,1.77921646490475,0.675098200006385,2.63549282887722,0.00840152010285996,0.0119859989794669
"DDO","ENSG00000203797",151.300889993384,-1.29757549006219,0.161354902791775,-8.04174814406898,8.85657793557622e-16,3.79116624404941e-15
"PLPP4","ENSG00000203805",111.165318884536,4.07760621847664,0.258301897749751,15.7862030980009,3.87195714002314e-56,1.41101688607808e-54
"H3C14","ENSG00000203811",5.22043225512034,2.032856669445,0.378490071238006,5.37096432357053,7.83167038181173e-08,1.84822049778102e-07
"H2AC18","ENSG00000203812",3.71799845555626,2.47798079729459,0.405365702426662,6.11295129918621,9.78052259609575e-10,2.7077656012988e-09
"H2BC18","ENSG00000203814",134.730441297621,2.7449431803895,0.228041742391991,12.0370207296131,2.27006657370727e-33,2.73523913827233e-32
"PNLIPRP3","ENSG00000203837",6.28802463939731,2.93327152452625,0.644975556136149,4.54788014308415,5.41889804158255e-06,1.08396134888806e-05
"RIPPLY2","ENSG00000203877",1.88062731285277,1.56219213112947,0.689228516829776,2.26658081170965,0.0234158453648075,0.0316012134035955
"SOX18","ENSG00000203883",364.319222558063,-1.63873368631514,0.135790409003251,-12.0681106887005,1.55667199085304e-33,1.88965616908639e-32
"LIME1","ENSG00000203896",67.6263638396694,1.47441566724547,0.165522353961321,8.90765284542785,5.21243148050797e-19,2.75527434211903e-18
"CCDC160","ENSG00000203952",73.4437285833688,1.07875855329441,0.265561233216742,4.06218385201563,4.86157637441839e-05,8.93285952633684e-05
"C1orf141","ENSG00000203963",23.3798463787574,-1.98960498754236,0.436532509285374,-4.55774757944018,5.17051246322625e-06,1.03601320833715e-05
"GLYATL3","ENSG00000203972",2.31409293222468,2.95852219212567,0.743991506838224,3.97655371725767,6.99212098778987e-05,0.000126450395021755
"LDLRAD1","ENSG00000203985",386.776427909334,-1.51137716271371,0.281009815948615,-5.37837853674861,7.51596620345101e-08,1.77676289177367e-07
"ZYG11A","ENSG00000203995",142.993424636579,5.4484870749673,0.263716937940874,20.6603607546394,7.877362386863e-95,1.60170051350159e-92
"LCN8","ENSG00000204001",3.93961040599538,2.64793530120576,0.569099806321376,4.65284871263942,3.27380445753025e-06,6.67481576556389e-06
"CT83","ENSG00000204019",175.891155580615,6.65966619572792,0.462322590325918,14.404803777884,4.8268676925294e-47,1.13940822720882e-45
"LIPN","ENSG00000204020",22.7737645143804,-2.4076012282381,0.229030852519801,-10.5121262124715,7.59613524776273e-26,6.08404870135267e-25
"LIPK","ENSG00000204021",13.6276937574472,5.86547626074284,0.52329738517386,11.2086863548804,3.69638497716214e-29,3.57897274872089e-28
"FOXO6","ENSG00000204060",207.31306223347,2.26151248571878,0.201970305852929,11.1972523691952,4.20575939136004e-29,4.0589888236033e-28
"TCEAL6","ENSG00000204071",1.4496515494491,-1.62663041895105,0.279801168124507,-5.81352261627166,6.1171702917423e-09,1.57920253975105e-08
"C2orf72","ENSG00000204128",243.7450785798,1.91820575088093,0.274665479748234,6.98378898083301,2.87323533929052e-12,9.66186805599046e-12
"NHSL2","ENSG00000204131",534.723390769003,-1.2594058961135,0.133746296705114,-9.41637957191641,4.66910024041384e-21,2.81672995959962e-20
"GGTA1","ENSG00000204136",410.682684339725,-1.36137540559625,0.127524971420582,-10.6753633459472,1.32737204241183e-26,1.11036315824567e-25
"CLPSL1","ENSG00000204140",14.2564403501885,4.99420503133039,0.459964234226507,10.8578116725289,1.83083957716241e-27,1.60348568547073e-26
"ASAH2B","ENSG00000204147",222.679268225167,1.06011487238836,0.0890660810475904,11.902565599826,1.14763757222456e-32,1.33428713968902e-31
"TMEM273","ENSG00000204161",638.404656457516,-1.56322974089448,0.123171765640312,-12.6914616573692,6.59435055222274e-37,9.57733071679557e-36
"GPRIN2","ENSG00000204175",500.315063599769,-1.66000767700364,0.184186218405311,-9.01265953216279,2.01118878572964e-19,1.08917073072217e-18
"SYT15","ENSG00000204176",35.4916760844764,-2.47007414442869,0.194333682123818,-12.7104787879998,5.17168219177794e-37,7.53557894604908e-36
"AWAT1","ENSG00000204195",3.74969665467912,2.68517033411965,0.479025257051323,5.60548800839527,2.07669001112462e-08,5.12880805646003e-08
"BMPR2","ENSG00000204217",5743.77346720344,-1.31615854375941,0.0825392038023683,-15.9458594598371,3.04422973414038e-57,1.14674531858892e-55
"PFDN6","ENSG00000204220",1665.08772894852,1.04585680109159,0.0963982259096583,10.849336605756,2.008779934804e-27,1.75355048499688e-26
"COL11A2","ENSG00000204248",98.8828608593796,1.43502636136065,0.223739071111396,6.41383891616395,1.41900144667795e-10,4.20158743759863e-10
"HLA-DOA","ENSG00000204252",3594.42079455389,-1.02707311460231,0.160463767284244,-6.40065437814985,1.54712430601959e-10,4.56584120198062e-10
"COL5A2","ENSG00000204262",9390.79000510704,2.19650409357451,0.16607721809252,13.2258001356384,6.22710118865959e-40,1.04719475158539e-38
"HLA-DRA","ENSG00000204287",79010.9904936369,-1.02545289715141,0.148919882426347,-6.88593678992855,5.74084793931464e-12,1.88444307793353e-11
"TSBP1","ENSG00000204296",3.94375052195849,1.17640970901704,0.390156958771234,3.01522165008166,0.00256791520541491,0.00390313513170991
"NOTCH4","ENSG00000204301",1256.33851260208,-1.82692095376285,0.112297244026243,-16.2686178953413,1.64836481280688e-59,6.65783105994437e-58
"AGER","ENSG00000204305",13936.2338338991,-5.0210544034218,0.26600697995172,-18.8756490688068,1.80887870335153e-79,1.58658169799357e-77
"MRPL38","ENSG00000204316",76.2028484214955,1.02773092492558,0.117942655715822,8.7138187510535,2.93805994912456e-18,1.48044794901959e-17
"ERICH2","ENSG00000204334",137.979728194355,-1.11343579993965,0.173071914574987,-6.43337079082944,1.24804692693479e-10,3.71136840014029e-10
"SP5","ENSG00000204335",250.44938503213,2.33044366420005,0.244305817562157,9.53904285806509,1.44156603981638e-21,9.01255805396035e-21
"BTBD17","ENSG00000204347",2.32427421571011,1.80969747364932,0.51187993298531,3.53539444903626,0.00040716687301351,0.000676582174854267
"NXPE2","ENSG00000204361",3.71858953062842,1.50828006974631,0.357951588999009,4.21364261565125,2.51284792784843e-05,4.74837765054304e-05
"ZBTB12","ENSG00000204366",244.538433687407,1.21981539727262,0.122153924945038,9.98588786910831,1.75720793292839e-23,1.2398155182921e-22
"XAGE1A","ENSG00000204379",8.56453037970864,4.89792018373425,0.461913416012899,10.603546062835,2.86891414704729e-26,2.35258848914378e-25
"XAGE1B","ENSG00000204382",15.4386792802114,4.29412415167281,0.426112333587263,10.0774462816468,6.95091784385905e-24,5.01705417427067e-23
"VARS1","ENSG00000204394",5828.85260091669,1.16701938062606,0.088251690815231,13.2237622854094,6.3981790644067e-40,1.07394575984455e-38
"CARD16","ENSG00000204397",415.403725307837,-1.30318371328559,0.121595806824386,-10.7173408962014,8.43948104797366e-27,7.12972778051901e-26
"MSH5","ENSG00000204410",108.433466631513,1.68654481870244,0.160650357805128,10.4982325700653,8.80125571530508e-26,7.01161480471744e-25
"MPIG6B","ENSG00000204420",25.1059658199875,-2.19281857257856,0.151909126357453,-14.4350680249369,3.11338382996795e-47,7.38829931957778e-46
"LST1","ENSG00000204482",951.764839691245,-1.34447357212949,0.152395992192268,-8.82223707322474,1.12195403418895e-18,5.81213767624286e-18
"MCCD1","ENSG00000204511",3.34436193131307,2.9973357256463,0.636603046061796,4.70832765282644,2.49757409547328e-06,5.14910626688598e-06
"POU5F1","ENSG00000204531",146.437561454465,1.20034370084027,0.23724587868088,5.05949231874689,4.20374210881532e-07,9.26324600406804e-07
"CCHCR1","ENSG00000204536",1327.18859785923,1.17580945170359,0.0980518817847678,11.9917071483094,3.92726832628165e-33,4.66604330426013e-32
"PSORS1C2","ENSG00000204538",8.47206240164698,1.02982742821019,0.304644022494459,3.38042880269848,0.00072372822653731,0.00117106792886888
"C6orf15","ENSG00000204542",9.51767305464067,4.78842275632532,0.559641405774621,8.55623387925966,1.16614596402708e-17,5.65930288427897e-17
"MUC21","ENSG00000204544",4084.28381673813,3.76171634047506,0.310995474493675,12.0957269445783,1.11253076192211e-33,1.36252655188722e-32
"LILRB3","ENSG00000204577",535.531925039551,-1.35588262800834,0.124010866299454,-10.9335791972796,7.9643748107871e-28,7.13960713874818e-27
"HLA-E","ENSG00000204592",46818.9613789716,-1.34402324571667,0.0969990904478947,-13.8560396753271,1.16951159666124e-43,2.35653952692112e-42
"TRIM15","ENSG00000204610",74.506219107464,6.36633001645495,0.45329490325807,14.0445656253727,8.31768097707434e-45,1.78024241295205e-43
"TRIM10","ENSG00000204613",18.711488007567,2.47314426941983,0.355799680567548,6.9509457273116,3.62845453744372e-12,1.20923704672156e-11
"TRIM40","ENSG00000204614",4.87782604269678,1.7083298527483,0.466068532062433,3.66540483904512,0.000246947625352681,0.000420541911148332
"TRIM31","ENSG00000204616",382.036640062639,3.86061001590515,0.271647532194849,14.2118354056535,7.73707562246231e-46,1.73483075329221e-44
"RNF39","ENSG00000204618",378.008977937273,1.18587696981526,0.175681915692655,6.75013683189723,1.47705789925379e-11,4.70685609819201e-11
"DISP3","ENSG00000204624",34.1172705895527,2.19159218240396,0.272440532288236,8.04429562663353,8.67428909320742e-16,3.71669192396457e-15
"OR2H2","ENSG00000204657",2.33058302756176,1.67364902116487,0.389960221652026,4.29184549663715,1.77194229603549e-05,3.38660152776789e-05
"CBY3","ENSG00000204659",4.326556571213,1.43141310778884,0.240910546362344,5.94167889037081,2.82117638917519e-09,7.49729825211817e-09
"MAS1L","ENSG00000204687",2.60869273283043,-1.88476931998254,0.32291847315107,-5.83667233896771,5.32536762848129e-09,1.38036799907889e-08
"SPDYC","ENSG00000204710",13.6738289418585,3.16995794307355,0.448546584790587,7.06717663351179,1.58117640742296e-12,5.42511782512348e-12
"INSYN2B","ENSG00000204767",59.5798596423506,2.00711843648962,0.279407199468061,7.18348861557898,6.79546968126909e-13,2.38929728840534e-12
"AL391987.2","ENSG00000204805",4.84800657099809,1.34781936774326,0.250607221943505,5.37821439179076,7.52282030775724e-08,1.77814826640291e-07
"TTC25","ENSG00000204815",236.875222855592,-1.36841941287261,0.184717335527913,-7.40818076961613,1.28043694540492e-13,4.72778750807476e-13
"MROH6","ENSG00000204839",1919.6885618326,2.44624821128704,0.168765442787158,14.4949592220262,1.30379786576781e-47,3.16109149216579e-46
"IGFL2","ENSG00000204866",118.467409113226,3.80082871118241,0.273111359982817,13.9167726725887,5.01021541763601e-44,1.03162007442763e-42
"IGFL4","ENSG00000204869",10.8457058994317,2.50188471719764,0.293759879293817,8.51676792355727,1.64067816915515e-17,7.87041675085605e-17
"KRT40","ENSG00000204889",34.7624466668348,1.48156018166269,0.363797431138445,4.0724866501294,4.65138669604593e-05,8.56335653383577e-05
"UQCC3","ENSG00000204922",275.543203091188,1.0856815805363,0.102829619133985,10.55806283909,4.6618286995522e-26,3.77987749784383e-25
"CD177","ENSG00000204936",177.97129885393,1.95909129013586,0.31579701030837,6.20364102947916,5.51715530662459e-10,1.5580565009696e-09
"PSG5","ENSG00000204941",1.64154377317027,2.21819955321561,0.625298744887179,3.54742364566209,0.000389018494144041,0.000648170957791166
"LRRC10B","ENSG00000204950",273.153752431185,-1.37567096411632,0.252226989863457,-5.45409896403647,4.92217850862598e-08,1.18107201360929e-07
"FBXO47","ENSG00000204952",2.94728257320639,2.79477496232822,0.369167170496346,7.5704861799348,3.71829990140617e-14,1.42252598109601e-13
"PCDHGA1","ENSG00000204956",55.9993637280235,1.41799923890305,0.189465587365779,7.48420469710677,7.19816895692434e-14,2.69788096242663e-13
"PCDHA9","ENSG00000204961",12.0856205091061,1.96846804514036,0.311569339610392,6.31791320545809,2.65118833765577e-10,7.6735219873301e-10
"PCDHA8","ENSG00000204962",7.50879260017072,1.60204746479425,0.277068885628263,5.7821269290543,7.37620178254011e-09,1.88978205176103e-08
"PCDHA7","ENSG00000204963",31.0318085992207,1.3578116412164,0.237745518651116,5.71119762391379,1.12183880257878e-08,2.83437753382409e-08
"PCDHA5","ENSG00000204965",22.4723149186437,1.73489302550316,0.246433572627755,7.04000273584382,1.92236057727242e-12,6.55301920539825e-12
"PCDHA4","ENSG00000204967",93.4684293971927,1.26322675931744,0.248145911692976,5.09066117873582,3.56817118943214e-07,7.90164444214223e-07
"ERICH4","ENSG00000204978",3.75134423602073,-2.29667112678551,0.195354527711168,-11.7564263991933,6.54461130737114e-32,7.35108161473897e-31
"PRSS1","ENSG00000204983",70.2266730664681,5.18214047358446,0.443940590258704,11.6730494739501,1.75034499055421e-31,1.92850510566419e-30
"SPIRE2","ENSG00000204991",990.917189979275,1.15608267890226,0.138043590817836,8.37476533356657,5.53340193207427e-17,2.5530985242549e-16
"AARD","ENSG00000205002",129.782662824865,-1.91034755662492,0.262478370550556,-7.27811420277378,3.38518717129003e-13,1.21579996097737e-12
"PKHD1L1","ENSG00000205038",191.918478756758,-2.54531747694476,0.1923239130591,-13.234534574817,5.54390972894064e-40,9.39367204355445e-39
"LGALS7","ENSG00000205076",5.38332925391268,1.33216264517449,0.457660006735329,2.91081288635495,0.00360489829360487,0.00538282943899456
"SYCE1L","ENSG00000205078",82.7964179735371,1.13287393021626,0.163157423304,6.94344092518214,3.826626711677e-12,1.27196417893436e-11
"CCNI2","ENSG00000205089",60.3341956692723,1.70115891498439,0.181552844757979,9.37004824822288,7.24993790003843e-21,4.32554647700525e-20
"TMEM88B","ENSG00000205116",9.25033539500734,2.92777552315249,0.313038154761571,9.35277530428349,8.53774803335063e-21,5.06350432750225e-20
"ARID3C","ENSG00000205143",4.75619384464675,1.28411676793727,0.258822423955844,4.96138143021312,6.9993591299004e-07,1.51383455712931e-06
"C11orf91","ENSG00000205177",6.15029412494033,-2.04509981653491,0.225458648067901,-9.07084218796075,1.18100594812541e-19,6.50007364804919e-19
"LGR4","ENSG00000205213",3183.6984919797,2.72934107553077,0.134625061596596,20.2736477381102,2.19748947351263e-91,3.74473134757728e-89
"VIT","ENSG00000205221",11.2112678120164,-2.38191415016192,0.244434435668436,-9.74459324296221,1.94556444697585e-22,1.29172484785673e-21
"CTXN3","ENSG00000205279",1.18629677396992,1.29429582519307,0.511388335134078,2.53094514729932,0.0113755636772894,0.0159679109498501
"MGAT4D","ENSG00000205301",1.33157503145882,-1.76841771222403,0.395291494754844,-4.47370544443609,7.68756247999413e-06,1.51741373915648e-05
"SARNP","ENSG00000205323",14.788335220846,1.35566645293909,0.270554144796654,5.01070295543984,5.42315695867692e-07,1.18337253001959e-06
"ADGRG1","ENSG00000205336",8171.10747474176,1.38274523900659,0.130183607884841,10.6215003676173,2.36725278898579e-26,1.9528471255566e-25
"MT1H","ENSG00000205358",41.3582183747299,1.84643784699617,0.27396679971196,6.73964089421587,1.58778562891717e-11,5.04712173711404e-11
"SLCO6A1","ENSG00000205359",8.55774092856578,4.53862530309635,0.600860681482797,7.55354018488276,4.2358373812734e-14,1.61377067911271e-13
"MT1A","ENSG00000205362",117.908867888214,-1.77068791106084,0.297700335680837,-5.94788684739403,2.71626251078786e-09,7.22492717489627e-09
"INSYN1","ENSG00000205363",122.943493965346,-1.42419141315946,0.214211007728408,-6.64854448080065,2.96005529985722e-11,9.25463384245067e-11
"MT1M","ENSG00000205364",243.854898695662,-2.77961247002705,0.235471846465744,-11.8044365462239,3.70262884066639e-32,4.20642145054246e-31
"KRT6A","ENSG00000205420",2152.38148845738,5.36747430560846,0.39931703194313,13.4416362845572,3.44728592024533e-41,6.2242469193693e-40
"KRT81","ENSG00000205426",326.701523833932,4.97186941976851,0.338443555160528,14.6903947318787,7.42798326387133e-49,1.94595760674158e-47
"CPT1B","ENSG00000205560",22.1667389319455,2.03334932833899,0.19964781003232,10.1846813546806,2.32119084324174e-24,1.71908393038595e-23
"VCX3B","ENSG00000205642",2.66416981824353,1.8975149869847,0.50182561881821,3.78122382721972,0.000156059282741236,0.000271051130468737
"ARSH","ENSG00000205667",27.7055670351391,5.48150549663868,0.337126699461892,16.259481985224,1.91348890493089e-59,7.69394538784909e-58
"LINC00634","ENSG00000205704",9.73559851306963,3.90882484566995,0.329610940806056,11.858905035467,1.93488858308738e-32,2.22786109505679e-31
"CRLF2","ENSG00000205755",44.3807833232394,1.34812091452607,0.250497145678754,5.38178154035715,7.37522388064243e-08,1.74395243684862e-07
"CRLF2","ENSG00000205755",44.3807833232394,1.34812091452607,0.250497145678754,5.38178154035715,7.37522388064243e-08,1.74395243684862e-07
"CYS1","ENSG00000205795",376.563261377285,-1.47218266604864,0.225570171427671,-6.52649531066522,6.73264236525966e-11,2.04216256724175e-10
"KLRC2","ENSG00000205809",14.4699133210619,1.26234043685807,0.30050246834131,4.20076561708739,2.66013873581243e-05,5.01505240753258e-05
"CLEC6A","ENSG00000205846",23.4013539825152,-1.63965897381441,0.239381336050115,-6.84956898006093,7.40728255317207e-12,2.41286194654848e-11
"C1QTNF9B","ENSG00000205863",1.55347685670086,1.38789306346107,0.382678669465486,3.62678449101862,0.000286972611908106,0.000485330902161791
"KRTAP5-1","ENSG00000205869",43.4766826000895,2.19272372399927,0.196251502382797,11.1730289825872,5.52635916197927e-29,5.29636553215292e-28
"ONECUT3","ENSG00000205922",24.8070110769243,4.71277624550929,0.527605200220507,8.93239157525293,4.16896883607487e-19,2.21943943421266e-18
"OLIG2","ENSG00000205927",2.06582873189094,1.16808381020134,0.347799987296558,3.35849296396134,0.000783687163047749,0.00126351724710879
"IFITM5","ENSG00000206013",10.4291653893972,2.91984207478412,0.411226514079068,7.10032542848809,1.24463461252308e-12,4.30842467051181e-12
"C18orf63","ENSG00000206043",8.57120019353311,-2.01133245638201,0.346672622430845,-5.80182087145701,6.55986200810714e-09,1.68812902216397e-08
"DOK6","ENSG00000206052",233.988817682494,-1.01929908139265,0.188248326750524,-5.41465148183482,6.14081968627485e-08,1.46094517546225e-07
"JPT2","ENSG00000206053",6935.72018978805,1.09784433092194,0.0768170736880128,14.2916708254307,2.46620648945873e-46,5.68657638091302e-45
"TMEM211","ENSG00000206069",5.98118149598589,1.10061930197425,0.320483448036939,3.43424694384651,0.000594202598617306,0.000969813654753212
"SERPINB4","ENSG00000206073",75.8041834082101,4.59243306630279,0.473656542199872,9.69570280814339,3.14465119604554e-22,2.06182645111187e-21
"SERPINB5","ENSG00000206075",711.025624759695,4.38655005848151,0.373836534826082,11.7338720265055,8.54579983010039e-32,9.56285155472084e-31
"HBA1","ENSG00000206172",20.2774984016846,-4.3503225799981,0.266703035510204,-16.3114850630624,8.17800695350953e-60,3.34849149700563e-58
"HBM","ENSG00000206177",1.05621913593467,-3.96954626534939,0.31919104730032,-12.4362706878008,1.6607858588694e-35,2.2376838383095e-34
"ELOA2","ENSG00000206181",1.8815540189639,2.42822972087559,0.442198594744247,5.49126512326436,3.99064773257978e-08,9.65319181817628e-08
"ANKUB1","ENSG00000206199",50.2195863201631,-1.42219362598753,0.325483289431175,-4.36948277275001,1.24541163983694e-05,2.41418956933771e-05
"FOXL2NB","ENSG00000206262",5.41783263402285,4.1573674873534,0.516264851422818,8.05278042054531,8.09340287871218e-16,3.47862737710298e-15
"COL6A6","ENSG00000206384",594.571167066566,-2.79816051550171,0.215509554160184,-12.9839279117152,1.50936883354768e-38,2.35870188110644e-37
"TMEM200C","ENSG00000206432",73.5991666990499,1.44949865063124,0.195741805836291,7.40515621810261,1.30996170196017e-13,4.83181709609841e-13
"VGLL3","ENSG00000206538",1348.85141481714,-1.2003178668223,0.180780988265901,-6.63962443360925,3.14483416755593e-11,9.81177293113831e-11
"AC109583.1","ENSG00000206549",7.9351207981768,3.26099644119168,0.350625929976625,9.30049994137364,1.39786837118885e-20,8.19261669363973e-20
"TRIM71","ENSG00000206557",72.2319607241745,-1.99441077344014,0.296429270687421,-6.72811685841647,1.71872869288427e-11,5.45269725208835e-11
"GPX3","ENSG00000211445",13287.4523360733,-2.26590050810692,0.167137094245266,-13.5571371414524,7.18874752473703e-42,1.33709209418004e-40
"DIO2","ENSG00000211448",660.994133429726,2.42699377264439,0.218651329269255,11.0998354355107,1.25675073764921e-28,1.18228396155401e-27
"DIO1","ENSG00000211452",88.2300036123094,1.34143853738067,0.289871383042647,4.62770254621275,3.69744553847551e-06,7.50605775129819e-06
"TAS2R19","ENSG00000212124",12.3453714064554,1.25994677926542,0.26479895786339,4.75812589834823,1.95398620024527e-06,4.06968630904302e-06
"TAS2R50","ENSG00000212126",3.42156761445496,1.8524409410345,0.487313781610584,3.80133091026512,0.000143920939551149,0.000251016412066353
"TAS2R13","ENSG00000212128",4.31112030483191,2.73191173435072,0.49996082522307,5.46425159037572,4.64863842730277e-08,1.11723421598023e-07
"KRTAP2-3","ENSG00000212724",4.19724220045639,3.53050034662101,0.504982172124033,6.99133660852062,2.72279603992332e-12,9.1680447012322e-12
"KRTAP3-1","ENSG00000212901",6.83488953112314,2.57364705693286,0.477724835851927,5.38730010204154,7.15239541856892e-08,1.6926043013418e-07
"MAP10","ENSG00000212916",223.555180278839,1.3669495709282,0.144354431067244,9.46939806988978,2.81460897673302e-21,1.72530998357944e-20
"CGB8","ENSG00000213030",2.73262189967978,3.23552160108952,0.67471034466045,4.79542314223418,1.6233180162356e-06,3.40316687340405e-06
"CFAP45","ENSG00000213085",310.855992555605,-1.02684603116203,0.216278860916087,-4.74778730946075,2.05654133028991e-06,4.27283952889889e-06
"ACKR1","ENSG00000213088",828.250645954076,-2.3776842994792,0.211524447812218,-11.24070680279,2.57313860463843e-29,2.51591087720194e-28
"KLHL23","ENSG00000213160",1176.09496790769,1.16066266572122,0.114293598657743,10.1550977425856,3.14494892140595e-24,2.30530811350744e-23
"FAM24B","ENSG00000213185",77.1917142931676,1.56641115654782,0.139231546838392,11.2504040364212,2.30533599368794e-29,2.26396141246204e-28
"TRIM59","ENSG00000213186",439.39612376996,1.539189886147,0.112477812542081,13.6843867369056,1.25864560301321e-42,2.4164104908493e-41
"MLLT11","ENSG00000213190",376.92365671381,2.12264157872241,0.234255337378408,9.06123037569713,1.28987260442759e-19,7.07748865716741e-19
"GIMAP1","ENSG00000213203",361.588025141523,-2.02582749452692,0.119290496750126,-16.9823041207579,1.11039769990916e-64,5.53435822965865e-63
"LTC4S","ENSG00000213316",108.251056613573,-1.21829039571293,0.132573936061991,-9.18951667198941,3.94610402458338e-20,2.24436234303466e-19
"MXD3","ENSG00000213347",324.639238557381,1.50371342041198,0.128850339846396,11.670232474393,1.80928157692966e-31,1.99098863813053e-30
"MAGEA12","ENSG00000213401",213.790879026315,8.75511808323128,0.702764801355292,12.4581055658264,1.26336122693446e-35,1.71512309814403e-34
"PVRIG","ENSG00000213413",9.03531119007545,1.38045881410162,0.232341038672068,5.94151950938823,2.82392121101286e-09,7.5023641022499e-09
"GPC2","ENSG00000213420",112.980358142266,3.29367415426757,0.225229228490203,14.6236533168733,1.98458918784469e-48,5.04407021848082e-47
"KRT222","ENSG00000213424",2.61865954842526,-1.33827806769499,0.209193323391578,-6.39732686492072,1.58120608042318e-10,4.66257752093144e-10
"ERV3-1","ENSG00000213462",1557.51604357017,1.5812287356879,0.179369913776581,8.81546242842842,1.19192067739461e-18,6.16923247920791e-18
"GBP7","ENSG00000213512",3.20589407750933,-1.56337790891909,0.251798697730363,-6.20884032765418,5.33770222230166e-10,1.50928422666946e-09
"LBH","ENSG00000213626",7225.75603528953,-1.01146795469721,0.107181590866887,-9.43695597832084,3.83766159653119e-21,2.32928354636135e-20
"UGT2B11","ENSG00000213759",13.552525278583,5.60787898867644,0.598706419454345,9.36665919464737,7.48646483697302e-21,4.45774759826816e-20
"GTF2H4","ENSG00000213780",5.90961348915629,1.19532574151509,0.195669634977087,6.10889748762018,1.00321736842698e-09,2.77571801040112e-09
"EMP2","ENSG00000213853",14426.8738055422,-2.72508508854085,0.117448223097097,-23.2024377779472,4.30238265538931e-119,4.81140830330506e-116
"UBD","ENSG00000213886",1.2263376176462,1.88293636556788,0.408897749533394,4.60490762719177,4.1264898542726e-06,8.34579891064764e-06
"PPM1N","ENSG00000213889",101.469911129281,1.08415639674409,0.179709486295616,6.0328278661967,1.61115010470737e-09,4.36461904973942e-09
"CEACAM16","ENSG00000213892",5.12977353284042,1.1155086606962,0.336390283769801,3.31611439009208,0.000912784585347038,0.00146047166105826
"SLC23A3","ENSG00000213901",27.3951276953898,1.63376808692871,0.183303794017899,8.91289837006416,4.97155486142435e-19,2.63417326430163e-18
"DNASE1","ENSG00000213918",807.685854021172,1.19109478793329,0.108450731800999,10.9828192779638,4.62267842060223e-28,4.20079151751324e-27
"CLDN9","ENSG00000213937",318.584922504414,2.29402962364758,0.259649063854912,8.83511609704648,9.99943565158883e-19,5.19361109183974e-18
"ZNF726","ENSG00000213967",146.223038910499,1.63333883211443,0.167667825331359,9.7415161727451,2.00539629797399e-22,1.32996871607297e-21
"ZNF99","ENSG00000213973",8.58007498302708,1.27551592111694,0.350826063053739,3.63575017777843,0.00027717284870282,0.000469600774722049
"AP1G2","ENSG00000213983",1330.93507070074,1.04701063211337,0.105604601637562,9.914441377344,3.60266099428396e-23,2.50339468624167e-22
"TM6SF2","ENSG00000213996",11.4545686861576,1.03745362011188,0.194633136442686,5.33030314916281,9.80489600767401e-08,2.29452006624786e-07
"FBXO16","ENSG00000214050",132.178257386186,1.35558509276096,0.122190750537793,11.0940074170481,1.34140780469829e-28,1.25795649106219e-27
"MAGEB1","ENSG00000214107",4.41862402268402,4.34011183087917,0.965910801567262,4.49328429067882,7.01330579788446e-06,1.38938308947682e-05
"PRCD","ENSG00000214140",41.5247511024752,-1.021270589788,0.116039294051717,-8.80107551613373,1.35511122232196e-18,6.98559639902243e-18
"ALG3","ENSG00000214160",2461.18468726605,1.09196834269507,0.0940945099248177,11.6050165261242,3.88612536680356e-31,4.19893968527875e-30
"C19orf38","ENSG00000214212",144.205732462482,-1.06994812038397,0.135331563306356,-7.90612399830099,2.65526698348513e-15,1.10208054130131e-14
"SCART1","ENSG00000214279",141.599543523416,1.03697056884196,0.187641075267706,5.52635166560693,3.26958447895193e-08,7.96388171547603e-08
"SPDYE3","ENSG00000214300",8.35331192805388,2.20078978745572,0.292241737835043,7.53071687760756,5.04624990952339e-14,1.91297774642165e-13
"FOXI3","ENSG00000214336",128.49338146426,6.84813687252145,0.449948375140195,15.2198279866834,2.61216950429709e-52,8.01707528994645e-51
"VSTM5","ENSG00000214376",38.259988874595,1.16011129834257,0.21601387958602,5.37054054381072,7.85009812580224e-08,1.85232501338493e-07
"GNAT3","ENSG00000214415",1.14004629549815,1.8594130116276,0.885799815396503,2.09913456664618,0.035805040079489,0.0471107862447456
"SEC14L6","ENSG00000214491",402.369666562269,-2.09307440469805,0.209955464992892,-9.96913514382164,2.08032379520914e-23,1.46317742404392e-22
"SPINK13","ENSG00000214510",51.6061805279045,3.44793982577936,0.326628634165903,10.556146844211,4.75793392099292e-26,3.85394801486312e-25
"HIGD1C","ENSG00000214511",1.54863477479283,1.12182126545182,0.478533995392517,2.3442875036112,0.0190634700508128,0.0260403595403613
"NOTO","ENSG00000214513",14.7122106981876,2.65617360697408,0.444153276014912,5.98030848901112,2.22715431166751e-09,5.96385395071338e-09
"CPEB1","ENSG00000214575",37.676301019474,-1.12159361938461,0.194243401021031,-5.7741658840867,7.73352199359162e-09,1.97849455292157e-08
"C10orf105","ENSG00000214688",4.1807734360211,-1.64238718307201,0.206553601855799,-7.95138486240783,1.84437989219386e-15,7.72145283365109e-15
"CAPN14","ENSG00000214711",42.3954726564963,1.97965087922242,0.242877165164369,8.15083162668947,3.61430052011819e-16,1.58467726553479e-15
"MS4A18","ENSG00000214782",3.39660711776173,1.64455777601241,0.475106644737722,3.46144974865647,0.000537274413294332,0.000881159585433132
"FER1L6","ENSG00000214814",55.0334957345178,1.32029621416154,0.36420806510582,3.62511525871325,0.000288832605258134,0.000488245801217175
"RAD51AP2","ENSG00000214842",5.19399345275995,1.59422787935422,0.307241915229096,5.18883589879162,2.11612773003682e-07,4.78744132931455e-07
"DCDC2C","ENSG00000214866",1.76660373811716,-1.10330080018907,0.39728249978418,-2.77711905454791,0.00548430864934,0.00800675054362276
"SMTNL1","ENSG00000214872",43.2532719834648,1.24700256751102,0.215966414975413,5.77405782122647,7.73848617531331e-09,1.9794815315923e-08
"PNMA6E","ENSG00000214897",6.73390594199314,2.12669108682872,0.599515075831286,3.54735213936006,0.000389124105836048,0.000648286557330019
"TBC1D26","ENSG00000214946",2.01217816817773,-2.43309937210579,0.370132981062062,-6.57358164928788,4.91191179154603e-11,1.50804457251429e-10
"LRRC69","ENSG00000214954",42.432394329104,1.03400043441901,0.151544271257813,6.82309153514571,8.91018406384273e-12,2.88456528775716e-11
"ACSM4","ENSG00000215009",9.66705371482217,1.69976062926031,0.285495973866443,5.95371138247807,2.62128907245013e-09,6.978533755892e-09
"COL28A1","ENSG00000215018",392.621668932035,1.20189085846266,0.230012547205402,5.22532737046455,1.73847249941913e-07,3.95907960189722e-07
"GRID2IP","ENSG00000215045",97.2599547308177,1.24035190168955,0.126902472306293,9.77405624293769,1.45507070638046e-22,9.75480709976228e-22
"MUC5AC","ENSG00000215182",7057.2041199576,4.55962262255139,0.45686750297517,9.98018592449372,1.86117704665203e-23,1.31162035824123e-22
"FAM166B","ENSG00000215187",140.85826970934,-1.81061981223564,0.246924105221443,-7.3326976749065,2.25565402019281e-13,8.20166986045722e-13
"C5orf49","ENSG00000215217",304.701722235451,-1.58392406778857,0.244794819668735,-6.47041497827444,9.77341332699858e-11,2.92973169140535e-10
"UBE2QL1","ENSG00000215218",75.0664876993478,2.22931622272092,0.241530693923297,9.229949976581,2.70758319981394e-20,1.55577348086933e-19
"KCNU1","ENSG00000215262",22.7192063969436,6.69745116710868,0.684578414549808,9.78332215092271,1.32779192347673e-22,8.91823606860705e-22
"SKOR2","ENSG00000215474",2.93452752027226,3.64936876428615,0.781294458111721,4.67092621277023,2.99844641627161e-06,6.1371770448808e-06
"SIAH3","ENSG00000215475",13.4478915063304,-1.17021769784438,0.227136496577779,-5.15204608451665,2.57659695494198e-07,5.78893135544663e-07
"EFCAB8","ENSG00000215529",9.79967087376871,1.16905943154003,0.220774688170706,5.29526025481735,1.18847024763766e-07,2.75492915416253e-07
"GAB4","ENSG00000215568",2.63372547964526,3.12962754030878,0.848296907687914,3.68930678863227,0.000224865926987218,0.000384401073046937
"C20orf202","ENSG00000215595",19.5126144444453,-2.55448441656417,0.133588174808886,-19.1220848717984,1.65363507509518e-81,1.60807023905859e-79
"GCGR","ENSG00000215644",8.51532646035507,3.43917432474141,0.375485052658063,9.15928423886773,5.22426702306314e-20,2.94603875964919e-19
"CELA2B","ENSG00000215704",8.02456567772531,-1.49183959022906,0.167258318519917,-8.91937455446447,4.68928900201657e-19,2.48977590840007e-18
"FAM72D","ENSG00000215784",29.1019781578474,2.30293293348434,0.198141258492311,11.6226824791956,3.16054203096153e-31,3.43778593069877e-30
"TNFRSF25","ENSG00000215788",602.156149489322,1.94991941084324,0.153917650437414,12.6685887245668,8.82884987947879e-37,1.27398879752834e-35
"RPTN","ENSG00000215853",1.86464125110884,1.62425993903676,0.605268216635247,2.68353747048904,0.00728478114023371,0.0104645623749359
"IGSF23","ENSG00000216588",4.65767251166501,1.02654825363196,0.253337154475819,4.05210303935083,5.07592997409583e-05,9.30569826091154e-05
"FAM240C","ENSG00000216921",5.12847898879167,1.75862759812886,0.300005675759876,5.86198108977266,4.57377123358582e-09,1.19193837288889e-08
"CCDC7","ENSG00000216937",160.617419858658,1.03397513055084,0.167605651835313,6.16909465300617,6.86821064870941e-10,1.92622089556987e-09
"SP9","ENSG00000217236",6.38751035425488,4.67113727864954,0.694317215095806,6.72767025948649,1.72401053452426e-11,5.46848439890844e-11
"SYCE3","ENSG00000217442",27.5042719580313,1.88586252961947,0.210084561113991,8.97668310141177,2.79052190200713e-19,1.49848743745828e-18
"CKLF","ENSG00000217555",11.8363630433825,1.69118603596416,0.264880635856501,6.38470996755065,1.71722617409117e-10,5.04951979178526e-10
"TENM3","ENSG00000218336",322.400864448337,1.01561296187949,0.200870476500115,5.05605890708835,4.28009177932851e-07,9.42452402258492e-07
"TDRD15","ENSG00000218819",2.23162671152502,1.64145144552289,0.478625188389625,3.42951329211421,0.000604664815318529,0.000985900085702063
"PPP1R3G","ENSG00000219607",117.947664477741,1.10666493885266,0.166178231116717,6.65950607017459,2.74749357302372e-11,8.61016844067511e-11
"VAMP2","ENSG00000220205",2537.87529881131,-1.17211551605807,0.0903342201695907,-12.9753211336477,1.68887017724197e-38,2.63231307329186e-37
"PSG3","ENSG00000221826",6.14300459989486,4.46444140415291,0.73014000828169,6.11450044308559,9.68599009933114e-10,2.68408581148106e-09
"FANCG","ENSG00000221829",27.728405320229,1.69517919806901,0.146002592174862,11.6106102831294,3.64008243830949e-31,3.9402295867315e-30
"C2orf16","ENSG00000221843",178.770984739187,1.20769104251423,0.113822984728035,10.6102563151006,2.67015567335315e-26,2.19362238123545e-25
"MAGEA3","ENSG00000221867",410.703305743429,9.1986788746324,0.710876484178876,12.9399116152473,2.67937571145629e-38,4.11873450215527e-37
"XKR9","ENSG00000221947",147.480670348739,2.21924129869987,0.206647654733499,10.7392522869998,6.65814267032861e-27,5.68388104962738e-26
"SLC12A8","ENSG00000221955",1106.92514577794,1.30351306163766,0.118529369238302,10.9973846145841,3.93375925423125e-28,3.59116093550815e-27
"CCNL2","ENSG00000221978",5676.03105525635,1.02906843853537,0.121254444139841,8.4868513136604,2.1231113045019e-17,1.01141721436242e-16
"DCDC2B","ENSG00000222046",46.4845474615432,-1.48407104004248,0.241173711426162,-6.15353568706366,7.57743160054074e-10,2.11484922209445e-09
"CKMT1A","ENSG00000223572",115.100173785331,2.88044015148185,0.251448133746197,11.4554047730148,2.20928758323805e-30,2.30634671685405e-29
"TINCR","ENSG00000223573",185.00185330738,-1.95018004198654,0.248530632667582,-7.84683972778105,4.2665193139201e-15,1.74174834779768e-14
"HBD","ENSG00000223609",5.8964633458205,-2.16334637430732,0.262498513384049,-8.24136619449053,1.70255264137646e-16,7.64077612544494e-16
"CERS1","ENSG00000223802",16.0562836650977,1.40557688313467,0.249673452637647,5.62966093625739,1.80564223962421e-08,4.48415775067259e-08
"CENPVL3","ENSG00000224109",1.52567372844341,2.38912445923378,0.740401996539711,3.22679364777435,0.00125185705492858,0.00197334845245679
"PRR29","ENSG00000224383",230.597466227275,-1.07640858290129,0.17008475828911,-6.3286598618767,2.47299563816371e-10,7.17284988712323e-10
"PPP4R3C","ENSG00000224960",2.89895330118605,3.73147941198833,1.02880640901197,3.62699860663963,0.000286734840688242,0.000484974619948456
"PNMA6F","ENSG00000225110",1.5411772508293,2.51514526787073,0.789466998306826,3.1858776532331,0.00144315613195547,0.00225897932543778
"PVALEF","ENSG00000225180",1.32031154400882,1.9207910613741,0.42657005660536,4.50287363501258,6.7040749024027e-06,1.33033173149264e-05
"MKRN2OS","ENSG00000225526",96.695424509887,1.52255844856223,0.163956907868791,9.2863330270944,1.59695470735609e-20,9.32886404790156e-20
"C2CD4D","ENSG00000225556",85.1578919879146,2.56161355115603,0.177006741997162,14.4718417064425,1.82518791330011e-47,4.37189924132247e-46
"SLC26A6","ENSG00000225697",918.036436146995,1.37709501407457,0.117747686420655,11.6953042215613,1.34703615862918e-31,1.48964882486724e-30
"DEFB131B","ENSG00000225805",4.25832435989183,1.02328127319322,0.227435161926993,4.49922195197635,6.82026207569939e-06,1.3523376476118e-05
"FRG2B","ENSG00000225899",0.603846657040064,1.42282022595235,0.633823562404993,2.24482065727183,0.0247796480890552,0.0333169704882375
"TEX22","ENSG00000226174",24.9208642523089,1.42174883951209,0.164846698692024,8.62467280687425,6.42761554390667e-18,3.16742839237461e-17
"DCAF8L1","ENSG00000226372",1.0002139104472,2.14930230301446,0.790447576720939,2.71909531550534,0.00654607418205585,0.00945961115647919
"KIF4B","ENSG00000226650",1.99806419546023,1.07640249308867,0.276920879113889,3.88703985244094,0.000101474099517824,0.000180001592413247
"TAS2R46","ENSG00000226761",3.71267934373758,2.5993691695115,0.562390783151027,4.62199816815536,3.80061371067525e-06,7.70675216739714e-06
"SRRM5","ENSG00000226763",38.1079275424585,1.34539931857696,0.141027313164427,9.53999114347682,1.42844513279739e-21,8.93364864073528e-21
"C13orf42","ENSG00000226792",1.58735862257701,-1.68656697369278,0.377990543723496,-4.46192901303511,8.12251356275341e-06,1.60044196870771e-05
"ERVMER34-1","ENSG00000226887",189.329042205265,1.34164988981933,0.202214940747792,6.63477132232612,3.25006002730186e-11,1.01241859450753e-10
"C14orf132","ENSG00000227051",1089.73710710149,-2.62783707630084,0.148980296477665,-17.6388229747871,1.24017325036442e-69,7.67834600995519e-68
"SPANXB1","ENSG00000227234",5.57869642010837,3.96048588621224,0.738258627002642,5.36463204269209,8.11144034115379e-08,1.91147111845469e-07
"AKR1B15","ENSG00000227471",171.017642242224,5.83387063439902,0.391990699059886,14.8826761665275,4.27069065352639e-50,1.19773460601172e-48
"ORM2","ENSG00000228278",260.128262478422,1.97778714379254,0.301431099527364,6.56132411981928,5.33320544840722e-11,1.63206849817599e-10
"SAPCD1","ENSG00000228727",16.4580927460247,1.77115148963811,0.209374274256801,8.45926031708061,2.69078780319526e-17,1.27270066514863e-16
"ORM1","ENSG00000229314",437.641889336787,1.32296284098735,0.291040816196787,4.54562648042065,5.4772094216536e-06,1.09513586078498e-05
"SPINK8","ENSG00000229453",1.18830623881817,1.63739404589252,0.492775959430696,3.32279611972994,0.000891200249687894,0.00142797940965931
"NKX1-2","ENSG00000229544",86.8051935651857,7.67809791637104,0.488365347034138,15.7220367149316,1.06833431114821e-55,3.78528828304453e-54
"PRAC2","ENSG00000229637",3.00199584944429,3.62503855330038,0.640511332219631,5.65960096402691,1.51725366296912e-08,3.79112132265137e-08
"ZNF492","ENSG00000229676",19.2090155488558,1.33086277988923,0.299220094291366,4.44777207573935,8.67655232978651e-06,1.70491490047079e-05
"GK3P","ENSG00000229894",6.15272875774492,1.30308936385795,0.343392258411937,3.79475463391126,0.000147789538257536,0.000257562891598528
"ANKRD66","ENSG00000230062",58.7132434553776,-2.30238635016281,0.333305848043509,-6.90772863325896,4.92474868177572e-12,1.62430466659932e-11
"ANKRD18B","ENSG00000230453",58.3261112506588,2.79190989186608,0.303112275411182,9.21081103719324,3.23669992600854e-20,1.85325669683427e-19
"TEX48","ENSG00000230601",6.92306871779064,3.73910127132031,0.391353975313379,9.55426929885203,1.24459070900758e-21,7.81658882284052e-21
"PRB4","ENSG00000230657",5.5015128459729,4.60376393396409,0.876981483179279,5.2495566009835,1.52465748769759e-07,3.4912588210101e-07
"STMND1","ENSG00000230873",108.831426393054,-1.53634806763238,0.287446772459332,-5.34480889970592,9.05124953368209e-08,2.12370846978985e-07
"TSPAN19","ENSG00000231738",97.3443286586622,-1.43818115019557,0.383057289353935,-3.75448057031159,0.000173701317821025,0.000300467679792306
"AKAIN1","ENSG00000231824",1.25916246186589,1.18361461148782,0.482436293389527,2.45341121243577,0.01415084684443,0.0196219081360342
"CYP21A2","ENSG00000231852",17.9440104818372,1.71591439455381,0.253740410647627,6.76247977282864,1.35649622452903e-11,4.33734577296246e-11
"PSG1","ENSG00000231924",3.73661304578066,4.14275210470379,0.843373866645538,4.91211818215486,9.00977163573627e-07,1.92744911379996e-06
"ASCL5","ENSG00000232237",45.1566480960471,1.11928202480627,0.20838743983865,5.37115876884378,7.8232291027762e-08,1.84647194744723e-07
"OR52I1","ENSG00000232268",2.11392674633579,1.62474907673022,0.413734191620475,3.92703602853454,8.59991029133555e-05,0.000153770555454049
"AJM1","ENSG00000232434",218.307495361206,1.5209770409886,0.132615641701817,11.4690621820349,1.88693092936056e-30,1.97674795778972e-29
"PHGR1","ENSG00000233041",9.83118102231521,2.27577644473177,0.452912596125335,5.02475856092549,5.04066271156849e-07,1.10232923366041e-06
"ERVH48-1","ENSG00000233056",107.376704880783,3.60499312332661,0.365981366867234,9.85020946335331,6.84012732510978e-23,4.67495791551525e-22
"TWIST2","ENSG00000233608",123.500927037356,-1.03129683419413,0.167612803893284,-6.15285234921992,7.61016500459121e-10,2.12365381202668e-09
"H2BC15","ENSG00000233822",135.087767313442,2.03493240561975,0.17597490752953,11.5637645968262,6.28899243588809e-31,6.72215899972196e-30
"PAGE2","ENSG00000234068",31.9823863524237,5.98410829079777,0.799807806276362,7.48193283916268,7.32373736024843e-14,2.74264614037098e-13
"TMEM229A","ENSG00000234224",32.9726433341421,3.61832438904954,0.4866058244389,7.43584274442622,1.03903386470528e-13,3.85634369242306e-13
"H2BS1","ENSG00000234289",1.2997658814853,1.96920362067418,0.463409430396016,4.24938184575,2.14361240644397e-05,4.07388813473201e-05
"C5orf58","ENSG00000234511",23.2079932289026,1.03905470896755,0.216719853207721,4.79446019175567,1.63113449343744e-06,3.41835201347812e-06
"MCIDAS","ENSG00000234602",106.19353416158,2.90626529229044,0.223599083569826,12.9976619129697,1.26141100769644e-38,1.97812683266542e-37
"IQCM","ENSG00000234828",2.22522935360875,3.13684374461654,0.5563618941557,5.63813549699845,1.71901228577937e-08,4.28090282942941e-08
"SHISA8","ENSG00000234965",7.1608332594778,2.22148842494851,0.302849419280163,7.33529035726312,2.2124130458514e-13,8.05098772207018e-13
"HGH1","ENSG00000235173",1574.16850840275,1.14040934752542,0.101532481818739,11.2319656438749,2.84087208222439e-29,2.76559979147122e-28
"RAMACL","ENSG00000235272",19.7371875852202,1.50838805955263,0.243563743541752,6.19299095020707,5.90331198654233e-10,1.66264696010077e-09
"RPEL1","ENSG00000235376",2.83424490610561,1.43553726644874,0.280423060061086,5.11918408613056,3.06860324876784e-07,6.84022896850667e-07
"SPAAR","ENSG00000235387",65.1148009157817,-2.70577497891451,0.112460913739315,-24.0596922872822,6.609090440708e-128,1.31396061395098e-124
"NFAM1","ENSG00000235568",872.55454436168,-1.31282335183755,0.138625303379708,-9.47030101886666,2.79038400029842e-21,1.71104663870252e-20
"ANKRD34C","ENSG00000235711",1.99545933098945,-2.35823523679372,0.37463583482141,-6.2947401652538,3.07915199175969e-10,8.8663126148304e-10
"KIAA0040","ENSG00000235750",2520.09812898136,-1.26007065339944,0.0827189365696386,-15.2331582785597,2.13046322644691e-52,6.56116669721421e-51
"PNMA6A","ENSG00000235961",112.714552715323,2.133522232362,0.234968165732375,9.08004803847365,1.08526942093336e-19,5.98604369567219e-19
"CLEC2L","ENSG00000236279",21.4202979347876,2.67459901648908,0.393774428242622,6.79221103418412,1.10427850879438e-11,3.5524730956235e-11
"CKMT1B","ENSG00000237289",140.241598678022,2.91904705560443,0.254281155317321,11.4796043456768,1.67043163507941e-30,1.75405124685892e-29
"PATE4","ENSG00000237353",1.82979730428672,2.66046184557394,0.505043661983384,5.26778582890418,1.38079065857106e-07,3.17645760527282e-07
"PRSS56","ENSG00000237412",2.72253324746365,3.18841662663938,0.550621281244095,5.79058008697984,7.01437419458504e-09,1.79991678565481e-08
"BHMG1","ENSG00000237452",2.95518130291089,2.24260246931277,0.418733086625039,5.35568490034547,8.52329341000814e-08,2.00482830268536e-07
"KIFC1","ENSG00000237649",1093.17420533648,2.73468525387432,0.157013077916202,17.4169266036159,6.13872148350408e-68,3.509269760522e-66
"OR2I1P","ENSG00000237988",1020.21771948627,1.3627514644644,0.231553909953822,5.88524488632547,3.97465036918494e-09,1.04309796209777e-08
"OR2W3","ENSG00000238243",5.57937005094099,-2.25089011073872,0.336369290663339,-6.69172297595847,2.2055810576193e-11,6.94919208733618e-11
"PAGE2B","ENSG00000238269",6.62716156837942,3.02883205769982,0.592567725455305,5.11136858723209,3.19833270124862e-07,7.12142446782497e-07
"TXNDC5","ENSG00000239264",42.1217039715081,1.27133274979349,0.156085128349109,8.14512415910605,3.78892929508629e-16,1.65961595782078e-15
"ALKBH6","ENSG00000239382",74.3702299027327,1.37490538850271,0.138273588340416,9.94336955455178,2.69551797183992e-23,1.88401965117702e-22
"KLHL41","ENSG00000239474",19.1652865515721,-1.44220067364349,0.16462467735456,-8.76053758658155,1.9432139118461e-18,9.91726369785006e-18
"OR1J4","ENSG00000239590",1.51646899680397,2.09439661692768,0.470138897092339,4.45484649298508,8.39532415838106e-06,1.6523763630614e-05
"STPG4","ENSG00000239605",11.8355142859524,2.32647288677191,0.318908539374222,7.29511003793446,2.98415085173763e-13,1.07673747106557e-12
"PRR20G","ENSG00000239620",5.66937866160369,4.45474218967318,0.549489964371288,8.10704922476642,5.18638535447566e-16,2.25571203567411e-15
"NME1","ENSG00000239672",950.253150062348,2.20868622764384,0.126432883468851,17.4692387537613,2.45751753457027e-68,1.43232447055589e-66
"TNFSF12","ENSG00000239697",904.113882870534,-1.20410359964558,0.103933289600803,-11.585350605859,4.88961843080588e-31,5.24205767420069e-30
"DEFA3","ENSG00000239839",3.56746597782678,-3.57880924452734,0.425566675250757,-8.40951477795718,4.11710355473852e-17,1.91692255802592e-16
"GET4","ENSG00000239857",35.2533070951385,1.29673761067539,0.146651714977251,8.84229421303763,9.37729043962756e-19,4.87897231277278e-18
"TEX35","ENSG00000240021",3.2792621785618,1.87004539191362,0.383062833815346,4.88182414693634,1.05108970512941e-06,2.23761428838556e-06
"PCDHGC3","ENSG00000240184",749.170737896019,-1.54340720892208,0.134756262362669,-11.4533245569568,2.26296657640084e-30,2.3596305915816e-29
"SMKR1","ENSG00000240204",179.672869847888,2.77812091317326,0.244609866014467,11.3573542982479,6.81782057495218e-30,6.88827010432633e-29
"L1TD1","ENSG00000240563",36.2996125752204,-1.86434061455972,0.195582966543519,-9.53222383067235,1.53949428692387e-21,9.60466223010067e-21
"AQP1","ENSG00000240583",21076.7089037167,-1.51359339455415,0.229394325793266,-6.59821636529157,4.16133670976545e-11,1.28399375319595e-10
"LRRD1","ENSG00000240720",2.64787548023839,1.05933068167089,0.307725752277126,3.44245053861106,0.000576469272798582,0.000942590212755646
"ZNF722P","ENSG00000241149",1.64509832598675,2.65803632614984,1.06771041812703,2.48947306406594,0.0127932612307327,0.0178209282367848
"RPL36A","ENSG00000241343",112.975570856613,1.13584896393173,0.122101109609906,9.30252777849923,1.37145646537933e-20,8.0457280442729e-20
"CD302","ENSG00000241399",417.655935609492,-1.37968731046006,0.149919722188439,-9.20284062910609,3.48609716328224e-20,1.99286698219199e-19
"CORT","ENSG00000241563",7.07501225357511,1.13898809736205,0.190713869548175,5.97223526563878,2.34024712216216e-09,6.25919906679336e-09
"UGT1A1","ENSG00000241635",42.2754397756689,3.71377505924955,0.463959740393063,8.00452008207279,1.19933483130209e-15,5.0840317783673e-15
"INMT","ENSG00000241644",2330.64063734459,-3.50006514524307,0.201568346111897,-17.3641606569519,1.54137416457768e-67,8.64570781404025e-66
"SPRR2A","ENSG00000241794",15.9875496041607,2.16243167907191,0.493600515783495,4.38093480441257,1.18171228527272e-05,2.29384841994291e-05
"PLEKHO2","ENSG00000241839",2402.24341081708,-1.16788754970812,0.095709366573981,-12.2024373529352,3.01657074328548e-34,3.79841662981049e-33
"MTFP1","ENSG00000242114",23.568909908893,1.18795830037209,0.13439067267187,8.83958891457163,9.60714282996971e-19,4.99275651050387e-18
"ARHGDIG","ENSG00000242173",7.13220345444642,1.05348571485692,0.30627225715486,3.43970336929421,0.000582352074192888,0.000951774357282915
"BGLAP","ENSG00000242252",14.8326082652145,1.41337122486646,0.209485338112236,6.74687420896838,1.51064131941705e-11,4.81044761137734e-11
"UGT1A8","ENSG00000242366",3.32677127691004,3.83214198422203,0.867847948499821,4.41568363541833,1.00691257707877e-05,1.96688719887231e-05
"UGT1A10","ENSG00000242515",23.4415879768894,6.69860051167318,0.74625750739779,8.97625879172899,2.80130003089052e-19,1.50340916174937e-18
"SERPINB10","ENSG00000242550",4.77394622599366,-1.08511695934476,0.380721172773777,-2.85016184269197,0.00436969880868585,0.00645960184929081
"DECR2","ENSG00000242612",792.309961618016,1.37795942743706,0.108970398567747,12.6452637188472,1.18825171879949e-36,1.69955139923896e-35
"CCDC169","ENSG00000242715",58.8957589271457,2.93473061667723,0.204210801059812,14.3710842004761,7.85911986793733e-47,1.84544923618114e-45
"STRC","ENSG00000242866",7.63175247690798,3.05000321948223,0.326884521637723,9.33052199657978,1.05350765506668e-20,6.21100905176543e-20
"UGT1A3","ENSG00000243135",0.757160163766476,1.74717800456944,0.81609646339752,2.14089642944376,0.0322823911552338,0.0427588144896438
"PSG4","ENSG00000243137",10.1962887834091,4.27815992726845,0.725729751936846,5.89497662986916,3.74734413907783e-09,9.86482693548913e-09
"STON1","ENSG00000243244",416.832988991034,-1.16972550593603,0.121761611274326,-9.60668550369847,7.49219335386916e-22,4.77754154243695e-21
"EFNA4","ENSG00000243364",746.395631786244,2.20209567622049,0.111454893849557,19.7577297879168,6.88316290639691e-87,9.12299510253037e-85
"C4orf48","ENSG00000243449",174.660393639811,1.61383824456966,0.169887846464469,9.49943317403337,2.11035870127867e-21,1.30388978736116e-20
"WFDC6","ENSG00000243543",1.99039379192345,-1.46373190341412,0.470920164755299,-3.10823789882666,0.00188206501860733,0.00290759707977387
"UPK3B","ENSG00000243566",1239.48037865228,-4.14463551054501,0.280779934246248,-14.7611527927423,2.6078482744851e-49,7.01687656772359e-48
"CFB","ENSG00000243649",223.074516951558,1.59680559427749,0.17203878655069,9.28166041096206,1.66857722971464e-20,9.73454593129573e-20
"NME2","ENSG00000243678",51.3560971798888,1.29462531182612,0.141438767393618,9.15325646343648,5.52426345078177e-20,3.10737648301912e-19
"CFAP57","ENSG00000243710",226.893344601005,-1.35448500057463,0.228852241452698,-5.91860054320068,3.24692492130397e-09,8.59045210955079e-09
"KIR2DL3","ENSG00000243772",7.3979901551924,-1.28017931126821,0.313904390014881,-4.07824596275165,4.53767473997972e-05,8.36692231270169e-05
"TUBA4B","ENSG00000243910",123.641722657998,-2.20910813579062,0.305172976867022,-7.2388720602651,4.52431564118315e-13,1.60941510472545e-12
"ACY1","ENSG00000243989",11.4895022788836,1.01211318756485,0.142417434257326,7.10666634912213,1.18879353980474e-12,4.11990757461285e-12
"SPRR2F","ENSG00000244094",13.2125377906864,3.05435849330691,0.536026301604769,5.69815041568425,1.21114174694443e-08,3.05353801297403e-08
"UGT1A7","ENSG00000244122",3.46100016403428,3.21025536046899,0.566474853603824,5.66707478724933,1.45255953481261e-08,3.63607271354253e-08
"IFITM10","ENSG00000244242",73.7502582761365,1.68067971860429,0.20452131694379,8.21762613168678,2.07570879542567e-16,9.25277964039647e-16
"ETV5","ENSG00000244405",2520.88583268568,-1.17293112749813,0.116529489445942,-10.0655304770923,7.84631872693838e-24,5.64739263801723e-23
"KRTAP5-7","ENSG00000244411",2.27123538972587,1.14934559529966,0.308964851774261,3.71998817567575,0.000199232105243647,0.000342379951894408
"ERVFRD-1","ENSG00000244476",22.3174057081652,-1.87202978409506,0.242778503605636,-7.71085477623649,1.24977814464783e-14,4.95398323929632e-14
"LILRA6","ENSG00000244482",267.259850769727,-1.43840878391663,0.153437725224201,-9.37454450536755,6.94750955719075e-21,4.14918679999765e-20
"RAD21L1","ENSG00000244588",2.91268537405795,1.49555268070233,0.401086236367839,3.72875592602172,0.000192427417000352,0.000330972197672528
"ASPRV1","ENSG00000244617",45.2146232022902,-1.04384692656834,0.114260782239068,-9.13565359971276,6.50128593057333e-20,3.63864589164056e-19
"HBB","ENSG00000244734",5389.35274483914,-4.22944725378465,0.24855234693756,-17.0163239490438,6.2152251862972e-65,3.14149786040723e-63
"INSL3","ENSG00000248099",18.9591873418557,2.0900890604524,0.175330116287781,11.9208787668959,9.21315925404824e-33,1.07605129590526e-31
"ADH1C","ENSG00000248144",526.103345629072,1.23343590385016,0.313687692315993,3.93205067990892,8.42243033869766e-05,0.000150762851190793
"APELA","ENSG00000248329",35.5274807349512,2.06878166003707,0.295691611903013,6.99641645808888,2.6259223031971e-12,8.84851747101801e-12
"PRR5-ARHGAP8","ENSG00000248405",10.442662007993,2.30198784386629,0.233859087425039,9.84348253990416,7.31344961005428e-23,4.98892694901644e-22
"POU5F2","ENSG00000248483",10.048872487221,1.08767585118274,0.306331666183693,3.55064778229786,0.000384284321858101,0.000640700649553392
"PCP4L1","ENSG00000248485",978.360372337209,1.45529177289941,0.264061805541695,5.51117860424393,3.56438803057445e-08,8.65837564907259e-08
"RBM14-RBM4","ENSG00000248643",23.6937907365518,1.57094099984699,0.186139942943155,8.43956957871603,3.18508357477298e-17,1.49817824404345e-16
"C4orf54","ENSG00000248713",46.5951424481491,3.66706600001694,0.341952712471821,10.7238979726448,7.86186199983376e-27,6.67642604475679e-26
"SMIM31","ENSG00000248771",232.439674178707,2.69555469550923,0.303024783195106,8.8954925306346,5.81607693053357e-19,3.06620696871058e-18
"EPPIN-WFDC6","ENSG00000249139",0.889389084421151,-1.63717053754034,0.441588726899223,-3.707455462091,0.000209352220762167,0.000359081603345231
"PCDHA11","ENSG00000249158",95.8655007933131,1.04034031721456,0.209056500652903,4.9763595677029,6.47912427728206e-07,1.40505357766826e-06
"SPATS1","ENSG00000249481",4.19668114820412,-2.15449096302902,0.297669053180819,-7.23787353776503,4.55774110536346e-13,1.62066100155541e-12
"THEGL","ENSG00000249693",6.36152171140397,2.99844758551329,0.339383640292273,8.83497973836059,1.00116403763345e-18,5.198441127503e-18
"ECSCR","ENSG00000249751",45.0482619216936,-2.23980772641938,0.11460619283821,-19.5435139319331,4.68435603291961e-85,5.40756016109875e-83
"HS3ST5","ENSG00000249853",92.5410623781245,1.13930057016178,0.322194749332392,3.5360618772419,0.000406139552605811,0.00067500046579749
"RNF103-CHMP3","ENSG00000249884",4.42714760045215,2.04268580229304,0.28165596879101,7.25241439427376,4.09407009027123e-13,1.46072175723276e-12
"PDCD6","ENSG00000249915",460.392123735016,1.22952281438773,0.137081819090569,8.96926246342986,2.98506478235678e-19,1.60059227302097e-18
"TMEM158","ENSG00000249992",184.808277427435,1.46561795471116,0.196646458058671,7.45306052893099,9.11994155774508e-14,3.39469761374522e-13
"TRMT9B","ENSG00000250305",178.265291252971,-1.15434181925522,0.181359675448713,-6.3649309936136,1.9537755514917e-10,5.72092989656971e-10
"TUNAR","ENSG00000250366",1.98241328068,2.07933520122972,0.695653568773394,2.98903835841178,0.00279856995406667,0.004238240557606
"GPR162","ENSG00000250510",246.680632791789,-1.16612784104266,0.162899523738563,-7.15857121174996,8.15222376960803e-13,2.84842296249944e-12
"AC068580.4","ENSG00000250644",50.2647690443122,1.39405139245301,0.199149693581834,7.00001776241833,2.55930059849458e-12,8.62889873918665e-12
"SELENOP","ENSG00000250722",2657.36599430119,-1.54879274634994,0.14949522986983,-10.3601482649214,3.7637816422407e-25,2.90031631888944e-24
"RFPL4B","ENSG00000251258",1.53570677363922,2.32637251900014,0.634027377059836,3.6691988440439,0.000243311778035426,0.000414705433833862
"ALG1L2","ENSG00000251287",31.7517154800609,2.03454251129345,0.15243390273161,13.3470473092568,1.23237657061365e-40,2.15762367690705e-39
"SHANK3","ENSG00000251322",1303.77165394967,-1.4300149225119,0.10781653492404,-13.2634101394501,3.7733874158773e-40,6.43634137581435e-39
"FOXD1","ENSG00000251493",28.8089707208863,2.18001027622645,0.352049140735949,6.19234653341066,5.92750533136041e-10,1.66893552941041e-09
"PRB1","ENSG00000251655",3.06929376857892,3.66007779919481,1.00063047954909,3.6577716489749,0.000254417555640303,0.000432563029558337
"PCDHA12","ENSG00000251664",66.1278410694615,-1.17588120514786,0.222295330646623,-5.28972516753909,1.22500290430405e-07,2.83483923521888e-07
"PCDHGA12","ENSG00000253159",94.0544655713709,-1.30891764772059,0.147809551746769,-8.85543344291486,8.33592475742621e-19,4.35107064424233e-18
"HOXA10","ENSG00000253293",95.4086607896887,4.11897731872463,0.324743090076035,12.6838028108934,7.27164328613455e-37,1.05353452080004e-35
"SMIM18","ENSG00000253457",5.48028198043336,1.81191432248143,0.389234779205437,4.65506789033646,3.23873971185192e-06,6.60784146683767e-06
"PRSS51","ENSG00000253649",30.8243521075972,1.24392546357184,0.261674523462109,4.75371253996745,1.99714942604454e-06,4.15378294550912e-06
"PRKDC","ENSG00000253729",10337.9856209647,1.11860882193024,0.105600098030964,10.5928767376925,3.21555158680598e-26,2.63201576133209e-25
"PCDHGA8","ENSG00000253767",42.4015957659483,1.93733850949104,0.291060509004364,6.65613660925052,2.81118980693597e-11,8.80304851513918e-11
"PCDHGB7","ENSG00000254122",183.805605450509,-1.75669583712592,0.135456296016957,-12.968727839022,1.84059806077323e-38,2.86132242410212e-37
"CHKB-CPT1B","ENSG00000254413",6.38568850653552,2.15064935312862,0.24672706501052,8.7167143703384,2.86391441055864e-18,1.44390026903707e-17
"SIGLEC14","ENSG00000254415",224.76443521948,-1.37576726234292,0.178321758817918,-7.71508351792169,1.20903036005937e-14,4.79565068333901e-14
"AL360181.3","ENSG00000254536",21.4109127405657,1.09821966352659,0.149090100566823,7.36614744608321,1.75629566487869e-13,6.43699269391118e-13
"OMP","ENSG00000254550",3.63038591313674,2.11405833034784,0.319935243017241,6.60776946737909,3.90153599559576e-11,1.2075797192388e-10
"MAGEL2","ENSG00000254585",32.3720928268013,1.12112273979251,0.182119374037894,6.15597734022098,7.46158925217793e-10,2.08414324834873e-09
"RTL1","ENSG00000254656",8.04011142837534,3.04569726255209,0.572163561485141,5.32312343457612,1.02000480347583e-07,2.3813864755471e-07
"IGLL5","ENSG00000254709",132.434164975541,2.45417322348191,0.220047429418265,11.1529283935284,6.92878525538109e-29,6.61562190899327e-28
"MEX3A","ENSG00000254726",1301.18420650624,4.169121896061,0.185173647116127,22.5146610275837,2.98210274221371e-112,2.05226016793961e-109
"SLC22A18AS","ENSG00000254827",155.419529583929,1.68075526702395,0.159452187434613,10.5408103461308,5.60141431079761e-26,4.51876042665021e-25
"AP000781.2","ENSG00000254979",1.65043301145833,1.44965793691752,0.386729563471253,3.74850560661954,0.000177891361666578,0.000307181059090916
"GLYATL1B","ENSG00000255151",3.70052446665055,1.95077182801019,0.360754506908563,5.40747735829295,6.39186201288099e-08,1.51905415057085e-07
"MSH5-SAPCD1","ENSG00000255152",15.4419623252726,1.78487655497988,0.199588904116598,8.94276444314346,3.79554195171041e-19,2.0248548641012e-18
"CCDC166","ENSG00000255181",1.22833377908675,2.34733502238078,0.493391384744307,4.75755170228043,1.95955077249959e-06,4.07985128837971e-06
"CARD17","ENSG00000255221",9.12834333682046,1.87670780460168,0.245059251686948,7.6581797735965,1.88586783215893e-14,7.37892698902686e-14
"NOX5","ENSG00000255346",59.0901550259295,2.55288896174383,0.250272240485387,10.2004479473739,1.9736012128553e-24,1.46956498134082e-23
"TAS2R43","ENSG00000255374",3.55073809363911,1.24061516250478,0.441488702480009,2.81007227486405,0.00495303758237005,0.00726789416609375
"HCAR3","ENSG00000255398",44.7919429759219,-1.28967594916505,0.208163588125735,-6.19549250076367,5.81030591223547e-10,1.63670975578761e-09
"CARD18","ENSG00000255501",8.31635595161497,4.80354994154001,0.711479478341333,6.75149472018293,1.46329712587674e-11,4.66549812425382e-11
"NPIPB8","ENSG00000255524",1.66834003157938,1.53953869633325,0.401840013425695,3.83122298650313,0.000127507878706431,0.0002236982521516
"OR10G2","ENSG00000255582",1.45027337001174,2.22129117676875,0.428202340285218,5.18748023490293,2.13158540294969e-07,4.81997442373041e-07
"RAB44","ENSG00000255587",29.2585831552375,-1.44228108311429,0.17867133540582,-8.07225781258312,6.90099641105385e-16,2.97612747126986e-15
"TAS2R20","ENSG00000255837",29.7201106989882,1.10224234409734,0.185777019198488,5.93314689218737,2.97182741003552e-09,7.882435198305e-09
"AL138752.2","ENSG00000255872",1.9732253029237,2.89133557627676,0.749893755907476,3.85566028987378,0.000115417674505194,0.000203304631809553
"TAS2R30","ENSG00000256188",5.21356316736784,2.28118536433151,0.504505864483917,4.5216230869091,6.13672589299043e-06,1.22181413601066e-05
"ZNF486","ENSG00000256229",1030.55427088102,1.32172139085981,0.221391762512563,5.97005677112674,2.37171046025705e-09,6.34240252060669e-09
"HMBS","ENSG00000256269",1309.49791309931,1.16938437807812,0.0996816327006731,11.7311920601219,8.82075902228684e-32,9.86436507411115e-31
"ASIC5","ENSG00000256394",3.24859501096132,3.25176035698196,0.443959180159439,7.32445797339782,2.39866216872466e-13,8.70396718413921e-13
"SALL3","ENSG00000256463",16.4270101693195,4.3889024913567,0.505215156316371,8.68719482478931,3.71498710148807e-18,1.85936403376017e-17
"POLG2","ENSG00000256525",609.106256780848,1.29899247935911,0.0936699119196211,13.8677666364604,9.93213952947217e-44,2.01263615629497e-42
"AP003108.2","ENSG00000256591",34.4337589931279,1.10567814339302,0.189758477673427,5.82676545970126,5.65119450883928e-09,1.46249382913887e-08
"CLEC12B","ENSG00000256660",9.41936965558326,-1.17801586072393,0.227381992477387,-5.18077904010397,2.20961112185398e-07,4.99262177084649e-07
"KLRF2","ENSG00000256797",3.01299475576554,2.32286588070583,0.443338631904987,5.23948447877118,1.61025788421841e-07,3.67832814021704e-07
"CAPNS2","ENSG00000256812",23.6586839661101,1.65044010506017,0.346006096824852,4.76997405596475,1.8424964799112e-06,3.84195193043364e-06
"KHDC1L","ENSG00000256980",1.91958238538094,2.97059926117043,0.562557729865335,5.2805234084714,1.28815364724727e-07,2.97060616190172e-07
"SLCO1B3-SLCO1B7","ENSG00000257046",1.74764515538624,3.04410191033573,0.638370732545275,4.7685486742139,1.85557843406636e-06,3.86787801965859e-06
"C11orf97","ENSG00000257057",27.6544099405675,-2.48412917191186,0.378996444613129,-6.55449202022886,5.58316004119126e-11,1.70651661457184e-10
"NHLRC4","ENSG00000257108",82.4640927199662,-1.56848362188838,0.186401965205966,-8.4145229915107,3.94496898524965e-17,1.84012852067445e-16
"TAS2R38","ENSG00000257138",2.91328511476967,3.64019711641052,0.66623922100258,5.46379889033346,4.66051512368448e-08,1.1199381830256e-07
"MGAM","ENSG00000257335",73.7355721680078,-1.17764033852788,0.223275220925011,-5.27438886253933,1.33199207740092e-07,3.06695846621215e-07
"AL157935.2","ENSG00000257524",10.6263972234228,-1.16508911713268,0.152110809019754,-7.6594761716202,1.8669298281417e-14,7.30642506888438e-14
"GALNT4","ENSG00000257594",13.7750472363373,1.55059661211628,0.222531550158172,6.96798548796405,3.21511381217106e-12,1.07609486421954e-11
"CNPY2","ENSG00000257727",149.180692691119,1.01203788952125,0.102607609719592,9.86318551116202,6.01114172174236e-23,4.12255112407574e-22
"MGAM2","ENSG00000257743",12.5646238699011,1.80652321428132,0.347160202035637,5.20371633524939,1.95342109498569e-07,4.43166776373512e-07
"TEX49","ENSG00000257987",2.07456555541211,-1.62968198214387,0.340270746737023,-4.78936845959128,1.67307028002575e-06,3.50131538251471e-06
"OR9A4","ENSG00000258083",1.30297034947355,1.49832746118064,0.532046099570639,2.81616097249804,0.00486013083793629,0.0071391774963627
"RTEL1","ENSG00000258366",32.6695262033613,1.13193566314825,0.138990663021594,8.14396908785442,3.82526918188887e-16,1.67512338403176e-15
"PPT2-EGFL8","ENSG00000258388",10.2164316265293,1.12129620457363,0.16434376099308,6.82287053550422,8.92390743841447e-12,2.88848545216263e-11
"BCL2L2-PABPN1","ENSG00000258643",6.38806329264098,1.11832723174121,0.200787383361007,5.56970867900852,2.55165613310896e-08,6.26207422709075e-08
"TRIM34","ENSG00000258659",9.9909236764264,1.81341368414317,0.222985426229131,8.13243140957463,4.20764285022342e-16,1.8403166345404e-15
"C20orf141","ENSG00000258713",0.68821721184143,1.65706918264631,0.662534691252529,2.5011055338304,0.0123806279096963,0.0172882264581654
"TUBB3","ENSG00000258947",59.9484581733004,4.52324575594981,0.230067182896089,19.6605430596886,4.69672592811464e-86,5.91820542477149e-84
"TMEM179","ENSG00000258986",23.1899483021125,3.13395682683165,0.427935481020905,7.32343300759993,2.41706284891365e-13,8.76895895288157e-13
"ITGB3","ENSG00000259207",656.453429414871,1.12471684242228,0.20632317538319,5.45123852583901,5.0020225935419e-08,1.19926558041331e-07
"AC087632.2","ENSG00000259316",4.53903476799169,1.91017054796979,0.37038723665927,5.15722562472372,2.50635724826028e-07,5.63465890729001e-07
"CTXND1","ENSG00000259417",115.607835358755,-3.12133758307915,0.259318456861975,-12.0366965809167,2.27900161949927e-33,2.74415719903771e-32
"BLID","ENSG00000259571",2.43608161922811,2.80196872795189,0.763573579652986,3.66954646233998,0.000242981174069147,0.000414181399220657
"AC136428.1","ENSG00000259680",33.7372876975922,2.48167070180597,0.273594068001222,9.07063051452884,1.18330267722835e-19,6.51071180923948e-19
"LYPD8","ENSG00000259823",1.4433224499092,1.51945890213188,0.471487657520473,3.22269072773322,0.00126992588495048,0.00200094961777201
"AL845331.1","ENSG00000259916",3.02971549435635,1.71088086245133,0.33227948747341,5.14892109489077,2.61989056476345e-07,5.8802937625831e-07
"TGFBR3L","ENSG00000260001",14.0581663704876,2.06388376712416,0.241411446518757,8.54923739899718,1.23904432290515e-17,6.00168383046614e-17
"HOXB7","ENSG00000260027",486.470243983323,2.08364011634579,0.204545186495865,10.1866983625543,2.2735474241628e-24,1.6851940373051e-23
"ARMH2","ENSG00000260286",2.06063339334301,-3.17234128091199,0.329582130525661,-9.62534369157796,6.24976412810679e-22,4.00526610115383e-21
"MRC1","ENSG00000260314",6119.19452404604,-2.29527213878708,0.188938372762148,-12.14825821368,5.86007462713115e-34,7.28154967383733e-33
"HSPB9","ENSG00000260325",19.2207992735177,1.50235168998784,0.223819439528122,6.71233782532581,1.91530624740333e-11,6.05273307749697e-11
"SCX","ENSG00000260428",90.2102667710222,1.59452471643694,0.183491883451171,8.68989236170363,3.6278304472173e-18,1.81726680268923e-17
"KCNJ18","ENSG00000260458",5.00876846592219,3.78243018038004,0.737818864256548,5.12650240271554,2.95174291378832e-07,6.59452315600131e-07
"TLE7","ENSG00000260734",1.95493938278335,2.9588252655504,1.04546982729466,2.8301393194741,0.00465277387087141,0.00684976821388038
"SERTM2","ENSG00000260802",37.0396398222061,-1.02761134476004,0.32560960472665,-3.15596140237545,0.0015997002791058,0.00249116075666145
"TMEM178B","ENSG00000261115",205.888920145699,1.14553252238334,0.270151474297591,4.24033415091215,2.23187288787675e-05,4.23667532174609e-05
"BOP1","ENSG00000261236",2727.49139192426,1.70828365417906,0.123558326082098,13.8257267506521,1.78302557844899e-43,3.56465661175283e-42
"MUC22","ENSG00000261272",44.4300016595061,1.40628816479657,0.300310141144157,4.68278613382395,2.8300173925707e-06,5.80305995934765e-06
"FIGNL2","ENSG00000261308",31.9305517528411,1.24158365258765,0.218856246016855,5.67305560240687,1.40272675320066e-08,3.51723511701505e-08
"PECAM1","ENSG00000261371",11784.5258714728,-2.31277119216199,0.0948602020993303,-24.3808377062094,2.73125015724331e-131,9.77405181271091e-128
"TUBB8","ENSG00000261456",16.5391658326563,1.99271351879221,0.208503351755876,9.55722534918939,1.20955986069589e-21,7.60191590707113e-21
"TMEM249","ENSG00000261587",3.46085715319584,2.69362382035836,0.341052120919786,7.89798290388549,2.83453015552857e-15,1.17349023768794e-14
"GOLGA6L7","ENSG00000261649",6.48679055116672,1.81163270905391,0.345161768714629,5.24864823760863,1.53219322229913e-07,3.50664370420022e-07
"SCRT1","ENSG00000261678",3.78409665641373,1.00778573015271,0.24567154945681,4.10216702903111,4.09298624560297e-05,7.58605789233208e-05
"AL031708.1","ENSG00000261732",13.4049672209233,1.24759515777147,0.200297241325637,6.22871862595037,4.70265506162634e-10,1.33562868282032e-09
"TCF24","ENSG00000261787",19.0436376799109,2.46193477336316,0.325725500201335,7.55831143659742,4.08335418377534e-14,1.55686035393761e-13
"MIA","ENSG00000261857",1.54658111173849,1.50944654701349,0.381092096937915,3.9608445285062,7.46851497955774e-05,0.000134562620611446
"SMIM36","ENSG00000261873",2.8502292074811,3.38015965442661,0.479078387665886,7.05554610988622,1.71924159202266e-12,5.8852859778193e-12
"GFY","ENSG00000261949",12.5916667906612,5.14035160703221,0.521114835256123,9.86414367671145,5.95403081268164e-23,4.08494913080187e-22
"LINC00514","ENSG00000262152",51.3733472866923,1.08152316233808,0.228244775245155,4.73843557284686,2.15374481160643e-06,4.46649929463072e-06
"MMP12","ENSG00000262406",1573.9320865247,3.98991524181653,0.263291726661639,15.1539711953959,7.13235300670559e-52,2.13053743487451e-50
"MRPL12","ENSG00000262814",271.461192723884,1.19971037279298,0.142197756749785,8.43691490087306,3.25823510904469e-17,1.53057497522018e-16
"MYZAP","ENSG00000263155",128.493503571666,-3.29082329324633,0.164182057857865,-20.0437449510789,2.28881716417099e-89,3.47066148461962e-87
"TMEM238L","ENSG00000263429",1.31494473090769,1.79388588911445,0.754141114161535,2.37871381818099,0.01737315797281,0.023827833482101
"FAM72C","ENSG00000263513",18.8891629704154,2.74478862945894,0.240000224676123,11.4366085830253,2.74403487180658e-30,2.8413782384974e-29
"IKBKE","ENSG00000263528",812.016726430877,1.16121403321597,0.0885349003978415,13.1158902082447,2.67028152085587e-39,4.32392282829629e-38
"MSMB","ENSG00000263639",1588.42002631986,2.18196912112833,0.412962981011633,5.28369181126883,1.26606170891227e-07,2.923427817469e-07
"GDF2","ENSG00000263761",0.902525625623732,-4.0098324467939,0.524573978067048,-7.64397895139471,2.10609851075406e-14,8.21190251752504e-14
"RHEX","ENSG00000263961",86.4804293777119,-1.60826227536787,0.200959204819964,-8.00292913583474,1.21493866825006e-15,5.14773800402518e-15
"ANXA8L1","ENSG00000264230",92.2316559848937,-2.44580134900953,0.31527790617159,-7.75760464381669,8.65484592524459e-15,3.47222327669061e-14
"MYH4","ENSG00000264424",2.96665905485793,1.65554122405253,0.453729563502321,3.6487400364073,0.000263529605445814,0.000447332817592444
"GJA5","ENSG00000265107",1089.99564353683,-1.6877163523749,0.133805900434545,-12.6131683796747,1.78663238973875e-36,2.53113328183653e-35
"AC134669.1","ENSG00000265118",1.65094899270021,2.32850026936235,0.652624576032457,3.5679016005161,0.000359851583844705,0.000601984329631012
"ANXA8","ENSG00000265190",162.528948973016,-1.45249821233073,0.32637016568471,-4.45046258834183,8.56855202048674e-06,1.68480331101724e-05
"RPL17","ENSG00000265681",169.067637240003,1.12098263678495,0.115339889460563,9.71895015703335,2.50349277991318e-22,1.65112408075881e-21
"ZNF488","ENSG00000265763",37.5480699946178,1.2627293616259,0.299629720100875,4.2142994399914,2.50554686568753e-05,4.7355815007655e-05
"GDF10","ENSG00000266524",272.370214180269,-3.17465491288135,0.234204792396574,-13.5550382227268,7.39736072047407e-42,1.37446495712817e-40
"FXYD1","ENSG00000266964",2.23275675379563,-2.64508355836658,0.220278138118806,-12.0079258929453,3.22840662720362e-33,3.85362773719508e-32
"AARSD1","ENSG00000266967",63.7781368877461,1.20095507961274,0.143678916577812,8.35860339301999,6.34650803308413e-17,2.91923054591194e-16
"SMIM22","ENSG00000267795",585.03723309517,1.95622522713394,0.168028886985427,11.6421959475552,2.51456726552091e-31,2.74683468143868e-30
"CCDC177","ENSG00000267909",3.76823771851148,2.29369813142062,0.403405721320118,5.68583440987065,1.30175483985324e-08,3.27230954614977e-08
"MAGEA9B","ENSG00000267978",8.33731557017859,5.30450512559702,1.01299058287092,5.2364801956633,1.63667794846635e-07,3.73486526360265e-07
"ERFL","ENSG00000268041",52.8010579598525,1.3645242047161,0.180456685417055,7.56150541922309,3.98430815211752e-14,1.52039295725824e-13
"GABRQ","ENSG00000268089",19.4696539958843,3.26601117213822,0.36918965039633,8.84643209426949,9.03618740498319e-19,4.70560248071491e-18
"MAGEA2","ENSG00000268606",1.23660983966929,2.50606274260219,0.869678100995696,2.8815980760387,0.00395664077705723,0.00587666418393667
"AC008687.4","ENSG00000268655",14.9732478125278,1.98479286879559,0.211945914208906,9.36461963045565,7.63247058350328e-21,4.5416626588169e-20
"ZNF723","ENSG00000268696",3.24828080358953,2.89569207175866,0.757661284211815,3.821882062736,0.000132437028725917,0.000231940931544134
"CSAG2","ENSG00000268902",4.02011369840018,3.70870865433121,0.769823373432021,4.81760983405463,1.4528811824253e-06,3.05732129802845e-06
"CSAG3","ENSG00000268916",25.0936655775838,5.33433279830448,0.652885862245964,8.17039103887787,3.07391464436767e-16,1.3533847128856e-15
"ERVV-2","ENSG00000268964",8.6730546017617,4.66723442312617,0.575029099972568,8.11651866548811,4.79746962068875e-16,2.09062649593239e-15
"SPIB","ENSG00000269404",198.456456087589,1.43338680598449,0.228779690682114,6.26535861514107,3.7196836436529e-10,1.06473043410464e-09
"ERVV-1","ENSG00000269526",9.6805687100673,4.2921432509719,0.453773164918238,9.45878598119672,3.11539105811713e-21,1.90381462441563e-20
"CCDC194","ENSG00000269720",10.3198791511988,1.83977949592051,0.263296448520893,6.98748314402166,2.79861184446187e-12,9.41801048203051e-12
"RNF225","ENSG00000269855",18.4296500111208,2.58604933825278,0.287756613261142,8.98693277261334,2.54226034382295e-19,1.36808013028644e-18
"ZNF559-ZNF177","ENSG00000270011",9.02705415373054,1.09510536827617,0.246148861030976,4.44895565914628,8.62888261073073e-06,1.69629308452873e-05
"H4C15","ENSG00000270276",2.47660626488601,2.06833431311057,0.418111219583451,4.94685197678066,7.54232859224809e-07,1.62478793042493e-06
"AL121758.1","ENSG00000270299",3.32832728551911,1.4515305218758,0.309147597803098,4.69526702517128,2.66258677066972e-06,5.4741658149596e-06
"GAS2L2","ENSG00000270765",151.270402830446,-1.46529100065194,0.281475782093314,-5.20574448627403,1.93220364409849e-07,4.38520038100637e-07
"H4C14","ENSG00000270882",21.6897231423281,2.28450927201168,0.208821787107588,10.9399948331764,7.42041374302087e-28,6.66533449316628e-27
"RASL10B","ENSG00000270885",147.526590679866,1.46775264926745,0.21075292024416,6.96432888126553,3.29972943078659e-12,1.10235359792876e-11
"CTAGE15","ENSG00000271079",9.37970045660748,1.01964909896997,0.326298635742655,3.12489537888889,0.00177868308559047,0.00275501873705595
"SRXN1","ENSG00000271303",3.47638874644689,1.45559984502228,0.322465987039526,4.51396396372143,6.3627032922566e-06,1.26483557391787e-05
"NBPF19","ENSG00000271383",3.03309874203956,1.73877144683486,0.431122185160806,4.0331291375931,5.50390133013002e-05,0.000100552691954275
"MMP28","ENSG00000271447",1735.69405463244,-1.05777722199913,0.25487740285824,-4.15014124491631,3.32270173842232e-05,6.21114732611686e-05
"SMIM32","ENSG00000271824",5.38391518616513,2.22264716754373,0.471329032906307,4.71570179718922,2.40879015899166e-06,4.9746632404014e-06
"ANKRD34A","ENSG00000272031",83.9003097327787,1.5034474239578,0.175912950679556,8.54654201495655,1.26831272530105e-17,6.13514993074121e-17
"H2AC19","ENSG00000272196",2.8593350871198,2.21949773635749,0.40061172549117,5.54027152759015,3.02003015562502e-08,7.37510571510829e-08
"CD24","ENSG00000272398",12895.8866412282,1.43533674408989,0.167307089630801,8.57905512107864,9.56556324871877e-18,4.67385645028195e-17
"AL353588.1","ENSG00000272442",3.66002518527646,1.2626846669955,0.23989779401815,5.26342758658284,1.41394213617312e-07,3.2493792245756e-07
"CFAP206","ENSG00000272514",3.06865446717191,-1.22300500045054,0.274766889053667,-4.45106397158235,8.54458809187187e-06,1.68046070265842e-05
"C2orf15","ENSG00000273045",169.732954036582,1.17727933289233,0.109587517667973,10.7428232516337,6.40550495459592e-27,5.47866635528608e-26
"LYPD4","ENSG00000273111",1.35723138973401,2.1265877373882,0.592525861569884,3.58902096147138,0.000331922154746548,0.000556980504068271
"AL049839.2","ENSG00000273259",6.04353530476186,-1.20282229554652,0.287626281856448,-4.18189286383376,2.89092195437147e-05,5.43582035829851e-05
"ZBTB8B","ENSG00000273274",21.8265124596076,2.57460406109753,0.302361848652806,8.51497658374845,1.66623969966733e-17,7.98661316532213e-17
"C1QTNF3-AMACR","ENSG00000273294",2.48002241900981,1.23741611983396,0.305248411017888,4.0538003644561,5.0392224863701e-05,9.24124299975609e-05
"AGBL1","ENSG00000273540",42.5592391308878,-2.58812869929956,0.314976244446555,-8.21690125821127,2.08828871828978e-16,9.30422062658343e-16
"H4C12","ENSG00000273542",16.2551854750002,2.58452410731573,0.242486324565298,10.6584324371651,1.59259035748863e-26,1.32478936618057e-25
"EPOP","ENSG00000273604",341.686458942937,1.38584557632239,0.13792437011282,10.0478659078797,9.38783851531971e-24,6.72713634579958e-23
"H2BC14","ENSG00000273703",8.1371121375085,5.11261150675811,0.562515881713949,9.08883050764774,1.00110043163675e-19,5.53886518963402e-19
"LHX1","ENSG00000273706",15.1369917954635,5.62092355507195,0.549992158930908,10.2200067106376,1.61329710913092e-24,1.2057947023258e-23
"H2BC8","ENSG00000273802",205.640351195191,3.80801097094654,0.279320171831033,13.6331398695047,2.54394955536573e-42,4.81172192327261e-41
"NOL12","ENSG00000273899",129.412055334886,1.04754256982003,0.125064433964117,8.37602295565973,5.47462385441075e-17,2.52662998779911e-16
"H3C8","ENSG00000273983",38.3486056939513,3.56232602326401,0.32446309569504,10.9791408345934,4.81481122770682e-28,4.36430685396951e-27
"NATD1","ENSG00000274180",819.965758149617,-1.19424649281508,0.105835555525086,-11.2839818989943,1.57454010192137e-29,1.56257604235602e-28
"ANTXRL","ENSG00000274209",5.11669988994655,2.22153160996681,0.408936669160999,5.43245880719049,5.55827872818914e-08,1.32765026409676e-07
"GGTLC3","ENSG00000274252",3.6077549860657,-2.34098501565768,0.270782363421918,-8.64526399014432,5.36810437484913e-18,2.65849686075769e-17
"CBSL","ENSG00000274276",25.4746347079814,1.06576246960845,0.334198501058817,3.18901032240381,0.0014276077979436,0.00223620645439944
"H2BC6","ENSG00000274290",61.6427429503783,3.41158763601104,0.234548645137478,14.5453308161784,6.25278365146929e-48,1.55174837553037e-46
"TBC1D3D","ENSG00000274419",2.87477931568066,1.58877882562661,0.679959900970209,2.33657723545114,0.0194611772869457,0.0265592895427747
"DGKK","ENSG00000274588",4.8275975483993,-2.10643457532834,0.363282732076166,-5.79833388526352,6.69770013895289e-09,1.72285722521972e-08
"H4C6","ENSG00000274618",6.39395533783888,4.67088645345573,1.02406505033201,4.56112280361623,5.08808112275662e-06,1.02075384605319e-05
"H2BC17","ENSG00000274641",17.4040552191977,4.17393562157748,0.36434816026616,11.4558987165693,2.19672842321525e-30,2.29457452869763e-29
"CCL23","ENSG00000274736",75.9455626215921,-2.51082949816592,0.193665144354493,-12.9647981134385,1.93739818514483e-38,3.00657985488261e-37
"H3C6","ENSG00000274750",157.507158683266,1.87820595395981,0.217077816429998,8.65222427997606,5.05052656857592e-18,2.50746592373832e-17
"TBC1D3B","ENSG00000274808",5.26934428788045,1.27007939043791,0.245396165421198,5.17562851179011,2.2714501663487e-07,5.12652091655869e-07
"AL139260.3","ENSG00000274944",2.47965573545128,2.10322291519437,0.305629564840909,6.88160818567788,5.91806038855241e-12,1.94047745157354e-11
"H2AC12","ENSG00000274997",11.619704801959,4.71722185433752,0.514808422014272,9.1630627095816,5.04448781434927e-20,2.84914837317397e-19
"ZNF280B","ENSG00000275004",166.654215712368,1.93273786396107,0.180917714863304,10.6829663718746,1.22300033871364e-26,1.02545197097485e-25
"H4C13","ENSG00000275126",5.36487087765234,4.5657648977505,0.91017397771411,5.01636501322237,5.26582429762731e-07,1.15002311921696e-06
"CCL16","ENSG00000275152",5.02986392749142,-1.29271518296071,0.22024635068688,-5.86940568562946,4.3736006328746e-09,1.14226880928368e-08
"H3C11","ENSG00000275379",8.59135137928503,4.94419050907897,0.576903001077111,8.57022844368616,1.03279954224306e-17,5.03127748689219e-17
"CCL18","ENSG00000275385",5787.62145749808,-1.20483085962125,0.215409194152515,-5.59321928834757,2.22897474913215e-08,5.49277581410571e-08
"FCGBP","ENSG00000275395",3708.44665334322,1.58892298049053,0.236915261934079,6.70671432274653,1.99055409540755e-11,6.28719936966059e-11
"H2BC9","ENSG00000275713",84.9665216572548,4.68437842713647,0.3156595320395,14.8399713985202,8.07903993324118e-50,2.22740002350515e-48
"H3C1","ENSG00000275714",10.5246907948028,3.27348563798693,0.386757016136363,8.46393342954319,2.58507415856335e-17,1.22464209476235e-16
"ARHGAP23","ENSG00000275832",2038.55458178877,-1.11239570083198,0.118363907400142,-9.39809883997329,5.55578230565291e-21,3.33813340480348e-20
"PRSS2","ENSG00000275896",509.262715021285,5.33308685465623,0.403062316655473,13.2314201409575,5.77851050542499e-40,9.76344555935499e-39
"UHRF1","ENSG00000276043",678.422340434189,3.34927012768361,0.151342015850876,22.130471230037,1.60887198789768e-108,8.22501327984378e-106
"H4C9","ENSG00000276180",531.439688189398,1.33841329659718,0.132091379468529,10.132480272235,3.96463110139331e-24,2.89547527743798e-23
"KCNE1B","ENSG00000276289",12.5357992637898,-2.05964750181542,0.298482730313866,-6.90039085226011,5.18596541783257e-12,1.70825624486889e-11
"H2AC14","ENSG00000276368",10.5732022749703,5.3452547139813,0.487120707962076,10.9731625582985,5.14410438603093e-28,4.65335994839492e-27
"CCL14","ENSG00000276409",17.375621194786,-2.00842710575364,0.245901395708064,-8.16761165576327,3.14554570505293e-16,1.38424125185716e-15
"H2BC3","ENSG00000276410",9.17269996217591,4.88630672887893,0.64102101491636,7.6226935079757,2.4843628351583e-14,9.63222193054983e-14
"DACH1","ENSG00000276644",266.566856004329,-2.43332456391015,0.184662558021308,-13.177140996982,1.18808501172497e-39,1.96291829314819e-38
"H2AC16","ENSG00000276903",7.67545970590377,4.1803402713284,0.434473292165631,9.6216277196039,6.47975396432237e-22,4.1496863881038e-21
"H4C5","ENSG00000276966",51.6631963082545,4.17707538701222,0.330226729411267,12.649113518034,1.13144235519197e-36,1.62348821663592e-35
"H2AC8","ENSG00000277075",96.8929528439003,3.86956153272568,0.302833356883895,12.777857672427,2.1799159314566e-37,3.22357320343413e-36
"F8A3","ENSG00000277150",3.15972617328336,1.07999362017177,0.305287694426217,3.53762578672423,0.000403741824376345,0.000671327243152676
"H4C4","ENSG00000277157",22.4128352772576,4.34263996004947,0.453672392854876,9.57219356620321,1.0466111123949e-21,6.59634118847551e-21
"H2BC7","ENSG00000277224",38.2549378636828,4.75190658292622,0.357859171847273,13.2787055824134,3.07666616904662e-40,5.27306396194935e-39
"SRCIN1","ENSG00000277363",680.661931360157,1.82073467597982,0.174185649001324,10.4528397512586,1.42202378229323e-25,1.11990631763085e-24
"GPR179","ENSG00000277399",25.4050712614106,1.41118766010238,0.181365948766102,7.78088538506375,7.20187214579278e-15,2.90493909613774e-14
"GPIHBP1","ENSG00000277494",406.440479055293,-3.69715076630108,0.221136830301994,-16.7188376592542,9.55649434691633e-63,4.3844705987019e-61
"PNMA8C","ENSG00000277531",10.1093154559537,-2.11410924265165,0.239626106816654,-8.82253303171686,1.11899173555993e-18,5.79847064128985e-18
"NEFL","ENSG00000277586",57.1124872123016,2.28778310556402,0.359225836887267,6.36864855097263,1.90701017221497e-10,5.58921097648524e-10
"AC007906.2","ENSG00000277639",434.396417960812,-1.35111726353941,0.275341668755717,-4.90705700174325,9.24531700246836e-07,1.97547715697595e-06
"FO681492.1","ENSG00000277758",79.8348316926033,-2.84044435310551,0.210682888666959,-13.4820837661648,1.99394796509844e-41,3.63687165540331e-40
"H3C7","ENSG00000277775",10.7572225623434,5.22099358580272,0.575395714543354,9.07374430125224,1.14995774980775e-19,6.3350351038516e-19
"RDM1","ENSG00000278023",37.3808269441125,3.61479020929539,0.209103793656035,17.2870618274939,5.88778291387493e-67,3.2315981496308e-65
"MYO19","ENSG00000278259",1916.41518919954,1.6554450100964,0.0889330218519781,18.6145143347514,2.45071976220385e-77,2.01150131674833e-75
"ZNF229","ENSG00000278318",260.768035879965,1.36011688344063,0.209620256063984,6.48848021169035,8.67065420877852e-11,2.6105336657862e-10
"H2AC4","ENSG00000278463",6.55956896665351,4.39970126171159,0.517563736543675,8.50079120900758,1.88302792350568e-17,8.99439899500458e-17
"C17orf78","ENSG00000278505",6.93279849220547,2.3816185406639,0.324843980356603,7.33157664811717,2.27460669330363e-13,8.26722274289697e-13
"DHRS11","ENSG00000278535",525.135036605194,1.06696740570087,0.099230218760091,10.7524443564967,5.77116139936918e-27,4.9431972675401e-26
"H2BC10","ENSG00000278588",9.80512303258484,5.04458560739677,0.599752155071435,8.41111710018936,4.06124014705437e-17,1.89189716092798e-16
"TBC1D3E","ENSG00000278599",3.54750478043449,1.31353139526791,0.418141040061262,3.1413596595911,0.00168165381371315,0.00261309871374464
"MRM1","ENSG00000278619",395.040124291089,1.27491588930071,0.092651283128484,13.7603694870876,4.4126589414446e-43,8.65742395167415e-42
"H4C1","ENSG00000278637",6.79338602711633,4.37278342768023,0.547206158970597,7.99110784115864,1.33731509339062e-15,5.65286533570479e-15
"H2AC17","ENSG00000278677",1.72312215965061,2.67685086594072,0.365080275329546,7.33222539487901,2.26361965050581e-13,8.22896107405536e-13
"H4C2","ENSG00000278705",16.8179462189297,4.91169284859061,0.513189993682894,9.57090533535539,1.05973576398924e-21,6.67435833335427e-21
"H3C10","ENSG00000278828",210.642705587894,2.69472665394772,0.210098461497845,12.8260180238177,1.17236501962283e-37,1.75247512916552e-36
"OR10A6","ENSG00000279000",1.23627532415328,-2.24963491630198,0.383471678092793,-5.86649561055096,4.45102044806565e-09,1.16113294761975e-08
"OR2AG1","ENSG00000279486",2.65741661925405,2.64646953163039,0.595179835437653,4.44650402123312,8.72790340593473e-06,1.71462863024144e-05
"AC013394.1","ENSG00000279765",23.5817206940682,1.19729283258814,0.197543680007948,6.06090173342909,1.35360515232249e-09,3.69489809161042e-09
"AC068946.1","ENSG00000280537",13.6003145115428,1.73524123799259,0.202841692720045,8.55465764815671,1.18219057797591e-17,5.734056929174e-17
"BLACAT1","ENSG00000281406",356.750521823836,2.86531990943963,0.182892385065225,15.6666987989564,2.55510222329624e-55,8.91197740378941e-54
"AC006978.2","ENSG00000281593",1.93782182179657,1.67321481000089,0.379714857963689,4.40650339302996,1.05052663548381e-05,2.04850404192588e-05
"TEX13C","ENSG00000282815",9.59726006588906,4.3652190931835,0.756151611953029,5.77294159554692,7.78994488779979e-09,1.99235968949974e-08
"AL031777.2","ENSG00000282988",10.3686951787532,2.79452918507382,0.304145177551713,9.18814234560292,3.99683754847912e-20,2.27249489211747e-19
"C13orf46","ENSG00000283199",154.701460473837,-2.71768412153127,0.234036249755584,-11.6122358154751,3.57152828387853e-31,3.87070597113498e-30
"CCDC201","ENSG00000283247",0.990162232191545,1.70682347016115,0.532707382697523,3.20405446892464,0.00135506837694185,0.00212835660714717
"SMIM33","ENSG00000283288",10.2062927247447,1.25350546618685,0.324452761363939,3.86344520822493,0.00011179897893008,0.00019724108952829
"CFAP97D2","ENSG00000283361",15.4144195517169,-2.09210215253519,0.350556049776962,-5.96795335258446,2.40248027142189e-09,6.4208483191265e-09
"FAM95C","ENSG00000283486",36.5336189402121,1.01486911972896,0.226172216902636,4.48715201905566,7.21815722002726e-06,1.4287000789596e-05
"AC020915.4","ENSG00000283515",0.835544468517035,1.66090699740302,0.738603483724522,2.24871265029463,0.0245307838172865,0.0330022041235118
"PRRT1B","ENSG00000283526",127.617440911083,-1.34853096084829,0.216247967141632,-6.23603994374231,4.48786552350464e-10,1.27705753517921e-09
"BX276092.9","ENSG00000283599",6.0934874281211,3.66698834961041,0.592285290752106,6.19125344975887,5.96876438655946e-10,1.68002361442046e-09
"ETDC","ENSG00000283644",1.24994727042152,1.48456415050856,0.515765950864017,2.87836788764672,0.00399738673205661,0.00593422722946062
"LMLN2","ENSG00000283654",8.24562150723244,3.40786113462035,0.433435605351966,7.86243929326721,3.76724158298242e-15,1.54250008339369e-14
"CPHXL","ENSG00000283755",2.23239350324129,1.9957209524802,0.515742675196733,3.86960600403859,0.000109011376684614,0.000192645981532622
"AC118553.2","ENSG00000283761",13.3102350468959,1.20517110254535,0.219290657241476,5.49577039763373,3.89008374987162e-08,9.41884553943882e-08
"AC004922.1","ENSG00000284292",4.01821598824987,1.49097138510075,0.292424206062386,5.09865925662347,3.42067671768927e-07,7.59193357846862e-07
"PERCC1","ENSG00000284395",15.581339530775,1.35653056994157,0.369346753793234,3.67278324774712,0.000239922980650087,0.000409124358407701
"LYNX1-SLURP2","ENSG00000284505",4.03877409282339,1.49834253860217,0.312313967297444,4.79755212860899,1.6061641681077e-06,3.36957386093928e-06
"AC005551.1","ENSG00000284638",3.76368432772682,4.11062427394655,0.467143987597346,8.79948020970719,1.37451308411188e-18,7.0815325695404e-18
"SMIM38","ENSG00000284713",14.2761004826561,1.13112945575922,0.25090798630986,4.50814448912092,6.53970358301051e-06,1.29886686880683e-05
"TMDD1","ENSG00000284730",9.34657890151944,1.11965337277001,0.217708683926962,5.14289716227229,2.70533726129481e-07,6.06522987299185e-07
"EEF1AKMT4","ENSG00000284753",228.471657687742,2.10085372982105,0.138041580852561,15.2189921098116,2.645756707235e-52,8.10625424016366e-51
"TBCE","ENSG00000284770",72.0292507005769,1.06423889987039,0.162870738943642,6.53425475179212,6.39270532238598e-11,1.94362859102085e-10
"SMIM41","ENSG00000284791",7.74264347687526,-2.20367765284182,0.164964381116392,-13.3585058661058,1.05663798254781e-40,1.85538993343748e-39
"AC008397.1","ENSG00000284797",4.25491087730925,1.73744417877267,0.39910044722454,4.35340073120781,1.34041805853134e-05,2.58839848060666e-05
"AC068946.2","ENSG00000284820",2.08132540855912,1.50450368387361,0.324909427894778,4.63053255678639,3.64726427007526e-06,7.4075481934684e-06
"AC000093.1","ENSG00000284874",11.8265271896054,1.57809271127743,0.240149299521558,6.57129841486699,4.98783807323716e-11,1.53082995959575e-10
"AC068831.6","ENSG00000284946",49.6955756887627,2.1498862767379,0.155671206819645,13.8104298197462,2.20511925936407e-43,4.37915637156507e-42
"AL049629.2","ENSG00000284969",2.52958286154725,-1.41907113648402,0.35615333264869,-3.98443874139961,6.76398024453038e-05,0.000122485475675926
"ARHGAP11B","ENSG00000285077",23.5504343577323,1.97044269577319,0.196393737361164,10.033123877823,1.09011995172499e-23,7.75875747661707e-23
"AC008397.2","ENSG00000285188",10.9892666897294,-1.31680974123543,0.23432302457873,-5.61963444950751,1.9136191216758e-08,4.74309280290138e-08
"AC090517.4","ENSG00000285253",1.83244985667071,2.1138291736215,0.571947554123218,3.69584441507395,0.00021915715857942,0.000375179777885722
"POLR2J3","ENSG00000285437",19.2427364885636,1.02028769811646,0.22448479087562,4.54501926004317,5.49302311158642e-06,1.09817500039794e-05
"AP000944.5","ENSG00000285816",7.25693547503457,-1.79546868313095,0.16745113117341,-10.7223443075556,7.99507786293672e-27,6.7799018104989e-26
"AP001267.5","ENSG00000285827",1.36357892601262,1.09638376690037,0.476374629076172,2.30151586583563,0.0213624896347482,0.0289640847946161
"AC004687.2","ENSG00000285897",7.81108312975993,1.11526438095923,0.186341516789197,5.98505582747242,2.16315653201908e-09,5.80116304367767e-09
"AL133353.2","ENSG00000285932",1.6083027642925,2.11940823062473,0.540701050942055,3.91974128204876,8.86440762850042e-05,0.000158215307428188
"AC021087.5","ENSG00000286001",19.5389811650673,1.09458680523198,0.181422089033999,6.03337119013582,1.60573993534733e-09,4.35062154196999e-09
"CR589904.2","ENSG00000286015",19.3543157614411,5.40759701523952,0.521871899066358,10.3619241137794,3.69454065234424e-25,2.84941447812049e-24
"AL441992.2","ENSG00000286112",2.35779054333916,1.19724329530539,0.258161196369093,4.63758036507427,3.5251156347335e-06,7.16841618959956e-06
"AL603764.2","ENSG00000286135",4.01041258649921,1.83305178488015,0.409184685349466,4.47976635126171,7.47247912939926e-06,1.47691449312207e-05
"AF196969.1","ENSG00000286268",1.68085996620846,1.19655793148089,0.374066498919546,3.19878399946809,0.00138008527488511,0.00216498911305621
"H3C2","ENSG00000286522",27.0601434794916,6.05012943312938,0.49058623225433,12.3324484776671,6.05775907858495e-35,7.90601627958575e-34
"H3C3","ENSG00000287080",13.4168452497352,5.44527680083722,0.475439331995041,11.4531475088267,2.26759455475869e-30,2.36307917112972e-29
"AP001931.2","ENSG00000288534",6.59793470150385,2.06632767457179,0.225410797714374,9.16694184805693,4.86628144695699e-20,2.7519713631606e-19
"DUS4L-BCAP29","ENSG00000288558",279.32157536323,-1.00249727413484,0.086730834150837,-11.5587182338331,6.66968934455481e-31,7.12056989511451e-30
"NPBWR1","ENSG00000288611",35.6737178748095,2.12188557943529,0.318183030775088,6.66875783496818,2.57977515859571e-11,8.0996520289091e-11
"AC013477.1","ENSG00000288637",3.76563152615674,2.58900636701503,0.391996662854186,6.60466430546652,3.98419112518157e-11,1.23188408161178e-10
"AC010980.1","ENSG00000288658",39.9089110184925,1.3218871576897,0.217994984720062,6.06384206217952,1.32907673724265e-09,3.63182193944452e-09
