"gene_name","gene_id","baseMean","log2FoldChange","lfcSE","stat","pvalue","padj"
"FGR","ENSG00000000938",1341.65854278321,-2.09572008215754,0.13685278698729,-15.3136821565218,6.19548990652505e-53,1.94143434146152e-51
"CFTR","ENSG00000001626",1073.44774239514,-1.22711227832355,0.247658525561064,-4.95485578598014,7.23839550974792e-07,1.56251189354469e-06
"CYP26B1","ENSG00000003137",294.94988333562,-1.09063257212461,0.172882045157802,-6.3085358061857,2.81687568693237e-10,8.13860110871642e-10
"HSPB6","ENSG00000004776",125.15919972957,-2.51134736877369,0.202435970120673,-12.4056380260715,2.4356484397344e-35,3.25717918775543e-34
"PDK4","ENSG00000004799",3222.24383252177,-2.38195010619916,0.190603743402322,-12.4968694931212,7.76492235101759e-36,1.06302796960029e-34
"ZMYND10","ENSG00000004838",448.639852725081,-1.96739944143212,0.249784835321025,-7.87637663793164,3.37011337926411e-15,1.38369524312007e-14
"SLC4A1","ENSG00000004939",9.2869577136293,-3.39410705519033,0.226535245415411,-14.9826886715414,9.52830520019137e-51,2.74099622101325e-49
"MEOX1","ENSG00000005102",66.0685219529915,-1.17197897096911,0.213434342704117,-5.49105151551839,3.99547782544262e-08,9.66095739603309e-08
"ITGAL","ENSG00000005844",1819.83287335046,-1.20061354951714,0.13580661506852,-8.84061169561867,9.51959655515722e-19,4.94869672171494e-18
"CX3CL1","ENSG00000006210",5060.61940582735,-1.08060974940583,0.19370361439616,-5.57867623056216,2.423558585044e-08,5.95751253773765e-08
"ETV1","ENSG00000006468",2222.16840729913,-1.13880232769107,0.157746352390382,-7.21919911576033,5.22946374498329e-13,1.85252018984332e-12
"TBXA2R","ENSG00000006638",138.593024975047,-1.00994113138752,0.11460985622588,-8.81199195815294,1.22941447023069e-18,6.35777835717853e-18
"ARHGAP44","ENSG00000006740",1016.36919857822,-1.64948790888035,0.146820246399609,-11.2347441809275,2.75290084870046e-29,2.68434086571103e-28
"CEACAM21","ENSG00000007129",156.839137789641,-1.61598062964276,0.15470185011751,-10.4457744261964,1.53199852143993e-25,1.20391138299855e-24
"DNAH9","ENSG00000007174",413.50578635979,-1.9844070584272,0.341353025444647,-5.81335717133987,6.12322185086026e-09,1.58030879240506e-08
"GAS7","ENSG00000007237",1768.17231909252,-1.08667462429387,0.125337618451125,-8.66997983305077,4.32196928116436e-18,2.1559240688005e-17
"MATK","ENSG00000007264",252.431145688754,-1.11613777762155,0.15041807833005,-7.42023691575493,1.16911015940062e-13,4.32655389496491e-13
"CACNA2D2","ENSG00000007402",3326.26920472006,-2.37014225182867,0.245859277363006,-9.64023923461387,5.40618349475503e-22,3.47959860689395e-21
"SELE","ENSG00000007908",224.767003252454,-2.9492494336865,0.223028855073448,-13.2236227133716,6.41006572054813e-40,1.07493257673634e-38
"FMO3","ENSG00000007933",599.451691031561,-1.13177511751262,0.161401757584063,-7.01216104739852,2.34664857184834e-12,7.93585010320967e-12
"CDKL5","ENSG00000008086",1085.54662810207,-1.0447781645931,0.111560478176021,-9.365128060357,7.59581236899597e-21,4.52135298464554e-20
"DLEC1","ENSG00000008226",305.577255811481,-1.05686976672205,0.23948120940335,-4.41316364384147,1.01870935607658e-05,1.98906225537738e-05
"PGLYRP1","ENSG00000008438",5.57480579267582,-2.0093301425231,0.240495880346056,-8.35494620378452,6.54625391293416e-17,3.00878811364323e-16
"NFIX","ENSG00000008441",4270.36631300483,-1.44756925099813,0.146510772278903,-9.88029227122279,5.06848621270867e-23,3.49077843741325e-22
"SEMA3G","ENSG00000010319",705.294871964909,-3.22059469116848,0.138903466093397,-23.1858482854776,6.32595269226804e-119,6.65825126604424e-116
"SLC6A13","ENSG00000010379",21.0643813974023,-2.64771538336977,0.226385876612519,-11.6955855329332,1.34257977139176e-31,1.48563882804655e-30
"BTK","ENSG00000010671",755.060416710082,-1.38490138953103,0.128966020344046,-10.7384982946398,6.71273615605931e-27,5.72775336387073e-26
"ANOS1","ENSG00000011201",2457.11118171508,-2.78772215539228,0.164596295347934,-16.9367247877567,2.4118419842104e-64,1.18233119516375e-62
"DCN","ENSG00000011465",21567.6133613715,-1.46112184764858,0.144991927381133,-10.0772634314171,6.96386171867315e-24,5.02437006984753e-23
"TYROBP","ENSG00000011600",4263.08600633628,-1.48533728270907,0.149290989269854,-9.94927617516293,2.54024064362213e-23,1.77826783397225e-22
"SEMA3B","ENSG00000012171",2128.01028667217,-1.54341148851534,0.199171710017436,-7.74915015983058,9.25095727455609e-15,3.70224510207184e-14
"ALOX5","ENSG00000012779",2981.1095966174,-1.82506486574224,0.139121633264704,-13.1184836097325,2.58046675981652e-39,4.18227280193813e-38
"CALCOCO1","ENSG00000012822",3900.12196793894,-1.20858352941534,0.0834911239355691,-14.475593002533,1.72828741742199e-47,4.15648477956072e-46
"CLDN11","ENSG00000013297",237.53450901968,-1.23937600034822,0.208613469598816,-5.94101619004594,2.83260634285754e-09,7.52432085699969e-09
"GPRC5A","ENSG00000013588",31823.6022239856,-1.32690763123807,0.154936133571111,-8.56422321026271,1.08806876219599e-17,5.29331548721394e-17
"IL20RA","ENSG00000016402",512.908028344806,-1.72422741051999,0.191444242137987,-9.00642083180133,2.12891010934857e-19,1.15118128094814e-18
"SLC11A1","ENSG00000018280",1930.61348801603,-1.8164497438151,0.149703446102983,-12.1336535069844,7.005282958439e-34,8.66244146339661e-33
"WWTR1","ENSG00000018408",4438.89210247651,-1.02900523836097,0.0944949876869177,-10.8895219053342,1.29317348415501e-27,1.1437841399894e-26
"ATP1A2","ENSG00000018625",144.965402811631,-2.2767099126859,0.208077464986538,-10.9416457607901,7.28650377869407e-28,6.54833812718096e-27
"VSIG2","ENSG00000019102",1439.57047364006,-1.3737914509769,0.249561508819737,-5.50482106585281,3.69543410366929e-08,8.95846124061166e-08
"MARCO","ENSG00000019169",4618.02264801437,-3.0173075701591,0.224925396532424,-13.4147037936827,4.95910517850948e-41,8.88220910501203e-40
"PRDM11","ENSG00000019485",517.497441487689,-1.18700678224892,0.0925178091071915,-12.8300355758927,1.11313052360446e-37,1.66811092620222e-36
"C8B","ENSG00000021852",185.933637688959,-2.64519278548965,0.341366178729772,-7.74884259282057,9.27338842321609e-15,3.70956268850001e-14
"FHL1","ENSG00000022267",3061.38278942667,-3.40761993158785,0.173969393822799,-19.5874679833556,1.97785106438205e-85,2.37514691912671e-83
"EHD2","ENSG00000024422",7976.39395381104,-1.28562993746196,0.126486521599514,-10.1641654873914,2.86565425783772e-24,2.10835327448562e-23
"HSD17B6","ENSG00000025423",1509.08154620031,-2.2658810335043,0.226119820398487,-10.0207095048598,1.23612345786918e-23,8.77348553417424e-23
"VIM","ENSG00000026025",21185.9408494554,-1.14686892879218,0.11362785537796,-10.0932022784146,5.92059184327682e-24,4.2906905569766e-23
"CD44","ENSG00000026508",16705.4765707135,-1.00490733692053,0.121713909796001,-8.25630643699477,1.50249576400066e-16,6.76841810303722e-16
"AGPAT4","ENSG00000026652",508.053553671784,-1.09084682627021,0.124571420263483,-8.75679850131712,2.00874289099431e-18,1.02429286259792e-17
"PRKCH","ENSG00000027075",1550.4477457786,-1.05361642090666,0.078746076821653,-13.3799227013293,7.92297271522843e-41,1.40362129498596e-39
"MUSK","ENSG00000030304",53.4166008479155,-1.84264011136314,0.236771214390118,-7.78236542017772,7.11809088723557e-15,2.87179256471941e-14
"ARHGAP31","ENSG00000031081",2404.9118170952,-2.11982993302821,0.123660151733483,-17.1423850230829,7.16504328762713e-66,3.73772943281377e-64
"PNPLA6","ENSG00000032444",3461.09194628467,-1.57159016031107,0.0859793303164944,-18.2786973860574,1.22312518596632e-74,9.19553737499804e-73
"GAB2","ENSG00000033327",2253.90593056792,-1.02400140429756,0.104851555296836,-9.7662013825031,1.57237220135726e-22,1.05096958531511e-21
"EFCAB1","ENSG00000034239",273.79496832328,-2.06521198307995,0.297952856665631,-6.93133808546623,4.16878412848363e-12,1.38159019097902e-11
"MYOC","ENSG00000034971",33.0885889819408,-4.50726060521955,0.308423687689773,-14.6138600409744,2.29157931261247e-48,5.80782275362251e-47
"DAPK2","ENSG00000035664",1147.86888468196,-1.91526740527675,0.142970258001545,-13.3962645941091,6.3583716411428e-41,1.13543257260447e-39
"MYOM2","ENSG00000036448",93.6579272306648,-1.52839196305524,0.160603387000578,-9.51656121081517,1.79004540585277e-21,1.11174184126774e-20
"OTC","ENSG00000036473",8.06090605714056,-3.66586280897044,0.297324895932537,-12.3294848804125,6.28471966614894e-35,8.19624555294482e-34
"USP2","ENSG00000036672",200.741900637405,-1.01939219125091,0.172635853337562,-5.90486953632774,3.52925930425451e-09,9.30715353441797e-09
"FLT4","ENSG00000037280",1054.73925906264,-1.34374640660109,0.121704140564577,-11.0410903061107,2.42077710846204e-28,2.24197540381528e-27
"TLL1","ENSG00000038295",164.369230153818,-1.55098193326678,0.162182953392276,-9.56316247069062,1.14212251279272e-21,7.18565334789033e-21
"MSR1","ENSG00000038945",4051.29839381339,-2.29165315467003,0.162259920081687,-14.1233469948484,2.72724363273584e-45,5.95577894264903e-44
"RIPOR1","ENSG00000039523",2021.06698288164,-1.21438156012729,0.0991857659879671,-12.2435063946031,1.81996720672467e-34,2.32107435708657e-33
"C6","ENSG00000039537",239.60203043742,-2.0062510953735,0.299545255076574,-6.69765606823125,2.11788994279866e-11,6.68231436192847e-11
"CDH10","ENSG00000040731",14.0901643537947,-1.02104148661634,0.33849274830105,-3.01643533499939,0.00255765764748027,0.00388853498906997
"ZPBP","ENSG00000042813",1.5753141829023,-1.06918664321861,0.320150092463892,-3.33964183795823,0.00083886501326815,0.00134750082434752
"ADRB1","ENSG00000043591",307.202019428893,-3.14516093789485,0.231534904694243,-13.5839602328998,4.98561731112462e-42,9.31186331398256e-41
"GPM6B","ENSG00000046653",551.799469781626,-1.94508565396396,0.1498128931712,-12.9834329528714,1.51915710074769e-38,2.37192652737159e-37
"PREX2","ENSG00000046889",521.351334003295,-1.77882214930607,0.172677735951083,-10.3013983795223,6.94443733599412e-25,5.27629797252411e-24
"ARAP2","ENSG00000047365",1605.20373940435,-1.14118271424152,0.119120549475909,-9.58006590183092,9.6983033946767e-22,6.11889078423661e-21
"ANO2","ENSG00000047617",49.7339671815159,-2.05360423029778,0.171331253391958,-11.986162417196,4.19912338931095e-33,4.97911960271311e-32
"ARHGAP6","ENSG00000047648",284.09295333905,-2.33611912043283,0.129176482150542,-18.0847092407294,4.20580174643793e-73,2.9396254159771e-71
"CELF2","ENSG00000048740",3995.72612063482,-1.18801351788724,0.125514897529559,-9.46511960946676,2.9322527820209e-21,1.79435017198016e-20
"DKK3","ENSG00000050165",4103.36473749493,-1.11088779422644,0.137402908791073,-8.08489284543163,6.22188769134355e-16,2.69364230489258e-15
"LAMC3","ENSG00000050555",979.107644717078,-1.67649348534017,0.164593578627678,-10.185655475251,2.29805907487942e-24,1.70265718537547e-23
"MSMO1","ENSG00000052802",4129.3216862121,-1.09704747360186,0.105196747608764,-10.4285303351951,1.83707653257801e-25,1.43666129359346e-24
"CBLN4","ENSG00000054803",39.8540733799438,-1.23506405341375,0.235577359527926,-5.24271116667873,1.58234135990624e-07,3.61686688206468e-07
"CCDC85A","ENSG00000055813",62.08755063395,-2.7529014666594,0.178481786311618,-15.4239910051831,1.12905949944066e-53,3.67313847699848e-52
"RASGRF1","ENSG00000058335",956.683563744067,-2.04452240819161,0.246458075882965,-8.29561945116574,1.08020819467165e-16,4.90687109095196e-16
"SLC2A3","ENSG00000059804",3450.85781248889,-1.08025833994587,0.161324452349604,-6.69618476438317,2.13931210650528e-11,6.74395904187791e-11
"ARSF","ENSG00000062096",2.29548353832628,-1.45592884592565,0.219038577794037,-6.64690604088321,2.99317964281635e-11,9.35329433267778e-11
"LIMCH1","ENSG00000064042",8496.26418272356,-1.59768647426403,0.128428331952858,-12.4402960777416,1.57917472397482e-35,2.1309331324345e-34
"TSPAN32","ENSG00000064201",94.7591052532772,-1.11051921964181,0.161165645255405,-6.89054554946823,5.55788265986523e-12,1.82639475542642e-11
"CCN5","ENSG00000064205",660.261251007721,-2.17245657012236,0.166857590001359,-13.0198246906519,9.43873559538434e-39,1.48930596127171e-37
"FAR2","ENSG00000064763",443.640925149669,-1.17476461102467,0.148974968459091,-7.88565101356114,3.12899937359857e-15,1.28854282604831e-14
"POU1F1","ENSG00000064835",3.43805999950983,-1.23739779571894,0.207451378553751,-5.96476053495267,2.44993069189909e-09,6.54082510745306e-09
"CHI3L2","ENSG00000064886",1070.73673772529,-1.73282352697144,0.216260019928817,-8.0126855048927,1.1223037036539e-15,4.76879130122994e-15
"CALCRL","ENSG00000064989",2445.64442204827,-2.72564786392844,0.133287458566936,-20.4493948135386,6.0825115216173e-93,1.15781253889679e-90
"ANKS1A","ENSG00000064999",2913.62256691324,-1.09033551292846,0.0754489198488885,-14.4513071242401,2.45973104423261e-47,5.86044841204448e-46
"GLP2R","ENSG00000065325",30.3280719343882,-1.16197328379675,0.320667463605558,-3.62360830354167,0.000290521470901824,0.000490683469779719
"MYLK","ENSG00000065534",4738.5011048051,-1.21029076232423,0.129915864302466,-9.31595820743237,1.20856654712618e-20,7.10410027192137e-20
"PRKCQ","ENSG00000065675",273.769160159223,-1.57563763047606,0.146733171441883,-10.7381147356999,6.74067817110113e-27,5.74885388539145e-26
"TIE1","ENSG00000066056",1530.44381498391,-1.97500136660056,0.119548928326408,-16.5204439240824,2.61466483137977e-61,1.13278929365323e-59
"SPI1","ENSG00000066336",2243.16336095369,-1.58569841369757,0.137449526320455,-11.5365869650261,8.62811694189322e-31,9.15132758988117e-30
"CLDN18","ENSG00000066405",9261.91019686868,-3.5285565819544,0.356612178870168,-9.89466089782379,4.39095979684725e-23,3.03349203262501e-22
"FGFR2","ENSG00000066468",1471.02061757385,-1.78133436097094,0.173709228942787,-10.2546903915948,1.12736703727186e-24,8.4756211755905e-24
"EML1","ENSG00000066629",696.752835925531,-1.68677727921849,0.126150109025809,-13.3711916085098,8.91018828113809e-41,1.57695350063703e-39
"KIF26A","ENSG00000066735",247.741395766273,-1.46132941414663,0.192544066359066,-7.58958425351562,3.20933538128484e-14,1.23334703559557e-13
"ACSM2B","ENSG00000066813",2.17327260181359,-1.22187821047582,0.380220455816531,-3.21360461222901,0.0013108003841837,0.00206244735087926
"KLF6","ENSG00000067082",10042.9433938475,-1.7855279269971,0.106715677935757,-16.7316364524433,7.70907531422859e-63,3.55511558240959e-61
"PDZD4","ENSG00000067840",192.87974112718,-1.07067744693586,0.197319463091735,-5.4261116980543,5.75949241658501e-08,1.37314587355038e-07
"HYAL2","ENSG00000068001",3141.75637198662,-1.23935566288839,0.0872500363625557,-14.2046435114184,8.57378445001117e-46,1.91763406455062e-44
"REEP1","ENSG00000068615",207.546458107414,-1.64839234309316,0.214107032620397,-7.69891732615666,1.37223912679859e-14,5.41541126947667e-14
"RASGRP2","ENSG00000068831",383.37217883066,-1.16291943792333,0.15113937414502,-7.69435128669706,1.42213842341015e-14,5.60368262719177e-14
"PYGM","ENSG00000068976",65.1235112267385,-1.20541892636707,0.154001366610639,-7.82732616532376,4.98354999341909e-15,2.02568514384934e-14
"ADGRF5","ENSG00000069122",12700.8780766,-1.09523963081583,0.18155943416907,-6.03240275465903,1.61539555252046e-09,4.37545755695559e-09
"KCNAB2","ENSG00000069424",1891.16954633219,-1.05466020894184,0.111719891053984,-9.44021873806002,3.72002003395854e-21,2.26325462317648e-20
"MAOB","ENSG00000069535",1063.24460818917,-1.52530087167485,0.166658846593019,-9.15223465694342,5.57677906797911e-20,3.13593047967788e-19
"TGFBR3","ENSG00000069702",1134.1770603601,-2.5430286659731,0.161457727638345,-15.7504301786615,6.82156956105726e-56,2.44116688311995e-54
"FGF10","ENSG00000070193",66.4436390791095,-2.97512514698452,0.255495542423501,-11.6445285845851,2.44670813073071e-31,2.67434017001617e-30
"FRMPD1","ENSG00000070601",14.2547486715728,-1.42695327248195,0.259065338354228,-5.50808256151518,3.62763272825358e-08,8.80244540366711e-08
"NDST1","ENSG00000070614",5494.3729008084,-1.59898652518237,0.0856386082479911,-18.671327779546,8.47201282072239e-78,7.15045874533895e-76
"ST6GALNAC2","ENSG00000070731",178.993566090982,-1.66171302910189,0.175434045405678,-9.47200998106897,2.74509793258569e-21,1.68443200643881e-20
"PTPN21","ENSG00000070778",1154.45614487098,-2.43916564513984,0.107541211270074,-22.6812178915693,6.86622892943705e-114,5.58442882883714e-111
"CAMK2A","ENSG00000070808",32.777988359664,-1.51966425124006,0.171381585303804,-8.86713848833983,7.50495498335671e-19,3.93339658808441e-18
"VASH1","ENSG00000071246",846.129574340032,-1.11863743550903,0.103476803660433,-10.8105140083368,3.06945325212725e-27,2.66093638761206e-26
"LMCD1","ENSG00000071282",1850.94273532066,-1.74581920630862,0.101182833339614,-17.2541047595384,1.04224589352959e-66,5.651183567553e-65
"PRLH","ENSG00000071677",1.0733506204184,-2.04237649669748,0.3926312064354,-5.20176813055616,1.97401413856176e-07,4.47611645942031e-07
"CYBRD1","ENSG00000071967",7810.4248345463,-1.76207340027203,0.143933488349333,-12.2422753764947,1.84778745608809e-34,2.35487613616696e-33
"CDH19","ENSG00000071991",42.5538379202434,-2.21565966690342,0.286246261558006,-7.74039686961791,9.91069646436733e-15,3.95124981811329e-14
"LIMS2","ENSG00000072163",1194.32926862418,-2.80635113549492,0.131373751206787,-21.3615818206912,3.04329391149129e-101,8.64343777116089e-99
"TFRC","ENSG00000072274",8262.66440281231,-1.02296662758448,0.139814814808869,-7.31658250223987,2.54365662317892e-13,9.20956049343188e-13
"TRHDE","ENSG00000072657",99.9228552259043,-2.63424533200959,0.301347900859571,-8.74154200011221,2.29950009841796e-18,1.16657088916906e-17
"FERMT2","ENSG00000073712",2526.60057096359,-1.40337897592967,0.0924824739081353,-15.1745397438619,5.21422066314046e-52,1.57598057982386e-50
"CD5L","ENSG00000073754",21.7683966753666,-4.0331094925204,0.256348667248489,-15.7329060291581,8.99845914135864e-56,3.20098269217356e-54
"FRY","ENSG00000073910",1763.729888698,-1.47761363949731,0.123010068243911,-12.0121357592243,3.06817296257734e-33,3.66970714033398e-32
"NTN4","ENSG00000074527",2968.96234310123,-1.6423995666408,0.132895547498746,-12.3585748172361,4.3785059166336e-35,5.76487169730133e-34
"SCARF1","ENSG00000074660",999.900341326313,-1.10391904753258,0.130579686467944,-8.45398757948142,2.81519279495132e-17,1.33013585107114e-16
"RBMS2","ENSG00000076067",3544.07538303448,-1.23661809874543,0.0843681295796049,-14.6574080154121,1.20796931364944e-48,3.12343857357363e-47
"ACACB","ENSG00000076555",751.163794969931,-1.32101433967168,0.11771153593022,-11.2224713511069,3.16305493059548e-29,3.07589901484484e-28
"NMRK2","ENSG00000077009",3.16848471825195,-1.23023942124047,0.350082343755237,-3.51414301002454,0.000441175226925455,0.000729704967219186
"SPAG6","ENSG00000077327",401.736926476264,-1.58704238540106,0.306577342818911,-5.17664603264077,2.25910238979477e-07,5.10058284676313e-07
"ACTN2","ENSG00000077522",54.0693538084849,-2.77213744057325,0.204192810089567,-13.5760776266181,5.55210701099904e-42,1.03591085242759e-40
"FBLN1","ENSG00000077942",8615.91622645841,-1.36160912934826,0.146164450679671,-9.31559707587393,1.21268526319006e-20,7.1236301425672e-20
"ITGA8","ENSG00000077943",1045.85745202011,-2.0885835315735,0.157838563594951,-13.232403311356,5.70340434495957e-40,9.64565349190563e-39
"LAMP3","ENSG00000078081",7678.95378912486,-2.77609230527064,0.184783540358628,-15.0234826104252,5.15278067640288e-51,1.49430639615684e-49
"NEBL","ENSG00000078114",3550.51479393441,-1.60970095465801,0.137806242371389,-11.680900131649,1.59596436742662e-31,1.75949417291217e-30
"EDN1","ENSG00000078401",1520.08479138335,-2.01282812128116,0.167567304349346,-12.0120576570522,3.07107248394637e-33,3.67072143989662e-32
"ADCYAP1R1","ENSG00000078549",43.1616963234003,-2.14312637832894,0.178290234573061,-12.0204361358373,2.77502859407863e-33,3.32575931907897e-32
"ITM2A","ENSG00000078596",1097.50620233919,-2.03192814847585,0.135669180050695,-14.9770798918117,1.03673027838716e-50,2.97756257964391e-49
"RUNX1T1","ENSG00000079102",292.446956694211,-1.2250451897176,0.156633011219129,-7.82111752932954,5.23564328559012e-15,2.12718813145014e-14
"OSBPL6","ENSG00000079156",391.805978217405,-1.51335487344274,0.17642727620592,-8.57778290289085,9.67192763712946e-18,4.72453729760189e-17
"TNS1","ENSG00000079308",15239.6132541359,-2.16704511782727,0.120670954210839,-17.9582993438584,4.13277139129679e-72,2.81169880245146e-70
"CDC14A","ENSG00000079335",389.127030952865,-1.01215540501318,0.112030461862349,-9.03464457958588,1.64536237846506e-19,8.95391394095963e-19
"EPB41L2","ENSG00000079819",2387.34844738746,-1.39803685806952,0.111747563704055,-12.5106696891576,6.52716036892841e-36,8.99772576897042e-35
"SESN1","ENSG00000080546",976.871526785404,-1.60561383813091,0.100162379094048,-16.0301088358066,7.87447255267128e-58,3.03659347812386e-56
"DNAAF6","ENSG00000080572",43.0052239722921,-2.21533321190664,0.346084119116089,-6.40114090633421,1.54220162053312e-10,4.55281531037767e-10
"CPB2","ENSG00000080618",488.615984197157,-2.70713784787422,0.342569485615293,-7.90244887985834,2.73476506947755e-15,1.1337616169639e-14
"CXCL2","ENSG00000081041",2417.29114939373,-2.40432236767058,0.196256077555193,-12.2509447738984,1.66050116283496e-34,2.12223909332899e-33
"COL4A4","ENSG00000081052",1642.52811807547,-1.18887477760075,0.168007438983103,-7.07632224380443,1.48030419291122e-12,5.08584541546861e-12
"CACNA1S","ENSG00000081248",12.8730110882905,-3.17444079448948,0.331042973968079,-9.58921059836656,8.87615065916687e-22,5.6259640008669e-21
"PGR","ENSG00000082175",161.063873456754,-1.69575219700476,0.176478568275519,-9.60882793630411,7.33794785590318e-22,4.68419197237516e-21
"EPB41L3","ENSG00000082397",1504.8703462359,-1.06813039549688,0.142153139165472,-7.513941667187,5.73731567765836e-14,2.17035495603258e-13
"SLCO1A2","ENSG00000084453",131.975297040415,-2.65995877177422,0.375423585672475,-7.08522019736611,1.38823387311308e-12,4.78329841933608e-12
"EFR3B","ENSG00000084710",507.140389036122,-1.12235810765472,0.184910762039843,-6.06972842074427,1.28126734261864e-09,3.5038539754662e-09
"FCN1","ENSG00000085265",776.839915744466,-1.73457925928044,0.183156465882496,-9.47047788306452,2.7856631711334e-21,1.70873743987281e-20
"PILRA","ENSG00000085514",612.872849716856,-1.5146748079698,0.131937681684472,-11.4802290644468,1.6584056938226e-30,1.74346962864675e-29
"ABCB1","ENSG00000085563",217.957021458659,-1.64856333019809,0.156974335314877,-10.5021201516236,8.44614652660427e-26,6.73471032979189e-25
"WNT11","ENSG00000085741",111.210338832509,-1.015472734051,0.207428885569382,-4.89552229557411,9.80449745474042e-07,2.09146248161266e-06
"ITPKC","ENSG00000086544",3213.10595446297,-1.18619993418472,0.119291155538007,-9.94373747856599,2.68557705528968e-23,1.87780501173498e-22
"PPP1R15A","ENSG00000087074",4799.35096900449,-1.87721734380692,0.106930348974404,-17.555514985332,5.39752189532358e-69,3.25177977350252e-67
"CETP","ENSG00000087237",97.5356037583998,-1.16466996367205,0.112502376169207,-10.35240324098,4.08110723499938e-25,3.13808559328938e-24
"CASS4","ENSG00000087589",408.58821885811,-1.8921932794833,0.13512805470668,-14.0029639558613,1.49503184569084e-44,3.16575204910606e-43
"RFX2","ENSG00000087903",790.540429158234,-1.63948493089762,0.130616368910232,-12.5519101822864,3.88034880664167e-36,5.40740507766662e-35
"REM1","ENSG00000088320",51.3741246390446,-1.63153510360127,0.133622886522361,-12.2099974492637,2.7489779143117e-34,3.46879138369388e-33
"SIGLEC1","ENSG00000088827",1719.55743435183,-1.24027471257105,0.160860509484276,-7.71024980927518,1.25571696832208e-14,4.97531968870393e-14
"C20orf194","ENSG00000088854",1190.14443328738,-1.2462009760351,0.089218002990663,-13.9680438281669,2.4424339660341e-44,5.11140011160798e-43
"F11","ENSG00000088926",99.5420475204534,-2.83982308563353,0.321441913425063,-8.83463844330175,1.00422523751993e-18,5.21282337538268e-18
"CFAP61","ENSG00000089101",86.1104207217327,-1.75041179378811,0.246674488072466,-7.09603902481351,1.28383239535745e-12,4.43981697915168e-12
"RPH3A","ENSG00000089169",13.8178954506003,-1.91436691973529,0.230831930877978,-8.29333668203497,1.10115091053531e-16,4.99946542557938e-16
"TBX5","ENSG00000089225",466.620088128793,-1.48463439066004,0.132647321591549,-11.1923435230118,4.44526804771598e-29,4.27630006332161e-28
"NOS1","ENSG00000089250",200.167802712848,-1.76896794771111,0.340493566002945,-5.19530506399,2.04384402721499e-07,4.63152243907774e-07
"LTBP4","ENSG00000090006",6114.57823000151,-2.21992335162602,0.134235524798664,-16.5375250326292,1.96949382159033e-61,8.59515925602822e-60
"LYZ","ENSG00000090382",20614.6369464838,-1.02977446427959,0.213084262679603,-4.83271008064999,1.3468686138892e-06,2.84225971321139e-06
"P3H2","ENSG00000090530",1885.6699041844,-1.92701482855994,0.213056589195227,-9.04461502851805,1.50193457000198e-19,8.20333188676602e-19
"MCOLN1","ENSG00000090674",1073.92313189806,-1.02853389001157,0.082217520658882,-12.5099112910364,6.58977787214727e-36,9.0770512291248e-35
"NLRC4","ENSG00000091106",268.710958203428,-2.05697637133523,0.122357324937972,-16.8112237855641,2.01958609797174e-63,9.61075905611926e-62
"SLC26A3","ENSG00000091138",4.51191044116163,-1.55144403452957,0.308587861641155,-5.02756014536207,4.96759705523962e-07,1.0870149701529e-06
"IL5RA","ENSG00000091181",131.721310574861,-2.08094237789919,0.236780134842385,-8.78850068771346,1.51569109811536e-18,7.79317839614315e-18
"RAPGEF4","ENSG00000091428",310.661563740907,-1.79308201611244,0.131454076969417,-13.6403682369593,2.30394261412158e-42,4.3669963129743e-41
"CPA1","ENSG00000091704",3.35656386401841,-1.21214798802476,0.323025716768642,-3.75248138182426,0.000175092839287933,0.000302728396306792
"CMA1","ENSG00000092009",11.445125831016,-1.74831765172977,0.245873104760214,-7.11065024145198,1.15497495648435e-12,4.00580866376711e-12
"JPH4","ENSG00000092051",75.7111564315863,-2.60148354084899,0.150057737288444,-17.3365505028799,2.49253746553086e-67,1.38506126927776e-65
"TGM1","ENSG00000092295",149.539758546711,-2.42914022789629,0.171623155716731,-14.1539189030276,1.76633233122336e-45,3.89223945844576e-44
"SEMA6A","ENSG00000092421",572.032988896712,-2.53003788990567,0.155851953354695,-16.2335975613196,2.91841869720455e-59,1.16301260020225e-57
"TEKT2","ENSG00000092850",216.185061858891,-1.62186991801783,0.259932627475058,-6.23957805440744,4.38752780604786e-10,1.24930036654383e-09
"DPYSL2","ENSG00000092964",8568.51593122782,-1.55841346262377,0.113817432472102,-13.692221207026,1.13001309452176e-42,2.17412089250299e-41
"TGFB2","ENSG00000092969",731.672911357705,-1.06678353849871,0.185626266124578,-5.74694282641425,9.08714385612598e-09,2.31223357533649e-08
"ADA2","ENSG00000093072",4748.08436942062,-1.04127704226206,0.126529706693802,-8.22950648879568,1.87986314013505e-16,8.42173038718992e-16
"FMO2","ENSG00000094963",2488.67645060092,-3.25282611143486,0.167333843545828,-19.439140597664,3.60148126338066e-84,3.95345424820062e-82
"SH2D3C","ENSG00000095370",1108.25555297957,-2.29006064400377,0.109785356066817,-20.8594363223635,1.25137647355871e-96,2.63422108722189e-94
"TBC1D2","ENSG00000095383",2758.18727925017,-1.04935183337318,0.131802131153996,-7.96156954508669,1.6987054248109e-15,7.12659699088898e-15
"SORBS1","ENSG00000095637",1358.46547836914,-1.56705111723777,0.126759544532356,-12.362391510785,4.17546825498478e-35,5.51377516505112e-34
"CRTAC1","ENSG00000095713",1888.47424110351,-2.57552050470349,0.250962216816133,-10.2625827002096,1.03890281480915e-24,7.82039884954991e-24
"TPSD1","ENSG00000095917",125.492946321232,-1.26807673986666,0.286238902370452,-4.4301341619369,9.41744815149431e-06,1.84543204221539e-05
"PALMD","ENSG00000099260",729.087576118606,-2.03804349858216,0.136708175174731,-14.9079855391038,2.9244309521613e-50,8.26648389052482e-49
"PCDH11Y","ENSG00000099715",0.984663886568166,-1.33006927303998,0.420247715653638,-3.164964908783,0.00155101655780404,0.00241976975052643
"GADD45B","ENSG00000099860",3491.9365006487,-1.76664819821566,0.134485412170009,-13.1363556069737,2.03808578270189e-39,3.32429069369962e-38
"P2RX6","ENSG00000099957",25.0932562440476,-1.27613307071342,0.209649965158579,-6.08697010633012,1.15067444479424e-09,3.16218980812523e-09
"SUSD2","ENSG00000099994",11105.1463958245,-2.04457867893834,0.25319902877598,-8.07498626208119,6.74842433084842e-16,2.91243503501859e-15
"SEC14L3","ENSG00000100012",53.5172550097824,-3.05022832655931,0.353072215523145,-8.63910608780078,5.66545494411051e-18,2.80033108604888e-17
"PPM1F","ENSG00000100034",1515.22139108909,-1.26758193544571,0.0771227754350192,-16.4358962484919,1.05848177038917e-60,4.49867323457799e-59
"MFNG","ENSG00000100060",910.112500870989,-1.52449173027282,0.10634593946356,-14.3352133420683,1.31840776389009e-46,3.06765541213073e-45
"PLA2G3","ENSG00000100078",109.106270424746,-1.51707014237485,0.27674642896926,-5.4818056660213,4.21006551208334e-08,1.01592315856652e-07
"PIK3IP1","ENSG00000100100",2804.96296203322,-1.01796581877988,0.0989711466713239,-10.2854806983339,8.19322124824846e-25,6.20403333876046e-24
"GGTLC2","ENSG00000100121",13.4190850419879,-1.4817975322603,0.274649085730678,-5.39523926802127,6.84322986075656e-08,1.62180015759625e-07
"TTC28","ENSG00000100154",1238.97365903566,-1.24059564296257,0.105276872295853,-11.7841232923049,4.71298586266085e-32,5.32719242202088e-31
"SLC5A4","ENSG00000100191",20.9675962271104,-1.78183623690745,0.185680801836118,-9.59623299386704,8.29196643801462e-22,5.26875552114331e-21
"RSPH14","ENSG00000100218",45.2986496048027,-1.468305252286,0.246858971250126,-5.94795175905625,2.71518583911813e-09,7.22313711259897e-09
"TIMP3","ENSG00000100234",27419.3900723507,-1.95894096500255,0.145181947449866,-13.4930065301611,1.71943221781991e-41,3.15223367555858e-40
"CBX7","ENSG00000100307",1306.50664790702,-1.63610744654742,0.110211197055731,-14.8452016696641,7.47297395226141e-50,2.06667577940979e-48
"PDGFB","ENSG00000100311",1258.73767422257,-1.49261476426774,0.122474204445962,-12.1871766468694,3.63808395034386e-34,4.55855995262624e-33
"ACR","ENSG00000100312",10.2139464769192,-1.50142629991328,0.188715686829481,-7.95602276174283,1.77657731453829e-15,7.44456625035917e-15
"APOL4","ENSG00000100336",830.763482557527,-1.12523637442496,0.145212638063077,-7.74888735191344,9.27012077605012e-15,3.70908477293973e-14
"PVALB","ENSG00000100362",20.8214810405144,-1.30711856385424,0.216290108623048,-6.04335802582771,1.50939198962859e-09,4.0991957836001e-09
"MLC1","ENSG00000100427",76.5364636568771,-1.31449976827506,0.204601478848322,-6.4246836126221,1.3214407065971e-10,3.92245165281053e-10
"CTSG","ENSG00000100448",79.6440993795184,-1.8581326490106,0.239095223747376,-7.77151722183236,7.75515324657892e-15,3.12247878130146e-14
"LRRC74A","ENSG00000100565",3.83570755226562,-1.10120832015088,0.221683571738998,-4.96747824618865,6.78291644561952e-07,1.46826426278091e-06
"GALNT16","ENSG00000100626",143.072192137699,-1.30899543611597,0.202001977138922,-6.48011200016986,9.16545568328042e-11,2.75533431688402e-10
"SLC8A3","ENSG00000100678",28.5377661733174,-1.5201336727094,0.19718954837,-7.70899718202645,1.26810213712061e-14,5.01772479865085e-14
"NFKBIA","ENSG00000100906",11990.9244927187,-1.02653272250527,0.11518281477494,-8.91220382581419,5.00280563249297e-19,2.64681257191593e-18
"RIMS4","ENSG00000101098",65.3309131527231,-1.63157739882374,0.319755154721977,-5.1025835697391,3.35047714079441e-07,7.44536605566745e-07
"TUBB1","ENSG00000101162",35.0230473328875,-2.63052571378512,0.175774297539325,-14.9653604116757,1.23652210034399e-50,3.53435941556791e-49
"CHRNA4","ENSG00000101204",4.03532349377406,-1.88423177042169,0.341986582582726,-5.50966577750429,3.59515666303703e-08,8.72956142919278e-08
"SPEF1","ENSG00000101222",111.716526680993,-1.43024806687646,0.235277424676898,-6.07898555860423,1.20945250168236e-09,3.31913092217831e-09
"RASSF2","ENSG00000101265",1909.18112231846,-1.21986320563097,0.11594302676325,-10.5212296046219,6.89675857126996e-26,5.54374218848757e-25
"ANGPT4","ENSG00000101280",53.4314593243896,-4.21930767858482,0.21367890174801,-19.7460191159191,8.67960379696069e-87,1.13360693970086e-84
"RSPO4","ENSG00000101282",147.677894943492,-2.28988011694798,0.237949357405359,-9.62339273329933,6.36948753710527e-22,4.0805313462737e-21
"SIRPB1","ENSG00000101307",388.915078401765,-2.77757523223777,0.16790824351865,-16.5422207631471,1.82180526879751e-61,7.97006397911829e-60
"CCM2L","ENSG00000101331",106.980791631453,-2.52095602634413,0.129747683627396,-19.4296804063471,4.33049864356144e-84,4.72473245300274e-82
"MYL9","ENSG00000101335",8736.40043941911,-1.72138537287728,0.123426005136683,-13.9466992468159,3.29505638203822e-44,6.86361395154946e-43
"HCK","ENSG00000101336",1902.30309640716,-1.32581704308693,0.144647276952015,-9.16586244154977,4.91523450095931e-20,2.77702213216498e-19
"SAMHD1","ENSG00000101347",6195.51401582028,-1.18359676845312,0.103559272161004,-11.4291723353653,2.98944591475771e-30,3.0883461751016e-29
"PAK5","ENSG00000101349",6.86663642632797,-1.5860511201044,0.330775018888777,-4.79495436333937,1.62711868772153e-06,3.4107350842785e-06
"PXMP4","ENSG00000101417",2069.26289900721,-1.06377541719902,0.142453460750002,-7.46752947663297,8.1714425810146e-14,3.05052414149999e-13
"PPP1R16B","ENSG00000101445",897.371153119768,-1.16214725592948,0.143409766036799,-8.10368281077367,5.33200086006141e-16,2.31566726672522e-15
"EPPIN","ENSG00000101448",13.4332149138001,-1.44647475255372,0.349958512271833,-4.13327495068947,3.57630467313912e-05,6.65669609034415e-05
"SMAD7","ENSG00000101665",1682.46731340785,-1.10325139491264,0.0877555224355678,-12.5718742740398,3.01490570109421e-36,4.21780357386072e-35
"TLR8","ENSG00000101916",452.017116720878,-1.76496226461187,0.171673542030185,-10.2809218225458,8.59020233939597e-25,6.50188199910372e-24
"CHRDL1","ENSG00000101938",1283.94230948817,-2.28518436106679,0.216238723034875,-10.5678776168977,4.19889491982501e-26,3.41503758183767e-25
"SRPX","ENSG00000101955",504.956048995881,-1.79275402184156,0.170036757269828,-10.5433322219658,5.45317620931726e-26,4.40115840835876e-25
"BMX","ENSG00000102010",79.8538348090178,-1.77285978289569,0.218409998977972,-8.11711822348616,4.77383677025818e-16,2.08134165034672e-15
"ZC3H12B","ENSG00000102053",82.0216333665311,-1.06619640547091,0.139035900471805,-7.66849714248534,1.74023238147359e-14,6.82251928170615e-14
"RS1","ENSG00000102104",29.228866298501,-3.98482726652418,0.307119241459458,-12.9748538306748,1.69920189597056e-38,2.64611135984345e-37
"GATA1","ENSG00000102145",11.4063518651912,-1.74874615264353,0.159509701693388,-10.9632588744037,5.73946208602119e-28,5.18405830919622e-27
"PHEX","ENSG00000102174",151.644027007868,-1.28053179159106,0.161907625796298,-7.90902704732479,2.59408254425344e-15,1.07718540181775e-14
"PCYT1B","ENSG00000102230",65.0220870476493,-1.96543917867588,0.225749546056646,-8.70628186416245,3.1400540607314e-18,1.5791171250328e-17
"PCDH11X","ENSG00000102290",5.60905445860277,-1.44120465282272,0.322676792171919,-4.46640318667497,7.95456341710722e-06,1.56838571043856e-05
"FGF14","ENSG00000102466",138.858776926294,-1.17320758722018,0.189194818550109,-6.20105559026951,5.60856971759042e-10,1.58237366693228e-09
"CAB39L","ENSG00000102547",666.887854452309,-1.38940364871748,0.105688257138259,-13.1462443069706,1.78839154034497e-39,2.93575136067822e-38
"ACP5","ENSG00000102575",6083.44064991336,-1.81143507532132,0.1317363946701,-13.7504527876111,5.06117781045693e-43,9.90805848605097e-42
"SGCG","ENSG00000102683",42.2471253797873,-3.82554585704309,0.205799272076074,-18.5887239466472,3.96498986147065e-77,3.23952345165728e-75
"RGCC","ENSG00000102760",3338.60169481376,-2.86718969043996,0.122436291961702,-23.4178089233281,2.81455860659554e-121,3.3573931431876e-118
"TSNAXIP1","ENSG00000102904",78.5904071211158,-1.31248111020859,0.209346640415653,-6.26941568110519,3.62405474688934e-10,1.03901957356339e-09
"PLLP","ENSG00000102934",1711.61481931585,-1.50764795325487,0.160427499702803,-9.39769027160453,5.57739301842485e-21,3.34999306071419e-20
"ZNF423","ENSG00000102935",206.250149701892,-1.80873525202641,0.136686293261538,-13.2327478408207,5.67731545957038e-40,9.61061547001824e-39
"NDRG4","ENSG00000103034",557.938128916733,-2.04034326579327,0.171135230059222,-11.9224034997773,9.04606033520638e-33,1.05791606260031e-31
"WFDC1","ENSG00000103175",308.094033410118,-1.85482158319718,0.161728396650655,-11.468744027703,1.89388045969773e-30,1.98286735315222e-29
"FOXF1","ENSG00000103241",589.778423612659,-2.73821935404919,0.133934845055461,-20.4444134975877,6.73631237605006e-93,1.2687667088912e-90
"MEFV","ENSG00000103313",84.3891394369874,-1.65347412871078,0.160338877831019,-10.3123718406797,6.19531425306758e-25,4.72316821176559e-24
"AQP9","ENSG00000103569",697.278720811718,-1.55935473087711,0.185872043414648,-8.38939897700729,4.88633760345568e-17,2.26329895776942e-16
"CORO2B","ENSG00000103647",194.272113923308,-2.18432413963004,0.157622451966635,-13.8579505164176,1.13879559732264e-43,2.299827271207e-42
"RASL12","ENSG00000103710",658.043331889103,-1.59335809262986,0.119021848829331,-13.3871058826738,7.19293562794483e-41,1.27935583688685e-39
"ACSBG1","ENSG00000103740",34.3293645742164,-1.5763715521756,0.204888014965717,-7.69382021900778,1.42805676963702e-14,5.62452559522675e-14
"ZNF106","ENSG00000103994",3585.79652556147,-1.26946774241267,0.0945403807610297,-13.4277832624929,4.15668789327784e-41,7.46743137293378e-40
"FAM189A1","ENSG00000104059",63.2846035534972,-2.13912017282819,0.233213857056546,-9.17235450683159,4.6279818952985e-20,2.6213510621265e-19
"RP1","ENSG00000104237",284.512088612118,-1.35898377436045,0.263887115091361,-5.14986786637899,2.6067003403949e-07,5.85289110185542e-07
"CA2","ENSG00000104267",1424.68245064015,-1.4686881537363,0.21716864420196,-6.76289230949229,1.35263782083846e-11,4.32732854072279e-11
"CD37","ENSG00000104894",1632.20882464439,-1.1193973767717,0.137039650541449,-8.16841966794956,3.12455344379488e-16,1.3753415687533e-15
"RETN","ENSG00000104918",155.754122145535,-2.95830647048844,0.265217084614332,-11.1542831970659,6.8240557259682e-29,6.51910459715692e-28
"CLEC4M","ENSG00000104938",15.7291368669145,-4.48792834958267,0.291135213313777,-15.4152714764384,1.29226659291414e-53,4.18886343242984e-52
"NOVA2","ENSG00000104967",262.536279234168,-2.41163645765039,0.127412063638106,-18.9278502269634,6.7251387572764e-80,6.04687978813802e-78
"LILRA1","ENSG00000104974",71.5069659889714,-1.65459418729762,0.133788607945696,-12.3672277685198,3.93157822286207e-35,5.20323440396975e-34
"CLC","ENSG00000105205",22.6116781702997,-1.16838931094263,0.380516134004594,-3.07053816259083,0.00213673377953385,0.0032809214380159
"PRX","ENSG00000105227",1111.36659760313,-3.34758661587188,0.156192061452846,-21.4325016568305,6.65089014767387e-102,1.95089143298899e-99
"DENND3","ENSG00000105339",2618.72264459974,-1.72882099901666,0.102951519579172,-16.7925738841296,2.76585166937211e-63,1.30924296084855e-61
"NKG7","ENSG00000105374",602.903539490944,-1.07646882441102,0.182869045077701,-5.88655572600397,3.94326839699885e-09,1.03546964231729e-08
"CD33","ENSG00000105383",319.124764567062,-1.44064236652684,0.138841210213254,-10.3761870435592,3.18232500423397e-25,2.46819858260765e-24
"CCDC114","ENSG00000105479",294.826224158343,-1.07492085739094,0.224395536721481,-4.79029517741758,1.6653614270042e-06,3.48722200273682e-06
"SIGLEC6","ENSG00000105492",120.712966555117,-1.34228306096376,0.208226586210036,-6.44626166809372,1.14642664732881e-10,3.42349539397074e-10
"SIGLEC5","ENSG00000105501",5.74357278839556,-1.60527638171554,0.179756813633756,-8.93026722751218,4.24980970144695e-19,2.2611312812367e-18
"HAS1","ENSG00000105509",75.3492569755142,-3.36290406600591,0.273376365015593,-12.301370917029,8.90497755529172e-35,1.15127719217366e-33
"CAPS","ENSG00000105519",1880.45641416177,-1.35680555225578,0.21365095763048,-6.35057089050097,2.14517325624082e-10,6.25241652938867e-10
"RASIP1","ENSG00000105538",670.356018311374,-2.31340931589398,0.128013295536084,-18.0716331550256,5.33119600477065e-73,3.69732907416129e-71
"MAG","ENSG00000105695",13.2298859969894,-2.10802004044058,0.308595011939745,-6.83102434867671,8.43104204369378e-12,2.73638010679871e-11
"RUNDC3B","ENSG00000105784",50.4027992246453,-1.08195126693566,0.192730976382048,-5.61379020252002,1.97942189227507e-08,4.90076047024738e-08
"CAV2","ENSG00000105971",5649.33110611708,-2.35338328102823,0.156075484669603,-15.078494140256,2.24327123757719e-51,6.60178491019222e-50
"CAV1","ENSG00000105974",12440.9404844669,-3.43231753808031,0.18108749729389,-18.9539177986978,4.09899168708305e-80,3.74200297229475e-78
"WNT2","ENSG00000105989",488.664426293261,-1.02105824474703,0.164712913182376,-6.19901758167847,5.68166854847827e-10,1.60249204504921e-09
"HOXA5","ENSG00000106004",294.312100227176,-1.61010012011552,0.135043789807199,-11.9228001703317,9.0030839319969e-33,1.053578684076e-31
"TSPAN12","ENSG00000106025",2265.40555585844,-1.29465043209149,0.123252154987861,-10.5040794801438,8.27259275009112e-26,6.60515404182866e-25
"CPED1","ENSG00000106034",665.335885061404,-1.94636421499666,0.151379130673726,-12.8575465213348,7.80137379275727e-38,1.17598973271951e-36
"COBL","ENSG00000106078",1625.78897981706,-1.11224361745939,0.16459871118025,-6.75730453467151,1.40582506663462e-11,4.48785511459292e-11
"CCL24","ENSG00000106178",167.196670447145,-2.45310284715298,0.229424533213427,-10.6924172964141,1.1045401882864e-26,9.2873766865642e-26
"PPP1R17","ENSG00000106341",3.37856794403065,-1.43799444147248,0.329655474932967,-4.36211302653138,1.28812290061571e-05,2.49252547428538e-05
"MEOX2","ENSG00000106511",271.422804461278,-1.10486392640544,0.172923118700962,-6.3893361090491,1.66607494265481e-10,4.90394455484826e-10
"SLC1A1","ENSG00000106688",1240.26274482623,-2.18997123828063,0.176592478547021,-12.4012713129087,2.57210073339433e-35,3.43452227034513e-34
"OGN","ENSG00000106809",454.410981354151,-2.13568743171472,0.255884049207859,-8.34630934724606,7.04291874543276e-17,3.23208374229362e-16
"ECM2","ENSG00000106823",622.2549801582,-1.22668408238651,0.136977175392517,-8.95539040625831,3.38535519966369e-19,1.81088671412802e-18
"LHX6","ENSG00000106852",169.801499374493,-1.4322863611116,0.144689031296682,-9.89906662775786,4.20178073660847e-23,2.90728780820322e-22
"ENG","ENSG00000106991",6715.90617703048,-1.60863244969674,0.113842305210385,-14.130357310702,2.46888432342734e-45,5.41369450969184e-44
"AK1","ENSG00000106992",566.273920821173,-1.12134846807559,0.146832332400912,-7.63693152414037,2.22459735227154e-14,8.6494394663613e-14
"DOCK8","ENSG00000107099",2590.04132266711,-1.0340464246384,0.122865170431474,-8.41610703022727,3.89201745895191e-17,1.81732433175956e-16
"TYRP1","ENSG00000107165",126.5906502403,-1.08642022663241,0.226459534041823,-4.79741438676531,1.60726870083589e-06,3.37149576366431e-06
"PIP5K1B","ENSG00000107242",530.14440249296,-2.23032230679135,0.179154222621112,-12.449175208715,1.41297779837206e-35,1.91243659200236e-34
"SH3GL2","ENSG00000107295",51.1745124220472,-2.21894710166218,0.33282769064701,-6.66695459548032,2.61165844922843e-11,8.19544100877663e-11
"PTGDS","ENSG00000107317",107.06269742675,-1.47002007941971,0.175985604030826,-8.35307005658381,6.65111743451862e-17,3.05463152607396e-16
"PDLIM1","ENSG00000107438",7242.63583290834,-1.07780591557142,0.0880871835009317,-12.2356723502235,2.0043819395353e-34,2.54718792926883e-33
"CXCL12","ENSG00000107562",2001.75264247677,-1.26430190819476,0.147221702255102,-8.58774140516326,8.869562209345e-18,4.33970677089992e-17
"PKD2L1","ENSG00000107593",56.667424507499,-1.17873558567288,0.19858434840924,-5.93569228952402,2.9260814929515e-09,7.76455229918154e-09
"PALD1","ENSG00000107719",879.109986286727,-1.25519472151784,0.113232501494751,-11.0851098840736,1.48168382927059e-28,1.38659878436917e-27
"CDH23","ENSG00000107736",293.220828691506,-1.19708771991083,0.156438740118635,-7.65211813265069,1.97695490862517e-14,7.72350527948257e-14
"VSIR","ENSG00000107738",2745.29308086784,-1.59999052210254,0.0989515156854355,-16.169439255371,8.28489777094065e-59,3.29425946256536e-57
"SPOCK2","ENSG00000107742",6222.68489738457,-3.20472159578854,0.156325488309271,-20.5003139951714,2.13908821557446e-93,4.16029406970367e-91
"LIPA","ENSG00000107798",8249.82087557116,-1.25545321585006,0.121558636991353,-10.327963910449,5.26666193032471e-25,4.02719580851709e-24
"MAP3K8","ENSG00000107968",1034.55645265528,-1.12898749983183,0.107830779769317,-10.4699929115517,1.18651889914598e-25,9.36910091015842e-25
"CSF3","ENSG00000108342",437.229502370771,-4.66399981120654,0.316195762136181,-14.7503552220217,3.06049584549069e-49,8.17335106915893e-48
"RGS9","ENSG00000108370",262.12853527981,-1.08213618714987,0.132371613779462,-8.1749867381142,2.95898419963979e-16,1.3047093219358e-15
"ASPA","ENSG00000108381",82.0309478435261,-2.60285042252277,0.175934042739362,-14.7944671877903,1.59038718689381e-49,4.3181787458408e-48
"SEPTIN4","ENSG00000108387",412.811172272785,-1.48228020527273,0.104012341974266,-14.2510030746107,4.41888147296961e-46,1.00594206356037e-44
"P2RX1","ENSG00000108405",202.505173021883,-1.19049552044218,0.150302020448665,-7.92068873650829,2.36198548572742e-15,9.8331796873245e-15
"SLC6A4","ENSG00000108576",1082.89694979364,-6.14669276251818,0.311047623325082,-19.7612593750448,6.41832826832005e-87,8.57038415709333e-85
"ICAM2","ENSG00000108622",371.463194188534,-1.40251725867086,0.108725056701337,-12.899669139962,4.52033775156583e-38,6.87775539020131e-37
"CCL2","ENSG00000108691",2468.92712917866,-1.51244765403125,0.158961319466078,-9.51456404055583,1.82476401219194e-21,1.13251829587757e-20
"SGCA","ENSG00000108823",245.610096988337,-2.0029753108493,0.175088972382666,-11.4397570766005,2.64625429590382e-30,2.74648654968718e-29
"CACNG1","ENSG00000108878",3.92402008926809,-1.21400305447754,0.299995446493004,-4.04673827109522,5.19362560998467e-05,9.51075049017048e-05
"HLF","ENSG00000108924",1176.1023065817,-1.35762273520898,0.22204824885784,-6.11408890721832,9.7110157430111e-10,2.69049821659535e-09
"SLC16A6","ENSG00000108932",221.199474637223,-1.22387377556908,0.163620662755972,-7.47994632801601,7.43529711536294e-14,2.78267666356806e-13
"MYH1","ENSG00000109061",15.0530484797882,-1.11161046873708,0.330406931870495,-3.36436787946319,0.000767192066217811,0.00123837326484757
"PMP22","ENSG00000109099",3467.30601826076,-1.173556679774,0.106617556471895,-11.0071616590028,3.52948257272839e-28,3.23529875378223e-27
"GABRA4","ENSG00000109158",2.04741990380508,-2.14903027550913,0.484930479956422,-4.43162548929126,9.35253569864957e-06,1.83351507895187e-05
"CWH43","ENSG00000109182",41.2306582313138,-2.28546141382989,0.377184589454547,-6.05926508592233,1.36744875121231e-09,3.73211722169644e-09
"ODAM","ENSG00000109205",30.3376775787058,-3.13576037611399,0.313735563287208,-9.99491528234357,1.60424351754274e-23,1.13367809081328e-22
"UCP1","ENSG00000109424",1.80143982977042,-1.11472809733254,0.296772465869052,-3.75617089027525,0.000172532903376044,0.000298562015484289
"GAB1","ENSG00000109458",1308.95261311955,-1.32052741022679,0.104501199689455,-12.6364808648225,1.32868852076616e-36,1.89436045434812e-35
"WFS1","ENSG00000109501",2824.15815970622,-1.74846781556986,0.106706470070101,-16.3857713072244,2.41683728741531e-60,1.00802959402616e-58
"SOD3","ENSG00000109610",2027.14880522919,-1.06961740858676,0.159716164653304,-6.69698906750345,2.12757531330947e-11,6.71168989440168e-11
"SLC2A9","ENSG00000109667",230.354665406588,-1.09798651966881,0.110213066437205,-9.96239878957,2.22625202467785e-23,1.56335665139564e-22
"BST1","ENSG00000109743",326.4927801965,-1.18325062491531,0.137792994382935,-8.58716098168959,8.91446882059603e-18,4.35929463260248e-17
"SNX25","ENSG00000109762",1871.07249105214,-1.20392117656409,0.12526355413556,-9.61110504066657,7.17745056006244e-22,4.58337340725186e-21
"LRP2BP","ENSG00000109771",280.14236099936,-1.55711536272273,0.1688771781095,-9.22040136005294,2.95990196223133e-20,1.69639736739927e-19
"CRYAB","ENSG00000109846",643.700200556507,-1.95903062641012,0.160369492419413,-12.2157312893819,2.56187436843737e-34,3.24184003355374e-33
"ZBTB16","ENSG00000109906",1562.20176136641,-2.35987223408144,0.256295103212334,-9.20763683934432,3.3338345481367e-20,1.90643341546213e-19
"CRTAM","ENSG00000109943",118.250588775237,-1.05646509998813,0.161144997065349,-6.55599068682042,5.52736808133405e-11,1.68975221389561e-10
"LPXN","ENSG00000110031",1262.4091143873,-1.09358594667702,0.102989224618916,-10.6184501410079,2.44588198523973e-26,2.01585289552715e-25
"MS4A4A","ENSG00000110079",1221.86773968662,-1.18707659666714,0.145623232447812,-8.15169788991299,3.588498645777e-16,1.57375015364921e-15
"FOLR3","ENSG00000110203",48.9270490934135,-3.29547311517908,0.305460868423483,-10.7885279452893,3.89986031648093e-27,3.3661457135935e-26
"GALNT18","ENSG00000110328",1537.21725578538,-1.4201494496813,0.116228151051043,-12.2186358196271,2.47197970370325e-34,3.132516489969e-33
"SLC15A3","ENSG00000110446",2362.08056553407,-1.37348729980947,0.124462346595033,-11.0353640067419,2.58004640496465e-28,2.38364741804051e-27
"C11orf21","ENSG00000110665",110.486943459817,-1.29651665106159,0.167417895384259,-7.74419394107069,9.61900941495238e-15,3.84094924038703e-14
"ELMOD1","ENSG00000110675",20.1902348653855,-1.63486081777389,0.215280859875293,-7.59408346250999,3.09978564519438e-14,1.19227137896524e-13
"HPS5","ENSG00000110756",1605.7197187367,-1.11518802540729,0.0697751516284844,-15.9825955140172,1.68961678228102e-57,6.4461221930393e-56
"PTPN5","ENSG00000110786",22.5320609667391,-3.41796669882905,0.23585907859475,-14.491563009545,1.36989731640957e-47,3.31685692591562e-46
"VWF","ENSG00000110799",13084.2556761718,-2.3127438650839,0.145755892347176,-15.8672409591179,1.06835080897289e-56,3.94144351029937e-55
"PPFIBP1","ENSG00000110841",2438.54094455826,-1.11132024456278,0.106522923703495,-10.4326862793977,1.75845399735707e-25,1.37577688564539e-24
"CD69","ENSG00000110848",620.991699615571,-1.14216194594775,0.167753670227419,-6.80856606236603,9.85763208957705e-12,3.17978386477019e-11
"SELPLG","ENSG00000110876",2068.58180344068,-1.4613531475674,0.123920066574552,-11.7927078960068,4.25631886563174e-32,4.82319907933811e-31
"DAO","ENSG00000110887",3.51582867217811,-2.45039024649102,0.218003963655186,-11.2401178648603,2.59036269411765e-29,2.53136863385292e-28
"LIN7A","ENSG00000111052",295.902412930292,-2.50140293141154,0.184882647908093,-13.5296792842074,1.04478456519644e-41,1.9332295992823e-40
"ACSS3","ENSG00000111058",653.903226639595,-1.61077733572688,0.175151514029133,-9.19647965737228,3.6986858564355e-20,2.10766197545224e-19
"TNS2","ENSG00000111077",3957.69809445881,-1.40457587318837,0.115358256930867,-12.1757723335757,4.18414547568578e-34,5.23179000673973e-33
"SLC6A12","ENSG00000111181",156.041901243801,-1.0689307479432,0.163552816528813,-6.53569147037516,6.33163211733446e-11,1.92673288223581e-10
"ALDH2","ENSG00000111275",10091.445822257,-1.19519436724081,0.127755736035089,-9.35530884431317,8.33558292811351e-21,4.94688508566285e-20
"ART4","ENSG00000111339",88.5244316102268,-2.21126659925962,0.216117214693332,-10.2317929758505,1.42849762556e-24,1.0694605863659e-23
"ENDOU","ENSG00000111405",10.7785804981944,-1.58093988377112,0.178620064706903,-8.85085270999805,8.68531200865085e-19,4.52683622985114e-18
"SPRING1","ENSG00000111412",4938.30758762382,-1.0491810548925,0.096125374103738,-10.9147149197071,9.80363892245608e-28,8.74023474038399e-27
"ADGRD1","ENSG00000111452",1899.33414250758,-1.27791159765058,0.197571546079399,-6.46809534575904,9.92458731741618e-11,2.97305610029345e-10
"RSPH4A","ENSG00000111834",263.018428169431,-1.77310810015926,0.258028361661168,-6.87175661134348,6.3416087959072e-12,2.07517202240614e-11
"NEDD9","ENSG00000111859",7837.12026644516,-1.57979131453354,0.147704983284169,-10.6955857507812,1.06743049991065e-26,8.99224761530195e-26
"ADTRP","ENSG00000111863",225.892960049053,-2.09197216527386,0.18679525229593,-11.1992791013749,4.11064839152325e-29,3.97148119165905e-28
"FAM184A","ENSG00000111879",599.72302969857,-1.24739815144593,0.175255497126034,-7.11759786084697,1.09824240764027e-12,3.8119983316988e-12
"SERINC1","ENSG00000111897",9697.53555580669,-1.16758746066003,0.0645831670342201,-18.0788201365437,4.67988747988501e-73,3.25825784737675e-71
"SASH1","ENSG00000111961",1962.02281799998,-1.83906063290571,0.100883531501095,-18.2295425778761,3.00826608073002e-74,2.24278770760426e-72
"UST","ENSG00000111962",516.929665643166,-1.04361658538026,0.16204000505495,-6.44048724280373,1.19090565838621e-10,3.55266337871031e-10
"PHACTR1","ENSG00000112137",395.886771904479,-2.17452750071827,0.148826462163853,-14.6111616785205,2.38417715711728e-48,6.0339578320084e-47
"MDGA1","ENSG00000112139",358.5378942168,-1.87214588290505,0.149791350266448,-12.4983577461242,7.62093633622291e-36,1.04411496067409e-34
"CD83","ENSG00000112149",1526.86527028052,-1.69729040832528,0.122320304719365,-13.8757862990885,8.88137759094887e-44,1.803796699601e-42
"RBM24","ENSG00000112183",43.6102067336634,-1.08703144594331,0.240207613045445,-4.52538298916301,6.02862297017458e-06,1.20109287167725e-05
"FHL5","ENSG00000112214",166.82518531849,-2.74714301947154,0.171853384673909,-15.9853879205477,1.61558090530142e-57,6.20334530870348e-56
"KHDRBS2","ENSG00000112232",122.610648183191,-1.70138822679808,0.24838764821623,-6.84972960216188,7.39897071125492e-12,2.41103228804379e-11
"EYA4","ENSG00000112319",170.950835746642,-1.36452016746282,0.258435418565676,-5.27992708985459,1.29235302009787e-07,2.97913844223282e-07
"SOBP","ENSG00000112320",249.003440563778,-1.41548425433973,0.16151060756031,-8.76403275129264,1.88387064278881e-18,9.61989081376147e-18
"PHACTR2","ENSG00000112419",2074.67176597159,-1.44493054552398,0.116727785722183,-12.3786340722935,3.41098570478781e-35,4.52429705083531e-34
"EPM2A","ENSG00000112425",227.708502641151,-1.1384127762704,0.0890066520530399,-12.7901988223533,1.85997456689943e-37,2.75729286872672e-36
"PACRG","ENSG00000112530",84.7514190609627,-2.04431853997474,0.253209627373151,-8.07362090131769,6.82435378286011e-16,2.94449390491237e-15
"QKI","ENSG00000112531",5528.12598277461,-1.32128605127568,0.0908689031109144,-14.5405744544195,6.70277973807628e-48,1.65653090957733e-46
"C6orf118","ENSG00000112539",84.2836942085717,-1.9660629882579,0.348936323196479,-5.63444633750798,1.75621634368394e-08,4.36990391288232e-08
"CLIC5","ENSG00000112782",3415.82532261739,-3.62883307200226,0.208876049717124,-17.3731410418605,1.31808969815804e-67,7.43993027417723e-66
"LY86","ENSG00000112799",528.954854674745,-1.39975065729161,0.14614422632511,-9.57787175374104,9.90651832267675e-22,6.24585385298291e-21
"SEMA5A","ENSG00000112902",1519.85432802749,-2.49933953551221,0.168765088428379,-14.8095767838435,1.27037643273923e-49,3.46506791326267e-48
"C7","ENSG00000112936",5224.02061778904,-1.79565259526805,0.224841509098066,-7.98630378559178,1.39044795686718e-15,5.87191061888704e-15
"GHR","ENSG00000112964",145.950124087428,-2.00633379798567,0.16978686907691,-11.8167783462504,3.19711361026366e-32,3.63905558705138e-31
"HBEGF","ENSG00000113070",1801.12161841871,-2.57802323816227,0.151850318735028,-16.9773976086333,1.20721623127758e-64,5.98486773793359e-63
"PDE8B","ENSG00000113231",107.19537328241,-1.35401613703964,0.12703413050174,-10.658679928707,1.58835853593307e-26,1.32188368760235e-25
"BTNL8","ENSG00000113303",44.1642341294188,-1.34882568712052,0.306407515856814,-4.40206462739261,1.07225604722512e-05,2.08928209223556e-05
"NPR3","ENSG00000113389",1188.4343116368,-1.76620043117848,0.16432145556009,-10.7484468486381,6.02678683933e-27,5.15721171287096e-26
"SLC27A6","ENSG00000113396",28.4858317396798,-2.45726469229443,0.349187714324613,-7.03708805175803,1.96298818195217e-12,6.68514418341647e-12
"PCDH12","ENSG00000113555",1058.16979073351,-1.7057183897308,0.111001405387521,-15.3666377806291,2.74025364916921e-53,8.75559974010441e-52
"LIFR","ENSG00000113594",3940.0922712805,-1.58616448865465,0.150343209372048,-10.5502902011985,5.0640440021534e-26,4.08894130552937e-25
"ARL6","ENSG00000113966",388.492028881559,-1.00196090183337,0.0901099108300396,-11.1193196464616,1.01039543018698e-28,9.57067518916652e-28
"RBP2","ENSG00000114113",35.5293457855003,-2.83533433987319,0.284881053638277,-9.95269535710617,2.45443746955179e-23,1.72089536217438e-22
"KAT2B","ENSG00000114166",1190.91733163887,-1.11104357113883,0.0990025469610948,-11.2223736180791,3.16655323172425e-29,3.07762829849223e-28
"BCHE","ENSG00000114200",199.857319792655,-2.43228231146851,0.213529694807529,-11.3908387011976,4.64497018471308e-30,4.75471690589651e-29
"HYAL1","ENSG00000114378",1101.9904435526,-1.8911951326463,0.203798650833241,-9.27972351590185,1.69918911559334e-20,9.90667671727328e-20
"FRMD4B","ENSG00000114541",1677.28614658914,-1.10086663722029,0.0949512632705002,-11.5940178076842,4.41906016936755e-31,4.75467490141272e-30
"EFCC1","ENSG00000114654",290.556318673617,-2.57776610543436,0.149022456248207,-17.2978366504771,4.88386755300137e-67,2.68883206541088e-65
"PLSCR4","ENSG00000114698",1266.4984211359,-1.42194251944835,0.109751583093905,-12.9560091924297,2.17259908861357e-38,3.35992355164759e-37
"AADAC","ENSG00000114771",275.949167156056,-1.35728076062605,0.317062005378889,-4.28080545003839,1.86218101266954e-05,3.55299689269526e-05
"ARHGEF26","ENSG00000114790",1127.90782946712,-2.66361691105063,0.139399359927326,-19.1078130662815,2.17390126905501e-81,2.10257380579466e-79
"VIPR1","ENSG00000114812",1165.37198625084,-3.20050582659525,0.176562029266187,-18.126806991837,1.95803635479147e-73,1.40140577985135e-71
"ZBTB47","ENSG00000114853",658.979548917707,-1.09228720031027,0.08762800233266,-12.4650473733687,1.15802948499725e-35,1.57571266730462e-34
"TNNC1","ENSG00000114854",634.43829040801,-3.56905159841304,0.204575448894912,-17.446138418332,3.68306337464793e-68,2.1258404181476e-66
"IL1A","ENSG00000115008",102.624631032037,-1.30751125543063,0.25973531074845,-5.03401424959479,4.80313944972243e-07,1.05283075062947e-06
"SPTBN1","ENSG00000115306",21650.8143917247,-1.739214622972,0.0956863488902538,-18.1762042667838,7.96603736546643e-74,5.8178084318486e-72
"ACADL","ENSG00000115361",301.328381336036,-3.10169875113543,0.233455675602843,-13.2860284639731,2.78998481735942e-40,4.8001152247127e-39
"EFEMP1","ENSG00000115380",6327.75855940999,-1.60382031806325,0.147748692913078,-10.8550558819955,1.88691346817103e-27,1.65098008244422e-26
"DNAH6","ENSG00000115423",232.376639768914,-1.25743112993987,0.23763981103461,-5.29133197196801,1.21428722196188e-07,2.81149602258851e-07
"IL1RL1","ENSG00000115602",585.209453438137,-2.87194816022686,0.276672885721065,-10.3803021851671,3.04808840989116e-25,2.36511040408424e-24
"IL18R1","ENSG00000115604",297.436560614763,-1.46889248155557,0.15011331110802,-9.78522471267433,1.30305510018033e-22,8.76195599681573e-22
"SLC5A7","ENSG00000115665",25.3747758822519,-1.37115262847943,0.401367371724355,-3.4162035209506,0.000635007687180073,0.00103330234146172
"HPCAL1","ENSG00000115756",4112.52327651698,-1.09754706109809,0.0999258811452168,-10.9836115380668,4.58230310887903e-28,4.16621694751893e-27
"PLCL1","ENSG00000115896",248.945348727755,-1.73812753108976,0.119035284269835,-14.6017841831645,2.73590510945646e-48,6.90459099062121e-47
"PCYOX1","ENSG00000116005",6606.1652914517,-1.12716252257426,0.0835451057739136,-13.4916643187279,1.75102636930666e-41,3.20359047300655e-40
"EPAS1","ENSG00000116016",26930.0789178205,-2.71632671710257,0.110715057929642,-24.5343927727406,6.34762845282139e-133,2.83945289765833e-129
"GRIN3B","ENSG00000116032",85.6539951803803,-1.20475578469612,0.230249432245478,-5.2323941603108,1.67328465734613e-07,3.81548137809282e-07
"PARD3B","ENSG00000116117",845.356064902442,-1.12368031410238,0.114380996325221,-9.82401229403007,8.87396321833401e-23,6.02130541773418e-22
"DHCR24","ENSG00000116133",29904.751583722,-1.00875905155649,0.108142921774857,-9.32801735888575,1.07869749475823e-20,6.35532903316068e-20
"TNR","ENSG00000116147",66.2442885743194,-3.81120657743692,0.255775324892271,-14.9006030157215,3.26618351543779e-50,9.18896566693841e-49
"ANGPTL1","ENSG00000116194",188.138943468795,-2.24612402967123,0.199674391507207,-11.2489338904041,2.34408183717218e-29,2.30074911204179e-28
"C1orf21","ENSG00000116667",2124.50047720777,-1.07886398187126,0.132438435684127,-8.14615467404349,3.75679541618363e-16,1.64594369201209e-15
"LEPR","ENSG00000116678",1253.5296633159,-1.82672586213851,0.172879413345862,-10.5664742075679,4.2621851691808e-26,3.46493772067933e-25
"PRG4","ENSG00000116690",584.576054903672,-3.09151772258777,0.266416030183351,-11.604097998383,3.92807599595868e-31,4.23914739419111e-30
"NCF2","ENSG00000116701",2439.69060881485,-1.66877425373087,0.131587948108745,-12.6818168207303,7.45828084696593e-37,1.07970080254661e-35
"NR5A2","ENSG00000116833",214.266076760686,-1.15267335428364,0.149600453816264,-7.7050124172707,1.30830569000986e-14,5.1722301615878e-14
"KMO","ENSG00000117009",193.897898364342,-1.26671230687344,0.14385345682862,-8.80557433098421,1.30184225299516e-18,6.72261570933401e-18
"ST6GALNAC5","ENSG00000117069",529.517495065555,-2.16103827663218,0.165317608356873,-13.0720393194119,4.75728376387536e-39,7.61378160885705e-38
"ADGRL2","ENSG00000117114",2317.22287580397,-1.873378697984,0.140152582355066,-13.3667083867063,9.46369628878469e-41,1.6716082694494e-39
"KIF17","ENSG00000117245",120.222806945792,-1.99965612127669,0.128944386453464,-15.5078958943154,3.06767853323429e-54,1.02983061904617e-52
"ID3","ENSG00000117318",2253.61342195417,-1.14918000356225,0.128886564774365,-8.91621252823415,4.82507095871665e-19,2.56034978245306e-18
"CCDC181","ENSG00000117477",106.95742270995,-1.1071149519525,0.209501388647886,-5.28452321532461,1.26032566594698e-07,2.91130998461003e-07
"MROH9","ENSG00000117501",33.7073775238175,-2.22989094513757,0.319391986447921,-6.98167468112468,2.9168193518037e-12,9.7937040085989e-12
"PLPPR5","ENSG00000117598",5.0674315741923,-2.42781182443598,0.301264991931342,-8.05872533968128,7.70941003366223e-16,3.31916443051776e-15
"STX12","ENSG00000117758",3296.7389762026,-1.03270359420262,0.0569022898297954,-18.1487176929367,1.3143342202052e-73,9.52120736928404e-72
"MTARC2","ENSG00000117791",912.81310687452,-1.46925930873195,0.122706603706428,-11.9737590671738,4.87679784406569e-33,5.77501944565635e-32
"SLC5A9","ENSG00000117834",146.808165968297,-2.4809074281853,0.225357839170298,-11.0087469658002,3.46793239653947e-28,3.18377190206674e-27
"APOA1","ENSG00000118137",14.8712721530689,-1.55511220027372,0.268640916300677,-5.7888136389959,7.08852897761859e-09,1.81816297300071e-08
"CFAP94","ENSG00000118307",119.076343339918,-1.12711338030588,0.210496386214565,-5.35454978859818,8.57697022150329e-08,2.01639374817183e-07
"FILIP1","ENSG00000118407",367.511167897001,-1.79675244701951,0.173007223148518,-10.385418679757,2.88898941115298e-25,2.2436062297639e-24
"CNR1","ENSG00000118432",315.520885743066,-1.51279935141548,0.207941091628215,-7.2751342198408,3.46076188066115e-13,1.241696657924e-12
"ADGB","ENSG00000118492",56.1532019166937,-1.99889799429598,0.337470712007516,-5.92317473242378,3.15784994645393e-09,8.36591784007998e-09
"PLAGL1","ENSG00000118495",858.549356693114,-1.17481931241058,0.139191685612737,-8.44029804825553,3.16529497651444e-17,1.48965341964158e-16
"TNFAIP3","ENSG00000118503",3211.1079887784,-1.13000925343292,0.132498289256683,-8.52848183755643,1.48280772992662e-17,7.13990277491307e-17
"AKAP7","ENSG00000118507",280.558392332964,-1.090181099319,0.105765313896603,-10.3075484689127,6.51418060761094e-25,4.95992483455245e-24
"SGK1","ENSG00000118515",5787.81116737726,-1.19275892416327,0.129623901953038,-9.20168970530911,3.5236458327392e-20,2.01240328391964e-19
"ARG1","ENSG00000118520",13.8050119060652,-1.19921863299759,0.204706264501379,-5.85824100653996,4.67795444883271e-09,1.21767004586796e-08
"CCN2","ENSG00000118523",10497.266115893,-1.60482472355904,0.147094054732376,-10.9101943411572,1.03035842495244e-27,9.17224044660403e-27
"TCF21","ENSG00000118526",281.349964596992,-3.08540845056529,0.200827222976807,-15.3634970639494,2.87631661535083e-53,9.15763935915879e-52
"CASQ2","ENSG00000118729",69.3378823708342,-2.73768224654215,0.218258921470129,-12.5432776268751,4.32720725653266e-36,6.01139126095799e-35
"ABCG2","ENSG00000118777",293.14283606578,-2.03583955877277,0.139586852084102,-14.5847515605994,3.51198141737302e-48,8.82582633441791e-47
"PCDH17","ENSG00000118946",1152.89063603685,-1.68046550305309,0.126602130261185,-13.2735957885245,3.29387811374905e-40,5.63454694926499e-39
"CCND2","ENSG00000118971",2090.54951518825,-1.23207422303786,0.143685383506541,-8.57480554368128,9.92543492039588e-18,4.84308172976939e-17
"KLF9","ENSG00000119138",3146.02282058243,-1.66331516661035,0.115706562971705,-14.3752880034739,7.39617423445697e-47,1.73902425199919e-45
"ECRG4","ENSG00000119147",157.442527663194,-2.52271494336974,0.278531111204286,-9.05721063784318,1.33828997229133e-19,7.33191135156424e-19
"C1orf198","ENSG00000119280",5717.55039480586,-1.22599538615268,0.0865019033404067,-14.1730452025787,1.34537530474751e-45,2.98299880146805e-44
"CTNNAL1","ENSG00000119326",1958.23809134118,-1.39426320798553,0.100194620140084,-13.9155496176959,5.09666366838976e-44,1.04821382779883e-42
"SLC46A2","ENSG00000119457",290.84875919566,-1.93627698592377,0.25535096696563,-7.58280655418231,3.38158859159466e-14,1.29814985345212e-13
"NR4A3","ENSG00000119508",923.393670259287,-2.2594384044561,0.215276595598178,-10.4955134494668,9.05838826980114e-26,7.2132506146663e-25
"CSF3R","ENSG00000119535",3183.9402868565,-1.10199040194997,0.193794900830769,-5.68637460132288,1.29764589656947e-08,3.2624389528337e-08
"VSX2","ENSG00000119614",1.51564998008144,-1.14382648301791,0.323667948236001,-3.53395042435246,0.000409397860802221,0.000680099890756117
"FLVCR2","ENSG00000119686",741.396958314106,-1.2726779882692,0.113183404816929,-11.2443868456487,2.46805650436141e-29,2.41977726205691e-28
"PPP4R4","ENSG00000119698",101.696848310662,-1.70850004357599,0.224158249023953,-7.62184773933269,2.50069910031306e-14,9.69135997442095e-14
"LGALSL","ENSG00000119862",1188.85484172005,-1.83204169746447,0.125656697845807,-14.5797377208859,3.77966013153173e-48,9.48519757833062e-47
"CNRIP1","ENSG00000119865",398.588908447179,-1.46153752254187,0.10832955251051,-13.4915864477524,1.7528769838762e-41,3.20370049770141e-40
"CFAP58","ENSG00000120051",70.4655851070522,-1.85093188070528,0.226107331104703,-8.18607637205788,2.69880504965564e-16,1.19322260324903e-15
"SFRP5","ENSG00000120057",97.2974148813893,-2.61161147484978,0.30943395509472,-8.43996410817406,3.17435123031715e-17,1.49352265485314e-16
"DUSP1","ENSG00000120129",17779.8683454372,-1.57732530492285,0.162329448290284,-9.71681553492506,2.55651783617588e-22,1.68485354116741e-21
"TEK","ENSG00000120156",940.452537960331,-3.24419019297143,0.141517909928013,-22.9242376079584,2.66353933038263e-116,2.50835311781771e-113
"MOB3B","ENSG00000120162",802.812881700913,-1.03744552762853,0.124361084919688,-8.34220390002636,7.29185797390632e-17,3.34289558614158e-16
"CCDC170","ENSG00000120262",467.202978492558,-1.59938206956236,0.207200942382818,-7.71899032489628,1.17254802498033e-14,4.65403766880503e-14
"MYCT1","ENSG00000120279",503.383223638069,-2.25128851933741,0.115009277035476,-19.5748428071847,2.53417442199301e-85,3.00291277700139e-83
"ARAP3","ENSG00000120318",1025.18476929788,-1.34946232681217,0.0956119300774839,-14.1139534127024,3.11607737374733e-45,6.79122685121327e-44
"KCNJ5","ENSG00000120457",470.879820902535,-1.79281708935951,0.193883019762563,-9.24690100017564,2.31095647035934e-20,1.3351612568337e-19
"IQSEC3","ENSG00000120645",115.635776962172,-2.58116604533633,0.178047649507742,-14.4970520670878,1.26465646401878e-47,3.07452419982174e-46
"SMAD9","ENSG00000120693",510.148378182616,-1.405352450759,0.178171277851455,-7.8876487147983,3.07933095369651e-15,1.26954997130165e-14
"EGR1","ENSG00000120738",12975.6189764201,-1.87539392893218,0.172642128910937,-10.8628985332987,1.73163971158205e-27,1.52181873081226e-26
"SOCS2","ENSG00000120833",1345.81909797802,-1.94626414824225,0.173103877451799,-11.2433307496777,2.49776939276932e-29,2.44756778449187e-28
"SORBS3","ENSG00000120896",3082.05696315114,-1.164292087926,0.105621569115582,-11.0232417268097,2.95231441430878e-28,2.71737457897258e-27
"CHRNA2","ENSG00000120903",8.18808038224244,-3.60225373331461,0.312091502602552,-11.5422999449686,8.07371530943289e-31,8.57347109980313e-30
"ADRA1A","ENSG00000120907",32.1586263877214,-3.40678965833144,0.298842511086484,-11.3999499132355,4.18359704279894e-30,4.29226501644504e-29
"PDLIM2","ENSG00000120913",968.458039611334,-1.97673152190229,0.104592191136095,-18.899417828719,1.15317894218176e-79,1.01644486760878e-77
"TBX2","ENSG00000121068",1464.13215365006,-1.89865502884194,0.1334692694743,-14.2254096116675,6.3730095787977e-46,1.43980126759378e-44
"TBX4","ENSG00000121075",603.833392650166,-2.18049307427667,0.165359097127254,-13.1864113445095,1.0506906734579e-39,1.73913119520649e-38
"PLBD1","ENSG00000121316",1906.37164226691,-1.08875331472837,0.157008515167555,-6.93435839175017,4.08068932498547e-12,1.35389901894984e-11
"KCNJ8","ENSG00000121361",599.796525418365,-1.20009751468353,0.162676348641908,-7.37720956182296,1.61641479821646e-13,5.93525753837209e-13
"PDZRN3","ENSG00000121440",536.568214213614,-1.07857502326868,0.134362407044679,-8.0273571082276,9.95948641698852e-16,4.2483277836655e-15
"CSTA","ENSG00000121552",474.461057239814,-1.00769397975068,0.18826053769414,-5.35265644140382,8.66723132602484e-08,2.03707828867152e-07
"CRY2","ENSG00000121671",2452.61110162995,-1.16142253511942,0.0982432686277119,-11.821904455567,3.00787383710808e-32,3.43239072496013e-31
"CAT","ENSG00000121691",5581.19566861977,-1.90201976439325,0.10105297463318,-18.8220066880519,4.98599649815897e-79,4.30987610345693e-77
"CCRL2","ENSG00000121797",430.810647168819,-1.53792953422226,0.138940606823638,-11.0689709033329,1.77426356936259e-28,1.65176368608766e-27
"UBL3","ENSG00000122042",3826.09791146331,-1.07963013086579,0.0934765741504744,-11.5497400356997,7.40440625751515e-31,7.87675631187388e-30
"CD244","ENSG00000122223",110.652015261471,-1.34194326778484,0.14913352008495,-8.99826723744222,2.2930808390473e-19,1.23659118303416e-18
"LDB3","ENSG00000122367",85.7875094351061,-1.55198407384907,0.166008524584938,-9.34882156039522,8.86296715908626e-21,5.25464119872533e-20
"PTGFR","ENSG00000122420",206.662367135128,-1.20553545337573,0.25500999987459,-4.72740462714637,2.27407817706281e-06,4.70786541966734e-06
"RAMP3","ENSG00000122679",1092.07805172365,-3.22047356235234,0.142084017057813,-22.6659805165979,9.7062558655874e-114,7.23641817512313e-111
"GLIPR2","ENSG00000122694",2187.72159274279,-2.20845116230044,0.126390817317355,-17.4731931415179,2.29294924227121e-68,1.34077584287447e-66
"RECK","ENSG00000122707",595.645247654351,-1.55926775298203,0.106044153088786,-14.7039483796578,6.08082426570652e-49,1.61191390498203e-47
"PHF24","ENSG00000122733",18.5061956895637,-1.15665371882378,0.149665269557341,-7.72827070866051,1.09017325958829e-14,4.33477114084741e-14
"DNAI1","ENSG00000122735",160.747844675506,-1.73074957638074,0.297686300575677,-5.81400478635985,6.09956688818054e-09,1.57488528615028e-08
"CNTFR","ENSG00000122756",35.9503232375253,-2.43067230700584,0.280124767644901,-8.67710601758382,4.05966639066496e-18,2.02903940581475e-17
"SFTPA1","ENSG00000122852",190815.430916501,-2.8227366177471,0.324542875052978,-8.69757691425616,3.39045928636396e-18,1.70217418661364e-17
"SRGN","ENSG00000122862",8081.31382005855,-1.06175137149086,0.146406930754927,-7.25205675725926,4.10489790190207e-13,1.4642930254931e-12
"EGR2","ENSG00000122877",830.177998992574,-1.86283963016951,0.147154608353154,-12.6590641707864,9.96805079700045e-37,1.43490211513056e-35
"HVCN1","ENSG00000122986",304.796159004745,-1.1020273469391,0.104399155031559,-10.5559029343291,4.77030837453651e-26,3.86222297491321e-25
"RASSF8","ENSG00000123094",1368.70382120158,-1.27580110036669,0.149693913536223,-8.52273195501683,1.55833146122495e-17,7.49347617191564e-17
"BHLHE41","ENSG00000123095",1071.71950120441,-1.02012189838627,0.147565684290948,-6.91300218806258,4.74502626077095e-12,1.56676056253874e-11
"NECAB1","ENSG00000123119",196.150321788186,-3.17542466245171,0.185730010738148,-17.0969928329385,1.56261836767655e-65,8.03446277380358e-64
"ADGRE5","ENSG00000123146",5371.88589520189,-1.28708956440907,0.11451936865828,-11.2390557116122,2.62171616152714e-29,2.55921261746891e-28
"SPRYD7","ENSG00000123178",738.291916111026,-1.27933838255015,0.0764369578804834,-16.7371703168841,7.02492093245516e-63,3.25639663845648e-61
"ITIH5","ENSG00000123243",1140.83436865792,-2.08314038354648,0.19111694426747,-10.8998204818046,1.15484907956073e-27,1.02498584229068e-26
"NCKAP1L","ENSG00000123338",2606.34418388118,-1.26437882076215,0.129893854475798,-9.73393872916238,2.16061158094836e-22,1.43078545588116e-21
"MMP19","ENSG00000123342",1100.70176505303,-2.01738346165859,0.156558215573851,-12.8858358168176,5.4086349530577e-38,8.21534000127856e-37
"NR4A1","ENSG00000123358",6241.91937241011,-1.77293183245078,0.201760278702613,-8.78731851408678,1.5317204572018e-18,7.87107241261108e-18
"PDE1B","ENSG00000123360",217.86691222701,-1.56129484894493,0.143387900115869,-10.8886094829709,1.30619342524639e-27,1.15358928716356e-26
"PLP1","ENSG00000123560",10.3831464409427,-1.32435445941921,0.32470434537421,-4.0786471702217,4.52985231649141e-05,8.3542205214369e-05
"DAW1","ENSG00000123977",160.211738692261,-1.08308196855659,0.25651933565089,-4.22222350532909,2.41904054373345e-05,4.57546431807851e-05
"MOGAT1","ENSG00000124003",3.81311404519576,-2.59730674901596,0.266637454192052,-9.74096740042079,2.01625660370065e-22,1.33667578399466e-21
"FAM124B","ENSG00000124019",95.7513485026009,-1.83334449281858,0.132597557501781,-13.8263820794282,1.76686035096279e-43,3.53628996194375e-42
"SLC12A4","ENSG00000124067",2436.92341662919,-1.03710514866649,0.0823851068018421,-12.5885028122984,2.44262383191249e-36,3.44140694680395e-35
"SLPI","ENSG00000124107",19418.6868432852,-1.27838191092437,0.239890251907003,-5.32902817334969,9.87396807582383e-08,2.30977788966814e-07
"PREX1","ENSG00000124126",2581.62125447511,-1.23224142175733,0.109821957269598,-11.2203556774383,3.2396484365213e-29,3.14696142642104e-28
"PARD6B","ENSG00000124171",1019.21742751649,-1.01484493661026,0.117179803804817,-8.66057890232224,4.69374418022664e-18,2.33486696182361e-17
"TOX2","ENSG00000124191",392.631065264846,-1.56033295619192,0.148380359275955,-10.5157647804993,7.30854211561564e-26,5.86683463771694e-25
"EDN3","ENSG00000124205",16.6725503456879,-2.71478384748369,0.400767110165593,-6.77396866814237,1.25296818493825e-11,4.01708649580722e-11
"PTGIS","ENSG00000124212",1540.46096263381,-1.25493546977622,0.180864223434954,-6.93855006779461,3.9614459850436e-12,1.31555592075696e-11
"C20orf85","ENSG00000124237",518.432971387198,-2.23794606467637,0.379211525413085,-5.90157712700984,3.60043038258572e-09,9.48738022513294e-09
"HIF3A","ENSG00000124440",791.83733607782,-1.00787176727512,0.247525386428054,-4.07179151124391,4.66529286375356e-05,8.58719115431977e-05
"CEACAM8","ENSG00000124469",36.9391403219729,-2.11331191699464,0.359378091091563,-5.88046953718224,4.09104297630102e-09,1.07222838691891e-08
"MOCS1","ENSG00000124615",674.966439956985,-1.36572833041335,0.114337104126226,-11.9447518008293,6.91564925890364e-33,8.13020448026037e-32
"NRN1","ENSG00000124785",465.09140952776,-1.66086485061239,0.180631562890614,-9.19476543320487,3.75813637455353e-20,2.14017613462401e-19
"MYRF","ENSG00000124920",2278.29482663646,-1.62709986254564,0.222116824078817,-7.32542376874736,2.38144969737295e-13,8.64676936588762e-13
"AHNAK","ENSG00000124942",39605.4793955921,-1.9036790729766,0.14374123674437,-13.2437922206145,4.90102806379471e-40,8.32012287907768e-39
"TMEM255A","ENSG00000125355",177.129456288413,-1.11604238518774,0.182146070394849,-6.1271834345283,8.94483287240518e-10,2.48254838817971e-09
"TEKT3","ENSG00000125409",33.4892527522738,-1.77141331277603,0.212349047447869,-8.34198850461481,7.30515567300288e-17,3.3472765802059e-16
"MYH2","ENSG00000125414",12.556040868126,-3.09741534330027,0.248722406225856,-12.4533024197571,1.34176132880313e-35,1.820177062644e-34
"KIR2DL1","ENSG00000125498",7.3487970276109,-1.40162676466554,0.320723309353597,-4.37020548176075,1.24129672949714e-05,2.40660118982472e-05
"IL1B","ENSG00000125538",458.749535138491,-1.00592656034151,0.183455582149857,-5.48321587467321,4.17662837071609e-08,1.0081264189562e-07
"FOSB","ENSG00000125740",8496.38477810713,-3.29766154451019,0.280655041357023,-11.7498746096466,7.0723713555671e-32,7.92894365069938e-31
"CD93","ENSG00000125810",5601.15751642671,-2.1991706738507,0.120926615126231,-18.1859938075258,6.66364964502847e-74,4.88658537288912e-72
"BMP2","ENSG00000125845",1471.00413305272,-1.75176421430913,0.182346577744467,-9.6067841578249,7.48502075210013e-22,4.77466938742701e-21
"FLRT3","ENSG00000125848",2616.69357187075,-1.78190580148376,0.181961127374649,-9.79278281682057,1.20921151435348e-22,8.14931134701572e-22
"TMEM74B","ENSG00000125895",36.7131442100873,-1.43154320228801,0.165354281735283,-8.65743050173796,4.82517547388609e-18,2.39691462393792e-17
"SIRPD","ENSG00000125900",4.42003907133224,-2.17761650971008,0.179621979386598,-12.1233298794866,7.9463650135479e-34,9.778838321005e-33
"S1PR4","ENSG00000125910",341.658851353897,-1.78736396683487,0.133757829015795,-13.362686730089,9.98924382790702e-41,1.76096098337675e-39
"F10","ENSG00000126218",171.633429516455,-1.52228839866054,0.175939371490238,-8.65234646325315,5.04512069424673e-18,2.50547722959081e-17
"RRAS","ENSG00000126458",2532.2631802812,-1.35025566563041,0.11617287852736,-11.6228131965622,3.15570889665973e-31,3.43461674500806e-30
"CFP","ENSG00000126759",25.9088444478457,-1.76167708579367,0.145353373027156,-12.1199601296114,8.27994096071753e-34,1.01753422809148e-32
"RHOJ","ENSG00000126785",625.763410027426,-1.8622647005671,0.105898004872293,-17.5854559565393,3.18409898438011e-69,1.94447382687758e-67
"PZP","ENSG00000126838",122.808885521181,-1.18839696615449,0.28732150087828,-4.13612264491802,3.53223454877393e-05,6.58151335845173e-05
"OMG","ENSG00000126861",235.656453829312,-1.15695498898307,0.255251448424353,-4.5326089082936,5.82596210973485e-06,1.16265826488385e-05
"AVPR2","ENSG00000126895",43.5266064460381,-1.95889250599488,0.195906233846327,-9.99913309308717,1.5373695991291e-23,1.08727882360541e-22
"ARMCX1","ENSG00000126947",617.244754582882,-1.04492970993467,0.109929240295867,-9.50547558704409,1.99135968199602e-21,1.23334713707008e-20
"RGS13","ENSG00000127074",73.3625905388543,-1.43473411574217,0.198869866096669,-7.21443697782122,5.41575819346875e-13,1.91699626816491e-12
"FGD3","ENSG00000127084",803.151009743388,-1.17474903079899,0.112461688050558,-10.4457709213014,1.53205511601615e-25,1.20391138299855e-24
"MASP1","ENSG00000127241",187.723733155526,-2.70695590012808,0.189292326652484,-14.300399535464,2.17556946945515e-46,5.02938818048592e-45
"ATP13A4","ENSG00000127249",3613.98350216513,-1.33282569553662,0.236682529866656,-5.63128041722184,1.78876613943185e-08,4.44533229622974e-08
"PTPRB","ENSG00000127329",2289.44656973742,-2.54018650212297,0.143879784841,-17.6549228575098,9.32610099377003e-70,5.79416406533081e-68
"PLA2G5","ENSG00000127472",109.47451646456,-1.25911435361317,0.130781678256888,-9.62760510795675,6.11377337727094e-22,3.92232868553277e-21
"KLF2","ENSG00000127528",1453.89534727246,-1.76404609224499,0.151445669740701,-11.6480457662825,2.34781166972407e-31,2.56938190864665e-30
"F2RL3","ENSG00000127533",339.046651354882,-1.888076587187,0.157326113586863,-12.0010374892058,3.50870332589845e-33,4.18262682280486e-32
"GNG11","ENSG00000127920",2159.928605789,-1.70229509372155,0.169500156093147,-10.0430296523507,9.85983826958149e-24,7.05688344630487e-23
"ZFP36","ENSG00000128016",14509.2140551172,-1.82414306530736,0.161898746473459,-11.2671846140971,1.90566219501409e-29,1.88178883307876e-28
"MGAT3","ENSG00000128268",698.593839477534,-3.0151003668834,0.206701788495093,-14.586716393869,3.41230623374032e-48,8.58739738963651e-47
"APOL3","ENSG00000128284",1931.52771204364,-1.31674219543717,0.126211404086743,-10.432830574741,1.75578495755674e-25,1.37428959954343e-24
"APOBEC3A","ENSG00000128383",94.1292626803803,-1.29439579256861,0.20101231981374,-6.43938537582175,1.19958267523136e-10,3.57616341351462e-10
"DOCK4","ENSG00000128512",1602.27930455645,-1.49523116029908,0.115201898195293,-12.9792232916538,1.60499907807943e-38,2.50377057576941e-37
"CDHR3","ENSG00000128536",813.449758555342,-1.45804248826553,0.279946794893023,-5.20828426995456,1.90594774051872e-07,4.33000544960659e-07
"PODXL","ENSG00000128567",4068.3756184021,-1.09558419464279,0.101639651270867,-10.779102259246,4.32082011768696e-27,3.71694395989292e-26
"LRRC4","ENSG00000128594",506.391081312422,-1.23264839811586,0.196074450182841,-6.28663447464169,3.24422008122695e-10,9.32661148994117e-10
"CGNL1","ENSG00000128849",2282.3926937005,-2.21255400999318,0.133875235696925,-16.5269849832578,2.34587933093505e-61,1.0188062832141e-59
"ACKR4","ENSG00000129048",85.9033547408741,-2.36019954393589,0.197849266617824,-11.9292812365839,8.32895223148411e-33,9.76605126329916e-32
"CD68","ENSG00000129226",3.58859402271812,-1.27551775993282,0.171013752404028,-7.45856834320172,8.74676473727928e-14,3.26053878008621e-13
"ATP1B2","ENSG00000129244",121.784513144821,-1.57720113102315,0.159436845519163,-9.89232523942265,4.49464703888395e-23,3.10272837448883e-22
"KIF1C","ENSG00000129250",6842.63073197602,-1.32052491971745,0.0842599018710208,-15.6720443579298,2.34900599789018e-55,8.22519849711331e-54
"SLC44A2","ENSG00000129353",9895.59469210844,-1.00538174394593,0.0759596208999766,-13.2357393577545,5.45571942199597e-40,9.25300356566578e-39
"ADCY4","ENSG00000129467",460.096748122432,-1.75357483261058,0.115470579791708,-15.1863343526444,4.35607734101886e-52,1.32556618814372e-50
"CDO1","ENSG00000129596",131.199388177999,-2.68465649293949,0.177248490335656,-15.1462869322924,8.01697889235413e-52,2.38285387576233e-50
"SEC14L1","ENSG00000129657",4374.82643235963,-1.01731778836364,0.0881172315298503,-11.5450493700431,7.81965600703877e-31,8.30861668253829e-30
"ARHGEF6","ENSG00000129675",1384.76023225302,-1.40981354215958,0.112034825881323,-12.5837080663916,2.59554436943993e-36,3.64537483535233e-35
"ART1","ENSG00000129744",3.79020906537346,-1.73058860192036,0.282614692529972,-6.12349126801618,9.15468747105584e-10,2.53960965766825e-09
"CDKN1C","ENSG00000129757",821.571993221067,-1.03720454378867,0.13356506288468,-7.76553779399775,8.12995173565583e-15,3.26823694464367e-14
"PLPPR3","ENSG00000129951",92.9233230220668,-1.32022528099606,0.272135411425325,-4.85135423604484,1.2262131271975e-06,2.59836943213464e-06
"CBFA2T3","ENSG00000129993",298.798453672059,-1.09025257420031,0.156428768988818,-6.96964235701584,3.17747705456487e-12,1.06389590077338e-11
"PRRG3","ENSG00000130032",57.5056008033519,-1.44636711347575,0.181159075588113,-7.98396165789803,1.41710056155264e-15,5.98164197873589e-15
"KCNA5","ENSG00000130037",41.6077726690546,-2.27214529436459,0.181193378388284,-12.5398914385025,4.51613795699409e-36,6.2641284081004e-35
"STARD8","ENSG00000130052",691.698225966053,-2.20649357474477,0.110909041056378,-19.8946231409858,4.52999836242555e-88,6.38230399203783e-86
"LDLR","ENSG00000130164",5825.23233185459,-2.12044470258957,0.128495098643274,-16.5021446341414,3.54090088853367e-61,1.5303705217037e-59
"CNN1","ENSG00000130176",714.004653572537,-1.50410467653927,0.159240402949353,-9.44549654912426,3.53723164659382e-21,2.15497738687447e-20
"APOC1","ENSG00000130208",2122.49880243672,-1.39113005877854,0.175228644451478,-7.93894207840975,2.03912963168035e-15,8.51684091962105e-15
"LRCH2","ENSG00000130224",258.637097236669,-1.23138569597553,0.177613170244796,-6.93296389157612,4.12113425179512e-12,1.36681103183262e-11
"DPP6","ENSG00000130226",42.8551249526136,-3.24668318162888,0.20996837651258,-15.4627246043138,6.19229479118679e-54,2.05563507789806e-52
"USHBP1","ENSG00000130307",137.995230931431,-2.30050675888858,0.120509597461198,-19.0898219507313,3.0681332413458e-81,2.93572770520858e-79
"CACNG6","ENSG00000130433",90.201322499284,-1.53787487164531,0.353373892340127,-4.35197649000364,1.34915732049203e-05,2.60443110751579e-05
"IQCN","ENSG00000130518",430.006386935404,-2.42978726796098,0.187514072634215,-12.9578928867957,2.11990982705382e-38,3.28127565185762e-37
"JUND","ENSG00000130522",7085.97219671253,-1.45549537366139,0.112345792265124,-12.9554952109517,2.18720050319036e-38,3.37958364452376e-37
"TNNT3","ENSG00000130595",30.6380357670631,-1.62171280857325,0.264302442454731,-6.1358222554111,8.47198396538617e-10,2.35606479783424e-09
"TNNI2","ENSG00000130598",120.278751554719,-1.45291698989238,0.211248476502771,-6.87776316281895,6.07996386975479e-12,1.99246874581543e-11
"GATA5","ENSG00000130700",50.633801737384,-1.57437262104057,0.19263041262569,-8.17302210788394,3.00758843214874e-16,1.32483455973504e-15
"GMFG","ENSG00000130755",1213.11562101841,-1.47774147748832,0.121682340031218,-12.1442559134646,6.15398901574784e-34,7.63615294443662e-33
"THEMIS2","ENSG00000130775",2466.33154967534,-1.09207277864324,0.106692294767044,-10.2357230297437,1.37166734209288e-24,1.0277740264685e-23
"ZNF331","ENSG00000130844",1329.4257977774,-1.19585577811702,0.117433536360523,-10.1832561223884,2.35545105765583e-24,1.74373544785419e-23
"CASZ1","ENSG00000130940",812.568987746273,-1.02088453765036,0.116714067231926,-8.74688511729888,2.19322787698009e-18,1.11550387728268e-17
"AKAP12","ENSG00000131016",3384.36851755577,-1.05178845273922,0.234813110418945,-4.47925778446809,7.49030314091505e-06,1.47994693132059e-05
"SYNE1","ENSG00000131018",5515.6328794646,-1.10274746817083,0.148891284464856,-7.40639367935011,1.29780198139921e-13,4.78894016357519e-13
"TTLL9","ENSG00000131044",68.2637138780543,-1.01569879064736,0.239051866526509,-4.24886366881696,2.148576216858e-05,4.08245452354681e-05
"COX4I2","ENSG00000131055",250.840477269908,-2.27646933791687,0.148801727231704,-15.2986754943516,7.80284556207432e-53,2.43233999376648e-51
"HIGD1B","ENSG00000131097",132.457602484138,-2.73576700465635,0.154831587985424,-17.6693079251625,7.22781649100352e-70,4.50617841371171e-68
"NFATC1","ENSG00000131196",808.518024925327,-1.1525860333199,0.103678264105885,-11.1169495675851,1.03759183027469e-28,9.81270117288846e-28
"ADGRE3","ENSG00000131355",66.4368189629138,-2.84181442225349,0.190646309220554,-14.9062126294083,3.00310495813854e-50,8.47548217917555e-49
"SH3BP5","ENSG00000131370",456.17388271443,-1.39513394327457,0.119736395718073,-11.6517115360604,2.24895964672893e-31,2.46270715782869e-30
"LRRC4B","ENSG00000131409",96.6798506204176,-1.32702644442347,0.16741044749155,-7.92678392721249,2.24894093385818e-15,9.3691036390045e-15
"AOC3","ENSG00000131471",3590.75931333828,-2.65008867148221,0.146507308000461,-18.0884401443911,3.93055498933703e-73,2.75801648722382e-71
"RAMP2","ENSG00000131477",906.647293130818,-2.860601563344,0.1297391278707,-22.0488730754759,9.79320476794514e-108,4.61131086612743e-105
"TMEM204","ENSG00000131634",986.364310584699,-1.90645808488439,0.10777485412682,-17.6892662052786,5.07317585780707e-70,3.17392781901195e-68
"RAI2","ENSG00000131831",596.623157170838,-2.13246862177994,0.131132709289443,-16.261912327862,1.83907147389656e-59,7.41137519874577e-58
"MATN3","ENSG00000132031",457.590184720092,-1.49290366459539,0.185970006098268,-8.02765830854748,9.93507256562786e-16,4.24065490020943e-15
"PPARG","ENSG00000132170",996.16001965775,-1.58102367520964,0.173504066493897,-9.11231481289374,8.06426536233463e-20,4.48675062587853e-19
"EMILIN2","ENSG00000132205",1645.96805401512,-1.14020236154556,0.115444060525052,-9.8766654287782,5.25526200889172e-23,3.6166308894269e-22
"CNGA4","ENSG00000132259",57.3291813298051,-1.9522708245574,0.271602482553808,-7.18797120777653,6.57611245702645e-13,2.31535576925569e-12
"IQCA1","ENSG00000132321",284.341275539921,-1.07414308271156,0.201309443813133,-5.33578088720287,9.51342301133167e-08,2.22922574570138e-07
"INPP5K","ENSG00000132376",2056.99314606513,-1.10433063450365,0.0729410895605412,-15.1400348028398,8.81670307980672e-52,2.61620676960169e-50
"RGS22","ENSG00000132554",128.770925814913,-1.90179781473632,0.236842374286397,-8.02980387469266,9.76286090736855e-16,4.16913771397483e-15
"HSPA12B","ENSG00000132622",424.290455487253,-2.78822365089097,0.124273569402014,-22.4361758039742,1.74631905693126e-111,1.15729210687671e-108
"SSTR4","ENSG00000132671",2.84692654824586,-4.0081636853884,0.272469134217892,-14.7105238062785,5.51786416456296e-49,1.46485376107604e-47
"NES","ENSG00000132688",2781.78182846171,-1.59210183100394,0.145475435447776,-10.9441283066341,7.08963881864708e-28,6.37461846140966e-27
"KANK4","ENSG00000132854",245.274049377873,-1.27595715076439,0.233688323253093,-5.46008090178506,4.75917665269116e-08,1.14333979385879e-07
"NMUR2","ENSG00000132911",14.5041747890945,-1.05477743562328,0.35424912027069,-2.97750191960194,0.00290607824726999,0.00439101993568671
"ALOX5AP","ENSG00000132965",2488.94891683712,-1.94393839114375,0.156486250785461,-12.4224229373917,1.97488374152543e-35,2.65289750654013e-34
"WASF3","ENSG00000132970",267.227256219111,-1.85998128785195,0.144345728845514,-12.8855997522628,5.42521054384787e-38,8.2335277575123e-37
"MYH10","ENSG00000133026",5675.07560915225,-1.50559237431539,0.117381381578822,-12.8265007113106,1.16508591294084e-37,1.74305035453599e-36
"CCNA1","ENSG00000133101",70.5483437246964,-1.20934575449606,0.270204463294069,-4.47566905354893,7.6172398651661e-06,1.5043628356227e-05
"RXFP2","ENSG00000133105",7.92716675600707,-2.76990761539663,0.369129096975534,-7.50389941646952,6.19468447875383e-14,2.33497976360527e-13
"STOML3","ENSG00000133115",108.380523009659,-2.0526568547569,0.340431102718168,-6.02958084137283,1.6438547192131e-09,4.44917448054456e-09
"KL","ENSG00000133116",256.261048854458,-2.29882849555761,0.208707240438492,-11.0146082652801,3.24947024805921e-28,2.98474184540675e-27
"STARD13","ENSG00000133121",831.301031538675,-1.99706887336806,0.10281179135544,-19.424511984854,4.78915873940032e-84,5.19347983782363e-82
"PRAM1","ENSG00000133246",341.695146412549,-2.1483497089306,0.153616796847814,-13.9851224150894,1.92145947085092e-44,4.04478521316888e-43
"MYH11","ENSG00000133392",4941.08044218211,-1.8161561377079,0.184559181032443,-9.8405082182752,7.5329338852186e-23,5.13277936055661e-22
"PDZD2","ENSG00000133401",1631.30731640614,-2.22201221207079,0.172714436135282,-12.8652373350561,7.06246626526594e-38,1.06820548507526e-36
"SEC14L4","ENSG00000133488",194.514737846105,-1.53997053916001,0.211373441363625,-7.28554414984807,3.20374532821062e-13,1.15341277983245e-12
"GIMAP6","ENSG00000133561",1377.14329806776,-2.085901745909,0.118977012000522,-17.5319728646393,8.16854012212134e-69,4.8719896135039e-67
"GIMAP4","ENSG00000133574",1677.57490049373,-1.47415017212236,0.114314875713053,-12.8955235521813,4.77012496537057e-38,7.25164367080506e-37
"LRRIQ1","ENSG00000133640",217.335377549327,-1.41287288909882,0.246724687889154,-5.72651606609218,1.02514057946952e-08,2.59813603235809e-08
"SFTPD","ENSG00000133661",11490.9872692364,-2.22917264721809,0.258936203097212,-8.60896475871007,7.37233074612017e-18,3.62199654146975e-17
"DYDC2","ENSG00000133665",102.63763126216,-1.95416904905085,0.259016077043685,-7.54458592437588,4.53726802079221e-14,1.72477876983291e-13
"TMTC1","ENSG00000133687",825.639951628859,-1.05446423321734,0.19981153157145,-5.27729418279481,1.31105324432175e-07,3.02068963438695e-07
"LYVE1","ENSG00000133800",621.482752482046,-3.1985101313959,0.171143335266516,-18.6890720951241,6.07605858704128e-78,5.1525552747834e-76
"RNF122","ENSG00000133874",521.249032955237,-1.34814949540164,0.0972444455827561,-13.8635115591702,1.05389619223058e-43,2.13318603705676e-42
"DUSP26","ENSG00000133878",36.9805630767062,-1.49027847610508,0.195073050353275,-7.63959180115451,2.17911490383432e-14,8.4855066320582e-14
"PEBP4","ENSG00000134020",1634.87670381614,-2.5720985452315,0.295574055161397,-8.70204437878358,3.25958060278075e-18,1.63876582538792e-17
"CTIF","ENSG00000134030",1473.96989920777,-1.20698524620748,0.0892211890450275,-13.5280112171375,1.06876065722272e-41,1.97555107847997e-40
"CNTN6","ENSG00000134115",152.178822119679,-3.4308017388117,0.268983002077541,-12.7547157713062,2.93443110012134e-37,4.32146301847499e-36
"TRPM1","ENSG00000134160",3.12137503705766,-2.02837045271867,0.306816844410097,-6.61101399637471,3.81696392717063e-11,1.18324559162966e-10
"GSTM5","ENSG00000134201",196.388632713992,-2.45060903373943,0.149388099035913,-16.404312321762,1.7813231683886e-60,7.48197545821061e-59
"WNT2B","ENSG00000134245",210.743726906302,-1.15699073935921,0.142725944495242,-8.1063799819365,5.21501813411383e-16,2.26761408198539e-15
"CD101","ENSG00000134256",243.151809475798,-2.74247967279347,0.133345655305487,-20.5666968789543,5.4557696882731e-94,1.07274820914583e-91
"EMP1","ENSG00000134531",8015.91347592064,-1.78185878066227,0.13564231435717,-13.1364522133582,2.03548616850682e-39,3.32307974572013e-38
"SOX5","ENSG00000134532",152.202806559485,-1.57794667898409,0.169926222177053,-9.28606932330881,1.60091459554983e-20,9.34894414431239e-20
"RERG","ENSG00000134533",548.395402193581,-1.08582738519944,0.153882912985303,-7.05619203675424,1.7112729233825e-12,5.86025003216901e-12
"KLRD1","ENSG00000134539",279.258464102482,-1.00815915964567,0.179810244476603,-5.60679488857962,2.06107670754045e-08,5.09305973318895e-08
"APLNR","ENSG00000134817",734.464813430721,-1.4797721627905,0.151724350814721,-9.75303011576256,1.79042773767226e-22,1.19049139762801e-21
"ADAMTS8","ENSG00000134917",462.132021501068,-3.50955706769405,0.225037899993218,-15.5954044532046,7.82264174527057e-55,2.68657444814062e-53
"ETS1","ENSG00000134954",5713.93690819637,-1.17698018031864,0.112184638649189,-10.4914558222107,9.45600334876447e-26,7.52317776431493e-25
"KLB","ENSG00000134962",240.977534968685,-1.29992622757891,0.295198938111953,-4.40355997177035,1.06488828309387e-05,2.07560414481466e-05
"AGTPBP1","ENSG00000135049",966.66099592905,-1.19543325689351,0.0808922563008505,-14.7780926328413,2.02829139773262e-49,5.49050196363535e-48
"FAM189A2","ENSG00000135063",994.11969405121,-2.834726840909,0.180989640392712,-15.6623707012081,2.73508895831327e-55,9.5211958620816e-54
"TBX3","ENSG00000135111",657.350543933781,-2.10220675279404,0.141453869446571,-14.8614298146724,5.86597321427064e-50,1.63999779254601e-48
"OASL","ENSG00000135114",745.890414843492,-1.04525154203224,0.172972024878969,-6.04289359949172,1.51374486960096e-09,4.1094578898149e-09
"CCDC146","ENSG00000135205",405.57282738148,-1.05080910977293,0.172077430679976,-6.10660622732795,1.01771910000734e-09,2.81366623245232e-09
"CD36","ENSG00000135218",2149.14624250789,-2.90155160225684,0.200359648565207,-14.4817163687155,1.58099421610282e-47,3.81764230887015e-46
"ADGRB3","ENSG00000135298",66.3956484610769,-1.51154862676648,0.235601967235242,-6.41568762987976,1.40188634044744e-10,4.15159753221218e-10
"LMO2","ENSG00000135363",672.53233947514,-1.91398098563642,0.102797422528988,-18.6189589052848,2.25556609312526e-77,1.86846500482826e-75
"NHSL1","ENSG00000135540",1336.0877107652,-1.74588085601775,0.129677633210165,-13.4632381298033,2.57384591647053e-41,4.67077332488917e-40
"HEY2","ENSG00000135547",114.957591991918,-1.10902144883815,0.143166480677243,-7.74637641151737,9.45519519408129e-15,3.77891015429298e-14
"NMBR","ENSG00000135577",2.31659657010973,-1.33956972717385,0.236351408229092,-5.66770359952933,1.44724036489565e-08,3.62326456542296e-08
"STX11","ENSG00000135604",803.370434992623,-3.0570869268141,0.125449211240288,-24.3691203522874,3.63587137838439e-131,1.08427744289053e-127
"SLC19A3","ENSG00000135917",299.804064083102,-2.89584769115627,0.200353466562303,-14.4536939681838,2.3759385604979e-47,5.66835582173186e-46
"CYP27A1","ENSG00000135929",3780.7991392687,-1.71864505119824,0.148728136351867,-11.5556147838241,6.91508339132371e-31,7.37815069296095e-30
"STAB2","ENSG00000136011",65.0272879781773,-1.15695297053163,0.18554932725308,-6.23528518081664,4.50955799135054e-10,1.28282227566352e-09
"DRAM1","ENSG00000136048",6764.54924236175,-1.1031642072672,0.150086249107093,-7.3502017262091,1.97907942791846e-13,7.22982200974787e-13
"THSD1","ENSG00000136114",270.094835577962,-2.2255151524464,0.117658990708903,-18.9149604211078,8.58849292064717e-80,7.64546785219601e-78
"LMO7","ENSG00000136153",12269.6114985944,-1.39893148464905,0.115710035639387,-12.0899754020373,1.1932244398098e-33,1.45636868359596e-32
"SCEL","ENSG00000136155",2925.69827696097,-1.37367899739021,0.201488678086752,-6.81764856682798,9.25426836621403e-12,2.9927096308814e-11
"EDNRB","ENSG00000136160",1509.88907785789,-3.48844644285633,0.162181866287002,-21.5094728080331,1.2693876126956e-102,3.9847636059583e-100
"LCP1","ENSG00000136167",10086.8406083694,-1.08641320019677,0.127388852897656,-8.52832234127734,1.48485314250557e-17,7.14782816218783e-17
"TNS3","ENSG00000136205",8176.36038945234,-1.09547346922479,0.0929923867960376,-11.7802489748705,4.93470962127492e-32,5.57429035691112e-31
"IL6","ENSG00000136244",490.173413408596,-2.84517535489776,0.22412954269089,-12.6943343601147,6.35681067320989e-37,9.23983861703855e-36
"TM6SF1","ENSG00000136404",125.830716642464,-1.33081677022663,0.132217636520567,-10.0653498674484,7.86073403705806e-24,5.65549312927543e-23
"GALNT5","ENSG00000136542",2583.55310954736,-1.00306717015748,0.18966402907182,-5.28865265103931,1.2322063082765e-07,2.84929794184434e-07
"SCN7A","ENSG00000136546",1146.00767864756,-2.33461768314472,0.199403620564687,-11.7080004692661,1.15982596780129e-31,1.28739243435909e-30
"HLX","ENSG00000136630",187.982952589832,-1.18824778794217,0.123427012103836,-9.62712916474496,6.14214886983412e-22,3.93912077877928e-21
"GYPC","ENSG00000136732",1066.46721348487,-1.7445706369074,0.112569972196292,-15.4976553948627,3.5978355771576e-54,1.20104611906867e-52
"KLF4","ENSG00000136826",2188.84989587628,-2.28065285461915,0.167030135056381,-13.6541400379598,1.90727590738458e-42,3.62666182899386e-41
"TMOD1","ENSG00000136842",183.199770318128,-1.75649860608703,0.154712016482618,-11.3533431081894,7.13802611224241e-30,7.20364925134537e-29
"DAB2IP","ENSG00000136848",3311.5032905428,-1.08537655956182,0.0921465569226137,-11.7788075410494,5.01981914030838e-32,5.66685324148504e-31
"SLC31A2","ENSG00000136867",21.9781426271989,-1.29397390723507,0.142081060323185,-9.10729343018505,8.44627139918178e-20,4.69199422991492e-19
"TLR4","ENSG00000136869",1299.48546317782,-1.5736129869239,0.136452045818099,-11.5323517319898,9.06335450000841e-31,9.60726315572574e-30
"WDR38","ENSG00000136918",182.448235991415,-2.04503297544878,0.318427810060801,-6.42228131725775,1.34247029571975e-10,3.98223159836099e-10
"HEMGN","ENSG00000136929",3.51721395370707,-2.44232529823897,0.222837712165339,-10.9601075801157,5.94286813487971e-28,5.36507263054504e-27
"ENPP2","ENSG00000136960",3088.5921419679,-1.28989475541113,0.132627297857805,-9.72571089244449,2.34263267764558e-22,1.54845683417482e-21
"IL33","ENSG00000137033",1702.44332846458,-2.06637332187088,0.187788252014873,-11.0037411802907,3.66599966812356e-28,3.35185140836663e-27
"SPAG8","ENSG00000137098",104.318408839098,-1.21239511023968,0.19502985361903,-6.21645910993692,5.08498812641842e-10,1.4407868970072e-09
"CAPN11","ENSG00000137225",17.7454354097095,-1.15815494278441,0.15414430329245,-7.51344628407776,5.75907795511173e-14,2.17766656489464e-13
"FOXF2","ENSG00000137273",358.437261261097,-1.23414790029567,0.157060815069929,-7.85777088795945,3.91029695265509e-15,1.59887896192545e-14
"RNF144B","ENSG00000137393",1954.22039937478,-1.67804217886419,0.115519990515608,-14.5259895830537,8.29358761781949e-48,2.03283785268006e-46
"FGFBP2","ENSG00000137441",55.1693706052414,-3.0875433432134,0.254531088872091,-12.1303191562779,7.29645122103971e-34,9.0100346237449e-33
"FHDC1","ENSG00000137460",1272.94083220107,-1.15085156926485,0.117416437900594,-9.80145190777439,1.10978809090245e-22,7.49054632610997e-22
"TTC29","ENSG00000137473",80.9606030132882,-2.06940913220846,0.324487447625631,-6.37747052266871,1.80036688472958e-10,5.28531003584355e-10
"ARRB1","ENSG00000137486",3279.67951022274,-1.35442142868489,0.111404471425594,-12.1576935948167,5.22120474153798e-34,6.50125375367704e-33
"SLCO2B1","ENSG00000137491",4740.20134510481,-1.44103667964836,0.143170212353045,-10.0651990100769,7.8727947796294e-24,5.66189376977126e-23
"LRRC32","ENSG00000137507",2014.91274193752,-2.36980065005243,0.120303436770008,-19.6985282688384,2.21979318006867e-86,2.81693328872119e-84
"TTPA","ENSG00000137561",25.0495312806682,-1.51724055737921,0.274605023203167,-5.52517408342044,3.29159073474129e-08,8.01530117266274e-08
"BTG4","ENSG00000137707",6.9645167645223,-1.06315492847309,0.308326339528608,-3.44814825129283,0.000564444132540237,0.000924025513590344
"FXYD6","ENSG00000137726",320.398524815582,-1.85720917538493,0.121639335395221,-15.268162797426,1.24635269849464e-52,3.85830256646447e-51
"CASP5","ENSG00000137757",27.9253465764869,-1.32389959982745,0.172480252687314,-7.67565897661059,1.64570412134974e-14,6.46467263299909e-14
"PAQR5","ENSG00000137819",541.168344407783,-1.40770663670417,0.171784731378641,-8.19459695519362,2.51434231290608e-16,1.11386796248647e-15
"LRRC49","ENSG00000137821",207.925449992198,-1.00751892214257,0.133526312534182,-7.54547102380777,4.50655707444621e-14,1.71346846011615e-13
"UACA","ENSG00000137831",2131.12593204008,-1.00831990244565,0.107205183334936,-9.40551446374948,5.17762858755847e-21,3.11615567834456e-20
"SMAD6","ENSG00000137834",856.00909789013,-2.55009850880471,0.12806199609541,-19.9129998481736,3.13941472659905e-88,4.53012481476103e-86
"DUOX1","ENSG00000137857",2932.61422717542,-2.56690234110233,0.209296614976811,-12.2644235855737,1.40609308483843e-34,1.80352857111212e-33
"SEMA6D","ENSG00000137872",368.879959636244,-2.03914051983013,0.195333676897655,-10.4392675764688,1.64071675984662e-25,1.28591086219604e-24
"GCOM1","ENSG00000137878",161.794759586951,-2.55842627434256,0.174649897038587,-14.648885099413,1.36944367685349e-48,3.5206114525775e-47
"TTLL7","ENSG00000137941",366.923274709357,-1.49859151029978,0.188824891844943,-7.93640867820739,2.08119474657546e-15,8.68847820823022e-15
"GIPC2","ENSG00000137960",179.547923315395,-1.74326557661656,0.201622982245618,-8.64616502147017,5.32590784848999e-18,2.64006323012765e-17
"ARHGAP29","ENSG00000137962",2997.12273162825,-1.18150230630657,0.123223195439602,-9.58831088653019,8.95388030477192e-22,5.67322168177351e-21
"DNASE2B","ENSG00000137976",47.4016308475467,-2.8890775837325,0.236996937791004,-12.1903582833641,3.49879736504096e-34,4.39326184229318e-33
"PLCE1","ENSG00000138193",937.309833696312,-1.37214753501863,0.127307379879079,-10.7782246113457,4.36223777680489e-27,3.74896832566618e-26
"RBP4","ENSG00000138207",431.62862581508,-1.99945821192802,0.2596809944746,-7.6996709596458,1.36417046970517e-14,5.38594488403234e-14
"ZNF365","ENSG00000138311",81.4845403590774,-1.16144092694899,0.180323789396878,-6.44086357564701,1.18795617908416e-10,3.54445554649874e-10
"AOX1","ENSG00000138356",592.21931497374,-1.2378000961575,0.21304087829205,-5.81015299073563,6.24157776904032e-09,1.60969373049061e-08
"CDK15","ENSG00000138395",39.7892251529454,-1.19009509833506,0.171966857202718,-6.92049106260138,4.50080715313065e-12,1.48776911862122e-11
"MDH1B","ENSG00000138400",97.2902590736186,-1.38770533296361,0.21559473459139,-6.43663833253481,1.22148513925119e-10,3.63782183698761e-10
"HECW2","ENSG00000138411",1278.01497647291,-1.25468760274278,0.128625286671901,-9.75459519047178,1.76302636183421e-22,1.17314357353289e-21
"ITPRID2","ENSG00000138434",6173.55231507482,-1.14032660482789,0.0964325229943277,-11.825124651099,2.89472710652313e-32,3.30538303235599e-31
"CCDC54","ENSG00000138483",2.18089156601717,-2.21346322659236,0.209292886668439,-10.575912358163,3.85407856352197e-26,3.1403018095218e-25
"SECISBP2L","ENSG00000138593",4301.26941434903,-1.36284159898146,0.126659469544781,-10.759887151585,5.32353163450341e-27,4.566344752453e-26
"ARHGAP24","ENSG00000138639",571.398027038248,-1.3625744682954,0.109928607132613,-12.3950853543669,2.77849729145056e-35,3.70183559463327e-34
"PCDH10","ENSG00000138650",54.3159208044402,-1.15464931997236,0.275822357438992,-4.1862064072444,2.83655421583813e-05,5.33751862277754e-05
"PRKG2","ENSG00000138669",156.528489242662,-2.63389284078212,0.179613546483463,-14.66422155984,1.09263047146815e-48,2.82929624109691e-47
"RASGEF1B","ENSG00000138670",1221.6588199568,-1.40793252546634,0.10784321293996,-13.0553651647061,5.92253694391559e-39,9.4197292033317e-38
"FGF2","ENSG00000138685",232.964930504081,-1.99731975224012,0.175278434638296,-11.39512545489,4.42192609346195e-30,4.53158783449683e-29
"MMRN1","ENSG00000138722",591.221814041104,-2.3452184653457,0.1799841686253,-13.0301375018605,8.24589217113975e-39,1.30339000546116e-37
"PDE5A","ENSG00000138735",1104.62211577929,-1.56019958980215,0.133147990666064,-11.7177854656113,1.03338074545077e-31,1.15132513563827e-30
"PRDM5","ENSG00000138738",285.909769184261,-1.14444576599033,0.120056836557905,-9.53253308018286,1.53491396356027e-21,9.57942642134077e-21
"TRPC3","ENSG00000138741",35.314587148353,-1.24560500415481,0.189497437736312,-6.57320235584441,4.92444596257973e-11,1.51163341239388e-10
"FRAS1","ENSG00000138759",983.992966401469,-1.50081988249838,0.197888035816938,-7.58418706973654,3.34578137308006e-14,1.2849552717004e-13
"ANXA3","ENSG00000138772",3336.94335934765,-1.88360323959405,0.156064492002339,-12.0693901311377,1.53265929363355e-33,1.86303483294736e-32
"SLC39A8","ENSG00000138821",8143.78968708565,-2.49018825011652,0.135695931577583,-18.3512373670008,3.22679534463573e-75,2.4994393550462e-73
"PRICKLE1","ENSG00000139174",230.069585878813,-1.44701787897248,0.136279277431163,-10.6180331026733,2.4568317412419e-26,2.02394522771829e-25
"PTPRQ","ENSG00000139304",66.6245162120912,-3.57402573006551,0.299590704303474,-11.9296950096461,8.28765742793254e-33,9.72400356445882e-32
"CCDC65","ENSG00000139537",191.098700570987,-1.22922723731452,0.154181834360887,-7.97258148088522,1.5539371555216e-15,6.53764343375215e-15
"DHH","ENSG00000139549",21.8373426293926,-1.95976434365467,0.15551960717236,-12.6013972082806,2.07436954354079e-36,2.93180839198858e-35
"ACVRL1","ENSG00000139567",2201.68796774784,-2.55991430151739,0.108793481763335,-23.5300337853524,2.01027054672201e-122,2.56926934946406e-119
"N4BP2L1","ENSG00000139597",699.371883270734,-1.17484133414169,0.110562942240231,-10.6259955672037,2.25592099490403e-26,1.86272239786884e-25
"METTL21C","ENSG00000139780",1.99645121841182,-1.48011751194164,0.311284093546818,-4.75487679141249,1.98567478027868e-06,4.13087767044836e-06
"SSTR1","ENSG00000139874",278.171508444144,-2.21648560898467,0.251264814406246,-8.8213131401719,1.13125175572109e-18,5.85860713896309e-18
"RTN1","ENSG00000139970",389.034064204937,-1.60041154475535,0.154652079041456,-10.348464467305,4.25251297876108e-25,3.26567445188721e-24
"GPR65","ENSG00000140030",276.865141488756,-1.08097590484044,0.135091179074873,-8.00182448804682,1.22589039860867e-15,5.19291119846234e-15
"JDP2","ENSG00000140044",1550.06345706396,-1.46709711899405,0.091367662152662,-16.0570718832966,5.10068230442107e-58,1.97975072609558e-56
"AK7","ENSG00000140057",286.211478474379,-1.34708333535602,0.186324518531804,-7.22976957606406,4.83814223670927e-13,1.71729575563259e-12
"FAM181A","ENSG00000140067",47.4011600591026,-1.81834304533551,0.333743766973414,-5.44832061382097,5.08476391988951e-08,1.21682066094133e-07
"SLC24A4","ENSG00000140090",73.72212178947,-1.96851248446245,0.17511493925793,-11.2412595567474,2.5570761551759e-29,2.50294111841151e-28
"FBLN5","ENSG00000140092",2824.17487847324,-1.80207789325711,0.154653255720214,-11.6523760516059,2.23148781940918e-31,2.44507112998704e-30
"DUOXA1","ENSG00000140254",702.842497435274,-1.99926830172854,0.20683007377264,-9.66623598426142,4.19524797318869e-22,2.72767340059103e-21
"BCL2A1","ENSG00000140379",552.887826341748,-1.2202404730333,0.154638022418742,-7.8909472194945,2.99901479408171e-15,1.23814886272506e-14
"ARRDC4","ENSG00000140450",1228.50248372114,-1.13689979159526,0.120376586286067,-9.44452593873611,3.57016711764617e-21,2.17356244423419e-20
"CYP1A1","ENSG00000140465",114.624344121721,-1.69235465256622,0.510728641863306,-3.31360827227538,0.000921004407614995,0.00147322830908771
"CCDC33","ENSG00000140481",142.585857568799,-1.28919975809189,0.269192653861088,-4.78913424865287,1.67502397388111e-06,3.50458418669957e-06
"CYP1A2","ENSG00000140505",22.4263422041745,-3.84692140765038,0.390634961895785,-9.84786765880077,7.00135689395299e-23,4.77967489139645e-22
"NTRK3","ENSG00000140538",101.971147734577,-1.85789853091502,0.191807759210762,-9.68625324939815,3.44951551944799e-22,2.2559276750542e-21
"SH3GL3","ENSG00000140600",41.1648845289101,-4.22737431264619,0.303663280822228,-13.9212561400237,4.7056061483248e-44,9.70016253594189e-43
"MYLK3","ENSG00000140795",58.360840016603,-1.34801309550489,0.216557886284317,-6.22472410787708,4.82404137573826e-10,1.36901780073092e-09
"NKD1","ENSG00000140807",825.546476699431,-1.61660950147537,0.2167094213292,-7.4598025852305,8.66522124199144e-14,3.23148819681019e-13
"CMTM2","ENSG00000140932",21.4015302927164,-2.29926939767004,0.139081381342783,-16.5318274485872,2.16479654391802e-61,9.42450232611316e-60
"CDH13","ENSG00000140945",316.228248557448,-1.82272133883007,0.168633468264338,-10.8087757287474,3.12816885707836e-27,2.70921226329637e-26
"IRF8","ENSG00000140968",1373.2904736173,-1.01711576521985,0.134752883932113,-7.5480074009567,4.41967816347778e-14,1.68150757769738e-13
"MYOCD","ENSG00000141052",122.248275809018,-1.70194257575691,0.228115744733626,-7.46087289040174,8.59511395138779e-14,3.20601154747096e-13
"UNC45B","ENSG00000141161",19.5090765997701,-2.53285568736585,0.172483823189955,-14.6845984772522,8.09120704856223e-49,2.1073648867529e-47
"LRRC46","ENSG00000141294",373.992611658893,-1.84624964812876,0.227036098518572,-8.13196518164152,4.22386156044948e-16,1.84695881967553e-15
"ABCA8","ENSG00000141338",682.416448526953,-2.82051559406387,0.202479651786988,-13.9298718126555,4.17103423318656e-44,8.61805029265672e-43
"GATA6","ENSG00000141448",639.170181939014,-1.71449487389871,0.164305260638157,-10.4348142429504,1.71949734652246e-25,1.34647553703835e-24
"SLC14A1","ENSG00000141469",155.874988089109,-2.81899227579115,0.201714578228681,-13.9751539058089,2.2103527243879e-44,4.63655818258765e-43
"ZMYND15","ENSG00000141497",328.489891284724,-1.18126881373867,0.122788071965981,-9.62038734565312,6.5583724217237e-22,4.1955294151556e-21
"ASGR1","ENSG00000141505",187.570830633499,-1.18588675632688,0.15238049254821,-7.78240532298901,7.11584541575867e-15,2.87153410068042e-14
"PIK3R5","ENSG00000141506",781.074286985041,-1.21947209312902,0.124976514943859,-9.75761000918309,1.71140750278937e-22,1.1400675520257e-21
"MAPK4","ENSG00000141639",287.440031170137,-1.45958339772142,0.332794430183397,-4.38584082346891,1.15538592194183e-05,2.24661163891601e-05
"FBXO15","ENSG00000141665",83.220030355214,-1.31724093537761,0.189222230897452,-6.96134343797842,3.37042988123122e-12,1.12492262385507e-11
"PNMT","ENSG00000141744",39.9385130608562,-1.16656711682876,0.255422997873888,-4.5671968716174,4.94289729142305e-06,9.92517800868955e-06
"EMP3","ENSG00000142227",1985.93649802409,-1.03023174167504,0.127046607203331,-8.10908503858125,5.1002344331503e-16,2.21932136946396e-15
"MYO1F","ENSG00000142347",1789.66760875226,-1.04963962746615,0.115857957716377,-9.05971111656996,1.30796498599915e-19,7.17236208841032e-19
"FBN3","ENSG00000142449",245.751480128166,-1.22251779077103,0.299251474492979,-4.08525235453674,4.4028937867648e-05,8.1318103351138e-05
"KLK3","ENSG00000142515",2.45388566021298,-2.13980043721832,0.571473342330853,-3.74435739817849,0.000180856060080014,0.000311909154989079
"CFAP74","ENSG00000142609",156.440699673282,-1.46661514524144,0.270822034498115,-5.4154203071377,6.11449014082253e-08,1.45487462885289e-07
"FHAD1","ENSG00000142621",303.823682403134,-1.10919049233491,0.188682160669641,-5.87861877560841,4.13703908262311e-09,1.08380732511531e-08
"FCN3","ENSG00000142748",1473.75887909624,-4.51467952758117,0.221979702918051,-20.3382537602902,5.8993817942046e-92,1.04512513310597e-89
"CCN1","ENSG00000142871",10175.6864424475,-1.63237894269245,0.149361803143615,-10.9290254157074,8.37429667908599e-28,7.49581243015936e-27
"CYP4B1","ENSG00000142973",7052.49067608997,-2.5262313440694,0.277154938301822,-9.11487040262775,7.87645537618538e-20,4.38908178281174e-19
"SYPL2","ENSG00000143028",57.3828268307253,-1.05483080028836,0.192739816626407,-5.47282247514518,4.42923762803204e-08,1.06636637349808e-07
"KCNA10","ENSG00000143105",2.42084847524728,-2.31645290959041,0.301702660016078,-7.67793333166823,1.61675588271689e-14,6.35374764099568e-14
"C1orf162","ENSG00000143110",1166.87406172955,-1.81042803748351,0.125366539809399,-14.4410784587019,2.85342124415948e-47,6.78939711725339e-46
"CD53","ENSG00000143119",3598.52837430044,-1.01630691139093,0.125598183469349,-8.09173256585315,5.88219500401561e-16,2.5484289396332e-15
"ITGA10","ENSG00000143127",234.829587944476,-1.02909327611283,0.173780410217059,-5.92180254855798,3.18431816842751e-09,8.43229317562135e-09
"GPA33","ENSG00000143167",198.053756845845,-2.71535900076589,0.277328117940683,-9.79114206279898,1.22899768082104e-22,8.27953896947698e-22
"RXRG","ENSG00000143171",89.4960961432354,-2.3508196035587,0.267910128044838,-8.77465745962863,1.71424858514662e-18,8.77375570195324e-18
"DPT","ENSG00000143196",377.217325331855,-1.45437356966806,0.181077637316396,-8.03176798207743,9.60779396463267e-16,4.10487720652274e-15
"RGS5","ENSG00000143248",4851.85082890145,-1.07499193598355,0.13413041839834,-8.01452756816907,1.10561160607993e-15,4.70233146365299e-15
"RGS16","ENSG00000143333",1696.7186715605,-1.04910966411242,0.14287919666804,-7.34263411733677,2.09430483334249e-13,7.63827892030111e-13
"ADAMTSL4","ENSG00000143382",1218.99638139292,-1.80003626993486,0.158374365217297,-11.3657047178382,6.1962378851656e-30,6.28510682989048e-29
"SELENBP1","ENSG00000143416",10515.2878307814,-1.24944955349621,0.176642658655132,-7.07331718741604,1.51273171627225e-12,5.19426378799835e-12
"SLC27A3","ENSG00000143554",1824.92061506977,-1.31337170491658,0.116448594376785,-11.2785535278081,1.67477033619262e-29,1.65653209648947e-28
"AQP10","ENSG00000143595",6.47326082896264,-2.19484289260739,0.256175811712155,-8.56772104258446,1.05553116268317e-17,5.13921607997006e-17
"KCNN3","ENSG00000143603",443.85224351414,-1.02401164151607,0.149916751025528,-6.83053517709773,8.45984310277726e-12,2.74473205145954e-11
"LEFTY2","ENSG00000143768",47.2627683453865,-1.89833231775656,0.242253947997808,-7.83612541073524,4.64661795481849e-15,1.89130880494921e-14
"WNT9A","ENSG00000143816",484.938099540368,-1.26635336831523,0.141071890139648,-8.97665273401847,2.7912919180956e-19,1.49848743745828e-18
"MEIS1","ENSG00000143995",716.530071504203,-1.05691677702989,0.123002930138345,-8.59261462992093,8.50122861008031e-18,4.16290321620599e-17
"NAT8","ENSG00000144035",1.74689616226907,-1.15729165777656,0.294614224290625,-3.92815947893588,8.55984431600979e-05,0.000153100054324633
"AFF3","ENSG00000144218",518.113123068657,-2.3474714670263,0.21357242635406,-10.9914538458943,4.20103841593883e-28,3.83125282244615e-27
"GPR17","ENSG00000144230",36.8961646274963,-2.01986698625264,0.215032455507686,-9.39331219319326,5.81424928969876e-21,3.4875750097412e-20
"GALNT13","ENSG00000144278",203.420637777698,-1.56676402957091,0.271117891301994,-5.77890312604162,7.51892015307251e-09,1.92469296564988e-08
"SCN1A","ENSG00000144285",192.692211450198,-1.80873834534233,0.259456421617961,-6.97126066128216,3.14113350672769e-12,1.05231795236619e-11
"ZNF385B","ENSG00000144331",900.831547903055,-1.69501288152157,0.265224818006569,-6.39085321751294,1.64962676498366e-10,4.85952777508275e-10
"RBMS3","ENSG00000144642",956.824870018536,-1.49362746334086,0.1516058875661,-9.85204128493781,6.71657626420106e-23,4.59754013371651e-22
"CSRNP1","ENSG00000144655",3180.52148574032,-2.38360827773686,0.124849960443659,-19.0917824023862,2.95512390992914e-81,2.84279742582592e-79
"CTDSPL","ENSG00000144677",2758.15549414317,-1.03380778452561,0.091085382058019,-11.3498759204534,7.42680173988196e-30,7.48663456516664e-29
"STAC","ENSG00000144681",450.81343352457,-2.07763866591626,0.194666367021383,-10.6728177943961,1.36425295535816e-26,1.14014844139297e-25
"NFKBIZ","ENSG00000144802",2885.03945787794,-1.06939290859577,0.145763586798363,-7.3364887080823,2.19270303458246e-13,7.9848532843299e-13
"PHLDB2","ENSG00000144824",1529.95729093694,-1.38666223817528,0.15500540543387,-8.94589601113542,3.68944323782287e-19,1.97001515530781e-18
"ADPRH","ENSG00000144843",844.747507054337,-1.5975416542862,0.0897268648504186,-17.8044965345599,6.52160630987379e-71,4.1975216439774e-69
"AGTR1","ENSG00000144891",137.338509962434,-1.80073735573682,0.226414758874893,-7.95326843835223,1.81654148185295e-15,7.60668774509592e-15
"SLIT2","ENSG00000145147",1674.22249479482,-2.46567115908023,0.143925693814048,-17.1315565257298,8.63142310028709e-66,4.48959457946037e-64
"SCD5","ENSG00000145284",975.403648576649,-1.59795550475153,0.164893544432359,-9.69083119810688,3.29833303792777e-22,2.15863471278864e-21
"SNCA","ENSG00000145335",97.514540898603,-1.58633668514977,0.150326450002197,-10.5526118998126,4.94042734670199e-26,3.99814864380546e-25
"ROPN1L","ENSG00000145491",152.124194763467,-1.83761166137159,0.264855942235416,-6.93815530760582,3.9725286729693e-12,1.31899156699647e-11
"NKD2","ENSG00000145506",555.467494752797,-1.16700409823801,0.154103964902547,-7.57283629253805,3.65162362474719e-14,1.39821317178689e-13
"OTULINL","ENSG00000145569",2426.02307783324,-1.17357354438321,0.17951581749152,-6.53743809755732,6.25815331282892e-11,1.90664289505275e-10
"PIK3R1","ENSG00000145675",2604.48150737883,-1.01906388687496,0.10097582132929,-10.0921574438272,5.98396375058526e-24,4.33486086596041e-23
"CRHBP","ENSG00000145708",13.1036542866516,-1.21739840763153,0.172757510218642,-7.04686242636162,1.82997081891174e-12,6.24759928692763e-12
"TSLP","ENSG00000145777",37.170084010355,-1.74209634373912,0.201586079380017,-8.64194764388981,5.52627541674199e-18,2.73380276560034e-17
"C1QTNF2","ENSG00000145861",80.0307247727927,-1.86340804727459,0.145462145910691,-12.8102609487052,1.43650665419974e-37,2.13838715171347e-36
"GFOD1","ENSG00000145990",495.137499426852,-1.76870890844036,0.13013562704484,-13.5912735705413,4.51160895458848e-42,8.46186782226956e-41
"DCDC2","ENSG00000146038",321.066399647282,-1.22384254876686,0.227985343422074,-5.36807555431815,7.95812170389305e-08,1.87657711712913e-07
"HMGCLL1","ENSG00000146151",66.0035619570457,-1.78699076915801,0.188320806085145,-9.48907774083158,2.33087284627827e-21,1.43616762529122e-20
"TCTE1","ENSG00000146221",60.6416958290686,-2.17885485920145,0.303086732355905,-7.18888234488235,6.53238330574564e-13,2.30086485215958e-12
"PRSS35","ENSG00000146250",43.5563968198286,-2.22571136543257,0.204227346588083,-10.8982043914115,1.17554202463356e-27,1.04283457842183e-26
"ARHGAP18","ENSG00000146376",2777.77408554864,-1.1338965523618,0.0962953373633442,-11.7751968413938,5.23946525451574e-32,5.90735676112477e-31
"VIP","ENSG00000146469",5.76647003835382,-1.5595401319687,0.201402698350325,-7.74339244083016,9.67986783122515e-15,3.86352610091705e-14
"DENND2A","ENSG00000146966",508.756890030392,-1.75643725938694,0.133677004100897,-13.1394122063149,1.95741307890578e-39,3.20439087107604e-38
"TMEM47","ENSG00000147027",1116.63364917805,-1.72004618776014,0.129480452395135,-13.2842151532733,2.85839761901397e-40,4.91309400547713e-39
"DIPK2B","ENSG00000147113",729.641395712194,-1.76830785737891,0.117569083308467,-15.0405855656745,3.98013758223404e-51,1.16177164370169e-49
"AWAT2","ENSG00000147160",12.160784136009,-2.59907926303031,0.308811035140128,-8.41640669301516,3.88207943471241e-17,1.8136304784676e-16
"NXF3","ENSG00000147206",80.4363456807132,-1.91947147461431,0.281781040953244,-6.81192555794697,9.63009393338043e-12,3.10862837362396e-11
"RADX","ENSG00000147231",140.039288638493,-1.66914274199943,0.17241158243375,-9.68115203420749,3.62606684660388e-22,2.36706362956159e-21
"DOCK11","ENSG00000147251",1388.89072026211,-1.23874976447332,0.126927926729197,-9.75947371389921,1.68024888104782e-22,1.1201450532261e-21
"GPC3","ENSG00000147257",1984.31398692373,-2.15525176884913,0.212213921462843,-10.1560338454351,3.1149108271835e-24,2.28516192828185e-23
"DOK2","ENSG00000147443",957.612766950508,-1.87268342723221,0.140739985130304,-13.3059799992048,2.13672953600413e-40,3.69396150606008e-39
"TACC1","ENSG00000147526",6035.35479326894,-1.81318617897509,0.114192593616106,-15.8783168116023,8.9549310709453e-57,3.31054920769472e-55
"DNAJC5B","ENSG00000147570",148.995075701654,-1.19896022731436,0.167368163760509,-7.16360985491828,7.857983680253e-13,2.74829753695792e-12
"CRH","ENSG00000147571",2.91126255401078,-2.71082766816545,0.450949132058497,-6.0113823831771,1.83947946402311e-09,4.95839199303488e-09
"ATP6V0D2","ENSG00000147614",145.343035694381,-1.2901840607804,0.231397013392656,-5.57562970180215,2.4663606462446e-08,6.0610618106379e-08
"RSPO2","ENSG00000147655",107.127148114016,-2.6115760015293,0.272385256606062,-9.58780234315803,8.998112904849e-22,5.69922952943233e-21
"CDKN2B","ENSG00000147883",1356.13322994043,-1.30938468107228,0.153263401998496,-8.54336171583306,1.3037250403788e-17,6.30474382364807e-17
"NTRK2","ENSG00000148053",497.071809441709,-1.85651444056043,0.276558758561159,-6.71291139076281,1.90778977101944e-11,6.03110995986763e-11
"SHC3","ENSG00000148082",545.993574348397,-1.81541849788821,0.175958670255099,-10.3173006209713,5.88545723175454e-25,4.49268286040034e-24
"SNX30","ENSG00000148158",3880.56806838744,-1.00266950622665,0.140621206438511,-7.13028661623013,1.00160139812356e-12,3.48128473516411e-12
"STOM","ENSG00000148175",14203.6902572688,-1.2221609448749,0.10119166519511,-12.0776838934157,1.38568064731484e-33,1.68666556614996e-32
"SLC25A25","ENSG00000148339",1255.05840371858,-1.65511506564168,0.107155601939295,-15.4459033003177,8.03933992374835e-54,2.62976068109011e-52
"HMCN2","ENSG00000148357",216.332988602405,-1.39938325960468,0.18693572548859,-7.48590594947621,7.10552676664431e-14,2.66539183303075e-13
"TMEM236","ENSG00000148483",99.5161228724179,-1.12351281454627,0.185284758778011,-6.06370875810862,1.33017933157354e-09,3.63427985644303e-09
"ST8SIA6","ENSG00000148488",259.507899582557,-3.53342395174517,0.197339947166767,-17.9052645066291,1.07284257520487e-71,7.13619784317498e-70
"ZEB1","ENSG00000148516",1278.01894253136,-1.31734686147862,0.116711056065838,-11.2872499477298,1.51709313075127e-29,1.50723750075139e-28
"FAM13C","ENSG00000148541",129.984134460323,-1.71057291957092,0.143865162072435,-11.8901122059673,1.33227481364907e-32,1.54194005437405e-31
"RGR","ENSG00000148604",1.1942841500581,-2.14844387543383,0.383131448944372,-5.60758946140642,2.05163971337374e-08,5.07184158488483e-08
"ANKRD1","ENSG00000148677",562.961899898953,-4.43288109302208,0.292387730710461,-15.1609682193257,6.41171206610697e-52,1.92168783917675e-50
"CYP17A1","ENSG00000148795",8.13114711556217,-2.12567169906888,0.260639162061231,-8.15561131434847,3.47418075991309e-16,1.52473672644408e-15
"ITPRIP","ENSG00000148841",1522.4867000894,-1.65383690366333,0.113026400317473,-14.6323062489646,1.74761305758984e-48,4.46714863420785e-47
"SCGB1A1","ENSG00000149021",3669.4032549593,-3.21137790369196,0.402325882349373,-7.98203159324274,1.43944172159866e-15,6.07307963323857e-15
"GLYAT","ENSG00000149124",0.924312469541477,-1.16316288299367,0.40482831979237,-2.87322508363604,0.00406304527250454,0.00602669891908511
"SERPING1","ENSG00000149131",16164.8094366915,-1.4073878153755,0.119291279572054,-11.7979102950725,4.00124608064289e-32,4.54278528686188e-31
"CCDC81","ENSG00000149201",67.9361471029558,-1.9551766871494,0.200755347541799,-9.73910140422195,2.05362234579379e-22,1.36043926817061e-21
"GRIK4","ENSG00000149403",47.8444330096779,-2.49777286152875,0.172600239902612,-14.4714333128279,1.8360582701905e-47,4.39205757065758e-46
"GGTLC1","ENSG00000149435",877.857958714355,-1.13906671693604,0.298228858132754,-3.81943827994337,0.000133755921267864,0.000234017277720337
"ADAM33","ENSG00000149451",145.810988529487,-1.05792314890605,0.200922233008088,-5.26533640935326,1.39932877666529e-07,3.21703582177463e-07
"SLC22A8","ENSG00000149452",1.47449411466658,-2.17735957152194,0.467242376998272,-4.66002160486825,3.16176195326813e-06,6.45888875782927e-06
"TMC2","ENSG00000149488",24.588892301366,-1.28146272123113,0.278663087223945,-4.59860950367386,4.25320141638455e-06,8.58654326338359e-06
"MS4A3","ENSG00000149516",2.25670854949309,-1.83400255281171,0.305732368205824,-5.99871895663018,1.98880220401956e-09,5.34559679082499e-09
"MS4A2","ENSG00000149534",282.669253189342,-1.86941156239727,0.202113870856624,-9.24929869718537,2.25970398833464e-20,1.30723839195835e-19
"FEZ1","ENSG00000149557",435.225175260187,-2.14522526658501,0.117140278033154,-18.3133018173121,6.48175568329405e-75,4.89358879498651e-73
"ESAM","ENSG00000149564",2694.86946921757,-1.94381982099887,0.136202728983401,-14.2715189005924,3.29326770461268e-46,7.53535026069497e-45
"SCN2B","ENSG00000149575",78.5620180720992,-1.89880145844412,0.200781324916155,-9.45706210095506,3.16716674499211e-21,1.9334737143686e-20
"SIDT2","ENSG00000149577",3007.28975716471,-1.09044129013899,0.0778404797519621,-14.008666102954,1.37972087252301e-44,2.92504094455618e-43
"JPH2","ENSG00000149596",180.922009351536,-1.50249794057095,0.164538511687404,-9.13158825348711,6.75016088059439e-20,3.7720371216888e-19
"FERMT3","ENSG00000149781",1917.17061757674,-1.02578589288333,0.127782997243459,-8.02756168670033,9.94289783860122e-16,4.24298285299527e-15
"CNKSR2","ENSG00000149970",106.095785094208,-1.72340316922776,0.199402862226576,-8.64282061944279,5.48419875666211e-18,2.71373806285827e-17
"KLRF1","ENSG00000150045",57.7066768228122,-1.55284400332796,0.188269848200167,-8.24796969973117,1.61108203800343e-16,7.24480796833261e-16
"CLEC1A","ENSG00000150048",185.317033041971,-2.27720839775771,0.117385370256423,-19.3994225411842,7.80430831503729e-84,8.31205289767632e-82
"PCDH15","ENSG00000150275",50.4782326738926,-2.96229071689022,0.298175784797129,-9.934712568647,2.94022681644407e-23,2.04865570197172e-22
"LATS2","ENSG00000150457",1422.41338650068,-1.19988471404575,0.0806669983134171,-14.8745427390742,4.82268811079083e-50,1.35042814344883e-48
"ADGRL3","ENSG00000150471",182.877747233482,-1.16147098073303,0.228896525479921,-5.07421848495869,3.89091792445548e-07,8.58978339571645e-07
"FAM124A","ENSG00000150510",133.003004129722,-1.35300600627295,0.122671922397223,-11.0294677040423,2.75490747996957e-28,2.53959606074681e-27
"GPM6A","ENSG00000150625",413.784903542768,-4.41672120961787,0.262265723509393,-16.8406345690831,1.22911330463833e-63,5.88035410692345e-62
"SPATA4","ENSG00000150628",24.3827239477858,-1.99041008584402,0.268748209794165,-7.40622639819064,1.29943923700876e-13,4.79399304490675e-13
"CCDC102B","ENSG00000150636",389.939923583316,-1.00215956775728,0.118896917908257,-8.42881031222832,3.49197096089968e-17,1.63650697756359e-16
"DIXDC1","ENSG00000150764",857.612884505501,-1.25283659835216,0.0941351233878777,-13.3089175778729,2.05436419661244e-40,3.55844516650401e-39
"CRIM1","ENSG00000150938",4319.39706079039,-1.33402229962485,0.114448852130245,-11.6560566121424,2.13712864244499e-31,2.34311536760221e-30
"RILPL2","ENSG00000150977",1331.89435638791,-1.30773079949076,0.0862556919599934,-15.1610956885872,6.39927963272376e-52,1.9211797058444e-50
"ENKUR","ENSG00000151023",209.348217834112,-1.59892283938879,0.244175326071296,-6.54825720974743,5.8212398807583e-11,1.77625247589373e-10
"THRB","ENSG00000151090",525.183889995582,-1.06675688490679,0.153586180863176,-6.94565669197232,3.76703843401332e-12,1.25308828220488e-11
"MAGI1","ENSG00000151276",1449.08305191763,-1.05453232781772,0.110519350634892,-9.54160806917363,1.40634456121664e-21,8.8046617333273e-21
"FRMD4A","ENSG00000151474",578.51803458288,-1.28598820770449,0.098432929571963,-13.0646137760669,5.24501464771756e-39,8.36444269978702e-38
"PTPRO","ENSG00000151490",398.651353323047,-1.4163678785095,0.147496254565851,-9.60273793174283,7.78484911650541e-22,4.960623406041e-21
"FLI1","ENSG00000151702",1226.08764346122,-1.66957537321706,0.10878850113122,-15.346983880247,3.7104045183731e-53,1.17922323352131e-51
"WWC2","ENSG00000151718",1994.97597401511,-2.35022223998319,0.10762588899514,-21.8369600653362,1.03410964836377e-105,4.40555331861259e-103
"GFRA1","ENSG00000151892",306.690693141953,-1.5037403124747,0.239039673904291,-6.29075620759414,3.15923157628973e-10,9.09104705605534e-10
"CCDC74B","ENSG00000152076",70.4987610586828,-1.19956701828328,0.215578377469769,-5.56441249981807,2.63037070484518e-08,6.4472908249034e-08
"HSPB8","ENSG00000152137",1593.47780989454,-1.97985190336868,0.147352070441375,-13.4362000984328,3.71004439413364e-41,6.68517868521986e-40
"TMEM178A","ENSG00000152154",168.151624310683,-1.20144343461468,0.2125822605383,-5.65166365044943,1.5890229918167e-08,3.96435978702958e-08
"GRID2","ENSG00000152208",7.53898460556579,-1.00868083608593,0.42737652092498,-2.36016904696313,0.0182666090395837,0.0249919280887957
"G6PC2","ENSG00000152254",1.61396545786759,-2.45929857674679,0.358892457314165,-6.85246660002661,7.25873380832591e-12,2.36619646624841e-11
"GUCY1A2","ENSG00000152402",788.879658892757,-1.88122049211056,0.1718851970747,-10.9446335352136,7.0502252032974e-28,6.34236699661138e-27
"CCDC50","ENSG00000152492",2691.15253541932,-1.00455794334075,0.0871116502507291,-11.5318437941353,9.1169954285099e-31,9.65840137373165e-30
"PLEKHH2","ENSG00000152527",1180.11539709116,-1.27296533658021,0.159343227711883,-7.98882610111256,1.36229697693963e-15,5.75710434775171e-15
"IGSF10","ENSG00000152580",489.940733571897,-2.78142652540999,0.216769665769214,-12.8312534668539,1.09576879243408e-37,1.64346948893739e-36
"SPARCL1","ENSG00000152583",9629.26488176562,-1.96040605884292,0.126448514807112,-15.5035910214792,3.28033883122198e-54,1.09915922672387e-52
"CAPSL","ENSG00000152611",141.78028553399,-2.05787483915717,0.328401512209572,-6.26633789019801,3.69637810076437e-10,1.05839803739761e-09
"GJA1","ENSG00000152661",6009.17689656485,-1.22647238982222,0.162070996182469,-7.56750077874136,3.80472895162667e-14,1.45434768492749e-13
"TCTEX1D1","ENSG00000152760",83.5335689410211,-1.63918621669666,0.207759549760853,-7.88982368600382,3.02613761812994e-15,1.2487703044557e-14
"DNAI4","ENSG00000152763",298.627518285088,-1.25490901366061,0.182511796622066,-6.87576933045702,6.16561984810097e-12,2.01905995501593e-11
"UTRN","ENSG00000152818",6254.55936333739,-1.34719048691294,0.115066896479573,-11.7078893072613,1.16134731036138e-31,1.28828192339096e-30
"LMNTD1","ENSG00000152936",15.3663043759217,-1.81942430184647,0.364747686677962,-4.9881722853882,6.09532003220769e-07,1.32455138858747e-06
"DAB2","ENSG00000153071",3402.99731483846,-1.08297561672838,0.112895247186987,-9.59274764627301,8.57699013051039e-22,5.44213065266746e-21
"ACOXL","ENSG00000153093",438.777978791775,-1.56879828510915,0.147370247370634,-10.6452850090131,1.83422091662698e-26,1.5222502254734e-25
"FAM81B","ENSG00000153347",211.523369554681,-1.21849373259883,0.247119224815345,-4.93079295432933,8.18964991491703e-07,1.7585192118998e-06
"PTPRD","ENSG00000153707",393.919873894214,-1.04726326565795,0.166503241130993,-6.2897470256092,3.17983729409451e-10,9.14592970635477e-10
"CIBAR2","ENSG00000153789",214.837765799602,-1.96711670430612,0.282392202899529,-6.96590303878181,3.26303831241675e-12,1.09111464257284e-11
"SPHKAP","ENSG00000153820",8.81956195415692,-1.72732557175335,0.45813457077536,-3.7703454005446,0.000163021765922968,0.00028273223394976
"KCNJ16","ENSG00000153822",70.8727936914961,-1.2018974572429,0.304618689754441,-3.94558015534689,7.96069954093523e-05,0.000142926747828571
"PID1","ENSG00000153823",913.320138647474,-1.9446137153224,0.158103613288968,-12.2996158966222,9.10058653212937e-35,1.17486864949055e-33
"LGI4","ENSG00000153902",108.07239429603,-1.66885752993831,0.12254113157647,-13.6187540335947,3.0980817919389e-42,5.83515552664872e-41
"SEMA3D","ENSG00000153993",211.754901180248,-1.18252220845746,0.199206881156071,-5.93615141000574,2.91790348932192e-09,7.7439998716163e-09
"ANKRD29","ENSG00000154065",1095.67177190959,-2.15614617609251,0.201475561033444,-10.7017752675949,9.98467034482635e-27,8.42715596603669e-26
"CHST9","ENSG00000154080",346.222215467358,-1.54503729548193,0.37534662584637,-4.11629461700376,3.85012100650938e-05,7.15296596090462e-05
"DNAAF1","ENSG00000154099",336.443408314495,-1.5022911262527,0.261248205854786,-5.75043614687153,8.9013517988258e-09,2.26689279442628e-08
"UBASH3B","ENSG00000154127",793.070969828447,-1.61683530122004,0.140920789990599,-11.4733624565113,1.79544502853491e-30,1.88421688537098e-29
"ROBO4","ENSG00000154133",1261.00715669782,-2.84448502593613,0.132194706787643,-21.5173897280585,1.07020267774256e-102,3.54613639126806e-100
"NRGN","ENSG00000154146",1450.83611454051,-1.29030913266364,0.220368240517976,-5.85524088966161,4.76319105181511e-09,1.23949647309668e-08
"RETREG1","ENSG00000154153",725.131009688679,-1.40496728251644,0.181219961167129,-7.75282851551171,8.98679427951443e-15,3.59813627306672e-14
"ABI3BP","ENSG00000154175",1910.65922303414,-2.47883167426797,0.17012789288973,-14.5704013149369,4.33337870500724e-48,1.08292102190914e-46
"ANGPT1","ENSG00000154188",750.244205830135,-2.25409875492594,0.171277859544203,-13.1604794742557,1.48142764286397e-39,2.43632213361811e-38
"ABCA9","ENSG00000154258",174.56035383972,-1.63833427726883,0.163325077011806,-10.0311250865071,1.1124172209866e-23,7.90965215063368e-23
"ABCA6","ENSG00000154262",385.259379565948,-1.11993540448907,0.172742925158671,-6.48324904455777,8.97681362103268e-11,2.69998531049147e-10
"ABCA10","ENSG00000154263",87.8794040287212,-1.17755550017031,0.195512124739215,-6.02292825440368,1.71289385063138e-09,4.63112868983792e-09
"FAM167A","ENSG00000154319",784.28160841828,-1.89796917804704,0.201336270056722,-9.42686172497547,4.22542020733475e-21,2.55942599085446e-20
"PGM5","ENSG00000154330",598.612363782617,-1.85926516709469,0.174914187506153,-10.6295846757959,2.17077021318992e-26,1.79572775888152e-25
"WNT3A","ENSG00000154342",109.408220440188,-4.09783075897887,0.258478871447302,-15.8536391622025,1.32670383973404e-56,4.88450860172039e-55
"CCDC173","ENSG00000154479",85.878849032741,-2.06692430272767,0.207883586069966,-9.94270082502822,2.71367971970878e-23,1.89597310522254e-22
"CNTNAP3B","ENSG00000154529",24.3363804315813,-1.59788193187796,0.234153303101089,-6.82408452375374,8.84877737610447e-12,2.86676034022519e-11
"PDE1C","ENSG00000154678",275.924674345229,-1.34547466969734,0.220544231372565,-6.10070216447616,1.0560352164169e-09,2.91329604183588e-09
"JAM2","ENSG00000154721",708.939983031392,-2.50101889914381,0.117792469032192,-21.2324176553283,4.79322287721866e-100,1.22521624202962e-97
"ADAMTS1","ENSG00000154734",2600.13579010962,-2.33794717229856,0.151648487389717,-15.4168842204824,1.26040334599469e-53,4.09299402357224e-52
"WNT7A","ENSG00000154764",195.465922064449,-2.26360568528752,0.312355674054699,-7.24688511626371,4.26465394528056e-13,1.51978213741906e-12
"FGD5","ENSG00000154783",1218.4766247981,-2.24549394100737,0.110562797089535,-20.309670161374,1.05611187238038e-91,1.83466113907788e-89
"DKK2","ENSG00000155011",255.75327819859,-2.3049729363647,0.155370193905197,-14.8353611360693,8.65369618077352e-50,2.37485560985553e-48
"RSPH10B","ENSG00000155026",6.58467659026014,-1.51192288425782,0.234697337107026,-6.4420112426259,1.17900544974514e-10,3.51833630958802e-10
"KLF10","ENSG00000155090",3772.8089695022,-1.13960999360779,0.0873830416112017,-13.0415464213105,7.10021524962568e-39,1.12627793848894e-37
"SLC7A7","ENSG00000155465",1966.13803334058,-1.44926935510223,0.120206362478229,-12.0565111964411,1.79214948838407e-33,2.16961642731097e-32
"GRIA1","ENSG00000155511",178.761155552627,-3.69977658324633,0.274028731876535,-13.5014184750279,1.53394024563561e-41,2.82374411678579e-40
"VSIG4","ENSG00000155659",3327.74381149074,-2.38513364083523,0.17382251910362,-13.7216607671725,7.53201417067937e-43,1.46013358132141e-41
"FLACC1","ENSG00000155749",44.7308437900963,-1.40404946777606,0.211288205337127,-6.64518620684858,3.02833978951302e-11,9.45820978421303e-11
"PPARGC1B","ENSG00000155846",306.526680642988,-1.39094363498064,0.135007422990466,-10.3027196888194,6.84968593927763e-25,5.20651786369986e-24
"ADCY8","ENSG00000155897",36.0208270307636,-3.35849600707116,0.425405568061995,-7.8948097044694,2.90758524778123e-15,1.20206614691658e-14
"SLA","ENSG00000155926",1780.8692848794,-1.11553035260811,0.128739831761671,-8.66499775044934,4.51521914843076e-18,2.24856154252356e-17
"MICU3","ENSG00000155970",165.326186972091,-1.02166885022243,0.132406276265583,-7.71616632562903,1.19880852383213e-14,4.75615984854286e-14
"GNAQ","ENSG00000156052",4689.01445711341,-1.16926639923251,0.0805758535568591,-14.5113746565205,1.02642748980041e-47,2.50557531718945e-46
"WIF1","ENSG00000156076",2352.39480168093,-2.28888873852431,0.353528019000968,-6.47441960892507,9.51770676683038e-11,2.85595048094744e-10
"CFAP161","ENSG00000156206",40.1263584111632,-2.05347202062175,0.24849806062146,-8.26353338728798,1.41422622421539e-16,6.38364021944651e-16
"ADAMTSL3","ENSG00000156218",433.743159955559,-2.29549832545005,0.168974861968801,-13.5848510169157,4.92533147157362e-42,9.20887732715432e-41
"TSPAN7","ENSG00000156298",1121.63043756234,-1.70671958273182,0.22026395554478,-7.74851962732887,9.29700021000908e-15,3.71817668211203e-14
"RPGR","ENSG00000156313",507.348858664448,-1.01893921097615,0.100943353512764,-10.0941684174115,5.86258475089667e-24,4.25209683614893e-23
"RAB11FIP1","ENSG00000156675",5951.41365425701,-1.45316877900726,0.127056074686136,-11.4372239390914,2.72464632551206e-30,2.82293553574912e-29
"ADGRG4","ENSG00000156920",2.63971256967949,-2.33058237949736,0.411519174087125,-5.66336279388999,1.48434866129449e-08,3.71253153432238e-08
"ZFYVE9","ENSG00000157077",1059.75792802063,-1.27093582895658,0.0961209847972648,-13.2222514327875,6.52802489728979e-40,1.09368866561055e-38
"SYN2","ENSG00000157152",51.0036715247268,-2.28832491878345,0.237367138539867,-9.64044531547115,5.39534076713509e-22,3.4738694619053e-21
"NRG1","ENSG00000157168",250.806765697168,-1.74018505766039,0.205341409033269,-8.47459392556547,2.3590094114112e-17,1.12140689156165e-16
"C1orf158","ENSG00000157330",63.5706599142302,-2.25023509801421,0.366034411130522,-6.14760533323685,7.86614619107629e-10,2.19303449356385e-09
"IL34","ENSG00000157368",231.420959951578,-1.2726976999153,0.165852241955754,-7.67368402686308,1.67125472603393e-14,6.56071979221699e-14
"HYDIN","ENSG00000157423",261.431854628705,-1.61659428894994,0.282516447950292,-5.72212450170113,1.05200167775863e-08,2.6628187890982e-08
"AFAP1L1","ENSG00000157510",771.38017698259,-1.68034576172416,0.109637555736556,-15.3263701515,5.0968356830875e-53,1.60277119292592e-51
"KCNJ15","ENSG00000157551",2895.33442252787,-1.37658683592654,0.215989378094833,-6.37340061844213,1.84882098919635e-10,5.42310720650659e-10
"ERG","ENSG00000157554",993.733983984003,-2.13286177983301,0.111460412596162,-19.1355991796,1.27603830326577e-81,1.24765865357019e-79
"TSPAN18","ENSG00000157570",974.544461119207,-2.01881179322172,0.132196010591153,-15.2713518675338,1.18686814114843e-52,3.68052541586983e-51
"PALM2AKAP2","ENSG00000157654",6093.57795503931,-2.50516159561097,0.111209052936426,-22.5265976956308,2.27795800577133e-112,1.63038010389065e-109
"SNX22","ENSG00000157734",245.381525977872,-2.23489975005625,0.151188501203678,-14.7822071934257,1.90809249327417e-49,5.17295439123557e-48
"DRC1","ENSG00000157856",213.735047962849,-1.94451503723276,0.28628448929916,-6.79224725724065,1.10400119432636e-11,3.55221963137594e-11
"RADIL","ENSG00000157927",177.096460301563,-2.24629551653803,0.185982793518394,-12.0779749246849,1.38078566311983e-33,1.68185145474494e-32
"NLRP14","ENSG00000158077",6.76680206894322,-1.11115159771422,0.194592044668242,-5.7101594240844,1.12870392923677e-08,2.85131997823431e-08
"TMSB15A","ENSG00000158164",46.1542360069733,-1.65373456610639,0.247216195475351,-6.68942648731637,2.24046897095008e-11,7.0566293429343e-11
"MRAS","ENSG00000158186",1103.26867102766,-1.12417422293965,0.0910224250367541,-12.3505193636152,4.83979700769261e-35,6.35818559901937e-34
"ESYT3","ENSG00000158220",1021.86586063728,-1.06597331815756,0.179025687848579,-5.95430371455502,2.61181381252377e-09,6.95521770310529e-09
"TENT5B","ENSG00000158246",428.078901737886,-2.80261863763905,0.167338913283135,-16.7481584686585,5.84064553281496e-63,2.73577671514812e-61
"CLSTN2","ENSG00000158258",236.2852034742,-1.06831636845629,0.207831790451848,-5.14029334075242,2.7430987890434e-07,6.14680859516011e-07
"COLEC12","ENSG00000158270",2465.0270900925,-1.67810700300907,0.164365767983587,-10.2095894029262,1.79623323781158e-24,1.34084277530924e-23
"SHROOM4","ENSG00000158352",1407.35290483498,-1.72346303331134,0.145826363471607,-11.8185970786202,3.12865570343525e-32,3.56567111474949e-31
"RIBC1","ENSG00000158423",162.008565580073,-1.09819299473635,0.159036356531952,-6.90529523364493,5.0099125310632e-12,1.65148056223865e-11
"CATIP","ENSG00000158428",48.0674030793121,-1.60086537318984,0.229747233100443,-6.96794190548514,3.21610969134337e-12,1.07622686940727e-11
"NCF1","ENSG00000158517",265.804258292547,-1.30959283243524,0.151848207735257,-8.62435488681217,6.44549524010018e-18,3.1753647117597e-17
"ALAS2","ENSG00000158578",22.8080403692432,-4.03834625743757,0.252650957459522,-15.9838945319832,1.65476428910027e-57,6.34019216806662e-56
"ITLN2","ENSG00000158764",174.020697931611,-4.63922507122749,0.365201579183741,-12.7031900617642,5.6767640496343e-37,8.26479569895089e-36
"ADAMTS4","ENSG00000158859",1238.96756911195,-1.30248678511422,0.195583368909658,-6.65949662476598,2.74767013895126e-11,8.61016844067511e-11
"FCER1G","ENSG00000158869",2809.0610813477,-1.24178156929671,0.135217563896417,-9.18358187733638,4.16985227309461e-20,2.36785676681948e-19
"CACHD1","ENSG00000158966",1197.97333502772,-1.00956635673758,0.185127638637039,-5.45335296323277,4.94288191018228e-08,1.18572175920219e-07
"C1QC","ENSG00000159189",10353.3014291245,-1.11001479235113,0.154391537276233,-7.18960904162201,6.49771093545008e-13,2.28910300783635e-12
"RCAN1","ENSG00000159200",2144.32071552053,-1.80393987640082,0.109696523600201,-16.4448226543207,9.13513849212207e-61,3.90107477421337e-59
"SCUBE1","ENSG00000159307",357.054610713857,-3.56432242221096,0.206638685540989,-17.2490567914687,1.13741028861835e-66,6.14854449977287e-65
"PADI4","ENSG00000159339",19.6159357424969,-2.55048980138804,0.212882927184224,-11.9807155750959,4.48436138758626e-33,5.31381975550205e-32
"BTG2","ENSG00000159388",8124.72427809004,-1.2997139630567,0.143725843863714,-9.04300805002844,1.52418644399583e-19,8.31978890860814e-19
"STARD9","ENSG00000159433",581.994153613528,-1.70166601497364,0.145558129484867,-11.6906284863365,1.42329440088575e-31,1.57300844441313e-30
"CCDC17","ENSG00000159588",325.808764751736,-1.29839381737195,0.246467695650266,-5.26800810120913,1.37912022521694e-07,3.17302278382497e-07
"DRC7","ENSG00000159625",95.8374023600108,-1.47579317757701,0.276601773692554,-5.33544365198963,9.53112249991906e-08,2.23308072398915e-07
"ACE","ENSG00000159640",1864.51191069197,-1.73132443545375,0.125620190041556,-13.7822147449467,3.26111782969162e-43,6.4334268276375e-42
"LRRC36","ENSG00000159708",290.235883867146,-2.90605840938282,0.237281164680302,-12.2473202341967,1.73639133116887e-34,2.21606634012872e-33
"TPPP3","ENSG00000159713",2865.04832357202,-2.19900165291725,0.21957788428562,-10.0146772980873,1.31389991542768e-23,9.31442598524066e-23
"AGRP","ENSG00000159723",35.3352661578228,-3.05734635050275,0.21467713971534,-14.2416018517704,5.05548011224569e-46,1.14648549617759e-44
"PTGIR","ENSG00000160013",262.229293438474,-1.35442345400787,0.113378394564035,-11.9460454455713,6.80887508513293e-33,8.00994095320733e-32
"CPAMD8","ENSG00000160111",1628.88395266689,-1.6030118115554,0.209620125313224,-7.64722284732972,2.05366249698793e-14,8.01268710392607e-14
"ABCG1","ENSG00000160179",2237.56579740347,-1.39039473252405,0.120335784934461,-11.5542914626875,7.0224264593156e-31,7.48375679788767e-30
"RSPH1","ENSG00000160188",466.529755967921,-1.78468205007861,0.232830951329759,-7.66514090968499,1.78634973139257e-14,6.99718821011543e-14
"JAML","ENSG00000160593",1431.59066633471,-1.7560370919469,0.142020102390583,-12.3647079701256,4.05682992328267e-35,5.36503014170709e-34
"PTH1R","ENSG00000160801",143.426937119941,-1.90659218660297,0.156258584035857,-12.201519669252,3.05076523897994e-34,3.83877232215669e-33
"MYL3","ENSG00000160808",46.4929386208605,-1.0616140172524,0.11223167305281,-9.45913028270425,3.10515093097114e-21,1.8982051796333e-20
"LRRC71","ENSG00000160838",84.1800393036074,-2.03342028065836,0.307831226293345,-6.60563356467493,3.95820852968786e-11,1.22448522167539e-10
"FGFR4","ENSG00000160867",986.582993317902,-2.46059910694864,0.199688556018887,-12.3221838847686,6.8805382338724e-35,8.96022348025318e-34
"CYP3A7","ENSG00000160870",6.69185636311363,-2.08838847287308,0.248542631296578,-8.40253626502036,4.36937354174508e-17,2.02909942336996e-16
"HK3","ENSG00000160883",899.174375816781,-1.76505622130004,0.168251550284237,-10.4905792446978,9.54414718381741e-26,7.586558221237e-25
"COX7A1","ENSG00000161281",282.625750994415,-1.92683163090433,0.122121759786256,-15.7779550038974,4.41254086172462e-56,1.60149277157888e-54
"CYGB","ENSG00000161544",579.515950186101,-1.24855249849817,0.109742405529758,-11.3771198332227,5.43656510311456e-30,5.53335946473429e-29
"SIGLEC11","ENSG00000161640",44.6444810202069,-2.41995322049251,0.176452710610463,-13.7144576137161,8.31861209436389e-43,1.61087582472352e-41
"CD300LG","ENSG00000161649",121.082516068101,-4.9579016225213,0.308479797655509,-16.0720464036934,4.00638840700886e-58,1.56862817870043e-56
"TAMALIN","ENSG00000161835",564.991877271428,-2.33724041638993,0.126202966867883,-18.5196946981182,1.43247030255273e-76,1.14424960373107e-74
"ALOX15","ENSG00000161905",489.338129338033,-2.11981820275473,0.321493034394553,-6.59366759453075,4.29091860141683e-11,1.32260820904654e-10
"CXCL16","ENSG00000161921",6951.68720293062,-1.08116027940942,0.107337496765007,-10.0725311470268,7.30728886852374e-24,5.26366021435166e-23
"SCIMP","ENSG00000161929",351.089684728824,-1.52894480353883,0.142510158204074,-10.7286724175086,7.46610707251895e-27,6.35240389199152e-26
"BCL6B","ENSG00000161940",732.439700911212,-1.76792667540745,0.10962446463827,-16.12711798631,1.6452065360213e-58,6.49838422715876e-57
"TNFSF13","ENSG00000161955",650.831738199414,-1.09289365669734,0.110373112888449,-9.90181057774363,4.08805924056812e-23,2.8318871076843e-22
"CCDC78","ENSG00000162004",354.903705559654,-1.08369554858331,0.22307559520135,-4.85797447992981,1.18592690165454e-06,2.51657851652096e-06
"ADCY9","ENSG00000162104",2303.20282954769,-1.14857303326065,0.118176483664273,-9.71913360126394,2.49898705531272e-22,1.64876015415599e-21
"PPP1R32","ENSG00000162148",128.511988795396,-1.31629680456291,0.166701350189643,-7.89613763215155,2.87679010674568e-15,1.18988454415165e-14
"ITIH3","ENSG00000162267",85.1194115609368,-1.4641272434086,0.145491498608186,-10.0633181829514,8.0247106302406e-24,5.7688287387262e-23
"TAL1","ENSG00000162367",187.532556386983,-2.77703210244731,0.137309732700839,-20.2245831218514,5.94911228194259e-91,9.85624685748137e-89
"PLPP3","ENSG00000162407",2645.14359225427,-1.3872298576819,0.0821122448238445,-16.8943116907585,4.9546196440376e-64,2.4025205769855e-62
"KNCN","ENSG00000162456",1.52246595887917,-1.50296227319319,0.414184156765685,-3.62872951232525,0.000284819469536685,0.000481871668723516
"PDPN","ENSG00000162493",1563.82507536498,-1.33697633562885,0.153163312634759,-8.7290899669758,2.56729945588699e-18,1.29728012324727e-17
"LAPTM5","ENSG00000162511",8548.14147266618,-1.20195332143734,0.13051549859123,-9.20927655650933,3.28330257423525e-20,1.87873786251331e-19
"SYNC","ENSG00000162520",106.446542475127,-1.84128942002935,0.129954649809098,-14.1687074893756,1.43110279694991e-45,3.16523143953334e-44
"CAMK2N1","ENSG00000162545",2012.87448009731,-1.03239604185889,0.182105832769405,-5.66920908659844,1.4345821025166e-08,3.59459145222372e-08
"ALPL","ENSG00000162551",6154.61675119181,-1.27050458677103,0.234405124298722,-5.42012291997474,5.95580703556781e-08,1.41862693407102e-07
"TTLL10","ENSG00000162571",85.1003210271037,-1.64677433301264,0.262532242167281,-6.27265557715134,3.54941496355165e-10,1.01827291875629e-09
"C1orf87","ENSG00000162598",112.709972342877,-2.39585745251889,0.353182307741614,-6.78362817163448,1.17194724283333e-11,3.76407323927782e-11
"NEXN","ENSG00000162614",636.600373181868,-1.54146065711974,0.12508918904714,-12.32289272048,6.82031348056762e-35,8.8882643195773e-34
"DNAJB4","ENSG00000162616",958.266022912698,-1.19224727041648,0.125537658078627,-9.49712850043568,2.1575771639244e-21,1.33122511014136e-20
"ADGRL4","ENSG00000162618",895.735847174743,-1.27708009637524,0.107342521809002,-11.897243281163,1.22321395043736e-32,1.41938827595173e-31
"NTNG1","ENSG00000162631",149.866742184071,-1.87668997725291,0.277854422688995,-6.75422028230054,1.4360542800531e-11,4.58108740113927e-11
"DNAI3","ENSG00000162643",103.88731691718,-1.67233561611659,0.235934260222506,-7.08814232633884,1.35924146308263e-12,4.69243825949016e-12
"GBP4","ENSG00000162654",3228.56197921822,-1.32232837816985,0.152874423410307,-8.64976853990017,5.16039873926978e-18,2.56130415095019e-17
"KCNT2","ENSG00000162687",142.323140465526,-2.45001187880742,0.20862183151221,-11.7437943145659,7.59986452711081e-32,8.50966057469298e-31
"CADM3","ENSG00000162706",94.8492534298751,-1.02083719025935,0.216161841606589,-4.7225596463841,2.32894754553413e-06,4.81532914631871e-06
"TRIM58","ENSG00000162722",78.5279259883338,-2.08621550138226,0.278852035517227,-7.48144261350882,7.35111387190006e-14,2.75174645418217e-13
"DDR2","ENSG00000162733",1634.86444198509,-1.09633191006199,0.136381163343434,-8.03873411243177,9.07713007406581e-16,3.88278958678603e-15
"FCGR3B","ENSG00000162747",169.300092197349,-2.35965531083245,0.217321327830737,-10.857909503803,1.82887961150391e-27,1.60255352050144e-26
"ATF3","ENSG00000162772",3197.9436679141,-1.76913278529831,0.178028904896216,-9.93733453749914,2.86387611176847e-23,1.99701228635515e-22
"C1orf115","ENSG00000162817",1293.09641554719,-1.60311649624938,0.147800468201498,-10.8464913254797,2.07228301365219e-27,1.80786737997458e-26
"PKDCC","ENSG00000162878",781.04816401313,-1.17085250952409,0.180374684451006,-6.49122415979676,8.51416850260947e-11,2.56514593394833e-10
"IL20","ENSG00000162891",2.69408887497977,-1.20707524670909,0.372448985289491,-3.24091431144826,0.00119146992794195,0.00188296868227038
"ACTG2","ENSG00000163017",915.471292412688,-1.27356772151691,0.183370820599148,-6.94531287669236,3.77622461059432e-12,1.25591053824097e-11
"TEKT4","ENSG00000163060",25.6750891140285,-1.72071141582109,0.276636620701881,-6.22011435599274,4.96792667636107e-10,1.40895723601408e-09
"SPATA18","ENSG00000163071",709.29060670354,-1.41882452433258,0.21972395124921,-6.45730479661434,1.06584096947732e-10,3.18807965009323e-10
"NOSTRIN","ENSG00000163072",739.747972443775,-1.49573785463584,0.151443620372816,-9.87653260635024,5.26222994875692e-23,3.62003385133055e-22
"XIRP2","ENSG00000163092",3.96069967486985,-1.9531685464295,0.351148955006954,-5.56222229506797,2.66360692261337e-08,6.52607403345489e-08
"HPGDS","ENSG00000163106",175.195014653567,-1.34753986986762,0.185163347279178,-7.27757350290219,3.39877832333495e-13,1.22019142334334e-12
"MSX1","ENSG00000163132",77.3703168965711,-1.01349944101278,0.165584954511552,-6.12072180109864,9.3152417189456e-10,2.5829477774228e-09
"C1QTNF7","ENSG00000163145",247.046701929522,-2.38840694742902,0.201757128873446,-11.838030015421,2.48214802759833e-32,2.84516813951422e-31
"S100A12","ENSG00000163221",44.7661051937563,-1.99231381327039,0.260758462150074,-7.64045698399523,2.164521042829e-14,8.43051262937296e-14
"C1orf189","ENSG00000163263",40.0984852407871,-1.89789798933249,0.279871683330254,-6.78131480380219,1.19087064494438e-11,3.82279304807853e-11
"ALPP","ENSG00000163283",124.040300653786,-1.42097702368244,0.33641629405515,-4.22386504100035,2.4014789081846e-05,4.54272778350216e-05
"LMOD3","ENSG00000163380",32.1730963459147,-1.25135799251083,0.111341374374418,-11.2389307168311,2.62543053084709e-29,2.56144102990442e-28
"SLC15A2","ENSG00000163406",1454.24798300228,-1.60042740412708,0.163594424316961,-9.78289700770173,1.33338279794747e-22,8.952427168358e-22
"EIF4E3","ENSG00000163412",1315.74595609087,-1.08818025137059,0.0985756878468159,-11.0390327994627,2.47684862256288e-28,2.29271869650893e-27
"PROK2","ENSG00000163421",17.784090648792,-2.04242862108681,0.238165672789659,-8.57566330682183,9.85173567624947e-18,4.80843170908706e-17
"LMOD1","ENSG00000163431",767.382537794683,-1.82113951412933,0.14161693321312,-12.8596169455858,7.59521164694213e-38,1.14684491138173e-36
"CXCR1","ENSG00000163464",69.7161891054557,-2.87992161964357,0.222160499481351,-12.9632478607446,1.97696262975418e-38,3.06531995963531e-37
"NEK10","ENSG00000163491",123.244155174074,-1.23982134558799,0.2309270184534,-5.36888820499009,7.92235070883319e-08,1.86863460628991e-07
"CCDC141","ENSG00000163492",134.086523347925,-2.94873018599004,0.230997095469958,-12.7652262466371,2.56404568027376e-37,3.78223160405098e-36
"IHH","ENSG00000163501",104.178823836104,-1.30835510618917,0.344291184701775,-3.80014117213736,0.000144613680413372,0.000252126335733847
"TGFBR2","ENSG00000163513",10186.4952990672,-1.65650713256887,0.104880014869177,-15.7943068051155,3.40515794877129e-56,1.24343859545642e-54
"NFASC","ENSG00000163531",503.617926940641,-1.30932880883614,0.174707858137133,-7.49438990779919,6.66074474353924e-14,2.50484879563152e-13
"MNDA","ENSG00000163563",1021.01379734079,-1.45624868125575,0.145216451479223,-10.0281246816178,1.14673840346979e-23,8.14876499336175e-23
"EFHB","ENSG00000163576",108.053706442732,-1.66713796861591,0.224289988875694,-7.43295756075794,1.06195981400648e-13,3.93979824839685e-13
"PRICKLE2","ENSG00000163637",734.217692437628,-1.3569936466225,0.116902945230336,-11.6078653446138,3.75882358597678e-31,4.06384473860318e-30
"PTX3","ENSG00000163661",151.969393743762,-2.06022291554995,0.217917119666858,-9.45415816205505,3.25631611176633e-21,1.98586449174625e-20
"ABHD6","ENSG00000163686",413.034511206118,-1.26569788630529,0.0890137319728026,-14.2191306695467,6.97135671107109e-46,1.57101367293696e-44
"DNASE1L3","ENSG00000163687",230.064089159536,-3.48475777792728,0.225513192078991,-15.4525673012808,7.24973890117414e-54,2.38812054637863e-52
"PCOLCE2","ENSG00000163710",476.744364116158,-2.32836043150414,0.222615902110622,-10.4590930361621,1.33123799353309e-25,1.04887016372909e-24
"CXCL3","ENSG00000163734",380.91360038196,-1.73061015979604,0.199701123441092,-8.66600112195432,4.47562548765582e-18,2.23070659751046e-17
"PPBP","ENSG00000163736",108.702066834414,-2.05233604662075,0.32173455337378,-6.3789730543378,1.78279398050318e-10,5.23801850462126e-10
"PF4","ENSG00000163737",21.0599958740723,-2.02999154577233,0.275209528189826,-7.37616738462682,1.62911176134166e-13,5.97819867630974e-13
"CPA3","ENSG00000163751",1449.42102820823,-1.68147614015746,0.199920682917246,-8.41071626817865,4.07514423780777e-17,1.89788016260006e-16
"SNRK","ENSG00000163788",1430.3851277032,-1.15657287410542,0.0730179797518424,-15.8395627766767,1.6597081394931e-56,6.09797900204314e-55
"CLEC3B","ENSG00000163815",440.517659848253,-3.76362357580865,0.195312179229191,-19.269784355804,9.63366127292609e-83,9.7940398384356e-81
"LRRC2","ENSG00000163827",66.7102369655562,-2.45070214366184,0.174551405848147,-14.0400023234064,8.87097243750856e-45,1.89639557735174e-43
"KLF15","ENSG00000163884",439.122961990494,-1.40776490118597,0.199232502738698,-7.06593995374494,1.59532393676597e-12,5.47260950930856e-12
"CFAP100","ENSG00000163885",75.8305379570631,-1.27350883590173,0.293827094278036,-4.33421172077704,1.46283340205329e-05,2.81748956544021e-05
"HEYL","ENSG00000163909",1131.60217781994,-1.00692190244655,0.112047475470413,-8.98656483083759,2.55078249061596e-19,1.37225349081754e-18
"ZDHHC19","ENSG00000163958",14.241219988217,-1.85618653296825,0.210632702483764,-8.81243278503407,1.22458810105999e-18,6.33465015676969e-18
"CLDN19","ENSG00000164007",3.0938084890618,-1.09396490702164,0.378262198540971,-2.89208097251395,0.0038269930074623,0.00569781876206714
"SGMS2","ENSG00000164023",3598.1395226894,-1.31790505120385,0.127623707292598,-10.3264908939085,5.34814090294543e-25,4.08775246375065e-24
"EMCN","ENSG00000164035",917.446247741786,-2.73401784279681,0.150732640849531,-18.138193740837,1.59177169483001e-73,1.14383819018447e-71
"CAMP","ENSG00000164047",38.2246719452779,-2.63494229291413,0.247455331498388,-10.6481532523832,1.77858409565131e-26,1.47676126327094e-25
"PRSS12","ENSG00000164099",340.772936117669,-1.04751066034436,0.238810437706394,-4.38636883046221,1.15258617006697e-05,2.24141118802394e-05
"NPY5R","ENSG00000164129",5.78057499577449,-1.29831856841341,0.35969049437985,-3.60954372912154,0.000306736063722505,0.000517093309608703
"HHIP","ENSG00000164161",1132.09576122671,-2.87675032487807,0.292960126017814,-9.81959683039986,9.27135941113249e-23,6.28856838299445e-22
"ZNF474","ENSG00000164185",52.4933886464129,-1.41484190813568,0.228114086965134,-6.20234342805812,5.5628518844214e-10,1.56997016984152e-09
"RANBP3L","ENSG00000164188",89.8395652881306,-1.83464838440566,0.187148445449915,-9.80317191518779,1.09104619182036e-22,7.36682623027991e-22
"ANKRD33B","ENSG00000164236",234.892049283991,-1.69892895600568,0.177884081521275,-9.55076441622169,1.28742802837945e-21,8.0799543008746e-21
"ENPP6","ENSG00000164303",22.2724577434457,-1.35242817546754,0.186087897393744,-7.26768475762793,3.65700978254036e-13,1.30895931264242e-12
"CARTPT","ENSG00000164326",0.603049871600418,-2.32907470937098,0.750299016640769,-3.10419533774506,0.00190797316360006,0.00294533377761159
"PI16","ENSG00000164530",106.796246835943,-3.5724777596633,0.263688673413231,-13.5480895459806,8.13191167512562e-42,1.50781653474635e-40
"MYOZ3","ENSG00000164591",44.591425091606,-1.39511887039389,0.150283383201924,-9.28325434701837,1.64379520722744e-20,9.59622435331828e-20
"BMPER","ENSG00000164619",181.200059715295,-2.18182489975586,0.240843418724991,-9.05910118410665,1.3152988294863e-19,7.21036824632304e-19
"KIF6","ENSG00000164627",102.87306401416,-1.28289938278492,0.208129950952418,-6.16393448859366,7.09593094882286e-10,1.98666081156763e-09
"ELAPOR2","ENSG00000164659",1156.91301981099,-2.08062684002691,0.142236193007885,-14.6279705328697,1.86260615345057e-48,4.75429556400728e-47
"FABP5","ENSG00000164687",518.310938072377,-1.7274784834261,0.175016490545879,-9.87037551740452,5.59547387151328e-23,3.84189616204862e-22
"SOX17","ENSG00000164736",166.40194913009,-2.70161341408286,0.151557978948048,-17.8256099272011,4.47187019029252e-71,2.89910048242406e-69
"DLC1","ENSG00000164741",5055.91557941724,-2.2441188338781,0.161483203025347,-13.8969180189339,6.61280421814027e-44,1.35071810359799e-42
"SBSPON","ENSG00000164764",268.001722458466,-2.26573407822436,0.202848676388033,-11.1695778280071,5.74532959899691e-29,5.50033079266194e-28
"DEFA4","ENSG00000164821",1.82965738058643,-2.67451739422031,0.436642259041896,-6.12519136395291,9.05746806139418e-10,2.51341929315332e-09
"GPR146","ENSG00000164849",47.8364702543443,-2.06353303423156,0.12326421914008,-16.7407301861582,6.61714697912316e-63,3.07534054279093e-61
"GPER1","ENSG00000164850",210.392421939451,-2.2045374363243,0.182748066431667,-12.0632599806391,1.65115328281751e-33,2.00277780285944e-32
"CA3","ENSG00000164879",140.768763078648,-2.08814880633854,0.209591597033408,-9.96294143417255,2.21413067381045e-23,1.55606599161392e-22
"DCSTAMP","ENSG00000164935",119.833830508165,-2.17088205958151,0.207018726631481,-10.4864042732035,9.97526356293474e-26,7.92572783888061e-25
"C9orf24","ENSG00000164972",267.695541022856,-2.388757501636,0.298066304846846,-8.01418161929911,1.10872770318535e-15,4.71446406680025e-15
"MAMDC2","ENSG00000165072",616.533560545302,-2.65516932488056,0.201986514337845,-13.1452801865747,1.81133338002886e-39,2.97068635828198e-38
"C8orf34","ENSG00000165084",170.48261814679,-1.11119443339542,0.209905012211657,-5.29379656868295,1.19802701151704e-07,2.77564383232868e-07
"ALDH1A1","ENSG00000165092",6054.84137954096,-1.08838974402751,0.209816221414843,-5.18734794044151,2.13309969310707e-07,4.82278908374588e-07
"SVEP1","ENSG00000165124",1414.98518235258,-2.06548567220726,0.173412959259138,-11.9107919098521,1.03984954525906e-32,1.21132994227346e-31
"FBP1","ENSG00000165140",2945.55154839485,-1.68171232582663,0.136793868434974,-12.2937697797913,9.78348833034713e-35,1.26121006264338e-33
"CFAP47","ENSG00000165164",82.851247179073,-1.1825152992564,0.306319386894162,-3.86039979789128,0.000113201655493218,0.000199597676560913
"CYBB","ENSG00000165168",6301.11783947631,-1.32642694067477,0.158450934192548,-8.37121565381815,5.70268359865784e-17,2.62849349898982e-16
"MID1IP1","ENSG00000165175",3733.32016999864,-1.05523257473553,0.107886455351787,-9.78095509111608,1.35921785497154e-22,9.11904202437413e-22
"VEGFD","ENSG00000165197",460.968049432057,-3.57049938484918,0.255863308971334,-13.9547143324454,2.94479262462534e-44,6.14832840518334e-43
"ARMC3","ENSG00000165309",282.164363115292,-1.19783621861717,0.252115603289103,-4.75113877518958,2.0227424565584e-06,4.20652379999993e-06
"OTUD1","ENSG00000165312",1099.02618908628,-2.11172387895119,0.081371658870187,-25.9515893896184,1.74472035632202e-148,1.04060937785567e-144
"FAT3","ENSG00000165323",131.358703875581,-1.80172905092246,0.262027033314202,-6.87611895663439,6.15051470472884e-12,2.01485096323166e-11
"LRRC18","ENSG00000165383",38.580059033621,-2.16469620143193,0.275211547381334,-7.86557185564792,3.67415133760128e-15,1.50576248015803e-14
"CFL2","ENSG00000165410",1535.05363414864,-1.38941338698034,0.107506869100384,-12.9239498704309,3.29768251512483e-38,5.04319942248963e-37
"ZCCHC24","ENSG00000165424",1309.87668335352,-1.03802038889447,0.093914064366587,-11.0528747306966,2.12305550494774e-28,1.97032324429615e-27
"PKNOX2","ENSG00000165495",230.822364378893,-2.43371058426128,0.170027918656329,-14.3135939291268,1.79967280450214e-46,4.17659474590879e-45
"DEPP1","ENSG00000165507",6667.83958307979,-1.80023763764077,0.146245571007244,-12.3096899635449,8.0331178078272e-35,1.04006206176159e-33
"AMER2","ENSG00000165566",6.28651082039618,-1.92755472519152,0.378995278215871,-5.08595973613582,3.65771651825976e-07,8.0909286266809e-07
"VSTM4","ENSG00000165633",932.220788688751,-1.23765027555062,0.134181559739844,-9.22369868072948,2.8702481686891e-20,1.64659668106297e-19
"SLC18A2","ENSG00000165646",81.243413044389,-1.00399659573138,0.197176286636997,-5.09187292678733,3.54543700509948e-07,7.85518874842064e-07
"CLEC1B","ENSG00000165682",14.1621728988192,-1.6277111507839,0.216546050409115,-7.51669747708956,5.61772023398963e-14,2.12691214868338e-13
"GFI1B","ENSG00000165702",11.6660797929848,-1.54992858520778,0.203631630802887,-7.61143334705254,2.71072686320693e-14,1.04735555524426e-13
"JCAD","ENSG00000165757",2819.79107436865,-2.09382216075877,0.126229036656481,-16.5874842763547,8.58414284366801e-62,3.78315438181655e-60
"NDRG2","ENSG00000165795",2140.76466330068,-1.4938845952402,0.140397703014449,-10.640377749531,1.93343891808133e-26,1.60162141487172e-25
"BTNL9","ENSG00000165810",572.990145799236,-3.40850882753827,0.208994841806718,-16.3090571904665,8.50960469184395e-60,3.47630951486675e-58
"PDZRN4","ENSG00000165966",28.1169554727069,-1.72130222253757,0.226052807112886,-7.61460228926945,2.64504640255694e-14,1.02286179556843e-13
"HACD1","ENSG00000165996",308.992913902627,-1.06669695532813,0.176534346468135,-6.04243296938632,1.51807425278974e-09,4.12058595345371e-09
"AMOTL1","ENSG00000166025",2182.81740863685,-1.74531154758721,0.119255092126647,-14.6351113102468,1.67701009881869e-48,4.29280997112487e-47
"JAM3","ENSG00000166086",483.941927404082,-1.25441053983203,0.144721024296608,-8.66778373031068,4.40612626055148e-18,2.19729144871928e-17
"CMTM5","ENSG00000166091",5.48687566465337,-2.9521374893581,0.192487767561282,-15.3367537416019,4.34380899925036e-53,1.37321156225418e-51
"ADAMTS15","ENSG00000166106",277.991753806637,-1.51263349272628,0.178762714858778,-8.46168337687896,2.63545246792638e-17,1.24784734079404e-16
"C16orf71","ENSG00000166246",118.213008715006,-1.09018251443521,0.171895588579125,-6.34212037345793,2.26624128717077e-10,6.58704602848385e-10
"SCN3B","ENSG00000166257",54.5159164739663,-1.04423005829085,0.180271550124201,-5.79253940830603,6.93300508714676e-09,1.78031372021121e-08
"CYYR1","ENSG00000166265",769.098584729866,-2.27137792221088,0.109724710509717,-20.7006964216118,3.41401428708314e-95,7.02148938376766e-93
"TMEM100","ENSG00000166292",1117.02030809051,-4.33883067616173,0.235981344335134,-18.3863291752413,1.69045280612753e-75,1.32084157467423e-73
"APBB1","ENSG00000166313",1118.66877957857,-1.37388143720874,0.116253403668307,-11.8179889264033,3.1513832783672e-32,3.58928714193662e-31
"SYNPO2L","ENSG00000166317",27.5143239059111,-2.64000055894961,0.19008771784935,-13.8883279194392,7.45555125455894e-44,1.51938699997521e-42
"DCHS1","ENSG00000166341",1127.47057040777,-1.03784159823842,0.129940840360471,-7.98703160114499,1.38226667879411e-15,5.83873882994876e-15
"CYB5A","ENSG00000166347",8860.39629257602,-1.00151451120622,0.147864194865901,-6.77320504882541,1.2596022676334e-11,4.03618613444922e-11
"RIC3","ENSG00000166405",170.201241056081,-1.0279456966647,0.219250327502398,-4.68845683550212,2.75272961732387e-06,5.65235150823686e-06
"MFAP4","ENSG00000166482",5788.63258153778,-2.6520449857188,0.179859302643156,-14.7451087975166,3.30786296982512e-49,8.8208035944979e-48
"CCDC68","ENSG00000166510",657.961249517608,-1.04011365674783,0.151698662836705,-6.85644578072161,7.05948562298062e-12,2.30292390614389e-11
"CLEC4E","ENSG00000166523",226.368323368591,-1.63895916262878,0.189846352360131,-8.63308218595501,5.97204937398514e-18,2.94780357099907e-17
"CLEC4D","ENSG00000166527",27.9887546981768,-1.19809334753736,0.19863740148519,-6.0315597091955,1.62384703907253e-09,4.39768352809516e-09
"RRAD","ENSG00000166592",1462.36190829028,-1.21418282062304,0.214523777405127,-5.65989856840002,1.5146248943886e-08,3.78534902472782e-08
"CFAP52","ENSG00000166596",167.445341469738,-2.06598353789443,0.26670487403572,-7.74632839150037,9.45876981791593e-15,3.77949460366167e-14
"SCNN1G","ENSG00000166828",786.449813438407,-1.04403156479041,0.222802519420541,-4.68590556114762,2.7872477261795e-06,5.72034643568629e-06
"GPR182","ENSG00000166856",20.2369685801096,-1.58091625624867,0.150977177112485,-10.4712267541657,1.17115314766319e-25,9.25593784060839e-25
"MTMR10","ENSG00000166912",1131.25162472216,-1.10165970799583,0.084128390273923,-13.0949814255189,3.5176036780744e-39,5.67031374880949e-38
"MS4A6E","ENSG00000166926",4.92432900576187,-1.26934527602446,0.268774402878297,-4.72271638381886,2.32715276804536e-06,4.8121743301324e-06
"MS4A7","ENSG00000166927",1986.55576968176,-2.09941458824979,0.141487404517893,-14.8381730190286,8.29853874162256e-50,2.28088715366901e-48
"MS4A14","ENSG00000166928",133.888789075287,-1.59200796876046,0.163844188300485,-9.71659712360851,2.56200556629983e-22,1.68784851243751e-21
"EPB42","ENSG00000166947",1.50231650392358,-3.50224262320728,0.375476042350214,-9.32747293618447,1.08425121208008e-20,6.38384565243466e-20
"MS4A8","ENSG00000166959",507.592893752201,-1.72092732829219,0.348698687756321,-4.93528478516908,8.00338907649795e-07,1.72162347614544e-06
"CCDC178","ENSG00000166960",10.0310277014038,-1.97270547205187,0.250351982653808,-7.87972777822882,3.2809508394899e-15,1.34801500277825e-14
"MS4A15","ENSG00000166961",1341.83517518464,-1.92575273524108,0.350203085212268,-5.49895993655747,3.82037915384874e-08,9.25383026936721e-08
"TEF","ENSG00000167074",1511.86177678216,-1.16012598333804,0.122537747648353,-9.46749883690746,2.86624404080116e-21,1.75515758460147e-20
"GNGT2","ENSG00000167083",115.307156623156,-1.09967999553943,0.130207248769292,-8.44561271306718,3.02454851747788e-17,1.42566508491127e-16
"TTC16","ENSG00000167094",70.3476221900466,-1.39843995629792,0.21396468088364,-6.53584484374984,6.32514620795083e-11,1.92541410511848e-10
"SAMD14","ENSG00000167100",139.133524236214,-1.11438278780006,0.120601197504728,-9.24022987214837,2.45968237817732e-20,1.41879744657404e-19
"LOXHD1","ENSG00000167210",31.0858425851453,-2.16407652762285,0.179804752132991,-12.0357026271597,2.30661795845767e-33,2.77554237597061e-32
"DPEP2","ENSG00000167261",251.185494155763,-2.16235883016393,0.141055032575465,-15.3298949401685,4.82766747467181e-53,1.52348243605472e-51
"CA4","ENSG00000167434",313.098011808078,-4.34108985173215,0.275746870478785,-15.743024913373,7.66883593769402e-56,2.73889184497324e-54
"TUBA1A","ENSG00000167552",7179.50523874867,-1.06937585120721,0.126055511937389,-8.48337240293279,2.18759088822567e-17,1.04102563199527e-16
"GPD1","ENSG00000167588",551.630379348455,-3.93611812809848,0.222239662174452,-17.7111416098569,3.44023500294704e-70,2.15986403185022e-68
"LAIR1","ENSG00000167613",2059.83857420788,-1.05987922666698,0.132808118270904,-7.98053041083692,1.45705795415122e-15,6.13871861870208e-15
"KIR3DL1","ENSG00000167633",11.0353253426792,-1.71475018224356,0.307021355334337,-5.58511697134633,2.33542970868989e-08,5.74719347786938e-08
"PPP1R14A","ENSG00000167641",447.226162282771,-1.94530182368513,0.149450136294016,-13.0163937746976,9.87243564826924e-39,1.55362788966123e-37
"DNAAF3","ENSG00000167646",93.2315633226944,-1.14832972201317,0.212557551377525,-5.40244143090272,6.57399258761326e-08,1.56005901021438e-07
"KRT1","ENSG00000167768",20.6886205081664,-1.80022230610513,0.28198956928678,-6.3840031766364,1.72517509028616e-10,5.07122685896012e-10
"CD300C","ENSG00000167850",209.461945732278,-2.08635954109776,0.147889244643651,-14.107581292507,3.41076844718803e-45,7.41541674672362e-44
"TEKT1","ENSG00000167858",310.512360390393,-2.24182789453963,0.337517044754161,-6.64211757415843,3.09208145634574e-11,9.65223543237864e-11
"TMEM88","ENSG00000167874",126.258402932257,-2.14002966255714,0.141273010696137,-15.1481847241163,7.78883371736511e-52,2.31889520307511e-50
"SOST","ENSG00000167941",17.320604161428,-1.24510402633582,0.371009878399389,-3.35598618480847,0.00079082519112684,0.00127399254027483
"ABCA3","ENSG00000167972",15529.9873740797,-2.10306572695367,0.198188640905846,-10.6114342241883,2.63670239613755e-26,2.16713440395449e-25
"SCARA5","ENSG00000168079",400.899466975146,-2.31845226647635,0.28051683020096,-8.26493107317459,1.39775481066382e-16,6.31566334020399e-16
"FAM107A","ENSG00000168309",1690.00152074688,-4.54221434661921,0.20339954319276,-22.3314874523321,1.82742889944514e-110,1.12752363095765e-107
"CX3CR1","ENSG00000168329",278.095597877758,-1.56732262801384,0.194979863064621,-8.0383820327866,9.10324389354577e-16,3.89302923009595e-15
"MFSD2A","ENSG00000168389",2575.48351752243,-1.59676693754493,0.165561736643649,-9.64454088194166,5.18426578488529e-22,3.34760258711485e-21
"TNXB","ENSG00000168477",1766.46698850796,-2.69675361812973,0.205614072304471,-13.1156082261549,2.68023256370808e-39,4.33611222987601e-38
"LGI3","ENSG00000168481",631.714941058487,-4.25624648183079,0.331788325120827,-12.828198461416,1.13983829200969e-37,1.70670515137484e-36
"SFTPC","ENSG00000168484",164288.724932976,-4.71706030933633,0.373934951211582,-12.6146547522574,1.75324284910166e-36,2.48579828042599e-35
"CAVIN2","ENSG00000168497",3125.60845994052,-3.30302820883481,0.166108746290689,-19.8847338420973,5.51742506920347e-88,7.71275677837951e-86
"CHRM1","ENSG00000168539",27.29198216775,-4.48077991255765,0.327666009056472,-13.6748389784471,1.43524641407216e-42,2.74661647989232e-41
"GFRA2","ENSG00000168546",70.9074023911751,-1.71390629344888,0.168053132390259,-10.198597723658,2.01155764951699e-24,1.4972047014479e-23
"DYNLRB2","ENSG00000168589",82.4153644163561,-1.98522496501922,0.262650668934004,-7.55842341112806,4.07984123046391e-14,1.55585249651941e-13
"VWA3B","ENSG00000168658",274.282557958092,-1.82814160552444,0.26452226422703,-6.91110674886484,4.8088700212587e-12,1.58725532725294e-11
"IL7R","ENSG00000168685",3514.63397288127,-2.00758458657523,0.160614389237384,-12.4994067848309,7.52104086046431e-36,1.03121826909033e-34
"WFDC12","ENSG00000168703",22.9071394581046,-1.8051102015261,0.375390436230831,-4.8086206448161,1.51975298153936e-06,3.19390886759264e-06
"PKIG","ENSG00000168734",1968.20136772629,-1.13898086595433,0.12578769805147,-9.05478742037456,1.36834055995004e-19,7.48737542482753e-19
"NPNT","ENSG00000168743",4349.52846900108,-1.80937231211032,0.179220015308524,-10.0958160783299,5.76495476212503e-24,4.18298197723857e-23
"ATOH8","ENSG00000168874",2002.15292668746,-1.62151338444344,0.229035116952623,-7.07975879864249,1.44405581682982e-12,4.96989627438661e-12
"BTNL3","ENSG00000168903",10.8095237156144,-1.25152174200014,0.456466835793841,-2.74175831377458,0.00611112885814973,0.00885898312070592
"PLA2G4F","ENSG00000168907",1061.75692337437,-2.67561148111217,0.211361481288852,-12.6589360785923,9.98432709778819e-37,1.43608974888042e-35
"ENHO","ENSG00000168913",19.8071946036241,-1.47577431910343,0.243593209425972,-6.0583557422684,1.37519998243776e-09,3.75269990632283e-09
"CTRB2","ENSG00000168928",1.69330750248312,-1.42370661275197,0.241565203867664,-5.8936742128304,3.77701491487824e-09,9.93708688015239e-09
"STXBP6","ENSG00000168952",375.657774622982,-3.49839319661456,0.202506893527732,-17.2754276937021,7.20374200114137e-67,3.94179069193953e-65
"PXDC1","ENSG00000168994",1721.73519873174,-1.06211163011778,0.110403008410475,-9.62031420528762,6.56303762460355e-22,4.19701330296752e-21
"SIGLEC7","ENSG00000168995",127.8155637783,-1.22917767765174,0.150718485881102,-8.15545399402039,3.47870632531534e-16,1.52634851100705e-15
"COL4A3","ENSG00000169031",1140.56144427756,-1.42047745676048,0.210430041654847,-6.75035487133718,1.47483978829412e-11,4.70062492553378e-11
"ZBBX","ENSG00000169064",132.597148678806,-1.61331011073532,0.325983191995606,-4.94905918571736,7.45730696683335e-07,1.60763365731987e-06
"ARMC4","ENSG00000169126",172.867759876696,-1.59388428380169,0.263642947436249,-6.04561699564183,1.48839295889326e-09,4.0449294066642e-09
"PCSK9","ENSG00000169174",789.804516371746,-1.48627522620495,0.274971690668301,-5.4051936131776,6.47384243985758e-08,1.53812857225298e-07
"GSG1L","ENSG00000169181",5.6516025475214,-2.40232505508027,0.27411498071321,-8.76393201433116,1.88555570797476e-18,9.62574844016901e-18
"IL13","ENSG00000169194",4.53591465751517,-1.7507023276951,0.233917566828765,-7.48427042666985,7.19456768342073e-14,2.69709615670327e-13
"RSPO1","ENSG00000169218",59.1904290548147,-3.59008941098848,0.204931534682596,-17.5184820459619,1.03551577854825e-68,6.11501116355244e-67
"GCSAML","ENSG00000169224",46.6568610349294,-1.62424934585791,0.219069527589222,-7.41430980260999,1.2225982568831e-13,4.5205711503528e-13
"ADRB2","ENSG00000169252",437.275045879786,-3.07436712322595,0.162380488897753,-18.9331067057065,6.08647293036178e-80,5.50026566378603e-78
"B3GALNT1","ENSG00000169255",778.570894760951,-1.26290573100204,0.142709088699767,-8.84951156586084,8.79031536926567e-19,4.57889702772258e-18
"HSPB3","ENSG00000169271",12.6457607556188,-2.52870401955523,0.227970942650495,-11.0922207460098,1.36847632948967e-28,1.28199722322296e-27
"KCNAB1","ENSG00000169282",172.054160872987,-1.57556148085036,0.137813806381979,-11.4325372922606,2.8758080375663e-30,2.97438342290022e-29
"P2RY12","ENSG00000169313",85.4150200331256,-1.11649353383868,0.194523946440443,-5.73962000190303,9.48892252544735e-09,2.41138035432225e-08
"C22orf15","ENSG00000169314",58.076784654147,-1.68305407054027,0.268147485653509,-6.2765983668967,3.46060479606171e-10,9.93431760242774e-10
"ARL13B","ENSG00000169379",634.158592600104,-1.06337536806902,0.075967243022416,-13.9978143968611,1.60738316429911e-44,3.39562065629327e-43
"RSPH10B2","ENSG00000169402",7.15223003716346,-1.82791075594286,0.28175030442577,-6.48769753654141,8.71580282138693e-11,2.62368539507194e-10
"NPR1","ENSG00000169418",938.326180617881,-2.61265118363984,0.165817994914233,-15.7561378364948,6.23273835022851e-56,2.2394053674827e-54
"SDC2","ENSG00000169439",2562.59200415799,-1.10313933622677,0.130983512650588,-8.42197093285714,3.70202924879502e-17,1.73268138500364e-16
"CD52","ENSG00000169442",2022.02031502749,-2.3649320926716,0.159361308751146,-14.8400644498007,8.06784128759836e-50,2.22740002350515e-48
"ZEB2","ENSG00000169554",2637.15399350434,-1.28373872289469,0.132949039682896,-9.65587059490321,4.6419943290018e-22,3.00721232906695e-21
"CLIC3","ENSG00000169583",1090.00744899088,-1.80799307162193,0.203512282146939,-8.8839506517672,6.45269223145548e-19,3.39283050536094e-18
"GP9","ENSG00000169704",4.98650954881522,-3.08321151160552,0.256528687088118,-12.0189735760291,2.82458270813109e-33,3.38288208812514e-32
"LDB2","ENSG00000169744",980.849392903397,-2.57494594739651,0.118079369451997,-21.8069080089668,1.9951240528561e-105,8.30203597157076e-103
"P2RY1","ENSG00000169860",365.131452898336,-1.72976807194411,0.128131941723685,-13.4998974391127,1.5659398622809e-41,2.87968776524072e-40
"AHSP","ENSG00000169877",2.26840040697994,-1.83131875798482,0.300405457206812,-6.09615675764525,1.0864887468393e-09,2.99223382287143e-09
"REPS2","ENSG00000169891",1114.60766757945,-1.06210700672869,0.132890038686327,-7.99237487796716,1.32363823520374e-15,5.59637498641318e-15
"KLF13","ENSG00000169926",5027.43090179291,-1.38238458219211,0.0914743459624502,-15.1122652766446,1.34437481192696e-51,3.97601628261308e-50
"FRMPD4","ENSG00000169933",6.57433970030073,-1.71934288126998,0.324357204988759,-5.30076981434577,1.15315405544354e-07,2.67722661399393e-07
"MYO7B","ENSG00000169994",148.894855517626,-1.6651735035781,0.23098071704044,-7.20914509624006,5.6304241788507e-13,1.9910114591339e-12
"MYRIP","ENSG00000170011",136.967570147282,-1.17084352231408,0.209241412548841,-5.59565866073851,2.19785744794604e-08,5.41982680762108e-08
"SERPINA9","ENSG00000170054",11.2221760218811,-2.17761584206775,0.310162829300006,-7.02087947476597,2.20475985018213e-12,7.47579458012295e-12
"FABP4","ENSG00000170323",937.898718024526,-4.90053013937417,0.257418162911385,-19.0372353059685,8.38378799360582e-81,7.89532202997836e-79
"FOS","ENSG00000170345",18244.0267728538,-1.67803073035038,0.178511924742988,-9.40010440628168,5.45089557139905e-21,3.27841594820314e-20
"CST5","ENSG00000170367",25.9865364276946,-1.92865174137799,0.278656457688745,-6.92125263263149,4.47667309161487e-12,1.48033841486352e-11
"KRT4","ENSG00000170477",646.357901313419,-2.12740412811088,0.340413658277782,-6.24946760031257,4.11854163707794e-10,1.17495321288641e-09
"KRT72","ENSG00000170486",1.90375026382839,-1.52736184079408,0.300848539407746,-5.07684645503303,3.83750737884291e-07,8.47904339800091e-07
"HSD17B13","ENSG00000170509",142.449130704972,-1.4688954934896,0.292221831008087,-5.02664530032647,4.99134328245257e-07,1.0918105788866e-06
"IRX1","ENSG00000170549",103.430318584513,-1.35447063397983,0.336840685632751,-4.02110164167217,5.79266020866866e-05,0.000105601700574334
"TTLL6","ENSG00000170703",63.9003152381656,-1.05659661140951,0.256066403443691,-4.12626020907057,3.68710068475882e-05,6.86006993369965e-05
"AKAP13","ENSG00000170776",8521.33755155428,-1.01474527800231,0.110776593763263,-9.16028597314426,5.17599678634208e-20,2.92158077280817e-19
"DYDC1","ENSG00000170788",4.94702441901955,-1.84588397275206,0.348788842758639,-5.29226783217204,1.20808788085299e-07,2.7985909440837e-07
"PLA2G1B","ENSG00000170890",270.928686450402,-2.17639533736637,0.298129484486925,-7.30016804983882,2.87408528458406e-13,1.03786090811428e-12
"OSCAR","ENSG00000170909",734.339185118907,-2.21297413463185,0.15660177816779,-14.131219712338,2.43883266559916e-45,5.35435986325961e-44
"NCBP2L","ENSG00000170935",5.27903385536159,-1.38257187890501,0.214950101167888,-6.43205967986564,1.2588629068437e-10,3.74166677610537e-10
"DCDC1","ENSG00000170959",48.5251736581494,-1.22146326253397,0.267794527634254,-4.56119575453839,5.08631344998705e-06,1.0206280874803e-05
"S1PR1","ENSG00000170989",1751.34176810987,-2.84570084542512,0.120124521665863,-23.689591483583,4.61622853881699e-124,6.35370594192711e-121
"FPR2","ENSG00000171049",249.683020885809,-2.95439922100298,0.211716335419347,-13.954517090763,2.95295045082345e-44,6.15817510682798e-43
"FPR1","ENSG00000171051",833.555278466277,-1.92971746193648,0.162597940904406,-11.8680313613011,1.73502383576507e-32,2.00288912860287e-31
"SOX7","ENSG00000171056",298.041218140725,-2.93531907313648,0.159022219753932,-18.4585467218263,4.45158817013638e-76,3.52443659859515e-74
"GIMAP8","ENSG00000171115",1086.34757378111,-2.44673220186843,0.121498257175744,-20.1380024598155,3.42888778460677e-90,5.62872377339164e-88
"PRKCE","ENSG00000171132",1042.29306042264,-1.85086327004788,0.0939423709155468,-19.7021136683019,2.06803615216311e-86,2.64309791933247e-84
"JUNB","ENSG00000171223",7723.81795489038,-1.15405459517074,0.119494133349165,-9.65783476414329,4.55386872955723e-22,2.95332994483391e-21
"SOSTDC1","ENSG00000171243",282.236434354525,-3.73083669277807,0.311969240997309,-11.9589889081733,5.82670528893862e-33,6.86914793951611e-32
"KCNK3","ENSG00000171303",882.567025836324,-2.20445261787824,0.23236425189005,-9.48705577534939,2.37651699452467e-21,1.46378721456213e-20
"TPPP","ENSG00000171368",1048.9583770811,-1.67748609719419,0.185221995401971,-9.0566246927299,1.3454960054825e-19,7.36687883295546e-19
"APLN","ENSG00000171388",732.967891455213,-1.62175495384185,0.186190900654685,-8.71017298986915,3.03411398924002e-18,1.52798766139802e-17
"MCC","ENSG00000171444",727.090141622023,-1.18137911074669,0.135140637269736,-8.7418494881647,2.29324873660149e-18,1.16372942836104e-17
"KRT27","ENSG00000171446",10.713935974939,-1.89866745579137,0.265388257856138,-7.15430091417458,8.41004023632254e-13,2.93621170631257e-12
"LRRC8C","ENSG00000171488",1020.21987447772,-1.10613561674593,0.105540683920484,-10.4806561380568,1.06005711600368e-25,8.40397443644592e-25
"OR1L8","ENSG00000171496",6.38456827359509,-1.60267052111054,0.160198479118882,-10.0042805020715,1.45948726409677e-23,1.03342325352131e-22
"RXFP1","ENSG00000171509",99.9396933572124,-3.09677176315258,0.172300780464301,-17.9730570854506,3.16767840874768e-72,2.17997191414317e-70
"PTGER4","ENSG00000171522",800.61220049378,-1.57768178947699,0.132371347972148,-11.9186048464879,9.46807424887142e-33,1.1051027562626e-31
"MAP6","ENSG00000171533",407.578672460331,-1.42422450688904,0.165028914154692,-8.63015135368353,6.12708408484768e-18,3.02266102923021e-17
"DNAI2","ENSG00000171595",115.688026497032,-1.96418117838253,0.323458043197798,-6.07244500388389,1.25977249054313e-09,3.44823453775252e-09
"NMUR1","ENSG00000171596",75.8978395901155,-2.67748416811035,0.156112118608279,-17.1510334494196,6.17445763921766e-66,3.23039679937197e-64
"PTCRA","ENSG00000171611",31.1305716755542,-2.42865685531519,0.178751257989322,-13.5867958784395,4.7962165480542e-42,8.98625159102971e-41
"LKAAEAR1","ENSG00000171695",6.66118059583724,-1.84450522098557,0.26304966562106,-7.0120036709824,2.34929038509877e-12,7.94283496317573e-12
"RASGRP4","ENSG00000171777",175.154361270011,-1.93545939107435,0.13026746208227,-14.8575811652185,6.21281528305922e-50,1.72886320155177e-48
"CFAP46","ENSG00000171811",138.34743716112,-1.35855284983415,0.275489842493406,-4.93140813301192,8.16389602018243e-07,1.75319960980706e-06
"ANGPTL7","ENSG00000171819",28.8051098280312,-3.40181706024819,0.306297363742814,-11.1062564126558,1.1696071481123e-28,1.10146214216702e-27
"PRND","ENSG00000171864",59.9297700704571,-1.08259714414397,0.27412347873329,-3.94930470438574,7.83785281427629e-05,0.00014087664530974
"KLF17","ENSG00000171872",8.32781443657677,-1.90488171227094,0.18119401322731,-10.51293957423,7.53088884817294e-26,6.03719507886911e-25
"ADRA1D","ENSG00000171873",30.9776843153437,-1.90311634260403,0.220877455309107,-8.61616383591846,6.92346703602217e-18,3.40614780521157e-17
"AQP4","ENSG00000171885",6698.76115569689,-2.96281613665486,0.266764198121236,-11.1064983889193,1.16644305517398e-28,1.09963991497513e-27
"SRGAP2C","ENSG00000171943",285.622399188303,-1.13254577115139,0.0849707197039607,-13.3286592734203,1.57706410242272e-40,2.73699398493209e-39
"DRC3","ENSG00000171962",297.424109708982,-1.24712894468297,0.1647130651733,-7.57152411298296,3.68870582276676e-14,1.41210982641775e-13
"SYNPO","ENSG00000171992",6705.01391237949,-1.73388321914469,0.11437323323488,-15.1598688793203,6.51993677633429e-52,1.95085666787541e-50
"MAL","ENSG00000172005",310.748480528111,-1.2528676883356,0.195095491023959,-6.42181775580728,1.34656577392879e-10,3.99371811584749e-10
"LAMB2","ENSG00000172037",8959.3076861145,-1.01482270013665,0.0901329206268284,-11.2591791443024,2.08693523716242e-29,2.05625177304775e-28
"FRMD3","ENSG00000172159",251.01190540298,-2.39763484367951,0.150924566824952,-15.8863125740184,7.88303987111994e-57,2.92031537088921e-55
"ID4","ENSG00000172201",1380.7103967099,-1.94212291708151,0.178673662802173,-10.8696653251678,1.60789568456183e-27,1.41445808671902e-26
"TPSAB1","ENSG00000172236",835.412670488985,-1.74899319512339,0.188551170747595,-9.27596041005066,1.76025965635921e-20,1.02481305729991e-19
"NEGR1","ENSG00000172260",299.389175023524,-1.63590448990831,0.184130651911844,-8.88447671760554,6.42223355151231e-19,3.37880108606909e-18
"CLEC12A","ENSG00000172322",277.359053626045,-1.82038655941575,0.185384937328206,-9.81949550838068,9.28068228387511e-23,6.29250655950653e-22
"CFAP53","ENSG00000172361",161.299149991944,-1.58546886028925,0.195890196690541,-8.0936610768425,5.78976446756628e-16,2.50899141724784e-15
"SYNPO2","ENSG00000172403",1041.21636363265,-1.77537422182841,0.154773300021229,-11.4708042122569,1.84932561426048e-30,1.93848759320228e-29
"RSPH9","ENSG00000172426",132.274301711804,-1.52657711945111,0.183305590832373,-8.32804451036695,8.21886152431317e-17,3.75536489414034e-16
"IL17D","ENSG00000172458",76.2655458234214,-1.57045986180558,0.139203870091262,-11.2817255782902,1.61545705065734e-29,1.60140570678182e-28
"RAB40A","ENSG00000172476",56.6763882011845,-1.64412553673363,0.148681031311102,-11.0580719156665,2.00358140570087e-28,1.86234192686783e-27
"SNTG2","ENSG00000172554",8.89719801799451,-1.05404142517229,0.269297957204945,-3.91403423966609,9.07667562868194e-05,0.000161842508245148
"COL6A5","ENSG00000172752",288.221101901024,-1.58730355735156,0.210209411138261,-7.55105848380662,4.31734903124563e-14,1.64397374369181e-13
"EFCAB12","ENSG00000172771",128.187053500148,-1.5476250680073,0.216788884843979,-7.13885801442777,9.41094805578363e-13,3.27607185918553e-12
"MRGPRF","ENSG00000172935",192.006675246804,-1.22566711299758,0.148175484441799,-8.27172671386816,1.32032671234765e-16,5.97486238341843e-16
"HPSE2","ENSG00000172987",67.3933334827728,-2.37106781421818,0.237119432619063,-9.99946646307704,1.53220325196822e-23,1.08405349100306e-22
"LRRN3","ENSG00000173114",171.126278411406,-2.71104521814497,0.209068186597654,-12.9672776248942,1.87574792030337e-38,2.91343381406148e-37
"ABLIM3","ENSG00000173210",944.915794672473,-1.42061879969428,0.159398309248456,-8.91238311367499,4.99472010713772e-19,2.64331638204718e-18
"MMRN2","ENSG00000173269",1375.21237043467,-2.13490366760859,0.111217031045264,-19.1958340152032,4.00993706060466e-82,3.98610021252217e-80
"C1QB","ENSG00000173369",13382.0471430767,-1.59530822880329,0.159636355502071,-9.99338918622828,1.62914304577531e-23,1.1508194440607e-22
"C1QA","ENSG00000173372",10991.2562240508,-1.5689878088441,0.153380358017495,-10.2293920103194,1.46435808786397e-24,1.09584940469051e-23
"NDNF","ENSG00000173376",4137.09416864987,-1.79612606480797,0.199480241523343,-9.00402992843673,2.17580804644233e-19,1.17512023468133e-18
"OLR1","ENSG00000173391",2366.83494617749,-2.53604187874064,0.175698339184119,-14.4340685889071,3.15884103866411e-47,7.48624406686317e-46
"PTPRM","ENSG00000173482",2831.14731960168,-1.39178734618229,0.123247535258796,-11.2926180897639,1.42721047733135e-29,1.42347140863377e-28
"PEAK1","ENSG00000173517",2622.07721622221,-1.62447906774786,0.100659488326088,-16.1383600767504,1.37136778402129e-58,5.42873534502055e-57
"SCAI","ENSG00000173611",713.495802061386,-1.10241544752734,0.104667135833865,-10.5325844520784,6.11325948729586e-26,4.92501359775709e-25
"TRAPPC3L","ENSG00000173626",3.71628816707802,-2.11146315787972,0.180241935634466,-11.7146054299029,1.07289567202924e-31,1.193121333724e-30
"APOBEC4","ENSG00000173627",62.7448774092944,-1.83245008532344,0.344504135109666,-5.31909460169503,1.04284904117481e-07,2.43249874771749e-07
"SLC19A1","ENSG00000173638",1442.23955601709,-1.02632382379495,0.094751555091286,-10.8317359309424,2.43494791886184e-27,2.11909159106006e-26
"HSPB7","ENSG00000173641",250.570111443179,-1.49864346765472,0.159969219817345,-9.36832391484997,7.36934312516535e-21,4.39093095366578e-20
"HEG1","ENSG00000173706",4724.39644456591,-2.12223341959136,0.121976694765554,-17.3986795073469,8.44267969985428e-68,4.79571009109501e-66
"WFIKKN2","ENSG00000173714",13.8352689677603,-3.04535671143092,0.269169500263968,-11.3138996373824,1.11998644615802e-29,1.122684452723e-28
"PHOSPHO1","ENSG00000173868",44.8999853340121,-1.65666651571703,0.156084719703824,-10.6138930118246,2.56820449889082e-26,2.11277623442085e-25
"SLCO4C1","ENSG00000173930",975.313057708379,-1.21079856889687,0.215946791839239,-5.60693010803441,2.05946776099108e-08,5.08978682975322e-08
"PIFO","ENSG00000173947",874.571715968321,-1.10142467950555,0.20431035957377,-5.39093897051196,7.00904774711385e-08,1.65933965783419e-07
"NRROS","ENSG00000174004",425.931294408265,-1.07914998159599,0.121466282301117,-8.88435836803466,6.42907346684438e-19,3.38140539512776e-18
"CD34","ENSG00000174059",2687.49071546909,-1.67115360398175,0.113706488269972,-14.6970821930051,6.7297606872177e-49,1.76821744458717e-47
"MSRB3","ENSG00000174099",1350.67367139568,-1.84003033249551,0.130634700361545,-14.0853106211675,4.67598247268197e-45,1.01169715095161e-43
"GSTA3","ENSG00000174156",20.7820849596388,-2.54305123499656,0.327068063748445,-7.77529669467356,7.52707766278073e-15,3.03269535285151e-14
"SELP","ENSG00000174175",485.810221890599,-2.32143968032344,0.153224679218466,-15.1505598978188,7.51238728732699e-52,2.2403190955357e-50
"ZBTB4","ENSG00000174282",5412.43274118776,-1.0234742862716,0.0796136759475055,-12.8555084800562,8.00974270290979e-38,1.20638321703001e-36
"SLC16A11","ENSG00000174326",141.087261036678,-1.61642701637207,0.192545521218439,-8.39503825455523,4.65742585761889e-17,2.16062537906079e-16
"SLCO2A1","ENSG00000174640",3799.1021598535,-1.79926013548511,0.161102809393503,-11.1683970146685,5.82220969361879e-29,5.57095176726851e-28
"FAM241A","ENSG00000174749",689.708367153434,-1.10540276556161,0.100998734153918,-10.9447190088246,7.04357881001843e-28,6.3395752337857e-27
"FZD4","ENSG00000174804",1672.49918658101,-1.60243604269187,0.129372213075448,-12.3862458915915,3.10229282469378e-35,4.12708739867998e-34
"ADGRE1","ENSG00000174837",158.159844448744,-2.6683356373916,0.198371341016797,-13.4512154009468,3.02853084683305e-41,5.4792216827486e-40
"DNAH12","ENSG00000174844",233.451674682131,-1.51166433917769,0.287983764357163,-5.24913042425163,1.52818855327032e-07,3.49889670936224e-07
"CATSPERD","ENSG00000174898",39.6070100880656,-2.54392937632823,0.330495377488771,-7.69732210979159,1.38947326006692e-14,5.47859079823212e-14
"P2RY14","ENSG00000174944",209.811316747153,-1.43355429544752,0.13699990348461,-10.4639073385081,1.26527863618243e-25,9.97780107413494e-25
"DES","ENSG00000175084",711.178748516713,-3.04363704428703,0.225750654775363,-13.4822955322794,1.98823232620687e-41,3.63014704212443e-40
"VWA3A","ENSG00000175267",178.434571138179,-1.31244333196677,0.3048289958771,-4.305506857018,1.66603829547703e-05,3.19237772766873e-05
"GRAMD2A","ENSG00000175318",1135.15259712294,-1.3205708866295,0.16648205155635,-7.93221175666812,2.15276950581101e-15,8.97681304299148e-15
"LPL","ENSG00000175445",3456.10489181926,-2.0831571501474,0.224213060985464,-9.29097145809207,1.52886453605181e-20,8.94570737199968e-20
"LRRC25","ENSG00000175489",526.471925040239,-1.06761145543197,0.13268599332255,-8.04615037878699,8.54389990089747e-16,3.66521220155259e-15
"TOM1L2","ENSG00000175662",2439.98617899259,-1.37164583372095,0.0897038373422569,-15.2908267289342,8.80255717403525e-53,2.73920270460892e-51
"PRIMA1","ENSG00000175785",43.271962257742,-1.5093362445969,0.281002220623741,-5.37126091475942,7.81879826412209e-08,1.8456696218989e-07
"A2M","ENSG00000175899",58332.2061769242,-1.87275344059217,0.14111110217059,-13.2714819159175,3.3881348985896e-40,5.78472306683814e-39
"DOK7","ENSG00000175920",159.45451681566,-1.12237672300415,0.193140771828864,-5.81118482843513,6.20322292864614e-09,1.60026337748364e-08
"DENND2C","ENSG00000175984",171.738590945418,-1.10057133966266,0.126657985727001,-8.68931661391514,3.64626160686944e-18,1.8259882152733e-17
"TUBB6","ENSG00000176014",2566.27230608418,-1.3088123458009,0.129878700500175,-10.0771900300861,6.96906447423313e-24,5.02609716394411e-23
"C11orf16","ENSG00000176029",132.366214709262,-1.17390011491236,0.26946498766201,-4.35641054927991,1.32212687880498e-05,2.55528367276491e-05
"NUPR1","ENSG00000176046",346.939194304406,-1.1123732703956,0.142806845282987,-7.78935539253257,6.73519164419098e-15,2.72099309301217e-14
"LRRTM4","ENSG00000176204",16.0025656106225,-1.78856784846211,0.274515557742624,-6.51536059802849,7.25152408739422e-11,2.19434331973186e-10
"CLEC14A","ENSG00000176435",1499.33891217767,-2.29382901791494,0.117903241882473,-19.4551819041706,2.63416643340763e-84,2.92752422316539e-82
"SYNE3","ENSG00000176438",560.385095010695,-1.69050744153891,0.133909452207716,-12.6242577627504,1.55197864222397e-36,2.2079833071672e-35
"GNG7","ENSG00000176533",426.335084243155,-1.05251143634648,0.135389200303991,-7.77396892797402,7.60644049027192e-15,3.06398108267527e-14
"MAP3K19","ENSG00000176601",126.596522401601,-1.58980732398155,0.290188305487636,-5.47853684630748,4.28857290474762e-08,1.03403092554439e-07
"BDNF","ENSG00000176697",112.353727525369,-2.34766478973595,0.241647196773355,-9.71525770248379,2.59591531181362e-22,1.70892982613249e-21
"NCKAP5","ENSG00000176771",539.718701047443,-3.50861703618818,0.217816221144438,-16.1081530923335,2.23603217545304e-58,8.77397449898711e-57
"GCNT4","ENSG00000176928",207.594719033706,-1.08731632047821,0.184709736953396,-5.8866215631748,3.94169860855496e-09,1.03520935275024e-08
"FIBIN","ENSG00000176971",586.643482975593,-2.15105265074388,0.17107060717527,-12.5740633429799,2.93255332245765e-36,4.10901931078581e-35
"SCN4B","ENSG00000177098",442.442337438388,-2.80518213338427,0.17105780778999,-16.3990300684095,1.94315691957605e-60,8.12357634625567e-59
"CASKIN2","ENSG00000177303",1832.81109023085,-1.72131973419335,0.0958404903403493,-17.9602559219031,3.98964084366029e-72,2.72468105403105e-70
"LRRN4CL","ENSG00000177363",64.7394832461099,-1.20750177188111,0.172813890042824,-6.98729582200763,2.80234964668048e-12,9.42881576307895e-12
"NIM1K","ENSG00000177453",97.6698606755605,-2.25060329819814,0.204319975424663,-11.0150918603061,3.23206757140442e-28,2.97028171829169e-27
"GPR4","ENSG00000177464",360.963938860395,-1.58281518068295,0.120885985306462,-13.093454767898,3.58904317036744e-39,5.77506739634753e-38
"CAVIN1","ENSG00000177469",11383.6256421874,-2.08114834831935,0.117327478455402,-17.7379449018878,2.13605557389649e-70,1.35533483630248e-68
"ZBED2","ENSG00000177494",295.775003297666,-2.36870613224383,0.185946793840707,-12.738623147614,3.60704316919766e-37,5.28157311182109e-36
"OR2B11","ENSG00000177535",4.90785538871959,-1.09883058323657,0.252602885853128,-4.35003178813828,1.36117798380282e-05,2.62706910410784e-05
"FAM187B","ENSG00000177558",1.5523053717685,-1.17521479686675,0.266051852286831,-4.41723967251221,9.99693612925947e-06,1.95363890520795e-05
"CD163","ENSG00000177575",4950.77865190669,-1.19289382358033,0.170126325715969,-7.01181206706308,2.35251069918527e-12,7.95116621468114e-12
"JUN","ENSG00000177606",10968.3106477502,-1.09229784214013,0.119920849782726,-9.10848984241829,8.35366135182378e-20,4.64198952075102e-19
"MYOZ1","ENSG00000177791",112.064391325792,-1.81201011022169,0.207464446900727,-8.73407534298512,2.45657339444647e-18,1.24308449510268e-17
"C2orf73","ENSG00000177994",24.3042574785492,-1.70234574689427,0.273237874690099,-6.23027004885407,4.65631828157959e-10,1.32288826631158e-09
"HTR3C","ENSG00000178084",19.0258747491743,-4.55470453163501,0.364171477659541,-12.5070325685779,6.83294215354973e-36,9.3903098274551e-35
"PPP1R42","ENSG00000178125",24.4257749715531,-1.91986949993235,0.292398511834894,-6.56593457977799,5.17075151970409e-11,1.58452229734655e-10
"ZNF366","ENSG00000178175",121.402656328137,-1.94806795940835,0.140948061186091,-13.8211759921717,1.8994126750166e-43,3.79310167344553e-42
"SH2D4B","ENSG00000178217",16.4882323611123,-2.21737692554608,0.166613877759027,-13.30847679299,2.06651876489714e-40,3.57603677565808e-39
"ERBB4","ENSG00000178568",228.565020513013,-1.67100917884218,0.248583513735167,-6.72212390006854,1.79094558405105e-11,5.66974333606254e-11
"C10orf53","ENSG00000178645",1.3492442886156,-1.68426533845948,0.41213427210408,-4.08669080069647,4.37569650388569e-05,8.08324773322596e-05
"KCTD12","ENSG00000178695",6666.41077724378,-1.3106756955577,0.12035488720209,-10.8900911797368,1.28511543270117e-27,1.13721911163808e-26
"THBD","ENSG00000178726",2812.33299821173,-2.44036249270846,0.144860016718549,-16.8463496552667,1.11593660345096e-63,5.35320473070993e-62
"TMEM139","ENSG00000178826",104.174573887959,-1.91133813427377,0.224238304678055,-8.52369151210778,1.54546909906413e-17,7.43362327676195e-17
"APOLD1","ENSG00000178878",1262.47877622556,-1.99802408111894,0.13904378846411,-14.3697471364186,8.01232477582474e-47,1.87895841695717e-45
"ERICH3","ENSG00000178965",294.201735439437,-2.02171239364156,0.346251218929182,-5.83886000428797,5.25592096300126e-09,1.36295933030408e-08
"EXD1","ENSG00000178997",7.81284492382601,-2.42578120143191,0.206248257669134,-11.761462757777,6.16567383300438e-32,6.93415473877733e-31
"EXOC3L1","ENSG00000179044",263.342656674564,-1.26447214751296,0.103064887076045,-12.2686996841125,1.33378112394217e-34,1.71323371505365e-33
"CCDC89","ENSG00000179071",51.7310444409186,-1.208470214245,0.182020447683227,-6.63920031857148,3.15389531805131e-11,9.83832791595049e-11
"PER1","ENSG00000179094",5443.18067863089,-1.17712483271912,0.147364379995594,-7.98785183199845,1.37310339355328e-15,5.80140236619808e-15
"C10orf67","ENSG00000179133",50.6629288808116,-3.75207988915736,0.265215672434695,-14.1472781555971,1.94126638303595e-45,4.27245748974935e-44
"GIMAP7","ENSG00000179144",748.39910231563,-1.81073063055005,0.124910791006172,-14.4961905690004,1.28062495111246e-47,3.10912106516353e-46
"PCARE","ENSG00000179270",21.6860584865747,-2.97873901074212,0.301699820012573,-9.87318789457012,5.44074248247426e-23,3.73852554680922e-22
"RTL3","ENSG00000179300",4.31288770875217,-1.4438197357783,0.207864579613823,-6.94596327311112,3.75886557359678e-12,1.25060211432442e-11
"GATA2","ENSG00000179348",726.686994781435,-1.87460114435021,0.136984271801584,-13.6847911055475,1.25166337187061e-42,2.4055867575597e-41
"EGR3","ENSG00000179388",475.3885498965,-1.74940790952867,0.17698647111019,-9.88441601527555,4.86409536730992e-23,3.35388279026113e-22
"GPC5","ENSG00000179399",93.9197310896301,-1.43304202190443,0.273033738856528,-5.24858952562436,1.53268153114535e-07,3.50693997912836e-07
"LSMEM2","ENSG00000179564",3.46154303292322,-1.15114663489015,0.210597476226907,-5.4660989082787,4.6004770187406e-08,1.10609973044771e-07
"CDH5","ENSG00000179776",3090.27066962568,-2.55024180097774,0.118881869852879,-21.4518984613361,4.38390475491512e-102,1.32951199626604e-99
"LRRC3B","ENSG00000179796",7.44991884444384,-1.0355056922157,0.307284330822529,-3.36986168296928,0.000752059232927251,0.00121482313395028
"FAM216B","ENSG00000179813",426.981931167838,-2.33433914435232,0.323062685726858,-7.22565386683485,4.9869646633956e-13,1.7687167239274e-12
"MYADM","ENSG00000179820",5399.60059666589,-1.98182573038241,0.1191765586688,-16.6293250327024,4.27381608019702e-62,1.91178477807413e-60
"GIPC3","ENSG00000179855",249.739117270573,-1.21944896689174,0.121128718548489,-10.0673810596253,7.70011518111814e-24,5.54439279419505e-23
"C1orf194","ENSG00000179902",168.759493901308,-2.2124173969026,0.294961389760027,-7.50070169761053,6.34770994881776e-14,2.39064563490204e-13
"ITLN1","ENSG00000179914",213.702177493201,-4.76944334410666,0.315293311421115,-15.1270045108456,1.07477436727766e-51,3.18393009167204e-50
"GPBAR1","ENSG00000179921",60.0039881136659,-1.83898971495506,0.148907489663007,-12.3498805810029,4.87837873266992e-35,6.39947438883159e-34
"TMEM150B","ENSG00000180061",188.989288485767,-1.82076880607163,0.158301784517566,-11.5018842751554,1.29066611547052e-30,1.36006412273934e-29
"MTURN","ENSG00000180354",1873.48913058521,-1.23950769282207,0.13520489019626,-9.16762471403831,4.83556144156026e-20,2.73546319550546e-19
"SERTM1","ENSG00000180440",114.410347624428,-4.77585991646719,0.392502688324769,-12.1677126259973,4.61843865612813e-34,5.76676363392189e-33
"GLIPR1L2","ENSG00000180481",36.7149576459362,-1.31202219729157,0.156856982781796,-8.36444877380259,6.03966207470422e-17,2.78023343202168e-16
"KCNE1","ENSG00000180509",52.3170681279038,-1.57171372330885,0.19892516930497,-7.90102996418353,2.7660814161779e-15,1.14606404433884e-14
"RNF182","ENSG00000180537",86.8455515680163,-2.0309282902761,0.232197153670371,-8.74656841469826,2.19938946144883e-18,1.11800214868477e-17
"PRF1","ENSG00000180644",870.06062632107,-1.27971293616651,0.164700973995326,-7.7699172331721,7.85374275036346e-15,3.1607516651429e-14
"CHRM4","ENSG00000180720",15.8135837428389,-1.1767194161284,0.248827527613503,-4.72905641676497,2.2556570352557e-06,4.67189157678322e-06
"S1PR5","ENSG00000180739",61.6321084719607,-1.51865214975374,0.195864719181348,-7.75357683661058,8.93396912772676e-15,3.57778669656255e-14
"AGTR2","ENSG00000180772",390.073278382784,-2.99597014899587,0.347045202969513,-8.63279516143913,5.98705969235699e-18,2.95439765789696e-17
"MAP3K15","ENSG00000180815",37.5132339840087,-1.64196633505315,0.23656479351083,-6.94087362149252,3.89682508369621e-12,1.29457651731482e-11
"CXCR2","ENSG00000180871",120.054558172973,-2.59798350201216,0.183148071318473,-14.1851534843333,1.13217755659603e-45,2.51965833584239e-44
"CHRM2","ENSG00000181072",19.0686288905172,-3.39466588647096,0.361366138702113,-9.3939789119791,5.77754763284817e-21,3.46672232711443e-20
"TMEM132C","ENSG00000181234",33.9519188818064,-2.15395850503722,0.321460039244093,-6.70054825508704,2.07639016842783e-11,6.55368659087656e-11
"NME9","ENSG00000181322",74.41556587514,-1.07948939335142,0.208218993589501,-5.18439444328315,2.16717843026046e-07,4.8973634317568e-07
"CFAP65","ENSG00000181378",213.00565441881,-1.90578855032112,0.281943390999597,-6.75947233082632,1.38495204762018e-11,4.42595945491478e-11
"AATK","ENSG00000181409",970.635355731911,-1.44320362290608,0.172986944760045,-8.34284705651048,7.25229381959808e-17,3.32560977227238e-16
"TMIE","ENSG00000181585",44.4545037424545,-1.01051991055251,0.169194337660972,-5.97253977008006,2.33588177080586e-09,6.25032638328536e-09
"AMIGO1","ENSG00000181754",561.364815699059,-1.07217845723058,0.116290072104376,-9.21986234790746,2.97481862130268e-20,1.7044005632715e-19
"TMEM252","ENSG00000181778",8.5309087669801,-1.69952641860857,0.229751123352128,-7.39724965785605,1.39034008643464e-13,5.12512467378968e-13
"RTKN2","ENSG00000182010",2072.09371208104,-4.05229344026554,0.176999568779785,-22.8943689987585,5.28685576626852e-116,4.50465286789727e-113
"MGAT4C","ENSG00000182050",14.5609554456783,-1.18859625439799,0.322589197910131,-3.68455069821997,0.000229106421976034,0.000391276244002785
"KCNIP1","ENSG00000182132",22.6793093657469,-2.10897259687382,0.178648103661728,-11.8051776293533,3.67015102944001e-32,4.17217359401334e-31
"SYNM","ENSG00000182253",585.853238247814,-1.81535008638619,0.113697788005165,-15.966450343816,2.18893702874673e-57,8.31563699689284e-56
"KCNA4","ENSG00000182255",29.3910018034931,-3.89520305671431,0.31930687607546,-12.1989325898318,3.14925118279072e-34,3.95991225675856e-33
"IZUMO1","ENSG00000182264",15.4448212383979,-1.02485675738206,0.195254696620663,-5.24882000340881,1.53076550619127e-07,3.50390011542541e-07
"KIAA2012","ENSG00000182329",61.2636940415939,-1.29388765245609,0.291994280232277,-4.43120889706065,9.37062539963989e-06,1.83665900181571e-05
"CACNB4","ENSG00000182389",193.765345604993,-1.408975864377,0.21213686954485,-6.64182453243524,3.09823676440135e-11,9.66976285111343e-11
"CAV3","ENSG00000182533",7.7188152680141,-3.00953194108473,0.288358136943284,-10.4367852178094,1.68417825321466e-25,1.31939586185507e-24
"NXPH3","ENSG00000182575",167.668579874011,-2.42204075523775,0.148008244854124,-16.3642286118919,3.44363419125318e-60,1.42302417053333e-58
"EPGN","ENSG00000182585",61.0896790042769,-1.18454799156448,0.347142091495329,-3.41228569103214,0.000644205590293735,0.00104750732707432
"NTM","ENSG00000182667",991.666910834913,-2.08862998483033,0.18321960294764,-11.3995989033292,4.20049838411077e-30,4.30713567833203e-29
"GRID1","ENSG00000182771",79.9893670673148,-1.43784614970434,0.147918069395496,-9.72055784381485,2.46427703941478e-22,1.6276599876799e-21
"HCAR2","ENSG00000182782",381.962647501212,-1.34418930682918,0.22008100179449,-6.10770259981086,1.01075466995169e-09,2.79484365777245e-09
"PLCXD3","ENSG00000182836",187.283669303312,-1.02965780393493,0.256436085657113,-4.01526096179659,5.93800551883438e-05,0.000108086198116484
"TCEAL7","ENSG00000182916",75.9498275905605,-1.23500943328894,0.144594434478304,-8.54119619295759,1.32839450598896e-17,6.41537460071807e-17
"ODF3L1","ENSG00000182950",34.3750138953294,-2.35874687448683,0.169133949932527,-13.9460284314758,3.32618609672809e-44,6.92040091032042e-43
"CADM1","ENSG00000182985",5591.11630592488,-1.37321334083713,0.169336997345924,-8.10935213426458,5.08903672680967e-16,2.2149874520264e-15
"MCEMP1","ENSG00000183019",777.858052832322,-4.02789776025786,0.239940576550887,-16.7870637728655,3.03492972332123e-63,1.42905256682597e-61
"GAS6","ENSG00000183087",4422.64421657604,-1.70321755204127,0.128772765791766,-13.2265354523447,6.16649451287295e-40,1.0379782344199e-38
"FREM3","ENSG00000183090",23.4908565100874,-4.21679829794564,0.281654223434893,-14.971542931329,1.1267647858378e-50,3.23096190913394e-49
"ARHGEF37","ENSG00000183111",456.735799301503,-1.32967240660109,0.14482213974677,-9.18141665995332,4.25456798944337e-20,2.41519622573319e-19
"CCDC60","ENSG00000183273",71.8996499100096,-1.6056143640641,0.305155099928776,-5.261633721471,1.42780988627007e-07,3.27956383761623e-07
"CCBE1","ENSG00000183287",484.977619690139,-2.10167822085538,0.240233332135494,-8.74848715693626,2.1623197359958e-18,1.10072224853977e-17
"CABCOCO1","ENSG00000183346",134.135241606933,-1.79292179495362,0.245983296719177,-7.28879488512783,3.12739752798092e-13,1.12728694536992e-12
"OVCH2","ENSG00000183378",21.0116705884448,-2.95624949299291,0.279469512102086,-10.5780751208133,3.76615825663739e-26,3.07146169945364e-25
"SYNDIG1L","ENSG00000183379",59.3946386532195,-2.35799110879837,0.249149313600782,-9.46416859320205,2.95905623822413e-21,1.81013310326648e-20
"ACSM5","ENSG00000183549",45.482898019092,-1.118861289762,0.194673795613788,-5.74736464265431,9.06451103335364e-09,2.30680267273214e-08
"TNFAIP8L3","ENSG00000183578",229.325127752115,-1.19229629363174,0.132508402029568,-8.99789202322198,2.30092954918233e-19,1.240449907307e-18
"FBXL7","ENSG00000183580",458.752211536415,-1.0310801163215,0.127687274711198,-8.07504207959322,6.74533802273618e-16,2.91180538578573e-15
"GKN2","ENSG00000183607",952.032235238599,-1.82541703216593,0.392771630105657,-4.64752770375723,3.3593698814119e-06,6.84615094397531e-06
"FAM167B","ENSG00000183615",225.99601606788,-1.43670717481262,0.116215761894097,-12.3624123905141,4.17438364612698e-35,5.51377516505112e-34
"HOATZ","ENSG00000183644",104.448135382429,-2.41683766917436,0.30452106645907,-7.93652044266436,2.07932109633209e-15,8.6826820015566e-15
"RFLNB","ENSG00000183688",951.654808637277,-1.35079834337796,0.107095495932695,-12.6130266414461,1.7898491809313e-36,2.53368444575979e-35
"LHFPL6","ENSG00000183722",1570.95487873088,-1.70299770077412,0.101296374149741,-16.8120301942562,1.99229633879235e-63,9.50617557066972e-62
"ACSM2A","ENSG00000183747",1.45948402196036,-2.20113033243322,0.331808265956856,-6.63374170648125,3.27282339553159e-11,1.01933209775886e-10
"KCTD16","ENSG00000183775",69.1368401480168,-1.58379291953668,0.190885355671543,-8.29708970583323,1.06692815372405e-16,4.84900824348092e-16
"OLFML1","ENSG00000183801",534.095023171501,-1.63329524220432,0.124308439309981,-13.1390535612104,1.96671188356713e-39,3.21667054229129e-38
"FAM162B","ENSG00000183807",143.386323003512,-2.2841976679682,0.151873081252521,-15.0401746585377,4.00492026123548e-51,1.16710159990694e-49
"CFAP91","ENSG00000183833",114.885917716616,-1.37736333317537,0.236119834096934,-5.83332331416901,5.43341387120152e-09,1.40735486967876e-08
"ST6GALNAC3","ENSG00000184005",169.910805211118,-1.9565421385825,0.148053523396897,-13.215100145489,7.17907077690649e-40,1.20163810487547e-38
"CLDN5","ENSG00000184113",1805.07439098519,-2.70275093652174,0.176341270149829,-15.3268201721885,5.06165492811036e-53,1.59451041599786e-51
"PCDH9","ENSG00000184226",329.831951604014,-1.78567807698443,0.244766462282438,-7.29543606723343,2.97693310654339e-13,1.07456655387091e-12
"SLIT3","ENSG00000184347",1756.89568932215,-2.46660044867331,0.178572278259735,-13.812896787292,2.13087326392065e-43,4.24112517367433e-42
"COLEC10","ENSG00000184374",38.1240394149446,-3.08799897437788,0.188057809744742,-16.4204771850174,1.3648910203932e-60,5.77352128319045e-59
"TMEM255B","ENSG00000184497",356.165389823973,-1.00724695086897,0.119419685494899,-8.43451351169395,3.32583337937427e-17,1.56191959730036e-16
"PROS1","ENSG00000184500",2465.888010898,-1.51064360507609,0.12713402632098,-11.8822918520815,1.46300290653917e-32,1.69105368260371e-31
"BEX5","ENSG00000184515",176.332473146604,-1.24937725137001,0.189256623449731,-6.60149815946531,4.07023322062803e-11,1.25740129517778e-10
"DUSP8","ENSG00000184545",760.863548268069,-1.14511470495247,0.123791903247398,-9.25031989098643,2.23821801048999e-20,1.29564655003874e-19
"SOCS3","ENSG00000184557",8628.0959342889,-1.52150830131171,0.139521333305332,-10.9052018445237,1.08851424436358e-27,9.68031082226521e-27
"C14orf180","ENSG00000184601",2.95319823083295,-1.07726641181101,0.355938817497315,-3.02654939235206,0.00247362404091808,0.00376845934134927
"NELL2","ENSG00000184613",378.269826913355,-1.13343829802996,0.18690971971577,-6.06409500668856,1.32698701274041e-09,3.62666543744678e-09
"APOBR","ENSG00000184730",929.80258827869,-1.60677063759625,0.143233570235392,-11.2178355601669,3.33328880446141e-29,3.23090664020737e-28
"TRARG1","ENSG00000184811",2.51037616054957,-1.02874151709893,0.317503425938715,-3.24009580072217,0.00119489546719205,0.00188821554309523
"TCEAL2","ENSG00000184905",78.9594602510335,-2.50237508571147,0.265136001837349,-9.43808109185635,3.79668479270544e-21,2.30754351208826e-20
"SLC22A10","ENSG00000184999",2.98850573989722,-2.22580900670523,0.272229913392371,-8.17621024437941,2.92910717968419e-16,1.2918539503596e-15
"ROBO2","ENSG00000185008",450.195854009773,-1.53908330249839,0.219111388483794,-7.02420496327703,2.15288578273125e-12,7.30544003611041e-12
"F8","ENSG00000185010",983.967981640358,-1.80528101475823,0.108776663925912,-16.5962160412256,7.42251537414576e-62,3.27928561949605e-60
"MAFF","ENSG00000185022",1538.33538371547,-1.5081583496855,0.11376294703991,-13.2570260258501,4.10868890897193e-40,6.98828618329227e-39
"SPDYE16","ENSG00000185040",4.36596306584464,-1.40184311108163,0.236141977128345,-5.93644183100796,2.91274191236627e-09,7.73144801037973e-09
"FAM43A","ENSG00000185112",483.630775741118,-1.18994304317207,0.137435603150292,-8.65818620427504,4.79330079616592e-18,2.38174204792549e-17
"NPY2R","ENSG00000185149",0.922967086216988,-1.16417545335189,0.525030945560184,-2.21734635490822,0.0265994325163415,0.0356458692341895
"PPIL6","ENSG00000185250",299.505261449009,-1.32185077108434,0.176801025149518,-7.47648815931054,7.6335017327741e-14,2.85446701158886e-13
"KLHL33","ENSG00000185271",17.2545690194154,-1.70890983871088,0.163654300276104,-10.4421933052034,1.59091790368457e-25,1.24961782487393e-24
"IL3RA","ENSG00000185291",605.959756738524,-1.72000436491008,0.101602336815749,-16.9287874552454,2.76007325743399e-64,1.3456673241217e-62
"SFTPA2","ENSG00000185303",243848.008108017,-2.66995649376969,0.324839467734959,-8.21931064099682,2.0467625354992e-16,9.13284839094442e-16
"METTL7A","ENSG00000185432",4334.31073635494,-1.88446167962568,0.129257221058457,-14.5791597884766,3.8117915623417e-48,9.55243507352662e-47
"STAC3","ENSG00000185482",229.029543910376,-1.05360686499087,0.108664145157402,-9.69599368278008,3.13570273546602e-22,2.05671294155768e-21
"ROR1","ENSG00000185483",560.379766584645,-1.80157159364937,0.152129953509321,-11.8423200171358,2.35837452772345e-32,2.70676045058087e-31
"PRKG1","ENSG00000185532",543.001045395412,-1.35769228094893,0.142004325628246,-9.5609219996808,1.16712248659163e-21,7.34035945609282e-21
"TLCD2","ENSG00000185561",757.114478607391,-1.03684604426741,0.114874397141564,-9.02591064734525,1.78206941490318e-19,9.6772588894879e-19
"LSAMP","ENSG00000185565",707.027176070079,-1.39587370062365,0.157814244207225,-8.84504252221198,9.14934632396307e-19,4.76175839949596e-18
"OLFML2A","ENSG00000185585",1329.07609711869,-1.18827866362027,0.143113430673862,-8.30305484275764,1.01468008538872e-16,4.61741372529513e-16
"INKA1","ENSG00000185614",90.1223475584649,-1.47593700346166,0.126067515634048,-11.7075124074472,1.16652025340582e-31,1.29321851884699e-30
"KRT79","ENSG00000185640",17.8012353222377,-3.11441863704427,0.27570142397463,-11.296345851775,1.36792311388082e-29,1.36510029429278e-28
"MORN5","ENSG00000185681",84.1363908188109,-2.19509804606628,0.329034120786176,-6.67133864664684,2.53480545876371e-11,7.96405163716578e-11
"ADARB2","ENSG00000185736",49.8880456619731,-1.25150458605597,0.228478405088945,-5.47756180969823,4.31226397180468e-08,1.03946301020478e-07
"NRG3","ENSG00000185737",25.540022072753,-2.39954965695896,0.25646437655068,-9.35626884806277,8.26022204361957e-21,4.90378742622711e-20
"SRL","ENSG00000185739",43.3678555824686,-1.81269407393508,0.165099051748768,-10.9794335868959,4.79923432161968e-28,4.35239228163918e-27
"CLDN24","ENSG00000185758",1.78815544540694,-1.36094193758511,0.377048423648082,-3.60946194766575,0.000306832777810126,0.000517207620664775
"EVI2B","ENSG00000185862",1163.24252720043,-1.22963379406939,0.127064319580469,-9.67725478032938,3.76694878479411e-22,2.45544679804448e-21
"C16orf54","ENSG00000185905",370.194944878503,-1.05948315314643,0.153656545099023,-6.89513845611751,5.38123656148978e-12,1.77127420520119e-11
"RTN4RL1","ENSG00000185924",235.016524748606,-1.05498374228437,0.224428717513089,-4.70075199811648,2.59205162580806e-06,5.33527893024083e-06
"CCIN","ENSG00000185972",13.2093121611108,-1.99075149315864,0.178805907242291,-11.1335890623628,8.60975884632173e-29,8.18567561303053e-28
"SLITRK2","ENSG00000185985",28.1040582845571,-2.40590744633726,0.2648056912695,-9.0855579228798,1.03168185012947e-19,5.69925388835031e-19
"CD300LF","ENSG00000186074",528.50854916204,-1.76246767006906,0.15392108423683,-11.4504629356512,2.33893053576644e-30,2.43458313417504e-29
"LRRC70","ENSG00000186105",15.0863457932373,-1.0012169229104,0.165017585480009,-6.06733470252898,1.30050353022398e-09,3.55591529130467e-09
"FFAR4","ENSG00000186188",179.761398988713,-2.37889581698407,0.193205812022343,-12.3127549429463,7.73374563088265e-35,1.00348013468733e-33
"SLC51B","ENSG00000186198",109.295852641876,-1.38049871882776,0.232092461798708,-5.94805496106572,2.71347491172375e-09,7.21965897330453e-09
"KLHL32","ENSG00000186231",72.0566302527012,-1.25078861756226,0.186077908553179,-6.72185444950224,1.79426140499455e-11,5.67923568363124e-11
"RGS9BP","ENSG00000186326",20.0642179688092,-1.69080310576587,0.189746996632698,-8.9108293452404,5.06522299955618e-19,2.67904330863313e-18
"TMEM212","ENSG00000186329",48.4983851607778,-2.16942295394672,0.36932630291149,-5.87400067865361,4.25401627530343e-09,1.11266062292069e-08
"CD300E","ENSG00000186407",235.533655947642,-1.3921214343117,0.183697786359211,-7.57832449646119,3.50046003763607e-14,1.34234315159499e-13
"GLDN","ENSG00000186417",415.296661003136,-2.523428154282,0.179544446643843,-14.0546154528948,7.21728818813204e-45,1.55215069170969e-43
"FCAR","ENSG00000186431",43.6629634451827,-1.04954824619572,0.243541535454038,-4.30952463299139,1.63605835575641e-05,3.13694729527962e-05
"AKAP14","ENSG00000186471",44.0660242690653,-2.04880002208235,0.335107385989892,-6.11386113150055,9.72489396098961e-10,2.69361497900909e-09
"INSIG1","ENSG00000186480",2708.93189995188,-1.03153738729103,0.10473640211859,-9.84889080038333,6.93045755393107e-23,4.73307927528583e-22
"C5orf38","ENSG00000186493",450.621957875484,-1.12580137507027,0.241042369733472,-4.67055387944911,3.00388678715158e-06,6.14760909098744e-06
"ARHGAP30","ENSG00000186517",2042.07990752342,-1.14947807804771,0.113362741153745,-10.1398225408891,3.6776705921204e-24,2.69139304314153e-23
"PDE2A","ENSG00000186642",326.796176166235,-1.76640429374105,0.132806922000688,-13.3005438807768,2.29790686785109e-40,3.96494190804817e-39
"CFAP73","ENSG00000186710",96.9758468069941,-1.7762414696836,0.27977804135959,-6.34875225036209,2.17068280929585e-10,6.32059031842646e-10
"QRFPR","ENSG00000186867",3.46404701583041,-2.15542758116193,0.376370462051554,-5.72687763384229,1.02295898652668e-08,2.59354643624427e-08
"TMEM232","ENSG00000186952",112.941975172207,-1.74906604632574,0.240068477175982,-7.28569642670573,3.20012838796969e-13,1.15234246822181e-12
"FAM183A","ENSG00000186973",188.992669959166,-1.9201876250468,0.261673646612096,-7.33810091274985,2.1664580315057e-13,7.89821384631857e-13
"KANK3","ENSG00000186994",270.407378937426,-2.84968647179947,0.138053978831558,-20.6418278989004,1.1560685312497e-94,2.32421732917426e-92
"MITF","ENSG00000187098",786.708140672789,-1.15479591786508,0.117187813219693,-9.85423216064435,6.57170656769113e-23,4.50182027625181e-22
"LILRA5","ENSG00000187116",208.236951641876,-2.0308957002843,0.162173921697359,-12.5229486900752,5.59184461874938e-36,7.72028362371008e-35
"ANGPTL5","ENSG00000187151",11.3053711225586,-2.45776054936202,0.211210402809287,-11.6365506465193,2.68662726360369e-31,2.93120863583297e-30
"H1-7","ENSG00000187166",2.77531406664608,-1.04835697201153,0.234807540783019,-4.46475001831518,8.01622911525483e-06,1.57984786385345e-05
"DCC","ENSG00000187323",94.4714155220389,-2.56220928749896,0.203682423221439,-12.5794324663616,2.73991171624564e-36,3.84210347482628e-35
"LHFPL3","ENSG00000187416",61.6796528440876,-2.05299304188057,0.299001761995659,-6.86615700248072,6.59544851509199e-12,2.15468979880484e-11
"C11orf96","ENSG00000187479",1119.31622567238,-1.83514834034664,0.164765140684135,-11.1379648190556,8.19711292049817e-29,7.80164582374861e-28
"CDHR4","ENSG00000187492",192.4105755719,-1.62113676243379,0.322062587179743,-5.03360783576218,4.81333849701022e-07,1.05480790847525e-06
"GJA4","ENSG00000187513",465.765350995756,-1.45545242655101,0.124520862707161,-11.6884222844957,1.46074956463601e-31,1.61241159531352e-30
"SPRY4","ENSG00000187678",3217.91765059145,-1.13096982841704,0.131453592836147,-8.60356726671416,7.72759293396738e-18,3.79133041863116e-17
"TRPV2","ENSG00000187688",1258.7472458129,-1.8743454691751,0.116722317366676,-16.0581584692751,5.01212102345313e-58,1.94960611897058e-56
"THSD4","ENSG00000187720",1186.09471415053,-1.07729231248372,0.140483692217876,-7.66845101716826,1.74085817130028e-14,6.8234776033025e-14
"ADH1A","ENSG00000187758",8.55491769682654,-1.96177015519591,0.293522537366002,-6.68354182544329,2.33235250429231e-11,7.34344243521069e-11
"PEAR1","ENSG00000187800",411.819229325582,-2.00935125715244,0.128384147105837,-15.6510854529101,3.26600998906697e-55,1.1303426834502e-53
"HELT","ENSG00000187821",4.05723150739449,-3.16714422479467,0.425792019202741,-7.43824233888854,1.02033754397764e-13,3.78852452259636e-13
"TMEM220","ENSG00000187824",230.915761927496,-1.26365699135527,0.140128954799208,-9.01781500594204,1.91878002158148e-19,1.04070114962587e-18
"P2RX2","ENSG00000187848",18.5499343247184,-1.72794088721959,0.27527376257161,-6.2771724812316,3.44785534676243e-10,9.89930611675547e-10
"DMBT1","ENSG00000187908",10385.7303489296,-1.01592415489508,0.313129216456846,-3.24442467039831,0.00117688141556916,0.00186106400077587
"LCN10","ENSG00000187922",3.6989857697201,-1.02821419824442,0.294136689581136,-3.49570194629117,0.000472816517450147,0.000780020832264012
"LDLRAD2","ENSG00000187942",50.3319229828073,-1.06181066020666,0.145193829994118,-7.31305634853548,2.61133441717186e-13,9.4507699689434e-13
"OVCH1","ENSG00000187950",29.6150564340156,-3.85469410924841,0.250650977781049,-15.3787315867389,2.27358080257865e-53,7.27749218256525e-52
"TPRG1","ENSG00000188001",244.931366990622,-1.41561198367247,0.160363005225349,-8.82754711214839,1.06996308847598e-18,5.55084069066416e-18
"S100A3","ENSG00000188015",112.229657523319,-2.35979188466086,0.172454477099975,-13.6835640590116,1.27297059816401e-42,2.44129291671476e-41
"SMTNL2","ENSG00000188176",71.1503702115543,-1.71463920859762,0.192340958074068,-8.9145818226471,4.89660643575583e-19,2.59676878941847e-18
"PLA2G2A","ENSG00000188257",292.627377043608,-1.29947772392732,0.28860917036739,-4.50255174592382,6.71424000219691e-06,1.33205340236511e-05
"PEAK3","ENSG00000188305",40.7200623549977,-1.26363021376477,0.13346366401898,-9.46797184876526,2.85329715417721e-21,1.74782766106446e-20
"ENO4","ENSG00000188316",22.0252868817186,-1.19507199385045,0.205352154806109,-5.81962237006385,5.8980729732147e-09,1.52440011136401e-08
"TCTEX1D4","ENSG00000188396",45.0671854782361,-1.33257326062002,0.187618410218609,-7.10257196544483,1.22456226223832e-12,4.24058303817113e-12
"INSC","ENSG00000188487",29.8127282040703,-1.24402595221326,0.283174144256272,-4.39314809436634,1.11720966341296e-05,2.17450587484479e-05
"CFAP77","ENSG00000188523",95.8947433720565,-2.16809307193479,0.308039442269784,-7.03836189274733,1.94512961402313e-12,6.62937222546969e-12
"HBA2","ENSG00000188536",938.04254019981,-4.14650013939908,0.242124615041699,-17.1254795332765,9.58166788414126e-66,4.96941401307071e-64
"SAXO2","ENSG00000188659",221.880356741373,-1.70183388689331,0.243523975925104,-6.98836276973692,2.78112517415176e-12,9.36092414241863e-12
"OSTN","ENSG00000188729",3.87755406723683,-1.59410576394194,0.373808254929476,-4.26450123270469,2.00349238164441e-05,3.81407481484875e-05
"VWC2","ENSG00000188730",10.6051482454882,-2.49105012652627,0.242129613340271,-10.2880853447097,7.97462857616712e-25,6.04618767429484e-24
"PRELP","ENSG00000188783",4353.18581426357,-1.58031177246156,0.161920309180168,-9.75981197456308,1.67465413230526e-22,1.11683139729176e-21
"SNTN","ENSG00000188817",406.902700042115,-2.20919607578049,0.296404519784928,-7.45331440081782,9.10240175254728e-14,3.38887379438886e-13
"KLRG2","ENSG00000188883",148.887723165241,-1.13197780363782,0.233591295413044,-4.84597596685363,1.25990768424262e-06,2.66566491594575e-06
"LRRK2","ENSG00000188906",6589.93050585953,-1.97777225964562,0.232564170398288,-8.5042001794967,1.82851795629234e-17,8.74336498982864e-17
"HACD4","ENSG00000188921",1122.11687411436,-1.42168494063317,0.112445042029578,-12.6433759547993,1.21713539515602e-36,1.73808488631498e-35
"PLAC9","ENSG00000189129",283.254781445144,-2.70017621141568,0.13482167618213,-20.0277602821672,3.15533261451544e-89,4.70486387262706e-87
"NKAPL","ENSG00000189134",18.875102593876,-1.72027272016198,0.179954429394348,-9.55949084416378,1.18337442310726e-21,7.43995732700568e-21
"ALKAL2","ENSG00000189292",69.4932775932489,-2.99359932329321,0.216990348287989,-13.7960022043013,2.69382906860929e-43,5.32604237841172e-42
"FAM180A","ENSG00000189320",68.1733593485332,-1.25143556832969,0.193377706394087,-6.47145729290722,9.70621938237775e-11,2.91007679974673e-10
"KAZN","ENSG00000189337",511.170656454893,-1.27842991076922,0.140245362649207,-9.11566619116619,7.81886054499531e-20,4.35834491375704e-19
"TOGARAM2","ENSG00000189350",219.359530830332,-1.57159113506311,0.22167952586076,-7.08947354953407,1.34623127661923e-12,4.64931793718352e-12
"KIAA0408","ENSG00000189367",9.6166857609531,-1.76268070508366,0.285964164593449,-6.16399158821052,7.0933712706408e-10,1.98625496315455e-09
"NCR1","ENSG00000189430",17.8964473965821,-1.09748960809455,0.194455722544676,-5.64390491435602,1.66235906983563e-08,4.14327773179675e-08
"PTPRT","ENSG00000196090",208.46418414188,-1.36986309568369,0.32828756245206,-4.17275356230938,3.0094039142732e-05,5.64910451511649e-05
"S100A4","ENSG00000196154",9870.71713301296,-1.0723531233095,0.185980653463669,-5.76593910892449,8.12043765578442e-09,2.07451443425115e-08
"FAT4","ENSG00000196159",999.594650349251,-1.13733779230738,0.172923972476296,-6.57709729900683,4.79720879249158e-11,1.47409336981027e-10
"KIF19","ENSG00000196169",211.940194299526,-1.20325293420929,0.263037748382776,-4.57444964309192,4.7747342744928e-06,9.60151948454705e-06
"HRCT1","ENSG00000196196",86.496024080013,-1.74173507380652,0.175846221696829,-9.90487630043816,3.96460365051388e-23,2.74956019839709e-22
"SIRPB2","ENSG00000196209",323.066218009129,-1.2283282203124,0.136184067795645,-9.01961764099753,1.88746920097606e-19,1.02402930300378e-18
"GIMAP5","ENSG00000196329",83.4443403095827,-1.17978487274708,0.189785255694768,-6.21642007134912,5.08625277501771e-10,1.44091705040203e-09
"PTPN1","ENSG00000196396",4261.85398335012,-1.013118800784,0.0731006320003289,-13.8592344971715,1.11860831432358e-43,2.2616111376488e-42
"SULT1A1","ENSG00000196502",988.55240119912,-1.25787179988692,0.140617196935181,-8.94536249692664,3.70730952252766e-19,1.97896447752349e-18
"MME","ENSG00000196549",1134.81549784971,-2.45034936758841,0.220996806741876,-11.0877139073345,1.43918744521352e-28,1.34753432533781e-27
"AJAP1","ENSG00000196581",43.5711204032024,-1.80965961566415,0.228494886813124,-7.91991296130927,2.37676898032995e-15,9.89242320656985e-15
"ADH1B","ENSG00000196616",3957.71243248739,-3.2592329016215,0.263941410746207,-12.3483196229311,4.97394934785038e-35,6.52006415246057e-34
"TCF4","ENSG00000196628",3077.06227824563,-1.07112491840251,0.127717089079173,-8.38670005811445,4.9997851071536e-17,2.31524728059781e-16
"FAM180B","ENSG00000196666",3.29949776542391,-2.10919766824245,0.25122475862794,-8.39566004466201,4.63284273872525e-17,2.14977840051896e-16
"DAPK1","ENSG00000196730",4735.53152555981,-1.08071711533198,0.127991154694291,-8.44368595559033,3.07484592023133e-17,1.4482289563227e-16
"MVB12B","ENSG00000196814",1346.35198869521,-1.52871942186906,0.111294459113803,-13.7358088986791,6.19601692198814e-43,1.20505794331667e-41
"ARID5A","ENSG00000196843",1307.40461272462,-1.08356781904691,0.09783189155597,-11.0758138457028,1.64379793566185e-28,1.53189981577071e-27
"SMIM10L2B","ENSG00000196972",90.3758946112747,-1.04911230832471,0.132221015596756,-7.93453524456555,2.11285016712351e-15,8.81857430378843e-15
"SERTAD1","ENSG00000197019",1345.21057477519,-1.2435321753626,0.115422094428881,-10.7737793315544,4.5781419163004e-27,3.93263049968138e-26
"DTHD1","ENSG00000197057",259.898602618379,-1.7864963183327,0.255779364770126,-6.98452089729076,2.85829698792808e-12,9.61344135432279e-12
"NEK5","ENSG00000197168",177.771371780125,-1.52544783449494,0.206471009229879,-7.38819382045326,1.48836683535837e-13,5.47632074543848e-13
"ADGRA1","ENSG00000197177",14.2896394223475,-2.00995576377271,0.377806438470299,-5.3200675242879,1.03728745541048e-07,2.42015705302642e-07
"SLC22A4","ENSG00000197208",157.269700193368,-1.1885805484555,0.160433330405868,-7.40856370336887,1.27674581662318e-13,4.71513166085421e-13
"FAM110D","ENSG00000197245",102.470452841522,-2.30997482860349,0.136061874847605,-16.9773849668819,1.20747624959147e-64,5.98486773793359e-63
"TPSB2","ENSG00000197253",1039.0715222922,-1.84913177096868,0.211471222694206,-8.74412956718268,2.24741438607644e-18,1.14176563344877e-17
"KANK2","ENSG00000197256",4623.56453235963,-1.64105528259389,0.0835973026804951,-19.6304812472948,8.49066852452734e-86,1.04774849592667e-83
"IL27","ENSG00000197272",12.2557070417897,-1.09245118150161,0.167807980662632,-6.51012649808306,7.50875459086386e-11,2.2706463730662e-10
"GUCA2A","ENSG00000197273",13.007821571834,-1.41216495799622,0.396111310166775,-3.56507103369923,0.000363757656737552,0.000608461788539312
"LYPD2","ENSG00000197353",9.26231068761752,-1.82188375872724,0.365691612497096,-4.98202227359455,6.29231899083778e-07,1.36619904990973e-06
"ADARB1","ENSG00000197381",1284.41296108517,-1.75009715748607,0.103115322359154,-16.9722318414563,1.31825284486859e-64,6.51588346774412e-63
"OR6N1","ENSG00000197403",2.9110720892426,-4.2317448539139,0.314859664209353,-13.4400983515633,3.51968527142762e-41,6.34856134694097e-40
"C5AR1","ENSG00000197405",1537.84107021475,-1.96619829429303,0.135539810560988,-14.5064264599094,1.10320004581614e-47,2.6856542067739e-46
"VEPH1","ENSG00000197415",936.762091763993,-2.59053789541038,0.209742090363543,-12.351063589193,4.8071656971888e-35,6.3199570771344e-34
"CYP2F1","ENSG00000197446",76.1190030434479,-2.20176097269954,0.346875908633692,-6.34740239347278,2.18980822847332e-10,6.37213183152921e-10
"GYPE","ENSG00000197465",37.6484475797657,-3.25738521723589,0.176764075789419,-18.4278689133444,7.8515569447822e-76,6.18889464374396e-74
"COL13A1","ENSG00000197467",337.33091268574,-1.27279195406527,0.150585686773364,-8.45227711436385,2.85675561055419e-17,1.34906118077715e-16
"SPN","ENSG00000197471",1486.36829889335,-2.27466176232566,0.141574025698135,-16.0669427256078,4.3501873059219e-58,1.69951749923276e-56
"HOXA4","ENSG00000197576",6.77066149993998,-1.67091751538374,0.192325691636678,-8.687957917449,3.69012425171458e-18,1.84743685606964e-17
"BCO2","ENSG00000197580",75.9638899343211,-1.00260383529751,0.176097070759515,-5.69347253178735,1.2448125046267e-08,3.13445400299543e-08
"KCNMB2","ENSG00000197584",18.8483177156363,-1.40217154215705,0.238931247747167,-5.86851471031034,4.39716392625032e-09,1.14808775911859e-08
"DNAH10","ENSG00000197653",233.598900183271,-1.63928203661717,0.22969876841539,-7.13666010456213,9.56259112974612e-13,3.32691897889456e-12
"CFAP43","ENSG00000197748",396.345127878418,-1.55260073130412,0.248194903184395,-6.25557056725951,3.96065200044479e-10,1.13153355011909e-09
"CFD","ENSG00000197766",1556.78746289798,-2.34203912650211,0.179851650324263,-13.0220608055558,9.16632041356406e-39,1.44759903936365e-37
"MAP1LC3C","ENSG00000197769",126.593226361365,-1.40224243721652,0.217742590359623,-6.43990886165441,1.19545263470057e-10,3.56444492462879e-10
"CFAP299","ENSG00000197826",25.8104439571707,-1.63431980042565,0.312425017787136,-5.23107852246057,1.68523900739034e-07,3.84150981852666e-07
"CYP2A13","ENSG00000197838",13.8400563493364,-1.0820604580803,0.421613174791613,-2.56647686262443,0.010273747912955,0.0145009206757516
"INKA2","ENSG00000197852",367.157068980423,-1.58520627071979,0.107604420152179,-14.7317951109993,4.02860708478384e-49,1.07108271274944e-47
"CYRIA","ENSG00000197872",919.675022544124,-1.38468897323456,0.119069733057577,-11.6292271568711,2.92735860171011e-31,3.1899651315712e-30
"AADACL2","ENSG00000197953",4.2054681524317,-1.11699328601156,0.519639728491176,-2.14955328618707,0.0315905668547267,0.0419045157336811
"CLEC9A","ENSG00000197992",26.2881297258153,-1.26486406848383,0.181288470156491,-6.97707949872367,3.01379189799846e-12,1.01060304405709e-11
"CCDC151","ENSG00000198003",113.307244772964,-1.32125280639721,0.219876881472905,-6.00905742134617,1.86605030419131e-09,5.02698556050814e-09
"FCGR1B","ENSG00000198019",63.7872503870064,-1.05805243535115,0.151587030281639,-6.97983484065462,2.95527274133478e-12,9.91723465129468e-12
"SIRPA","ENSG00000198053",3052.95577478098,-1.25779138087867,0.118866234846163,-10.581569968179,3.62826985339686e-26,2.96035715854218e-25
"SULT1C4","ENSG00000198075",266.049639660589,-2.24675935842894,0.15908185724363,-14.1232909733263,2.729413029102e-45,5.95577894264903e-44
"PEG3","ENSG00000198300",48.6468424980118,-1.24378793611488,0.206086842326913,-6.03526126205512,1.58705703887664e-09,4.30325982673431e-09
"OR14L1P","ENSG00000198452",2.19165843607123,-1.86419170508929,0.250366488141754,-7.44585155515623,9.63210658607674e-14,3.5823588265365e-13
"HLA-DRB5","ENSG00000198502",17162.3085716243,-1.12849985777504,0.191729450136166,-5.88589732549473,3.95900047605371e-09,1.03929570889127e-08
"KCNRG","ENSG00000198553",24.5769145120106,-1.12401193633861,0.219962324554614,-5.11002026649128,3.22124256068914e-07,7.16797576649804e-07
"RD3","ENSG00000198570",5.68323996637752,-1.90187531934018,0.230580759224231,-8.24819610161262,1.60803341233725e-16,7.23291650250136e-16
"SH2D1B","ENSG00000198574",44.8147823854126,-1.79398023020474,0.186054604812907,-9.64222429221106,5.30263202694756e-22,3.41540658236763e-21
"ARC","ENSG00000198576",114.425579562489,-3.4329494188038,0.222970641519559,-15.3964189877557,1.7298762431785e-53,5.54707448372633e-52
"ZNF536","ENSG00000198597",8.86983816695581,-1.76418869094683,0.30509560379975,-5.78241268958028,7.36367897756512e-09,1.88684387720998e-08
"CCDC69","ENSG00000198624",2548.65218024147,-1.50320233387674,0.123114145886331,-12.2098262799517,2.75476729911973e-34,3.4736470248872e-33
"LPA","ENSG00000198670",3.79832252845638,-1.89133514261736,0.322009760231179,-5.87353358873197,4.26602545257666e-09,1.11547557245293e-08
"PAPSS2","ENSG00000198682",4523.18594417447,-1.46919757941163,0.128574603125102,-11.4268101452518,3.07187092202042e-30,3.16801074396031e-29
"COLGALT2","ENSG00000198756",200.622937758777,-1.17410952002175,0.246342071821805,-4.76617538911931,1.87755834826315e-06,3.91232695067807e-06
"GRM3","ENSG00000198822",5.85126935133248,-1.7261839147871,0.234180892111024,-7.37115611451648,1.69154615479198e-13,6.20349156542177e-13
"GJC2","ENSG00000198835",95.2630067993897,-1.41330015733442,0.156016770342735,-9.0586425691912,1.32083997860095e-19,7.23852671886886e-19
"STYXL2","ENSG00000198842",25.513920761291,-1.48119646132994,0.366254276331082,-4.0441752002671,5.25076446166346e-05,9.61341742684378e-05
"ARHGEF15","ENSG00000198844",627.006956921884,-2.45316386213022,0.125769044834469,-19.5053072507544,9.89607404315328e-85,1.12783727932574e-82
"CES1","ENSG00000198848",7068.75293655125,-1.01441288135225,0.278052602439638,-3.64827688161078,0.000264005034838649,0.000448054831487049
"CCDC152","ENSG00000198865",50.9786252836056,-1.03662554075245,0.135020420245715,-7.67754639532274,1.6216452383557e-14,6.37156307639406e-14
"GRK5","ENSG00000198873",1440.55146440453,-2.4891438235364,0.125583810273513,-19.8205789274527,1.97819937216571e-87,2.68150919440614e-85
"MAP3K3","ENSG00000198909",1807.25127843891,-1.04494348013608,0.0734899486751472,-14.2188625652076,6.99811413797373e-46,1.57505982730521e-44
"MFAP3L","ENSG00000198948",238.150472101071,-2.06782748497898,0.171012558059953,-12.0916703921477,1.16885787645756e-33,1.42760231968977e-32
"SAMD5","ENSG00000203727",391.257544925592,-1.16796079080713,0.186353714816466,-6.26744034567499,3.67031157766603e-10,1.05127077091689e-09
"ECT2L","ENSG00000203734",118.636244334822,-1.58326142331499,0.269341467999232,-5.87826833749752,4.14580485092628e-09,1.08562690176531e-08
"FCGR3A","ENSG00000203747",5622.13868970674,-1.27495992973569,0.15019649005041,-8.48861334447814,2.09117219087812e-17,9.96998241710159e-17
"OR6K3","ENSG00000203757",2.88002460398566,-4.16901370828556,0.286846531534895,-14.5339519567396,7.38349171683781e-48,1.8197357753358e-46
"PRR9","ENSG00000203783",0.90652028524595,-1.7072234662294,0.662980668290743,-2.57507277041857,0.0100218998784425,0.0141711596748041
"DDO","ENSG00000203797",151.300889993384,-1.29757549006219,0.161354902791775,-8.04174814406898,8.85657793557622e-16,3.79116624404941e-15
"SOX18","ENSG00000203883",364.319222558063,-1.63873368631514,0.135790409003251,-12.0681106887005,1.55667199085304e-33,1.88965616908639e-32
"C1orf141","ENSG00000203963",23.3798463787574,-1.98960498754236,0.436532509285374,-4.55774757944018,5.17051246322625e-06,1.03601320833715e-05
"LDLRAD1","ENSG00000203985",386.776427909334,-1.51137716271371,0.281009815948615,-5.37837853674861,7.51596620345101e-08,1.77676289177367e-07
"LIPN","ENSG00000204020",22.7737645143804,-2.4076012282381,0.229030852519801,-10.5121262124715,7.59613524776273e-26,6.08404870135267e-25
"TCEAL6","ENSG00000204071",1.4496515494491,-1.62663041895105,0.279801168124507,-5.81352261627166,6.1171702917423e-09,1.57920253975105e-08
"NHSL2","ENSG00000204131",534.723390769003,-1.2594058961135,0.133746296705114,-9.41637957191641,4.66910024041384e-21,2.81672995959962e-20
"GGTA1","ENSG00000204136",410.682684339725,-1.36137540559625,0.127524971420582,-10.6753633459472,1.32737204241183e-26,1.11036315824567e-25
"TMEM273","ENSG00000204161",638.404656457516,-1.56322974089448,0.123171765640312,-12.6914616573692,6.59435055222274e-37,9.57733071679557e-36
"GPRIN2","ENSG00000204175",500.315063599769,-1.66000767700364,0.184186218405311,-9.01265953216279,2.01118878572964e-19,1.08917073072217e-18
"SYT15","ENSG00000204176",35.4916760844764,-2.47007414442869,0.194333682123818,-12.7104787879998,5.17168219177794e-37,7.53557894604908e-36
"BMPR2","ENSG00000204217",5743.77346720344,-1.31615854375941,0.0825392038023683,-15.9458594598371,3.04422973414038e-57,1.14674531858892e-55
"HLA-DOA","ENSG00000204252",3594.42079455389,-1.02707311460231,0.160463767284244,-6.40065437814985,1.54712430601959e-10,4.56584120198062e-10
"HLA-DRA","ENSG00000204287",79010.9904936369,-1.02545289715141,0.148919882426347,-6.88593678992855,5.74084793931464e-12,1.88444307793353e-11
"NOTCH4","ENSG00000204301",1256.33851260208,-1.82692095376285,0.112297244026243,-16.2686178953413,1.64836481280688e-59,6.65783105994437e-58
"AGER","ENSG00000204305",13936.2338338991,-5.0210544034218,0.26600697995172,-18.8756490688068,1.80887870335153e-79,1.58658169799357e-77
"ERICH2","ENSG00000204334",137.979728194355,-1.11343579993965,0.173071914574987,-6.43337079082944,1.24804692693479e-10,3.71136840014029e-10
"CARD16","ENSG00000204397",415.403725307837,-1.30318371328559,0.121595806824386,-10.7173408962014,8.43948104797366e-27,7.12972778051901e-26
"MPIG6B","ENSG00000204420",25.1059658199875,-2.19281857257856,0.151909126357453,-14.4350680249369,3.11338382996795e-47,7.38829931957778e-46
"LST1","ENSG00000204482",951.764839691245,-1.34447357212949,0.152395992192268,-8.82223707322474,1.12195403418895e-18,5.81213767624286e-18
"LILRB3","ENSG00000204577",535.531925039551,-1.35588262800834,0.124010866299454,-10.9335791972796,7.9643748107871e-28,7.13960713874818e-27
"HLA-E","ENSG00000204592",46818.9613789716,-1.34402324571667,0.0969990904478947,-13.8560396753271,1.16951159666124e-43,2.35653952692112e-42
"MAS1L","ENSG00000204687",2.60869273283043,-1.88476931998254,0.32291847315107,-5.83667233896771,5.32536762848129e-09,1.38036799907889e-08
"TTC25","ENSG00000204815",236.875222855592,-1.36841941287261,0.184717335527913,-7.40818076961613,1.28043694540492e-13,4.72778750807476e-13
"LRRC10B","ENSG00000204950",273.153752431185,-1.37567096411632,0.252226989863457,-5.45409896403647,4.92217850862598e-08,1.18107201360929e-07
"ERICH4","ENSG00000204978",3.75134423602073,-2.29667112678551,0.195354527711168,-11.7564263991933,6.54461130737114e-32,7.35108161473897e-31
"AARD","ENSG00000205002",129.782662824865,-1.91034755662492,0.262478370550556,-7.27811420277378,3.38518717129003e-13,1.21579996097737e-12
"PKHD1L1","ENSG00000205038",191.918478756758,-2.54531747694476,0.1923239130591,-13.234534574817,5.54390972894064e-40,9.39367204355445e-39
"C11orf91","ENSG00000205177",6.15029412494033,-2.04509981653491,0.225458648067901,-9.07084218796075,1.18100594812541e-19,6.50007364804919e-19
"VIT","ENSG00000205221",11.2112678120164,-2.38191415016192,0.244434435668436,-9.74459324296221,1.94556444697585e-22,1.29172484785673e-21
"MGAT4D","ENSG00000205301",1.33157503145882,-1.76841771222403,0.395291494754844,-4.47370544443609,7.68756247999413e-06,1.51741373915648e-05
"MT1A","ENSG00000205362",117.908867888214,-1.77068791106084,0.297700335680837,-5.94788684739403,2.71626251078786e-09,7.22492717489627e-09
"INSYN1","ENSG00000205363",122.943493965346,-1.42419141315946,0.214211007728408,-6.64854448080065,2.96005529985722e-11,9.25463384245067e-11
"MT1M","ENSG00000205364",243.854898695662,-2.77961247002705,0.235471846465744,-11.8044365462239,3.70262884066639e-32,4.20642145054246e-31
"CYS1","ENSG00000205795",376.563261377285,-1.47218266604864,0.225570171427671,-6.52649531066522,6.73264236525966e-11,2.04216256724175e-10
"CLEC6A","ENSG00000205846",23.4013539825152,-1.63965897381441,0.239381336050115,-6.84956898006093,7.40728255317207e-12,2.41286194654848e-11
"C18orf63","ENSG00000206043",8.57120019353311,-2.01133245638201,0.346672622430845,-5.80182087145701,6.55986200810714e-09,1.68812902216397e-08
"DOK6","ENSG00000206052",233.988817682494,-1.01929908139265,0.188248326750524,-5.41465148183482,6.14081968627485e-08,1.46094517546225e-07
"HBA1","ENSG00000206172",20.2774984016846,-4.3503225799981,0.266703035510204,-16.3114850630624,8.17800695350953e-60,3.34849149700563e-58
"HBM","ENSG00000206177",1.05621913593467,-3.96954626534939,0.31919104730032,-12.4362706878008,1.6607858588694e-35,2.2376838383095e-34
"ANKUB1","ENSG00000206199",50.2195863201631,-1.42219362598753,0.325483289431175,-4.36948277275001,1.24541163983694e-05,2.41418956933771e-05
"COL6A6","ENSG00000206384",594.571167066566,-2.79816051550171,0.215509554160184,-12.9839279117152,1.50936883354768e-38,2.35870188110644e-37
"VGLL3","ENSG00000206538",1348.85141481714,-1.2003178668223,0.180780988265901,-6.63962443360925,3.14483416755593e-11,9.81177293113831e-11
"TRIM71","ENSG00000206557",72.2319607241745,-1.99441077344014,0.296429270687421,-6.72811685841647,1.71872869288427e-11,5.45269725208835e-11
"GPX3","ENSG00000211445",13287.4523360733,-2.26590050810692,0.167137094245266,-13.5571371414524,7.18874752473703e-42,1.33709209418004e-40
"CFAP45","ENSG00000213085",310.855992555605,-1.02684603116203,0.216278860916087,-4.74778730946075,2.05654133028991e-06,4.27283952889889e-06
"ACKR1","ENSG00000213088",828.250645954076,-2.3776842994792,0.211524447812218,-11.24070680279,2.57313860463843e-29,2.51591087720194e-28
"GIMAP1","ENSG00000213203",361.588025141523,-2.02582749452692,0.119290496750126,-16.9823041207579,1.11039769990916e-64,5.53435822965865e-63
"LTC4S","ENSG00000213316",108.251056613573,-1.21829039571293,0.132573936061991,-9.18951667198941,3.94610402458338e-20,2.24436234303466e-19
"KRT222","ENSG00000213424",2.61865954842526,-1.33827806769499,0.209193323391578,-6.39732686492072,1.58120608042318e-10,4.66257752093144e-10
"GBP7","ENSG00000213512",3.20589407750933,-1.56337790891909,0.251798697730363,-6.20884032765418,5.33770222230166e-10,1.50928422666946e-09
"LBH","ENSG00000213626",7225.75603528953,-1.01146795469721,0.107181590866887,-9.43695597832084,3.83766159653119e-21,2.32928354636135e-20
"EMP2","ENSG00000213853",14426.8738055422,-2.72508508854085,0.117448223097097,-23.2024377779472,4.30238265538931e-119,4.81140830330506e-116
"PRCD","ENSG00000214140",41.5247511024752,-1.021270589788,0.116039294051717,-8.80107551613373,1.35511122232196e-18,6.98559639902243e-18
"C19orf38","ENSG00000214212",144.205732462482,-1.06994812038397,0.135331563306356,-7.90612399830099,2.65526698348513e-15,1.10208054130131e-14
"SEC14L6","ENSG00000214491",402.369666562269,-2.09307440469805,0.209955464992892,-9.96913514382164,2.08032379520914e-23,1.46317742404392e-22
"CPEB1","ENSG00000214575",37.676301019474,-1.12159361938461,0.194243401021031,-5.7741658840867,7.73352199359162e-09,1.97849455292157e-08
"C10orf105","ENSG00000214688",4.1807734360211,-1.64238718307201,0.206553601855799,-7.95138486240783,1.84437989219386e-15,7.72145283365109e-15
"DCDC2C","ENSG00000214866",1.76660373811716,-1.10330080018907,0.39728249978418,-2.77711905454791,0.00548430864934,0.00800675054362276
"TBC1D26","ENSG00000214946",2.01217816817773,-2.43309937210579,0.370132981062062,-6.57358164928788,4.91191179154603e-11,1.50804457251429e-10
"FAM166B","ENSG00000215187",140.85826970934,-1.81061981223564,0.246924105221443,-7.3326976749065,2.25565402019281e-13,8.20166986045722e-13
"C5orf49","ENSG00000215217",304.701722235451,-1.58392406778857,0.244794819668735,-6.47041497827444,9.77341332699858e-11,2.92973169140535e-10
"SIAH3","ENSG00000215475",13.4478915063304,-1.17021769784438,0.227136496577779,-5.15204608451665,2.57659695494198e-07,5.78893135544663e-07
"C20orf202","ENSG00000215595",19.5126144444453,-2.55448441656417,0.133588174808886,-19.1220848717984,1.65363507509518e-81,1.60807023905859e-79
"CELA2B","ENSG00000215704",8.02456567772531,-1.49183959022906,0.167258318519917,-8.91937455446447,4.68928900201657e-19,2.48977590840007e-18
"VAMP2","ENSG00000220205",2537.87529881131,-1.17211551605807,0.0903342201695907,-12.9753211336477,1.68887017724197e-38,2.63231307329186e-37
"DCDC2B","ENSG00000222046",46.4845474615432,-1.48407104004248,0.241173711426162,-6.15353568706366,7.57743160054074e-10,2.11484922209445e-09
"TINCR","ENSG00000223573",185.00185330738,-1.95018004198654,0.248530632667582,-7.84683972778105,4.2665193139201e-15,1.74174834779768e-14
"HBD","ENSG00000223609",5.8964633458205,-2.16334637430732,0.262498513384049,-8.24136619449053,1.70255264137646e-16,7.64077612544494e-16
"PRR29","ENSG00000224383",230.597466227275,-1.07640858290129,0.17008475828911,-6.3286598618767,2.47299563816371e-10,7.17284988712323e-10
"C13orf42","ENSG00000226792",1.58735862257701,-1.68656697369278,0.377990543723496,-4.46192901303511,8.12251356275341e-06,1.60044196870771e-05
"C14orf132","ENSG00000227051",1089.73710710149,-2.62783707630084,0.148980296477665,-17.6388229747871,1.24017325036442e-69,7.67834600995519e-68
"ANKRD66","ENSG00000230062",58.7132434553776,-2.30238635016281,0.333305848043509,-6.90772863325896,4.92474868177572e-12,1.62430466659932e-11
"STMND1","ENSG00000230873",108.831426393054,-1.53634806763238,0.287446772459332,-5.34480889970592,9.05124953368209e-08,2.12370846978985e-07
"TSPAN19","ENSG00000231738",97.3443286586622,-1.43818115019557,0.383057289353935,-3.75448057031159,0.000173701317821025,0.000300467679792306
"TWIST2","ENSG00000233608",123.500927037356,-1.03129683419413,0.167612803893284,-6.15285234921992,7.61016500459121e-10,2.12365381202668e-09
"SPAAR","ENSG00000235387",65.1148009157817,-2.70577497891451,0.112460913739315,-24.0596922872822,6.609090440708e-128,1.31396061395098e-124
"NFAM1","ENSG00000235568",872.55454436168,-1.31282335183755,0.138625303379708,-9.47030101886666,2.79038400029842e-21,1.71104663870252e-20
"ANKRD34C","ENSG00000235711",1.99545933098945,-2.35823523679372,0.37463583482141,-6.2947401652538,3.07915199175969e-10,8.8663126148304e-10
"KIAA0040","ENSG00000235750",2520.09812898136,-1.26007065339944,0.0827189365696386,-15.2331582785597,2.13046322644691e-52,6.56116669721421e-51
"OR2W3","ENSG00000238243",5.57937005094099,-2.25089011073872,0.336369290663339,-6.69172297595847,2.2055810576193e-11,6.94919208733618e-11
"KLHL41","ENSG00000239474",19.1652865515721,-1.44220067364349,0.16462467735456,-8.76053758658155,1.9432139118461e-18,9.91726369785006e-18
"TNFSF12","ENSG00000239697",904.113882870534,-1.20410359964558,0.103933289600803,-11.585350605859,4.88961843080588e-31,5.24205767420069e-30
"DEFA3","ENSG00000239839",3.56746597782678,-3.57880924452734,0.425566675250757,-8.40951477795718,4.11710355473852e-17,1.91692255802592e-16
"PCDHGC3","ENSG00000240184",749.170737896019,-1.54340720892208,0.134756262362669,-11.4533245569568,2.26296657640084e-30,2.3596305915816e-29
"L1TD1","ENSG00000240563",36.2996125752204,-1.86434061455972,0.195582966543519,-9.53222383067235,1.53949428692387e-21,9.60466223010067e-21
"AQP1","ENSG00000240583",21076.7089037167,-1.51359339455415,0.229394325793266,-6.59821636529157,4.16133670976545e-11,1.28399375319595e-10
"CD302","ENSG00000241399",417.655935609492,-1.37968731046006,0.149919722188439,-9.20284062910609,3.48609716328224e-20,1.99286698219199e-19
"INMT","ENSG00000241644",2330.64063734459,-3.50006514524307,0.201568346111897,-17.3641606569519,1.54137416457768e-67,8.64570781404025e-66
"PLEKHO2","ENSG00000241839",2402.24341081708,-1.16788754970812,0.095709366573981,-12.2024373529352,3.01657074328548e-34,3.79841662981049e-33
"SERPINB10","ENSG00000242550",4.77394622599366,-1.08511695934476,0.380721172773777,-2.85016184269197,0.00436969880868585,0.00645960184929081
"STON1","ENSG00000243244",416.832988991034,-1.16972550593603,0.121761611274326,-9.60668550369847,7.49219335386916e-22,4.77754154243695e-21
"WFDC6","ENSG00000243543",1.99039379192345,-1.46373190341412,0.470920164755299,-3.10823789882666,0.00188206501860733,0.00290759707977387
"UPK3B","ENSG00000243566",1239.48037865228,-4.14463551054501,0.280779934246248,-14.7611527927423,2.6078482744851e-49,7.01687656772359e-48
"CFAP57","ENSG00000243710",226.893344601005,-1.35448500057463,0.228852241452698,-5.91860054320068,3.24692492130397e-09,8.59045210955079e-09
"KIR2DL3","ENSG00000243772",7.3979901551924,-1.28017931126821,0.313904390014881,-4.07824596275165,4.53767473997972e-05,8.36692231270169e-05
"TUBA4B","ENSG00000243910",123.641722657998,-2.20910813579062,0.305172976867022,-7.2388720602651,4.52431564118315e-13,1.60941510472545e-12
"ETV5","ENSG00000244405",2520.88583268568,-1.17293112749813,0.116529489445942,-10.0655304770923,7.84631872693838e-24,5.64739263801723e-23
"ERVFRD-1","ENSG00000244476",22.3174057081652,-1.87202978409506,0.242778503605636,-7.71085477623649,1.24977814464783e-14,4.95398323929632e-14
"LILRA6","ENSG00000244482",267.259850769727,-1.43840878391663,0.153437725224201,-9.37454450536755,6.94750955719075e-21,4.14918679999765e-20
"ASPRV1","ENSG00000244617",45.2146232022902,-1.04384692656834,0.114260782239068,-9.13565359971276,6.50128593057333e-20,3.63864589164056e-19
"HBB","ENSG00000244734",5389.35274483914,-4.22944725378465,0.24855234693756,-17.0163239490438,6.2152251862972e-65,3.14149786040723e-63
"EPPIN-WFDC6","ENSG00000249139",0.889389084421151,-1.63717053754034,0.441588726899223,-3.707455462091,0.000209352220762167,0.000359081603345231
"SPATS1","ENSG00000249481",4.19668114820412,-2.15449096302902,0.297669053180819,-7.23787353776503,4.55774110536346e-13,1.62066100155541e-12
"ECSCR","ENSG00000249751",45.0482619216936,-2.23980772641938,0.11460619283821,-19.5435139319331,4.68435603291961e-85,5.40756016109875e-83
"TRMT9B","ENSG00000250305",178.265291252971,-1.15434181925522,0.181359675448713,-6.3649309936136,1.9537755514917e-10,5.72092989656971e-10
"GPR162","ENSG00000250510",246.680632791789,-1.16612784104266,0.162899523738563,-7.15857121174996,8.15222376960803e-13,2.84842296249944e-12
"SELENOP","ENSG00000250722",2657.36599430119,-1.54879274634994,0.14949522986983,-10.3601482649214,3.7637816422407e-25,2.90031631888944e-24
"SHANK3","ENSG00000251322",1303.77165394967,-1.4300149225119,0.10781653492404,-13.2634101394501,3.7733874158773e-40,6.43634137581435e-39
"PCDHA12","ENSG00000251664",66.1278410694615,-1.17588120514786,0.222295330646623,-5.28972516753909,1.22500290430405e-07,2.83483923521888e-07
"PCDHGA12","ENSG00000253159",94.0544655713709,-1.30891764772059,0.147809551746769,-8.85543344291486,8.33592475742621e-19,4.35107064424233e-18
"PCDHGB7","ENSG00000254122",183.805605450509,-1.75669583712592,0.135456296016957,-12.968727839022,1.84059806077323e-38,2.86132242410212e-37
"SIGLEC14","ENSG00000254415",224.76443521948,-1.37576726234292,0.178321758817918,-7.71508351792169,1.20903036005937e-14,4.79565068333901e-14
"HCAR3","ENSG00000255398",44.7919429759219,-1.28967594916505,0.208163588125735,-6.19549250076367,5.81030591223547e-10,1.63670975578761e-09
"RAB44","ENSG00000255587",29.2585831552375,-1.44228108311429,0.17867133540582,-8.07225781258312,6.90099641105385e-16,2.97612747126986e-15
"CLEC12B","ENSG00000256660",9.41936965558326,-1.17801586072393,0.227381992477387,-5.18077904010397,2.20961112185398e-07,4.99262177084649e-07
"C11orf97","ENSG00000257057",27.6544099405675,-2.48412917191186,0.378996444613129,-6.55449202022886,5.58316004119126e-11,1.70651661457184e-10
"NHLRC4","ENSG00000257108",82.4640927199662,-1.56848362188838,0.186401965205966,-8.4145229915107,3.94496898524965e-17,1.84012852067445e-16
"MGAM","ENSG00000257335",73.7355721680078,-1.17764033852788,0.223275220925011,-5.27438886253933,1.33199207740092e-07,3.06695846621215e-07
"AL157935.2","ENSG00000257524",10.6263972234228,-1.16508911713268,0.152110809019754,-7.6594761716202,1.8669298281417e-14,7.30642506888438e-14
"TEX49","ENSG00000257987",2.07456555541211,-1.62968198214387,0.340270746737023,-4.78936845959128,1.67307028002575e-06,3.50131538251471e-06
"CTXND1","ENSG00000259417",115.607835358755,-3.12133758307915,0.259318456861975,-12.0366965809167,2.27900161949927e-33,2.74415719903771e-32
"ARMH2","ENSG00000260286",2.06063339334301,-3.17234128091199,0.329582130525661,-9.62534369157796,6.24976412810679e-22,4.00526610115383e-21
"MRC1","ENSG00000260314",6119.19452404604,-2.29527213878708,0.188938372762148,-12.14825821368,5.86007462713115e-34,7.28154967383733e-33
"SERTM2","ENSG00000260802",37.0396398222061,-1.02761134476004,0.32560960472665,-3.15596140237545,0.0015997002791058,0.00249116075666145
"PECAM1","ENSG00000261371",11784.5258714728,-2.31277119216199,0.0948602020993303,-24.3808377062094,2.73125015724331e-131,9.77405181271091e-128
"MYZAP","ENSG00000263155",128.493503571666,-3.29082329324633,0.164182057857865,-20.0437449510789,2.28881716417099e-89,3.47066148461962e-87
"GDF2","ENSG00000263761",0.902525625623732,-4.0098324467939,0.524573978067048,-7.64397895139471,2.10609851075406e-14,8.21190251752504e-14
"RHEX","ENSG00000263961",86.4804293777119,-1.60826227536787,0.200959204819964,-8.00292913583474,1.21493866825006e-15,5.14773800402518e-15
"ANXA8L1","ENSG00000264230",92.2316559848937,-2.44580134900953,0.31527790617159,-7.75760464381669,8.65484592524459e-15,3.47222327669061e-14
"GJA5","ENSG00000265107",1089.99564353683,-1.6877163523749,0.133805900434545,-12.6131683796747,1.78663238973875e-36,2.53113328183653e-35
"ANXA8","ENSG00000265190",162.528948973016,-1.45249821233073,0.32637016568471,-4.45046258834183,8.56855202048674e-06,1.68480331101724e-05
"GDF10","ENSG00000266524",272.370214180269,-3.17465491288135,0.234204792396574,-13.5550382227268,7.39736072047407e-42,1.37446495712817e-40
"FXYD1","ENSG00000266964",2.23275675379563,-2.64508355836658,0.220278138118806,-12.0079258929453,3.22840662720362e-33,3.85362773719508e-32
"GAS2L2","ENSG00000270765",151.270402830446,-1.46529100065194,0.281475782093314,-5.20574448627403,1.93220364409849e-07,4.38520038100637e-07
"MMP28","ENSG00000271447",1735.69405463244,-1.05777722199913,0.25487740285824,-4.15014124491631,3.32270173842232e-05,6.21114732611686e-05
"CFAP206","ENSG00000272514",3.06865446717191,-1.22300500045054,0.274766889053667,-4.45106397158235,8.54458809187187e-06,1.68046070265842e-05
"AL049839.2","ENSG00000273259",6.04353530476186,-1.20282229554652,0.287626281856448,-4.18189286383376,2.89092195437147e-05,5.43582035829851e-05
"AGBL1","ENSG00000273540",42.5592391308878,-2.58812869929956,0.314976244446555,-8.21690125821127,2.08828871828978e-16,9.30422062658343e-16
"NATD1","ENSG00000274180",819.965758149617,-1.19424649281508,0.105835555525086,-11.2839818989943,1.57454010192137e-29,1.56257604235602e-28
"GGTLC3","ENSG00000274252",3.6077549860657,-2.34098501565768,0.270782363421918,-8.64526399014432,5.36810437484913e-18,2.65849686075769e-17
"DGKK","ENSG00000274588",4.8275975483993,-2.10643457532834,0.363282732076166,-5.79833388526352,6.69770013895289e-09,1.72285722521972e-08
"CCL23","ENSG00000274736",75.9455626215921,-2.51082949816592,0.193665144354493,-12.9647981134385,1.93739818514483e-38,3.00657985488261e-37
"CCL16","ENSG00000275152",5.02986392749142,-1.29271518296071,0.22024635068688,-5.86940568562946,4.3736006328746e-09,1.14226880928368e-08
"CCL18","ENSG00000275385",5787.62145749808,-1.20483085962125,0.215409194152515,-5.59321928834757,2.22897474913215e-08,5.49277581410571e-08
"ARHGAP23","ENSG00000275832",2038.55458178877,-1.11239570083198,0.118363907400142,-9.39809883997329,5.55578230565291e-21,3.33813340480348e-20
"KCNE1B","ENSG00000276289",12.5357992637898,-2.05964750181542,0.298482730313866,-6.90039085226011,5.18596541783257e-12,1.70825624486889e-11
"CCL14","ENSG00000276409",17.375621194786,-2.00842710575364,0.245901395708064,-8.16761165576327,3.14554570505293e-16,1.38424125185716e-15
"DACH1","ENSG00000276644",266.566856004329,-2.43332456391015,0.184662558021308,-13.177140996982,1.18808501172497e-39,1.96291829314819e-38
"GPIHBP1","ENSG00000277494",406.440479055293,-3.69715076630108,0.221136830301994,-16.7188376592542,9.55649434691633e-63,4.3844705987019e-61
"PNMA8C","ENSG00000277531",10.1093154559537,-2.11410924265165,0.239626106816654,-8.82253303171686,1.11899173555993e-18,5.79847064128985e-18
"AC007906.2","ENSG00000277639",434.396417960812,-1.35111726353941,0.275341668755717,-4.90705700174325,9.24531700246836e-07,1.97547715697595e-06
"FO681492.1","ENSG00000277758",79.8348316926033,-2.84044435310551,0.210682888666959,-13.4820837661648,1.99394796509844e-41,3.63687165540331e-40
"OR10A6","ENSG00000279000",1.23627532415328,-2.24963491630198,0.383471678092793,-5.86649561055096,4.45102044806565e-09,1.16113294761975e-08
"C13orf46","ENSG00000283199",154.701460473837,-2.71768412153127,0.234036249755584,-11.6122358154751,3.57152828387853e-31,3.87070597113498e-30
"CFAP97D2","ENSG00000283361",15.4144195517169,-2.09210215253519,0.350556049776962,-5.96795335258446,2.40248027142189e-09,6.4208483191265e-09
"PRRT1B","ENSG00000283526",127.617440911083,-1.34853096084829,0.216247967141632,-6.23603994374231,4.48786552350464e-10,1.27705753517921e-09
"SMIM41","ENSG00000284791",7.74264347687526,-2.20367765284182,0.164964381116392,-13.3585058661058,1.05663798254781e-40,1.85538993343748e-39
"AL049629.2","ENSG00000284969",2.52958286154725,-1.41907113648402,0.35615333264869,-3.98443874139961,6.76398024453038e-05,0.000122485475675926
"AC008397.2","ENSG00000285188",10.9892666897294,-1.31680974123543,0.23432302457873,-5.61963444950751,1.9136191216758e-08,4.74309280290138e-08
"AP000944.5","ENSG00000285816",7.25693547503457,-1.79546868313095,0.16745113117341,-10.7223443075556,7.99507786293672e-27,6.7799018104989e-26
"DUS4L-BCAP29","ENSG00000288558",279.32157536323,-1.00249727413484,0.086730834150837,-11.5587182338331,6.66968934455481e-31,7.12056989511451e-30
