"gene_name","gene_id","baseMean","log2FoldChange","lfcSE","stat","pvalue","padj","abs_log2FC","neg_log10_padj","priority_score"
"FAM83A","ENSG00000147689",6219.67804710491,6.78640608774972,0.235775588542183,28.783327950576,3.46846411966057e-182,6.20612284930866e-178,6.78640608774972,177.20717963187,1202.59988264668
"PITX2","ENSG00000164093",327.307213372325,8.21980619250587,0.39371832160121,20.8773779159598,8.59826890159838e-97,1.83153363638452e-94,8.21980619250587,93.7371851010442,770.501494561632
"CYP24A1","ENSG00000019186",4144.50617664334,6.68336960503676,0.316856558856264,21.0927292436719,9.27530783183864e-99,2.21284110713452e-96,6.68336960503676,95.6550497694311,639.298052197295
"PYCR1","ENSG00000183010",3607.63722206785,3.69610076544586,0.131865293262954,28.0293675006313,7.12911340138143e-173,6.37806130454589e-169,3.69610076544586,168.195311310728,621.666818879988
"COL11A1","ENSG00000060718",3150.21751800855,6.26532687232904,0.296159259061262,21.1552625171615,2.46811822972693e-99,6.13361659507e-97,6.26532687232904,96.2122833747261,602.801404475808
"CRABP2","ENSG00000143320",7869.66516784994,5.56896969266704,0.24902922671019,22.3627152773838,9.08161344245677e-111,5.80347533306711e-108,5.56896969266704,107.236311857133,597.195770685762
"PRAME","ENSG00000185686",1066.62960261342,7.53458946508109,0.395587248660432,19.0465933636519,7.01194929840858e-81,6.63834967176851e-79,7.53458946508109,78.177939875079,589.038682184513
"CST1","ENSG00000170373",734.037093059976,6.83252007475073,0.343624077046137,19.8837058610225,5.63165477684168e-88,7.81141076914947e-86,6.83252007475073,85.1072705238786,581.497134361641
"TMPRSS11E","ENSG00000087128",590.432913938015,6.72275210362646,0.338360053221237,19.8686341358115,7.60439205853975e-88,1.04665682387271e-85,6.72275210362646,84.9801956907463,571.300789346553
"FGL1","ENSG00000104760",1757.42683912484,7.44708896772287,0.395409735916077,18.8338533204541,3.98668481737822e-79,3.46280346783245e-77,7.44708896772287,76.4605721562293,569.408683370434
"ABCA12","ENSG00000144452",587.225467512638,5.39830042347459,0.244229662040074,22.1033775274554,2.9328737344444e-108,1.45771971473371e-105,5.39830042347459,104.83632597262,565.937982893517
"MMP11","ENSG00000099953",6261.99055314787,5.51995268519919,0.254454406172453,21.6932878790792,2.37399012723981e-104,8.66893986667386e-102,5.51995268519919,101.062034009583,557.85764600289
"MYEOV","ENSG00000172927",903.087329675502,6.28512577107603,0.312486333702604,20.1132820645451,5.64613980537687e-90,9.10147563401877e-88,6.28512577107603,87.0408881892441,547.062929495565
"FGB","ENSG00000171564",6728.2921554279,8.6356226212213,0.506409940107874,17.0526325359683,3.3413906750429e-65,1.69850861785633e-63,8.6356226212213,62.7699322452744,542.05744682982
"PPP1R14D","ENSG00000166143",599.620396116574,6.00752374906032,0.296374531635097,20.2700404650725,2.36462329586549e-91,3.99152873895483e-89,6.00752374906032,88.3988607394671,531.058255282224
"TRPM8","ENSG00000144481",333.728123045202,6.66394643957023,0.348115198301734,19.1429345000736,1.10847627946248e-81,1.08977835540781e-79,6.66394643957023,78.9626618220699,526.202949108171
"B3GNT3","ENSG00000179913",2079.86290350245,4.34421463859279,0.182665479655008,23.7823514700068,5.0861466150087e-125,7.58386844852923e-122,4.34421463859279,121.120109208973,526.17175145358
"PTPRH","ENSG00000080031",726.84563742016,5.1876931529509,0.239048847854748,21.7013936670511,1.99038100403248e-104,7.43204427271121e-102,5.1876931529509,101.128891711913,524.625659099405
"SYT12","ENSG00000173227",1331.18078906004,5.70450488862087,0.277045334156312,20.5905105963717,3.33832387398468e-94,6.63695878635642e-92,5.70450488862087,91.1780308791959,520.125522885198
"SLC6A4","ENSG00000108576",1082.89694979364,-6.14669276251818,0.311047623325082,-19.7612593750448,6.41832826832005e-87,8.57038415709333e-85,6.14669276251818,84.0669997109162,516.734018689706
"EEF1A2","ENSG00000101210",2785.11578266443,6.35624539156786,0.328305519752775,19.3607630975998,1.65416898710445e-83,1.72081660966628e-81,6.35624539156786,80.7642654107031,513.357489820145
"TMPRSS4","ENSG00000137648",5352.97531812448,4.81631189043778,0.216848200469872,22.2105227527905,2.7175756321267e-109,1.51954939955134e-106,4.81631189043778,105.818285176727,509.653865122404
"TFF1","ENSG00000160182",1028.77567683017,8.12177082193621,0.479552900696462,16.9361311549588,2.43629780472312e-64,1.19105673824893e-62,8.12177082193621,61.9240675495823,502.933084999804
"VIL1","ENSG00000127831",1142.27143238787,7.0165701617274,0.385148452263269,18.2178329433639,3.72622374733668e-74,2.76652786353092e-72,7.0165701617274,71.558064951361,502.092183368671
"ZYG11A","ENSG00000203995",142.993424636579,5.4484870749673,0.263716937940874,20.6603607546394,7.877362386863e-95,1.60170051350159e-92,5.4484870749673,91.7954186851886,500.146152247462
"BARX1","ENSG00000131668",686.171792399291,7.53874634155397,0.43015925744767,17.5254773924541,9.15697367849149e-69,5.44337973519097e-67,7.53874634155397,66.2641313678425,499.548477925574
"PAEP","ENSG00000122133",3180.80417808278,7.45518370513986,0.425399841126667,17.5251210376452,9.21452614570242e-69,5.45945418294879e-67,7.45518370513986,66.2628507743617,494.001725349135
"GREM1","ENSG00000166923",2721.24396747991,5.04227541848878,0.236191515347557,21.3482495807229,4.04819426678744e-101,1.13178656274418e-98,5.04227541848878,97.9462354665773,493.871895426637
"ATP10B","ENSG00000118322",732.204446124008,5.515622435194,0.271014284446182,20.3517775694561,4.47740620068476e-92,8.09234637867196e-90,5.515622435194,89.091925536291,491.3974232826
"FAM107A","ENSG00000168309",1690.00152074688,-4.54221434661921,0.20339954319276,-22.3314874523321,1.82742889944514e-110,1.12752363095765e-107,4.54221434661921,106.947874347289,485.780169200683
"ETV4","ENSG00000175832",1976.53923834742,3.85760330883898,0.15924548109927,24.2242560492767,1.23533687947479e-129,3.15769754063464e-126,3.85760330883898,125.500629471137,484.131643509233
"SPINK1","ENSG00000164266",8947.59942583942,6.66599434473977,0.3635570618258,18.3354830497937,4.311692130349e-75,3.28294073567381e-73,6.66599434473977,72.4837369571738,483.176180642126
"COL10A1","ENSG00000123500",2760.97644635241,4.63679861851063,0.211766867922354,21.8957699285176,2.85048624660121e-106,1.27509376026089e-103,4.63679861851063,102.894457879491,477.100880148026
"TOP2A","ENSG00000131747",5246.33055028419,3.85206229789166,0.160189308681746,24.0469375240559,8.98690780924354e-128,1.60802741430795e-124,3.85206229789166,123.793706551495,476.861069723277
"HTR3A","ENSG00000166736",383.338843491756,5.96536659104625,0.315555426025036,18.9043385062026,1.05048660466699e-79,9.3051271372804e-78,5.96536659104625,77.0312776886652,459.51981038957
"RTKN2","ENSG00000182010",2072.09371208104,-4.05229344026554,0.176999568779785,-22.8943689987585,5.28685576626852e-116,4.50465286789727e-113,4.05229344026554,112.346338670471,455.2603312322
"MEX3A","ENSG00000254726",1301.18420650624,4.169121896061,0.185173647116127,22.5146610275837,2.98210274221371e-112,2.05226016793961e-109,4.169121896061,108.687767583941,453.132551668198
"DMBX1","ENSG00000197587",102.283107278425,6.34379075410414,0.350557215300967,18.0963063295039,3.40767593615337e-73,2.40053328840915e-71,6.34379075410414,70.6196922672528,447.996550862678
"IQGAP3","ENSG00000183856",1342.82350196705,3.61331474347724,0.150434366900845,24.0192106226555,1.75189165462241e-127,2.84969067055989e-124,3.61331474347724,123.545202279416,446.407700882092
"MMP13","ENSG00000137745",1441.25242316332,6.13140515219628,0.335977916673657,18.2494290484926,2.09082980190784e-74,1.5653229140392e-72,6.13140515219628,71.8053960572746,440.267975341068
"TEDC2","ENSG00000162062",266.963863947202,3.51911378613901,0.145812415815681,24.1345276837567,1.08549302938518e-128,2.42784084684862e-125,3.51911378613901,124.614779786131,438.53358950205
"AKR1B10","ENSG00000198074",3056.31186841829,7.35510461205559,0.443036692970363,16.6015698671433,6.78918004047767e-62,3.00690095208582e-60,7.35510461205559,59.5218808774103,437.789660559664
"SAPCD2","ENSG00000186193",445.404393531468,3.80455882158968,0.164659528753932,23.1056098021222,4.06619467796131e-118,4.04202340959787e-115,3.80455882158968,114.393401175573,435.216423574175
"KIF4A","ENSG00000090889",835.523405834043,3.81464242454752,0.166583246246884,22.8993161706912,4.71964616653849e-116,4.22243144289366e-113,3.81464242454752,112.374437393081,428.668296314305
"GCNT3","ENSG00000140297",2281.58314520293,5.15426756587566,0.262975147324149,19.5998276579437,1.55148458192589e-85,1.88848392002721e-83,5.15426756587566,82.7238867087306,426.381046185983
"HHIPL2","ENSG00000143512",432.093286273035,6.07815720384367,0.338826727665765,17.9388363064423,5.86709496772566e-72,3.96150680217039e-70,6.07815720384367,69.4021395940243,421.837114735583
"SPP1","ENSG00000118785",24295.0804300755,4.81189496785343,0.239281858372585,20.1097358595437,6.06459092036797e-90,9.68872547662001e-88,4.81189496785343,87.0137333493554,418.700945637904
"UBE2C","ENSG00000175063",1674.13899236594,4.18134158037389,0.194069867765246,21.5455476345858,5.82902579949663e-103,2.00574535827679e-100,4.18134158037389,99.6977242041745,416.870239683563
"ITPKA","ENSG00000137825",618.9426017359,5.17261294766142,0.270122434803244,19.1491423192196,9.83939091674671e-82,9.72686307587563e-80,5.17261294766142,79.0120271976035,408.6986349033
"HJURP","ENSG00000123485",684.472238827826,3.85095164740082,0.173414844534885,22.2065859340325,2.96639609122018e-109,1.60841591697584e-106,3.85095164740082,105.793601637745,407.40604451134
"DLL3","ENSG00000090932",166.494536578526,6.79567947564637,0.408746028755532,16.6256770648916,4.54206405696593e-62,2.02167045202218e-60,6.79567947564637,59.6942896363477,405.663258895018
"FCN3","ENSG00000142748",1473.75887909624,-4.51467952758117,0.221979702918051,-20.3382537602902,5.8993817942046e-92,1.04512513310597e-89,4.51467952758117,88.9808317082477,401.719939260371
"TCN1","ENSG00000134827",1121.59415317345,6.71303070988648,0.403736750782363,16.6272470783944,4.42461832021826e-62,1.9743066235328e-60,6.71303070988648,59.7045853974784,400.798715294312
"KIF14","ENSG00000118193",438.696552247029,3.75747694593012,0.169386123239506,22.1829089306046,5.02243756246109e-109,2.64313162662107e-106,3.75747694593012,105.577881208684,396.706454641778
"NEK2","ENSG00000117650",674.694905628265,3.73222667692374,0.167797892852053,22.2423929972376,1.33635984602306e-109,7.71338281448086e-107,3.73222667692374,106.112755114107,396.036855398747
"GJB2","ENSG00000165474",1634.37010368888,4.55914978559733,0.22874919752327,19.9307793643016,2.20107705835344e-88,3.20194079716408e-86,4.55914978559733,85.4945867023051,389.782626633547
"STX11","ENSG00000135604",803.370434992623,-3.0570869268141,0.125449211240288,-24.3691203522874,3.63587137838439e-131,1.08427744289053e-127,3.0570869268141,126.964859577115,388.142612377988
"CDC25C","ENSG00000158402",195.18593296551,3.68829466874498,0.167020646268995,22.0828667062203,4.61843282505493e-108,2.23344914969481e-105,3.68829466874498,104.651023930928,385.983813643146
"AGER","ENSG00000204305",13936.2338338991,-5.0210544034218,0.26600697995172,-18.8756490688068,1.80887870335153e-79,1.58658169799357e-77,5.0210544034218,76.7995375598231,385.614656245508
"ASPM","ENSG00000066279",987.570692221637,3.74367006579748,0.171118061550736,21.8777026333219,4.23653533568241e-106,1.84888601856989e-103,3.74367006579748,102.733089861708,384.59879328216
"ANLN","ENSG00000011426",2000.03352473671,3.76905961330856,0.173059602779061,21.7789683599378,3.6724902798332e-105,1.46026374615679e-102,3.76905961330856,101.835568696849,383.824329173602
"CTHRC1","ENSG00000164932",3117.88251480656,3.79711017928721,0.175103423783207,21.684956794382,2.84524320843581e-104,9.98234053500823e-102,3.79711017928721,101.000767618806,383.511042841192
"FABP4","ENSG00000170323",937.898718024526,-4.90053013937417,0.257418162911385,-19.0372353059685,8.38378799360582e-81,7.89532202997836e-79,4.90053013937417,78.102630151534,382.744293021986
"CDC20","ENSG00000117399",1507.42800489859,3.76370631966126,0.173432166845512,21.7013163596916,1.99373009048308e-104,7.43204427271121e-102,3.76370631966126,101.128891711913,380.619448836467
"DLGAP5","ENSG00000126787",723.796342159492,3.67649685507057,0.168906875911149,21.7664132098715,4.82979305789686e-105,1.87868450402062e-102,3.67649685507057,101.726146146811,373.995856387201
"SEMA3G","ENSG00000010319",705.294871964909,-3.22059469116848,0.138903466093397,-23.1858482854776,6.32595269226804e-119,6.65825126604424e-116,3.22059469116848,115.176639819663,370.937274749832
"CA9","ENSG00000107159",861.818833214786,5.62196337229222,0.322154650874177,17.4511321101118,3.37477074372182e-68,1.95419977079011e-66,5.62196337229222,65.7090310419903,369.413765746882
"ADM2","ENSG00000128165",742.857319631797,3.46313344263864,0.155366029813248,22.2901585810063,4.60358885211764e-110,2.74573384436469e-107,3.46313344263864,106.561341563066,369.036145659494
"NUF2","ENSG00000143228",558.558074800668,3.70885004182109,0.172394929420725,21.5136840409601,1.15922235107622e-102,3.7683343829468e-100,3.70885004182109,99.423850567072,368.748152333699
"B3GNT6","ENSG00000198488",801.710629015523,5.76314749616287,0.335196664957049,17.1933318516201,2.97909151717735e-66,1.58174731504019e-64,5.76314749616287,63.8008628940676,367.693783240976
"KIF18B","ENSG00000186185",559.66305037467,3.76756028141093,0.177252769495147,21.2552971225314,2.94492282059832e-100,7.63673971434286e-98,3.76756028141093,97.1170920113551,365.894498508112
"UBE2T","ENSG00000077152",825.365575023928,3.31626148665296,0.146265366757785,22.672909931882,8.29273738726533e-114,6.45138913349298e-111,3.31626148665296,110.190346761635,365.420003166546
"SERPINA4","ENSG00000100665",110.88494935985,8.09283423743606,0.560530521090859,14.4378119173358,2.99190365760934e-47,7.1094465000802e-46,8.09283423743606,45.1481642095822,365.376609072692
"TEK","ENSG00000120156",940.452537960331,-3.24419019297143,0.141517909928013,-22.9242376079584,2.66353933038263e-116,2.50835311781771e-113,3.24419019297143,112.600611324969,365.297798983051
"TROAP","ENSG00000135451",539.242258455718,3.79996550880296,0.18000087579694,21.1108167778568,6.32698239050351e-99,1.52984724207134e-96,3.79996550880296,95.8153519320828,364.095032555732
"FEZF1","ENSG00000128610",132.381149714132,5.60075676643042,0.325073069186762,17.2292241262614,1.60286865259188e-66,8.63859301229712e-65,5.60075676643042,64.0635569863121,358.804400272688
"DEPDC1","ENSG00000024526",424.730969884277,3.78107622368803,0.180104420244258,20.9938002552082,7.47257632885489e-98,1.67133510315251e-95,3.78107622368803,94.7769364652118,358.358821022603
"RASAL1","ENSG00000111344",485.7859791893,4.02264737847762,0.197702769038593,20.3469450531184,4.94125264480564e-92,8.84138335735074e-90,4.02264737847762,89.0534797782606,358.23074697433
"AKR7A3","ENSG00000162482",450.737602851136,5.35615718847975,0.304611282225543,17.5835811114636,3.29117137978195e-69,2.00302481287206e-67,5.35615718847975,66.698313670763,357.246652227134
"KIF2C","ENSG00000142945",924.077763596039,3.57040463929452,0.165965873248447,21.5128843623756,1.17938146451138e-102,3.7683343829468e-100,3.57040463929452,99.423850567072,354.983377321199
"RAMP3","ENSG00000122679",1092.07805172365,-3.22047356235234,0.142084017057813,-22.6659805165979,9.7062558655874e-114,7.23641817512313e-111,3.22047356235234,110.140476344258,354.704492211577
"CENPF","ENSG00000117724",2334.4351461564,3.49033551528696,0.160927367811846,21.6888871218463,2.61230083113323e-104,9.34837975429338e-102,3.49033551528696,101.029263653806,352.626027014169
"MELK","ENSG00000165304",683.253826986263,3.61463380922989,0.169719579977573,21.2976829762808,1.19276837916535e-100,3.28341609360087e-98,3.61463380922989,97.4836740774582,352.367784168328
"UHRF1","ENSG00000276043",678.422340434189,3.34927012768361,0.151342015850876,22.130471230037,1.60887198789768e-108,8.22501327984378e-106,3.34927012768361,105.084863392179,351.957593831139
"NEIL3","ENSG00000109674",215.06648509756,4.27930476120771,0.219295132896954,19.5139066913014,8.36392586868627e-85,9.59331574156432e-83,4.27930476120771,82.018031261507,350.98015168225
"EXO1","ENSG00000174371",417.028702008328,3.59326794269684,0.168928068353135,21.2709940848036,2.10766525712034e-100,5.71400824934156e-98,3.59326794269684,97.2430591369598,349.420367046611
"EPAS1","ENSG00000116016",26930.0789178205,-2.71632671710257,0.110715057929642,-24.5343927727406,6.34762845282139e-133,2.83945289765833e-129,2.71632671710257,128.546765331227,349.175013066325
"CPS1","ENSG00000021826",10291.9115505611,6.61773920655634,0.424736459482483,15.5808126635035,9.82970823280822e-55,3.36296308622634e-53,6.61773920655634,52.4732778997196,347.254468453501
"EDNRB","ENSG00000136160",1509.88907785789,-3.48844644285633,0.162181866287002,-21.5094728080331,1.2693876126956e-102,3.9847636059583e-100,3.48844644285633,99.3995974377994,346.750172103242
"DEPDC1B","ENSG00000035499",330.53640065232,3.62489519936514,0.17204914018982,21.0689527152873,1.53284084082709e-98,3.56196378765184e-96,3.62489519936514,95.4483105000617,345.990122519187
"BIRC5","ENSG00000089685",1765.39981851469,3.67272998637285,0.175497927360945,20.9274835412682,3.00971460672503e-97,6.56741749489401e-95,3.67272998637285,94.1826053744593,345.907278953497
"TPX2","ENSG00000088325",2451.60170704062,3.63094038269376,0.172609189868912,21.0356145315975,3.09734159732452e-98,7.10522220524713e-96,3.63094038269376,95.1484223356107,345.47824900797
"FOXI3","ENSG00000214336",128.49338146426,6.84813687252145,0.449948375140195,15.2198279866834,2.61216950429709e-52,8.01707528994645e-51,6.84813687252145,50.0959840378377,343.064155454762
"S1PR1","ENSG00000170989",1751.34176810987,-2.84570084542512,0.120124521665863,-23.689591483583,4.61622853881699e-124,6.35370594192711e-121,2.84570084542512,120.196972888778,342.044627367135
"GPX2","ENSG00000176153",4761.71513536457,5.9477910082905,0.3649463681157,16.2977125625343,1.0245535295275e-59,4.17593082091927e-58,5.9477910082905,57.3792467045321,341.279767611698
"TFF2","ENSG00000160181",446.619529381678,9.60012400465313,0.750942155802651,12.7841058468637,2.01163023195215e-37,2.9796440182384e-36,9.60012400465313,35.5258356185243,341.052427306756
"ENTPD8","ENSG00000188833",222.187581488744,4.6786239342672,0.25496813523394,18.3498378335569,3.31099087527772e-75,2.55360171255794e-73,4.6786239342672,72.5928468390722,339.634630677876
"CDC6","ENSG00000094804",945.692192877206,3.41460342743063,0.158988946049524,21.4769863709079,2.55557702695056e-102,7.88395512814246e-100,3.41460342743063,99.1032558561906,338.398317116083
"IGF2BP1","ENSG00000159217",348.532188295391,6.59447807778513,0.428129492914243,15.402998828455,1.56251780535139e-53,5.01941312228948e-52,6.59447807778513,51.2993470582835,338.292419580541
"B4GALNT4","ENSG00000182272",510.756226411141,4.76186320651826,0.262421718452896,18.1458426329641,1.38494751164901e-73,9.99228460723214e-72,4.76186320651826,71.0003352045789,338.093883861147
"BUB1B","ENSG00000156970",523.510423355085,3.42298980080344,0.159690582107074,21.4351388518848,6.28460523035358e-102,1.87417402311194e-99,3.42298980080344,98.7271900859305,337.942164726122
"RGCC","ENSG00000102760",3338.60169481376,-2.86718969043996,0.122436291961702,-23.4178089233281,2.81455860659554e-121,3.3573931431876e-118,2.86718969043996,117.473997800867,336.820235389412
"MAGEA3","ENSG00000221867",410.703305743429,9.1986788746324,0.710876484178876,12.9399116152473,2.67937571145629e-38,4.11873450215527e-37,9.1986788746324,36.3852362022085,334.696103601765
"HOXB9","ENSG00000170689",336.889113463272,6.64654184910835,0.436997386641132,15.2095688722427,3.05548709586038e-52,9.345612069441e-51,6.64654184910835,50.0293922502321,332.522449276624
"PAX7","ENSG00000009709",440.387717655878,8.01164224694315,0.580437779710055,13.8027580681347,2.45285420593042e-43,4.86034554891618e-42,8.01164224694315,41.3133328532371,330.987642849019
"PRX","ENSG00000105227",1111.36659760313,-3.34758661587188,0.156192061452846,-21.4325016568305,6.65089014767387e-102,1.95089143298899e-99,3.34758661587188,98.7097668983993,330.439494524915
"IL37","ENSG00000125571",394.176350848097,6.22768099630181,0.398179232491623,15.640396304277,3.863163587989e-55,1.33443216370439e-53,6.22768099630181,52.8747034988174,329.286786164678
"ERCC6L","ENSG00000186871",205.835320447754,3.29700678419404,0.15304149617232,21.5432210652313,6.12930838359955e-103,2.06927763976881e-100,3.29700678419404,99.6841812351293,328.659421809049
"MNX1","ENSG00000130675",115.758659853995,4.33324403104546,0.232087703095125,18.6707178935258,8.56931498337217e-78,7.19862690129006e-76,4.33324403104546,75.1427503349663,325.611874365332
"TMEM184A","ENSG00000164855",1887.87302592723,3.13151513861051,0.142444694312199,21.9840770744827,4.09028337701866e-107,1.87660103756397e-104,3.13151513861051,103.726628047891,324.821506008992
"IL36RN","ENSG00000136695",134.859850546987,6.2885497997589,0.406955588457952,15.4526684928635,7.23836451349558e-54,2.38812054637863e-52,6.2885497997589,51.6219437548853,324.627164062949
"DUSP13","ENSG00000079393",109.857046432292,6.10945483920164,0.389945311872761,15.6674658040129,2.52445938578965e-55,8.82229527147152e-54,6.10945483920164,53.0544184110073,324.133573302157
"FUT9","ENSG00000172461",117.982940940461,6.72246779438501,0.452752140803009,14.8480088519558,7.16657969537161e-50,1.98500945029852e-48,6.72246779438501,47.7022374212924,320.676754784746
"CABYR","ENSG00000154040",392.021827655082,4.59319596856942,0.257052412540423,17.8687137116331,2.06705783734252e-71,1.35977448101359e-69,4.59319596856942,68.8665331135215,316.317482266379
"TMEM100","ENSG00000166292",1117.02030809051,-4.33883067616173,0.235981344335134,-18.3863291752413,1.69045280612753e-75,1.32084157467423e-73,4.33883067616173,72.8791492697215,316.210288504037
"EPHA10","ENSG00000183317",522.23242953649,3.63340495885917,0.180941296443674,20.0805732592407,1.09128192576801e-89,1.71283399103219e-87,3.63340495885917,86.7662847270943,315.257049189211
"XRCC2","ENSG00000196584",297.879530944602,3.23941944926099,0.152305772833149,21.2691836231957,2.19059730016152e-100,5.85020261071494e-98,3.23941944926099,97.2328290926885,314.977917669525
"EMP2","ENSG00000213853",14426.8738055422,-2.72508508854085,0.117448223097097,-23.2024377779472,4.30238265538931e-119,4.81140830330506e-116,2.72508508854085,115.317727786654,314.250620435824
"MMP1","ENSG00000196611",3360.46636446403,4.93427415187185,0.287579419934391,17.1579529334803,5.48117852913531e-66,2.8760917132498e-64,4.93427415187185,63.5411972692199,313.529687264502
"KIF20A","ENSG00000112984",847.495361489829,3.15270046709051,0.147255785087979,21.409688354226,1.08536022050761e-101,3.13231458476494e-99,3.15270046709051,98.5041346273399,310.554031249961
"FRMD5","ENSG00000171877",333.690948658702,3.56554632365154,0.17779430700893,20.0543334802753,1.85006317836346e-89,2.82933166243226e-87,3.56554632365154,86.5483161403049,308.592030432296
"MCM10","ENSG00000065328",403.566703923509,3.53392716593468,0.175508554463933,20.1353556624552,3.61707054918118e-90,5.88365848513626e-88,3.53392716593468,87.2303525436816,308.265712548176
"CENPA","ENSG00000115163",279.887063988902,3.62315320028287,0.182362738565256,19.8678371951865,7.72606515602219e-88,1.05528613615805e-85,3.62315320028287,84.9766297673751,307.883348090918
"E2F8","ENSG00000129173",329.396569179684,3.15861994588879,0.148569187763643,21.2602625984185,2.64929894285297e-100,6.97116264477472e-98,3.15861994588879,97.1566947845847,306.881074023218
"MUC13","ENSG00000173702",2809.32112822967,5.93858500934904,0.384107909284847,15.4607204532857,6.38800445930864e-54,2.1166771072298e-52,5.93858500934904,51.6743453872539,306.872492884671
"PLK1","ENSG00000166851",891.24711526434,3.18622563823867,0.151088131496406,21.0885236760934,1.01376110132324e-98,2.38674044552326e-96,3.18622563823867,95.6221948073049,304.673888679688
"OTUD1","ENSG00000165312",1099.02618908628,-2.11172387895119,0.081371658870187,-25.9515893896184,1.74472035632202e-148,1.04060937785567e-144,2.11172387895119,143.982712264609,304.051731645333
"ACVRL1","ENSG00000139567",2201.68796774784,-2.55991430151739,0.108793481763335,-23.5300337853524,2.01027054672201e-122,2.56926934946406e-119,2.55991430151739,118.590190364066,303.580724332642
"KIF26B","ENSG00000162849",2085.62876464469,3.15157842716798,0.149071307847278,21.1414152909742,3.31001828368506e-99,8.11317221232558e-97,3.15157842716798,96.0908093054755,302.837721656249
"INHA","ENSG00000123999",361.149933631365,5.8625367977228,0.379507094802174,15.4477660049511,7.8103868277047e-54,2.55954673091795e-52,5.8625367977228,51.591836936911,302.459042504755
"MYBL2","ENSG00000101057",2239.91886698319,3.80032605213108,0.197832058390678,19.2098595295723,3.06093144593082e-82,3.07692395292361e-80,3.80032605213108,79.5118832373352,302.171081320849
"CLEC3B","ENSG00000163815",440.517659848253,-3.76362357580865,0.195312179229191,-19.269784355804,9.63366127292609e-83,9.7940398384356e-81,3.76362357580865,80.0090381337691,301.123902198027
"HSPA12B","ENSG00000132622",424.290455487253,-2.78822365089097,0.124273569402014,-22.4361758039742,1.74631905693126e-111,1.15729210687671e-108,2.78822365089097,107.936557008902,300.951261047962
"STRA6","ENSG00000137868",691.199759647422,4.469448001251,0.253512223848195,17.6301084555487,1.4468923154831e-69,8.86617952086954e-68,4.469448001251,67.0522634794281,299.686604987485
"CT83","ENSG00000204019",175.891155580615,6.65966619572792,0.462322590325918,14.404803777884,4.8268676925294e-47,1.13940822720882e-45,6.65966619572792,44.9433206490021,299.30751324992
"AOC1","ENSG00000002726",1816.55290265558,4.97902629073856,0.298474552522759,16.6815772019924,1.78444715463565e-62,8.08331973111284e-61,4.97902629073856,60.0924102425906,299.201690471706
"RAMP2","ENSG00000131477",906.647293130818,-2.860601563344,0.1297391278707,-22.0488730754759,9.79320476794514e-108,4.61131086612743e-105,2.860601563344,104.336175599339,298.464227032804
"SPAG5","ENSG00000076382",1129.58534895369,3.07891703524161,0.145202733670761,21.2042635658836,8.7225107322418e-100,2.19819555678877e-97,3.07891703524161,96.6579336743073,297.601758581078
"YBX2","ENSG00000006047",251.953726517747,4.7448515293719,0.27923782462681,16.9921518895701,9.38808443754928e-65,4.69220655980641e-63,4.7448515293719,62.3286228776713,295.740061584763
"MAGEA12","ENSG00000213401",213.790879026315,8.75511808323128,0.702764801355292,12.4581055658264,1.26336122693446e-35,1.71512309814403e-34,8.75511808323128,33.7657047042357,295.622731849102
"PLEKHN1","ENSG00000187583",324.659620301944,3.13263512450332,0.149984839497421,20.8863451466186,7.12693269038728e-97,1.53641212806144e-94,3.13263512450332,93.8134922732789,293.883441047594
"HMGB3","ENSG00000029993",12675.5884936027,3.49661701839577,0.176991554148132,19.7558410921082,7.14553683254976e-87,9.40110959888329e-85,3.49661701839577,84.0268208842479,293.809611905554
"PECAM1","ENSG00000261371",11784.5258714728,-2.31277119216199,0.0948602020993303,-24.3808377062094,2.73125015724331e-131,9.77405181271091e-128,2.31277119216199,127.009925363086,293.74489649839
"CEP55","ENSG00000138180",1007.5799987273,3.24676671677051,0.158404347644444,20.4967020479655,2.3038798107721e-93,4.43261521012313e-91,3.24676671677051,90.3533399676344,293.356216955966
"RGS17","ENSG00000091844",541.638286369602,3.78122111244816,0.199860843020821,18.9192693040639,7.9144097710318e-80,7.0806267016536e-78,3.78122111244816,77.1499283014875,291.720937717446
"XDH","ENSG00000158125",1036.43631955284,4.07324031813651,0.223653051622215,18.2123171966231,4.12128939922392e-74,3.03906224335185e-72,4.07324031813651,71.5172604049982,291.306988524307
"ORC6","ENSG00000091651",339.287442948735,3.05745992202712,0.145615902837037,20.9967446031552,7.02364864530864e-98,1.59081196468997e-95,3.05745992202712,94.7983811512922,289.842251043127
"PITX1","ENSG00000069011",681.455076143252,4.53154823688996,0.263237589527401,17.2146700060033,2.06119251706349e-66,1.10092291665126e-64,4.53154823688996,63.9582430879719,289.829863699879
"SPOCK2","ENSG00000107742",6222.68489738457,-3.20472159578854,0.156325488309271,-20.5003139951714,2.13908821557446e-93,4.16029406970367e-91,3.20472159578854,90.3808759702541,289.645545068159
"NMU","ENSG00000109255",241.090012539442,4.59146173588941,0.268614788802214,17.0931085230389,1.67027956897708e-65,8.5634132744146e-64,4.59146173588941,63.0673530962133,289.57133852509
"HS6ST2","ENSG00000171004",1957.50276558476,3.68733433553117,0.193757819871401,19.0306349337461,9.50935239651857e-81,8.86202304327639e-79,3.68733433553117,78.0524671250385,287.805542003072
"MAGEA6","ENSG00000197172",326.052389286535,9.17536066582756,0.767005005143215,11.962582518108,5.57991153889523e-33,6.5945414244024e-32,9.17536066582756,31.1808153993255,286.095227143401
"PSAT1","ENSG00000135069",1225.93038394734,3.49085150901322,0.179437272319458,19.4544392248582,2.67260445612437e-84,2.95190811934773e-82,3.49085150901322,81.529897164424,284.608764546122
"MYZAP","ENSG00000263155",128.493503571666,-3.29082329324633,0.164182057857865,-20.0437449510789,2.28881716417099e-89,3.47066148461962e-87,3.29082329324633,86.4595877437274,284.523225271533
"CDCA3","ENSG00000111665",467.786894634312,3.27334683686115,0.163190184771717,20.0584786483339,1.70212412211e-89,2.62552645835467e-87,3.27334683686115,86.5807836008164,283.408934132692
"AURKB","ENSG00000178999",609.602074193625,3.43836017716681,0.175770297977269,19.5616677944727,3.28166113568456e-85,3.81290666888336e-83,3.43836017716681,82.4187438251184,283.3853266204
"ROBO4","ENSG00000154133",1261.00715669782,-2.84448502593613,0.132194706787643,-21.5173897280585,1.07020267774256e-102,3.54613639126806e-100,2.84448502593613,99.4502445646076,282.884731489712
"ONECUT2","ENSG00000119547",209.959130779772,4.94866078560692,0.304361633220654,16.2591478211029,1.92395296748912e-59,7.71867498818001e-58,4.94866078560692,57.1124572456112,282.630177541008
"REG4","ENSG00000134193",262.493977186979,7.3079956482647,0.547554167640792,13.3466167918183,1.23951778892762e-40,2.16800506327292e-39,7.3079956482647,38.6639397078583,282.555903129797
"FHL1","ENSG00000022267",3061.38278942667,-3.40761993158785,0.173969393822799,-19.5874679833556,1.97785106438205e-85,2.37514691912671e-83,3.40761993158785,82.6243095211159,281.552243957838
"GPT2","ENSG00000166123",3157.40890776767,3.41061331517146,0.174248214941175,19.573304187494,2.61186145175199e-85,3.07460769448674e-83,3.41061331517146,82.5122102902914,281.417243080295
"CAVIN2","ENSG00000168497",3125.60845994052,-3.30302820883481,0.166108746290689,-19.8847338420973,5.51742506920347e-88,7.71275677837951e-86,3.30302820883481,85.1127903638888,281.129947504568
"HMGA2","ENSG00000149948",778.35762027392,5.7437699018201,0.382077709538714,15.0329887308909,4.46401782542645e-51,1.29877513740415e-49,5.7437699018201,48.8864660337137,280.792612210795
"AKR1B15","ENSG00000227471",171.017642242224,5.83387063439902,0.391990699059886,14.8826761665275,4.27069065352639e-50,1.19773460601172e-48,5.83387063439902,47.9216394022416,279.568644860996
"SKA3","ENSG00000165480",309.102932636199,3.20240658778224,0.159276009379967,20.1060197342251,6.53632049066252e-90,1.03499453574712e-87,3.20240658778224,86.9850619430584,278.561535405096
"CBLC","ENSG00000142273",866.631923029085,3.20074931296832,0.159533015021396,20.0632409068371,1.54667231493664e-89,2.40648762879663e-87,3.20074931296832,86.6186163665896,277.244476825628
"CD300LG","ENSG00000161649",121.082516068101,-4.9579016225213,0.308479797655509,-16.0720464036934,4.00638840700886e-58,1.56862817870043e-56,4.9579016225213,55.8044799876275,276.673121874616
"RRM2","ENSG00000171848",2371.4966558167,3.2013547464947,0.159769277098094,20.0373614041525,2.60200405424681e-89,3.91240828089397e-87,3.2013547464947,86.4075558305493,276.621238991135
"CELSR3","ENSG00000008300",768.03939917128,3.40701943469937,0.175781080368262,19.3821737103997,1.09138147180621e-83,1.14871109853109e-81,3.40701943469937,80.9397891828784,275.763434786537
"HAVCR1","ENSG00000113249",123.833553974162,5.26073640297823,0.337830687594211,15.5721093321671,1.12630852806438e-54,3.83137613928822e-53,5.26073640297823,52.4166452097505,275.750153576929
"LIMS2","ENSG00000072163",1194.32926862418,-2.80635113549492,0.131373751206787,-21.3615818206912,3.04329391149129e-101,8.64343777116089e-99,2.80635113549492,98.0633134903801,275.200091164123
"FUT2","ENSG00000176920",1012.51149546332,3.17349294224076,0.15870400406462,19.9963004143777,5.93124438982422e-89,8.6989963825512e-87,3.17349294224076,86.0605308497563,273.112487257195
"GINS1","ENSG00000101003",674.217138053231,3.03807297305821,0.148616046735867,20.4424289286724,7.01591153053544e-93,1.30766359391532e-90,3.03807297305821,89.8835039670952,273.072644126202
"PALM2AKAP2","ENSG00000157654",6093.57795503931,-2.50516159561097,0.111209052936426,-22.5265976956308,2.27795800577133e-112,1.63038010389065e-109,2.50516159561097,108.787711133156,272.530796005201
"CDCA8","ENSG00000134690",843.617066415546,3.03752829086754,0.148797921371201,20.413781744235,1.26137065832099e-92,2.32677373085953e-90,3.03752829086754,89.6332458480055,272.263520065602
"FOXM1","ENSG00000111206",1267.52117429541,3.33599589090062,0.171765385411067,19.4218170495583,5.0472167947752e-84,5.44035241619956e-82,3.33599589090062,81.2643729665788,271.097614293122
"SLC2A1","ENSG00000117394",7728.02650721121,3.49879128713733,0.184749465227245,18.9380320145108,5.54305920875163e-80,5.03461717879152e-78,3.49879128713733,77.2980335466514,270.449686285873
"GPM6A","ENSG00000150625",413.784903542768,-4.41672120961787,0.262265723509393,-16.8406345690831,1.22911330463833e-63,5.88035410692345e-62,4.41672120961787,61.2305965205136,270.438474329707
"ANKS4B","ENSG00000175311",153.896805697439,6.45784487826818,0.464952468770635,13.8892581758801,7.35935614596821e-44,1.50149326704457e-42,6.45784487826818,41.8234766109122,270.089524223148
"RAB26","ENSG00000167964",170.562366818459,3.65577407069735,0.19762382567764,18.4986504444083,2.1170901661717e-76,1.68360419303601e-74,3.65577407069735,73.7737600013072,269.700198910628
"CCNP","ENSG00000105219",182.663844053429,4.30586172123434,0.253138761980196,17.0098869392875,6.93715167221571e-65,3.49651985551988e-63,4.30586172123434,62.4563640012095,268.928467000286
"PTPN21","ENSG00000070778",1154.45614487098,-2.43916564513984,0.107541211270074,-22.6812178915693,6.86622892943705e-114,5.58442882883714e-111,2.43916564513984,110.253021239589,268.925381680477
"GOLM1","ENSG00000135052",13052.8353421254,2.63507945535332,0.120915547003948,21.7927265818621,2.71965917852974e-105,1.10597412912347e-102,2.63507945535332,101.956255031901,268.662832979327
"POLQ","ENSG00000051341",288.893046560314,3.3229914827904,0.171574347529843,19.3676474987754,1.44720506051212e-83,1.51431813729493e-81,3.3229914827904,80.819782875987,268.563450137874
"TTK","ENSG00000112742",458.196609051364,3.28966090072229,0.169058809033764,19.4586778383449,2.46050817355046e-84,2.75161704683365e-82,3.28966090072229,81.5604120086704,268.306098431724
"S100P","ENSG00000163993",10404.8008001397,5.03841937273468,0.321147669581246,15.6887931938115,1.8045366913967e-55,6.35601870455927e-54,5.03841937273468,53.1968148334164,268.027862424465
"FERMT1","ENSG00000101311",1350.98974797532,3.21851512505633,0.163767786616291,19.6529194877459,5.45812876037287e-86,6.82953132233229e-84,3.21851512505633,83.1656090988234,267.669770769086
"CKAP2L","ENSG00000169607",413.781916646368,3.16206287056679,0.159582287314516,19.8146230623626,2.2266918387898e-87,2.99565391514781e-85,3.16206287056679,84.5235083616746,267.268647480493
"KRT16","ENSG00000186832",502.166735714565,5.18831357860903,0.336310374174611,15.4271588895895,1.07499377587148e-53,3.50361814784489e-52,5.18831357860903,51.4554832327895,266.967182350571
"CALCA","ENSG00000110680",3151.72092607559,7.06260672316164,0.535371976331329,13.1919619169434,9.76113956019559e-40,1.62169053064605e-38,7.06260672316164,37.7900320192099,266.896134207365
"IGSF9","ENSG00000085552",1220.38884254733,3.23350475184715,0.165166361354475,19.5772597115433,2.41676928578025e-85,2.88288352203107e-83,3.23350475184715,82.5401729041817,266.894041303957
"SLCO1B3","ENSG00000111700",114.654013903421,7.05267890684369,0.534255612663969,13.2009449029029,8.66413842204844e-40,1.44211561661128e-38,7.05267890684369,37.840999920169,266.880421950849
"RECQL4","ENSG00000160957",891.366694694546,3.02509786524778,0.149449408862451,20.2416181386974,4.21113803326285e-91,7.04204605880114e-89,3.02509786524778,88.1523011387351,266.669337991467
"GPD1","ENSG00000167588",551.630379348455,-3.93611812809848,0.222239662174452,-17.7111416098569,3.44023500294704e-70,2.15986403185022e-68,3.93611812809848,67.6655735877731,266.339690847015
"CGREF1","ENSG00000138028",291.108590568722,4.26034869086639,0.250573462357943,17.0023938320352,7.88338766718777e-65,3.95118923050394e-63,4.26034869086639,62.4032721705727,265.859698897679
"CAV1","ENSG00000105974",12440.9404844669,-3.43231753808031,0.18108749729389,-18.9539177986978,4.09899168708305e-80,3.74200297229475e-78,3.43231753808031,77.4268958718732,265.753692620148
"SGO1","ENSG00000129810",141.300238275697,3.21813293578455,0.164432644760894,19.5711316354738,2.72561818240153e-85,3.18754811357585e-83,3.21813293578455,82.4965432511689,265.484842924961
"FMO2","ENSG00000094963",2488.67645060092,-3.25282611143486,0.167333843545828,-19.439140597664,3.60148126338066e-84,3.95345424820062e-82,3.25282611143486,81.4030232827597,264.789879683901
"HBB","ENSG00000244734",5389.35274483914,-4.22944725378465,0.24855234693756,-17.0163239490438,6.2152251862972e-65,3.14149786040723e-63,4.22944725378465,62.5028632317347,264.352563249138
"BRDT","ENSG00000137948",295.524257622783,6.16700066152719,0.438579862495037,14.0612946213347,6.56736974956054e-45,1.41407878374112e-43,6.16700066152719,42.8495263936573,264.253057615811
"DNAJC12","ENSG00000108176",1129.86313824447,4.27130088772811,0.252432936137438,16.920537205187,3.17521085689056e-64,1.54385999625932e-62,4.27130088772811,61.8113920858713,264.015053888092
"GTSE1","ENSG00000075218",470.142795792174,3.09432382990031,0.155484320093834,19.9011953619047,3.97338935905599e-88,5.68766846412711e-86,3.09432382990031,85.245065726694,263.775838259527
"ANXA10","ENSG00000109511",214.129186158412,6.21935342527574,0.444643818794349,13.9872706251478,1.86430380218727e-44,3.92909162927406e-43,6.21935342527574,42.405707843007,263.736084324648
"LDB2","ENSG00000169744",980.849392903397,-2.57494594739651,0.118079369451997,-21.8069080089668,1.9951240528561e-105,8.30203597157076e-103,2.57494594739651,102.080815389216,262.852581893392
"HBA2","ENSG00000188536",938.04254019981,-4.14650013939908,0.242124615041699,-17.1254795332765,9.58166788414126e-66,4.96941401307071e-64,4.14650013939908,63.303694819696,262.488779394346
"CLDN6","ENSG00000184697",628.450094568789,5.84939992969424,0.406741159849271,14.3811359830461,6.79696710650963e-47,1.60234693592591e-45,5.84939992969424,44.7952434457765,262.025293862361
"ADGRF4","ENSG00000153294",266.241003155032,4.4712485919396,0.271526159836381,16.4671006087735,6.32290789858697e-61,2.70659787151714e-59,4.4712485919396,58.56757626405,261.870192903949
"CDC45","ENSG00000093009",457.763770529525,3.19847184598257,0.164156042915402,19.4843381283923,1.49094833580412e-84,1.68845180838881e-82,3.19847184598257,81.7725113304384,261.547075265698
"HOXC11","ENSG00000123388",118.194291393273,6.92468304478218,0.525295904497161,13.1824424776561,1.10746389960934e-39,1.83140957076801e-38,6.92468304478218,37.7372145205627,261.318249547848
"KANK3","ENSG00000186994",270.407378937426,-2.84968647179947,0.138053978831558,-20.6418278989004,1.1560685312497e-94,2.32421732917426e-92,2.84968647179947,91.6337232650734,261.127381549096
"ARHGEF39","ENSG00000137135",259.620873343402,2.74169251077321,0.130714099028468,20.974726759782,1.11605801948978e-97,2.465385943547e-95,2.74169251077321,94.6081150844871,259.386360585508
"C2CD4A","ENSG00000198535",720.580350584173,4.10727976157805,0.240877279117056,17.0513374139455,3.41626185734024e-65,1.73164797205068e-63,4.10727976157805,62.7615403913803,257.77920465498
"SPAG4","ENSG00000061656",690.595533235294,2.90018349882349,0.142705065512041,20.3229190808141,8.06360922772034e-92,1.41453097952549e-89,2.90018349882349,88.8493875366555,257.679527614382
"TFAP2A","ENSG00000137203",567.460599920056,3.7406793805645,0.209667557991381,17.8410022818993,3.39550451656933e-71,2.21736358813777e-69,3.7406793805645,68.6541630884033,256.813212254702
"CCNB1","ENSG00000134057",1797.96849430638,2.97564191946714,0.14868407167946,20.0131855810497,4.22749967995412e-89,6.25145882424951e-87,2.97564191946714,86.204018624993,256.512291447055
"CDH17","ENSG00000079112",586.690531860751,5.2917554580332,0.353581386786062,14.9661595768191,1.22175656959539e-50,3.49774244796325e-49,5.2917554580332,48.4562121724292,256.418425239067
"PCP4","ENSG00000183036",627.365399371848,5.24172360813549,0.349150414026056,15.0127950521185,6.05418161269689e-51,1.7528717086729e-49,5.24172360813549,48.7562498684209,255.566785979455
"CCNB2","ENSG00000157456",880.30450349335,3.04406091601413,0.154192571619908,19.7419427150997,9.40899060150503e-87,1.21996426690384e-84,3.04406091601413,83.9136528897464,255.438271081653
"CDH5","ENSG00000179776",3090.27066962568,-2.55024180097774,0.118881869852879,-21.4518984613361,4.38390475491512e-102,1.32951199626604e-99,2.55024180097774,98.8763077396497,252.158493123994
"PCSK1","ENSG00000175426",876.723445321987,5.71380880890556,0.400493548998779,14.266918463955,3.51782971988058e-46,8.03889235987525e-45,5.71380880890556,44.0948037864671,251.949278302078
"STX1A","ENSG00000106089",665.609896396167,3.10113575625111,0.15972167509901,19.4158729823535,5.66648149188778e-84,6.07127864277533e-82,3.10113575625111,81.2167198346212,251.864073884573
"RAD54L","ENSG00000085999",192.186883494087,3.12761938282503,0.161814471012818,19.3284281884608,3.09710315376502e-83,3.20326397285072e-81,3.12761938282503,80.4944072707559,251.755868389028
"NDC80","ENSG00000080986",521.906038558328,3.12743660622904,0.16191716720255,19.3150402780749,4.01418398492465e-83,4.12791919783085e-81,3.12743660622904,80.3842688124176,251.39670484891
"MKI67","ENSG00000148773",3335.24805513811,3.1019661922922,0.160041334262891,19.3822814998329,1.08909771357755e-83,1.14871109853109e-81,3.1019661922922,80.9397891828784,251.072489656547
"LGSN","ENSG00000146166",950.167239575714,4.57058302223794,0.286687484238932,15.942736511053,3.20027098495888e-57,1.20047062335156e-55,4.57058302223794,54.9206484630725,251.019383435618
"NCAPG","ENSG00000109805",581.039492764997,3.20438238486308,0.168470914578792,19.0203893228373,1.15621791831204e-80,1.07192783483716e-78,3.20438238486308,77.9698344515714,249.845164067306
"CD101","ENSG00000134256",243.151809475798,-2.74247967279347,0.133345655305487,-20.5666968789543,5.4557696882731e-94,1.07274820914583e-91,2.74247967279347,90.9695022018093,249.482010632603
"PADI1","ENSG00000142623",127.09779845119,5.5630053605413,0.387271799972959,14.3646022275046,8.63007737910801e-47,2.02117767728246e-45,5.5630053605413,44.6943955069342,248.635161791228
"OTX1","ENSG00000115507",262.451360823105,3.30328782763553,0.177257844551572,18.6354958562889,1.65612526332507e-77,1.37828136449654e-75,3.30328782763553,74.8606621158283,247.286313935952
"MUC3A","ENSG00000169894",2218.9148742254,4.72811219154429,0.304046572653433,15.5506182828564,1.57577215142396e-54,5.30984766580581e-53,4.72811219154429,52.2749179382121,247.161676815638
"FOXF1","ENSG00000103241",589.778423612659,-2.73821935404919,0.133934845055461,-20.4444134975877,6.73631237605006e-93,1.2687667088912e-90,2.73821935404919,89.896618225309,246.156659888112
"GLB1L3","ENSG00000166105",997.707760069576,5.22395922478277,0.354089020273443,14.753236970603,2.93255009129146e-49,7.85510760231709e-48,5.22395922478277,47.1048478614486,246.073804517804
"CALCRL","ENSG00000064989",2445.64442204827,-2.72564786392844,0.133287458566936,-20.4493948135386,6.0825115216173e-93,1.15781253889679e-90,2.72564786392844,89.9363617514144,245.134852297238
"MCEMP1","ENSG00000183019",777.858052832322,-4.02789776025786,0.239940576550887,-16.7870637728655,3.03492972332123e-63,1.42905256682597e-61,4.02789776025786,60.8449517956579,245.077245060728
"EPS8L3","ENSG00000198758",186.356432843526,6.44592489105144,0.48742769229826,13.2243715178725,6.34654988653359e-40,1.06627997295536e-38,6.44592489105144,37.9721287477061,244.765489861049
"TAL1","ENSG00000162367",187.532556386983,-2.77703210244731,0.137309732700839,-20.2245831218514,5.94911228194259e-91,9.85624685748137e-89,2.77703210244731,88.0062884277954,244.396288181225
"ST8SIA6","ENSG00000148488",259.507899582557,-3.53342395174517,0.197339947166767,-17.9052645066291,1.07284257520487e-71,7.13619784317498e-70,3.53342395174517,69.1465331181319,244.324016299748
"POU3F2","ENSG00000184486",103.477963104615,5.97972015734872,0.43646159613937,13.7004497308379,1.00897408406502e-42,1.94542815583788e-41,5.97972015734872,40.7109848029478,243.440296451704
"JAM2","ENSG00000154721",708.939983031392,-2.50101889914381,0.117792469032192,-21.2324176553283,4.79322287721866e-100,1.22521624202962e-97,2.50101889914381,96.9117872546201,242.378211473609
"CEACAM5","ENSG00000105388",35179.3116912222,4.75528489526242,0.309922385454017,15.3434702314137,3.91684198519637e-53,1.24042572816139e-51,4.75528489526242,50.9064292344674,242.074574010408
"EFNA3","ENSG00000143590",182.945902493591,3.0307236868332,0.157480026332529,19.2451306836439,1.55071901013839e-82,1.56762798013595e-80,3.0307236868332,79.8047569935288,241.866167342255
"LGR4","ENSG00000205213",3183.6984919797,2.72934107553077,0.134625061596596,20.2736477381102,2.19748947351263e-91,3.74473134757728e-89,2.72934107553077,88.4265793337589,241.346295144308
"LYVE1","ENSG00000133800",621.482752482046,-3.1985101313959,0.171143335266516,-18.6890720951241,6.07605858704128e-78,5.1525552747834e-76,3.1985101313959,75.2879773405668,240.809358296108
"WWC2","ENSG00000151718",1994.97597401511,-2.35022223998319,0.10762588899514,-21.8369600653362,1.03410964836377e-105,4.40555331861259e-103,2.35022223998319,102.355999538301,240.559346510624
"GRHL3","ENSG00000158055",156.243546334017,3.50726257394043,0.196838899147518,17.8179343063282,5.12960106911067e-71,3.31350006966055e-69,3.50726257394043,68.4797130159426,240.176334534997
"COL17A1","ENSG00000065618",2950.56367803705,4.63480799401715,0.2999396034075,15.4524709020178,7.26059116542769e-54,2.38812054637863e-52,4.63480799401715,51.6219437548853,239.257797581846
"PBK","ENSG00000168078",420.282076174044,3.38025471873886,0.186754831578887,18.0999585936336,3.18907455240798e-73,2.26436948278714e-71,3.38025471873886,70.6450527067933,238.798272767694
"SALL4","ENSG00000101115",197.553306316306,3.42924563567579,0.190931387209362,17.9606176113701,3.96372839722913e-72,2.71735602343375e-70,3.42924563567579,69.5658534573188,238.558399360572
"ADRB2","ENSG00000169252",437.275045879786,-3.07436712322595,0.162380488897753,-18.9331067057065,6.08647293036178e-80,5.50026566378603e-78,3.07436712322595,77.2596163335003,237.524424408764
"EPN3","ENSG00000049283",715.80103858047,3.06167937382024,0.161399923621142,18.9695218258404,3.04665240411785e-80,2.79557699830157e-78,3.06167937382024,77.5535285415105,237.444038702522
"HMMR","ENSG00000072571",593.615913253817,3.01615089430708,0.158149833795908,19.071476851499,4.35821233597751e-81,4.1479517727471e-79,3.01615089430708,78.3821663016927,236.412440988577
"CLIC5","ENSG00000112782",3415.82532261739,-3.62883307200226,0.208876049717124,-17.3731410418605,1.31808969815804e-67,7.43993027417723e-66,3.62883307200226,65.1284311345727,236.340204828759
"ITLN1","ENSG00000179914",213.702177493201,-4.76944334410666,0.315293311421115,-15.1270045108456,1.07477436727766e-51,3.18393009167204e-50,4.76944334410666,49.4970364764665,236.073311175688
"CSAG1","ENSG00000198930",161.951826160397,7.28890208144703,0.598023970287449,12.1883109099181,3.58780715436561e-34,4.50186770077587e-33,7.28890208144703,32.3466072720337,235.771253072876
"PPP2R2C","ENSG00000074211",509.561228166215,4.98311190305504,0.337514374532779,14.7641471861847,2.49457722870292e-49,6.73234846955978e-48,4.98311190305504,47.1718334128254,235.06252456838
"TNNC1","ENSG00000114854",634.43829040801,-3.56905159841304,0.204575448894912,-17.446138418332,3.68306337464793e-68,2.1258404181476e-66,3.56905159841304,65.6724693400569,234.388431669861
"TMEM63C","ENSG00000165548",515.264415940972,4.02598709944231,0.24571975937391,16.3844662297426,2.46927033607981e-60,1.02511958523146e-58,4.02598709944231,57.9892254690699,233.463873645127
"ESPL1","ENSG00000135476",656.63206001433,3.12191984872727,0.167686845444357,18.6175596568379,2.31527223804667e-77,1.90908599794327e-75,3.12191984872727,74.7191745076509,233.267273975952
"PLAC9","ENSG00000189129",283.254781445144,-2.70017621141568,0.13482167618213,-20.0277602821672,3.15533261451544e-89,4.70486387262706e-87,2.70017621141568,86.3274529376399,233.099334814322
"CA4","ENSG00000167434",313.098011808078,-4.34108985173215,0.275746870478785,-15.743024913373,7.66883593769402e-56,2.73889184497324e-54,4.34108985173215,53.562425117092,232.519300109972
"ANKRD34B","ENSG00000189127",112.354300096627,5.15690634231249,0.357605339912976,14.420663694696,3.83635588079067e-47,9.0798830390195e-46,5.15690634231249,45.0419197457339,232.276961606705
"KRT81","ENSG00000205426",326.701523833932,4.97186941976851,0.338443555160528,14.6903947318787,7.42798326387133e-49,1.94595760674158e-47,4.97186941976851,46.7108666251975,232.240329344705
"NPW","ENSG00000183971",152.202768029251,4.99172980227903,0.341267681502202,14.6270217569571,1.8887573965246e-48,4.80733088136765e-47,4.99172980227903,46.3180959850054,231.207420113172
"NCAPH","ENSG00000121152",652.656718674307,2.95961883014521,0.15601834834601,18.9696844090511,3.03724469075737e-80,2.79557699830157e-78,2.95961883014521,77.5535285415105,229.528883415658
"MDK","ENSG00000110492",13497.2915888609,3.05605014516194,0.163894336936454,18.6464657796373,1.34905644655896e-77,1.12797509337755e-75,3.05605014516194,74.947700489828,229.043930961492
"SCUBE1","ENSG00000159307",357.054610713857,-3.56432242221096,0.206638685540989,-17.2490567914687,1.13741028861835e-66,6.14854449977287e-65,3.56432242221096,64.2112276794326,228.869518575495
"STIL","ENSG00000123473",577.832420242981,2.56583970533038,0.1260279185282,20.3592960615012,3.84061829208534e-92,7.01226358166154e-90,2.56583970533038,89.1541417677195,228.755236842268
"WFDC3","ENSG00000124116",484.405577426792,3.93417422205066,0.239840121041824,16.4033198655892,1.81066932495498e-60,7.58742534693666e-59,3.93417422205066,58.1199055689411,228.653834277347
"INMT","ENSG00000241644",2330.64063734459,-3.50006514524307,0.201568346111897,-17.3641606569519,1.54137416457768e-67,8.64570781404025e-66,3.50006514524307,65.0631994457506,227.72543661807
"GJB6","ENSG00000121742",189.806436165357,5.09155765276049,0.354760375456515,14.3521035747257,1.03354090507552e-46,2.41424900972796e-45,5.09155765276049,44.6172179380607,227.171137437416
"HOXC10","ENSG00000180818",235.951160597214,6.06884810479523,0.462496960179432,13.1219199850324,2.46606904536858e-39,4.00048716489393e-38,6.06884810479523,37.3978871186364,226.962096363283
"VIPR1","ENSG00000114812",1165.37198625084,-3.20050582659525,0.176562029266187,-18.126806991837,1.95803635479147e-73,1.40140577985135e-71,3.20050582659525,70.8534360956676,226.766835058478
"EZH2","ENSG00000106462",917.121664682991,2.55134911997587,0.125703651368505,20.2965394576844,1.37965270715163e-91,2.37366595087155e-89,2.55134911997587,88.6245803999143,226.112245211552
"GALNT14","ENSG00000158089",906.401960353113,3.66658142236311,0.217277246198179,16.8751283740903,6.85757331424261e-64,3.30734661217636e-62,3.66658142236311,61.4805202883438,225.42333352646
"STXBP6","ENSG00000168952",375.657774622982,-3.49839319661456,0.202506893527732,-17.2754276937021,7.20374200114137e-67,3.94179069193953e-65,3.49839319661456,64.4043064403684,225.311587483664
"BCL2L15","ENSG00000188761",763.579341506176,3.47093662498073,0.200206381175631,17.3367931861066,2.48203807709485e-67,1.38352359231957e-65,3.47093662498073,64.8590134307212,225.121525176807
"CCNE1","ENSG00000105173",401.304449404556,3.27914878137088,0.183952030026976,17.8261081483581,4.43220725631798e-71,2.88383579771991e-69,3.27914878137088,68.5400294714749,224.752954116511
"PKMYT1","ENSG00000127564",436.488728989946,2.9710968679273,0.15861836632189,18.7311024367629,2.76138156286889e-78,2.35282858592443e-76,2.9710968679273,75.628409711965,224.699331221542
"HNF4G","ENSG00000164749",400.0276320161,3.52459109809105,0.205151279331709,17.1804490304549,3.72020439330686e-66,1.96939695885916e-64,3.52459109809105,63.7056667370531,224.536425879373
"LY6D","ENSG00000167656",212.506955220226,5.54613169892639,0.406008338069823,13.6601423638068,1.75640038013923e-42,3.34332680870545e-41,5.54613169892639,40.4758211692404,224.4842348268
"HOXB13","ENSG00000159184",122.745869019063,6.58895973286257,0.526782507285563,12.5079319106752,6.75603264937606e-36,9.29175189817724e-35,6.58895973286257,34.0319023949427,224.234834512987
"UNC5CL","ENSG00000124602",677.372922846224,3.084194561288,0.168130078825549,18.3440975156394,3.67986465721597e-75,2.81383838938313e-73,3.084194561288,72.5507008495504,223.760476977816
"GPIHBP1","ENSG00000277494",406.440479055293,-3.69715076630108,0.221136830301994,-16.7188376592542,9.55649434691633e-63,4.3844705987019e-61,3.69715076630108,60.3580828378606,223.152932216461
"WNT3A","ENSG00000154342",109.408220440188,-4.09783075897887,0.258478871447302,-15.8536391622025,1.32670383973404e-56,4.88450860172039e-55,4.09783075897887,54.3111791212586,222.558020359504
"KLK6","ENSG00000167755",149.956876690385,6.1195004223746,0.474026162346612,12.9096258992979,3.97226190236687e-38,6.05930794706313e-37,6.1195004223746,36.2175769751629,221.633477596894
"ANKRD1","ENSG00000148677",562.961899898953,-4.43288109302208,0.292387730710461,-15.1609682193257,6.41171206610697e-52,1.92168783917675e-50,4.43288109302208,49.7163171581521,220.386522345062
"CDCA2","ENSG00000184661",264.372216260884,2.96608000109805,0.159881340040763,18.5517584499968,7.8927189613666e-77,6.36146037728525e-75,2.96608000109805,74.1964431735039,220.072586249538
"SYT7","ENSG00000011347",3097.08882009433,3.43321613257592,0.199351354752978,17.2219352952485,1.81805928663698e-66,9.76892937411274e-65,3.43321613257592,64.0101530301802,219.760690031868
"CSF3","ENSG00000108342",437.229502370771,-4.66399981120654,0.316195762136181,-14.7503552220217,3.06049584549069e-49,8.17335106915893e-48,4.66399981120654,47.0875998464716,219.616556794113
"PLPP4","ENSG00000203805",111.165318884536,4.07760621847664,0.258301897749751,15.7862030980009,3.87195714002314e-56,1.41101688607808e-54,4.07760621847664,53.8504677888774,219.581002323802
"KIF11","ENSG00000138160",1152.11617864186,2.6853622637183,0.137866317127937,19.4780155128562,1.68692481865867e-84,1.898373948444e-82,2.6853622637183,81.721618234612,219.45214973722
"CDCA5","ENSG00000146670",989.741655363491,2.96113115714214,0.159785988872405,18.5318573802283,1.14273505166507e-76,9.16903958719425e-75,2.96113115714214,74.0376761522063,219.235269656698
"SMAD6","ENSG00000137834",856.00909789013,-2.55009850880471,0.12806199609541,-19.9129998481736,3.13941472659905e-88,4.53012481476103e-86,2.55009850880471,85.3438898320677,217.635326196349
"SOX7","ENSG00000171056",298.041218140725,-2.93531907313648,0.159022219753932,-18.4585467218263,4.45158817013638e-76,3.52443659859515e-74,2.93531907313648,73.4529102975881,215.607728573893
"CCNA2","ENSG00000145386",787.67704636685,2.94183238678891,0.159770157953398,18.4129027878097,1.03522243787184e-75,8.12422591264949e-74,2.94183238678891,73.0902180085497,215.019170495014
"SH2D3C","ENSG00000095370",1108.25555297957,-2.29006064400377,0.109785356066817,-20.8594363223635,1.25137647355871e-96,2.63422108722189e-94,2.29006064400377,93.5793477779957,214.30238143793
"GIMAP8","ENSG00000171115",1086.34757378111,-2.44673220186843,0.121498257175744,-20.1380024598155,3.42888778460677e-90,5.62872377339164e-88,2.44673220186843,87.2495900635863,213.476381608396
"SPTBN2","ENSG00000173898",2974.04994206435,2.50346149977339,0.125816052116209,19.8977909230619,4.25262444590634e-88,6.03906422306366e-86,2.50346149977339,85.2190303518168,213.342561533793
"PIMREG","ENSG00000129195",288.236942078074,3.21104325533508,0.183152041535373,17.5321182795274,8.14767445600507e-69,4.8719896135039e-67,3.21104325533508,66.3122936462378,212.931643258551
"INSL4","ENSG00000120211",130.474656231506,7.56285456005659,0.667342290784149,11.3327967738565,9.02753206599783e-30,9.07979939611575e-29,7.56285456005659,28.0419237464263,212.076990878419
"GRK5","ENSG00000198873",1440.55146440453,-2.4891438235364,0.125583810273513,-19.8205789274527,1.97819937216571e-87,2.68150919440614e-85,2.4891438235364,84.5716207095818,210.510927335719
"KRT6A","ENSG00000205420",2152.38148845738,5.36747430560846,0.39931703194313,13.4416362845572,3.44728592024533e-41,6.2242469193693e-40,5.36747430560846,39.2059131869707,210.436731658981
"ARHGEF26","ENSG00000114790",1127.90782946712,-2.66361691105063,0.139399359927326,-19.1078130662815,2.17390126905501e-81,2.10257380579466e-79,2.66361691105063,78.6772487503996,209.566050286501
"CYYR1","ENSG00000166265",769.098584729866,-2.27137792221088,0.109724710509717,-20.7006964216118,3.41401428708314e-95,7.02148938376766e-93,2.27137792221088,92.1535707564536,209.315586069107
"KIF1A","ENSG00000130294",1612.9479705168,5.47826745753245,0.413340667962204,13.2536376944003,4.29851762663358e-40,7.30421423488648e-39,5.47826745753245,38.1364264972941,208.921544226704
"ECEL1","ENSG00000171551",165.223419888193,4.55489858598777,0.313205132298881,14.542860624778,6.48260036901953e-48,1.60655357898707e-46,4.55489858598777,45.794104786035,208.587503136487
"BARX2","ENSG00000043039",493.487867387512,3.86876962945732,0.245296889766819,15.7717842779621,4.86555686107491e-56,1.75523001845188e-54,3.86876962945732,53.7556659622759,207.968287886106
"BRIP1","ENSG00000136492",350.014447273787,2.7127281442446,0.14397777199949,18.8412982543875,3.4636484022142e-79,3.02317370052774e-77,2.7127281442446,76.5195368991293,207.576701330831
"LYPD1","ENSG00000150551",109.50281187036,3.53547157684062,0.214471438679345,16.484579945055,4.73574583362425e-61,2.03693990867882e-59,3.53547157684062,58.6910217828379,207.500439328957
"ZWINT","ENSG00000122952",1357.35004578671,2.60100969902471,0.135469880502788,19.1999113704923,3.70724031428346e-82,3.70579055550134e-80,2.60100969902471,79.4311191298526,206.601111261134
"TBX15","ENSG00000092607",473.96174571372,3.74356381438664,0.234714093779456,15.9494632559398,2.87355964327691e-57,1.08703176949585e-55,3.74356381438664,54.9637577630755,205.760334664562
"CCM2L","ENSG00000101331",106.980791631453,-2.52095602634413,0.129747683627396,-19.4296804063471,4.33049864356144e-84,4.72473245300274e-82,2.52095602634413,81.3256227792128,205.018318841446
"TFR2","ENSG00000106327",148.745669183098,2.95680035990354,0.164989969706619,17.9210915982423,8.07283885774051e-72,5.38982483886384e-70,2.95680035990354,69.2684253484962,204.812905000385
"GINS2","ENSG00000131153",530.514000182167,2.85995658145835,0.157034879921695,18.2122378345783,4.1272683459146e-74,3.03906224335185e-72,2.85995658145835,71.5172604049982,204.536259583145
"CILP2","ENSG00000160161",538.572200513443,3.49610330328556,0.212667069241792,16.4393261060586,1.00024981300673e-60,4.26130235812603e-59,3.49610330328556,58.3704576496045,204.069149803072
"TNFSF11","ENSG00000120659",114.565510498774,4.08176032876028,0.269065971652834,15.1701097826923,5.57834389062798e-52,1.67753457537826e-50,4.08176032876028,49.7753285198974,203.170961303527
"SKA1","ENSG00000154839",256.133159214567,3.02604108816086,0.171592320630575,17.6350612722099,1.32552413413078e-69,8.15037915189075e-68,3.02604108816086,67.0888221876105,203.013532496027
"PRSS2","ENSG00000275896",509.262715021285,5.33308685465623,0.403062316655473,13.2314201409575,5.77851050542499e-40,9.76344555935499e-39,5.33308685465623,38.0103968910071,202.712747999696
"ARHGEF15","ENSG00000198844",627.006956921884,-2.45316386213022,0.125769044834469,-19.5053072507544,9.89607404315328e-85,1.12783727932574e-82,2.45316386213022,81.9477535544206,201.031267602458
"DNAJC22","ENSG00000178401",460.202684350176,3.45194702369233,0.210392129380557,16.4072060768416,1.6984347516792e-60,7.15061012042258e-59,3.45194702369233,58.1456569007684,200.715727279243
"NECAB1","ENSG00000123119",196.150321788186,-3.17542466245171,0.185730010738148,-17.0969928329385,1.56261836767655e-65,8.03446277380358e-64,3.17542466245171,63.09504315713,200.353556119606
"TICRR","ENSG00000140534",229.394860410114,2.87922324405046,0.160528930793598,17.9358526205625,6.19067630894381e-72,4.16427711262901e-70,2.87922324405046,69.3804603779893,199.761834203229
"DMRTA2","ENSG00000142700",102.419665871968,5.08982035961287,0.378834647368198,13.4354668850179,3.74697616596763e-41,6.74493405811457e-40,5.08982035961287,39.1710222918537,199.373466767927
"FGD5","ENSG00000154783",1218.4766247981,-2.24549394100737,0.110562797089535,-20.309670161374,1.05611187238038e-91,1.83466113907788e-89,2.24549394100737,88.7364441379615,199.257147658331
"PODXL2","ENSG00000114631",2235.48064640268,3.24695387209447,0.192681397367724,16.8514133510138,1.02437020615516e-63,4.9271656179393e-62,3.24695387209447,61.3074028394405,199.062309037577
"MMP12","ENSG00000262406",1573.9320865247,3.98991524181653,0.263291726661639,15.1539711953959,7.13235300670559e-52,2.13053743487451e-50,3.98991524181653,49.671510830571,198.18511814695
"LRRC32","ENSG00000137507",2014.91274193752,-2.36980065005243,0.120303436770008,-19.6985282688384,2.21979318006867e-86,2.81693328872119e-84,2.36980065005243,83.5502234379568,197.997373815296
"CARD14","ENSG00000141527",398.048650924734,3.44831395693582,0.211744654998918,16.2852467607904,1.25621446420193e-59,5.09692639636397e-58,3.44831395693582,57.2926916379208,197.563188205462
"NCKAP5","ENSG00000176771",539.718701047443,-3.50861703618818,0.217816221144438,-16.1081530923335,2.23603217545304e-58,8.77397449898711e-57,3.50861703618818,56.0568036321792,196.681856218119
"DUSP9","ENSG00000130829",115.737073296776,4.58618622443104,0.326671077477776,14.0391560215276,8.97753932740989e-45,1.91688676832154e-43,4.58618622443104,42.717403540406,195.909967660472
"BTNL9","ENSG00000165810",572.990145799236,-3.40850882753827,0.208994841806718,-16.3090571904665,8.50960469184395e-60,3.47630951486675e-58,3.40850882753827,57.4588815628867,195.849105027575
"CHRNA5","ENSG00000169684",109.431253119275,3.6438573356374,0.231084681208992,15.7684936819413,5.12577300063363e-56,1.84538141449371e-54,3.6438573356374,53.7339138576402,195.79871618267
"KCNN4","ENSG00000104783",2369.01425488258,3.23494663391354,0.193236967352498,16.7408269661593,6.60639681479921e-63,3.07534054279093e-61,3.23494663391354,60.5121067863386,195.753436159483
"ARHGAP40","ENSG00000124143",468.334244292047,3.67333411243258,0.233988728773236,15.6987651998934,1.54214617012409e-55,5.44252888008489e-54,3.67333411243258,53.2641992577525,195.657200104908
"UPK3B","ENSG00000243566",1239.48037865228,-4.14463551054501,0.280779934246248,-14.7611527927423,2.6078482744851e-49,7.01687656772359e-48,4.14463551054501,47.1538561629792,195.435546712215
"RHBDL2","ENSG00000158315",393.967225037963,2.68718139754141,0.146459449407678,18.3476136801627,3.44932441258945e-75,2.64887389332459e-73,2.68718139754141,72.5769387169526,195.027399610698
"IL31RA","ENSG00000164509",165.398590742834,4.07303876051309,0.274076117692388,14.8609765593823,5.90579783522763e-50,1.64855601662602e-48,4.07303876051309,47.782896291288,194.621588683993
"EMCN","ENSG00000164035",917.446247741786,-2.73401784279681,0.150732640849531,-18.138193740837,1.59177169483001e-73,1.14383819018447e-71,2.73401784279681,70.9416354074313,193.955697001103
"RHBDL1","ENSG00000103269",235.676895118721,3.20321224557109,0.191284565864755,16.7457956217747,6.07724806113429e-63,2.83916970125002e-61,3.20321224557109,60.5468086482935,193.944278892463
"FAM133A","ENSG00000179083",203.82633636006,5.51803521416088,0.434082395009202,12.7119534853375,5.07505921422271e-37,7.40081780929804e-36,5.51803521416088,35.1307202869662,193.852551642315
"HROB","ENSG00000125319",288.724231327086,2.72977062870596,0.150608744650195,18.1249145595506,2.02657637477916e-73,1.44468251290532e-71,2.72977062870596,70.840227584079,193.377572589865
"SLC7A10","ENSG00000130876",131.753618166696,4.78245724149396,0.350657178124575,13.6385550898232,2.36194097503271e-42,4.47219152023919e-41,4.78245724149396,40.3494796061945,192.969660933158
"FAM111B","ENSG00000189057",528.875116227542,2.74049555314518,0.15192167842818,18.0388709596882,9.6495268781076e-73,6.66637005521156e-71,2.74049555314518,70.1761105819933,192.317318986977
"PROC","ENSG00000115718",193.03502627136,3.91835634529243,0.260397905279998,15.0475724490915,3.58136763981715e-51,1.04708188201386e-49,3.91835634529243,48.9800193550773,191.921169632513
"PAH","ENSG00000171759",131.989440543017,5.27797581997356,0.408018921357316,12.9356153445429,2.83345318938117e-38,4.35184359807702e-37,5.27797581997356,36.3613267212402,191.914203216864
"ABCC2","ENSG00000023839",976.029369825922,4.80821968516699,0.356304849108751,13.4946793376349,1.68084877090367e-41,3.08465918541327e-40,4.80821968516699,39.5107928128531,189.976571779315
"CENPI","ENSG00000102384",238.358869426717,2.74819228703475,0.153620926068826,17.8894396574819,1.42534430083497e-71,9.41095408665684e-70,2.74819228703475,69.0263663453755,189.697727592396
"GAL","ENSG00000069482",112.132820304144,4.83138225628375,0.359253009416947,13.44841136926,3.14557773614518e-41,5.68523458917634e-40,4.83138225628375,39.2452516103636,189.608812273702
"CP","ENSG00000047457",15088.2611437025,3.49747391873735,0.22085746059493,15.8358875870261,1.75958616778225e-56,6.45169575822292e-55,3.49747391873735,54.1903261207686,189.529252255259
"KIF15","ENSG00000163808",359.428202262482,2.68218605355749,0.14820066838954,18.0983397895849,3.28418539726325e-73,2.32268495309215e-71,2.68218605355749,70.6340096935198,189.453555706803
"PLXNB3","ENSG00000198753",869.425348793684,3.36803764318533,0.208849819407542,16.1266006968053,1.65904148918037e-58,6.52422623426468e-57,3.36803764318533,56.1854709877622,189.23478128688
"IGF2BP3","ENSG00000136231",563.902858512834,4.02737135864508,0.27391228539463,14.7031424780483,6.15364249467565e-49,1.62639771280992e-47,4.02737135864508,46.7887732451144,188.435765273513
"PRSS3","ENSG00000010438",101.783623469181,4.86486955450305,0.364380812661485,13.3510585230035,1.16777632869686e-40,2.0465251566477e-39,4.86486955450305,38.6889829124767,188.216855065597
"STARD8","ENSG00000130052",691.698225966053,-2.20649357474477,0.110909041056378,-19.8946231409858,4.52999836242555e-88,6.38230399203783e-86,2.20649357474477,85.1950225140064,187.982269777391
"NXPH4","ENSG00000182379",240.599545463879,4.19663751921306,0.291901685364063,14.3768869096421,7.22730842078208e-47,1.70155565227702e-45,4.19663751921306,44.7691538419948,187.879910716737
"GPRIN1","ENSG00000169258",417.77297524536,2.7001687434713,0.150386084986039,17.9549108132043,4.39286784577623e-72,2.97733274107856e-70,2.7001687434713,69.5261726267107,187.732398179834
"CSRNP1","ENSG00000144655",3180.52148574032,-2.38360827773686,0.124849960443659,-19.0917824023862,2.95512390992914e-81,2.84279742582592e-79,2.38360827773686,78.5462540864863,187.223501425771
"CLEC14A","ENSG00000176435",1499.33891217767,-2.29382901791494,0.117903241882473,-19.4551819041706,2.63416643340763e-84,2.92752422316539e-82,2.29382901791494,81.5334995027651,187.023907091596
"AOC3","ENSG00000131471",3590.75931333828,-2.65008867148221,0.146507308000461,-18.0884401443911,3.93055498933703e-73,2.75801648722382e-71,2.65008867148221,70.5594031419713,186.988674933084
"SPC24","ENSG00000161888",377.991898378751,2.70176265983433,0.150934820126724,17.9001946506839,1.17510493155916e-71,7.78746390384743e-70,2.70176265983433,69.1086039533532,186.715045634449
"RAB3B","ENSG00000169213",404.367784199915,4.30709129177279,0.304590508356281,14.140595893864,2.13469090646041e-45,4.69238628861132e-44,4.30709129177279,43.3286062429106,186.620262633492
"ORC1","ENSG00000085840",322.288382118829,2.75066404539663,0.155114458934321,17.733124715094,2.32732516261609e-70,1.47147806129646e-68,2.75066404539663,67.8322462085415,186.583720764327
"NOVA2","ENSG00000104967",262.536279234168,-2.41163645765039,0.127412063638106,-18.9278502269634,6.7251387572764e-80,6.04687978813802e-78,2.41163645765039,77.2184686650748,186.222874236629
"GABRA3","ENSG00000011677",112.279928294829,6.02940164227947,0.506619882459222,11.9012337475026,1.16610308458558e-32,1.35487548652531e-31,6.02940164227947,30.8681006147524,186.116176540636
"GAD1","ENSG00000128683",161.360765087173,3.80477597732868,0.253150483887828,15.0297005911101,4.69121325096137e-51,1.36266036849759e-49,3.80477597732868,48.8656123748824,185.922708081408
"MYCT1","ENSG00000120279",503.383223638069,-2.25128851933741,0.115009277035476,-19.5748428071847,2.53417442199301e-85,3.00291277700139e-83,2.25128851933741,82.5224572821923,185.781860666911
"CLSPN","ENSG00000092853",474.519471543359,2.73093802206057,0.153924278905684,17.7420874827287,1.98424687106275e-70,1.2634921446237e-68,2.73093802206057,67.8984274538289,185.426397171783
"SOX17","ENSG00000164736",166.40194913009,-2.70161341408286,0.151557978948048,-17.8256099272011,4.47187019029252e-71,2.89910048242406e-69,2.70161341408286,68.5377367317971,185.162468925503
"CHEK1","ENSG00000149554",692.06642070939,2.60486828886948,0.143482488174484,18.1546077295634,1.1806837656244e-73,8.58779456029165e-72,2.60486828886948,71.0661183534299,185.117878111895
"EFNA4","ENSG00000243364",746.395631786244,2.20209567622049,0.111454893849557,19.7577297879168,6.88316290639691e-87,9.12299510253037e-85,2.20209567622049,84.0398625582771,185.063817969746
"CLEC1A","ENSG00000150048",185.317033041971,-2.27720839775771,0.117385370256423,-19.3994225411842,7.80430831503729e-84,8.31205289767632e-82,2.27720839775771,81.0802917016039,184.636721155537
"ADAMTS8","ENSG00000134917",462.132021501068,-3.50955706769405,0.225037899993218,-15.5954044532046,7.82264174527057e-55,2.68657444814062e-53,3.50955706769405,52.5708011201172,184.500226625446
"BAIAP2L2","ENSG00000128298",296.786789256305,3.68935137878441,0.242723555096827,15.1998077702539,3.54660241079025e-52,1.08292417979983e-50,3.68935137878441,49.9654019491431,184.339924572589
"HIGD1B","ENSG00000131097",132.457602484138,-2.73576700465635,0.154831587985424,-17.6693079251625,7.22781649100352e-70,4.50617841371171e-68,2.73576700465635,67.3461916171935,184.243488915582
"EME1","ENSG00000154920",133.026658785722,2.69753924181143,0.151956355576261,17.7520659243347,1.66128686209873e-70,1.06162163655474e-68,2.69753924181143,67.9740302388432,183.362613993356
"CGA","ENSG00000135346",132.198016266193,6.86202179306285,0.621821775386138,11.0353513895548,2.58040856689458e-28,2.38364741804051e-27,6.86202179306285,26.6227579837152,182.685945475692
"CNGA3","ENSG00000144191",294.621740865086,4.79552623855106,0.362457830430923,13.2305770104338,5.84370156700075e-40,9.8549813513991e-39,4.79552623855106,38.0063441932001,182.260420809894
"CDT1","ENSG00000167513",725.846442326184,2.75722505519031,0.157532535266573,17.5025752650054,1.36935299867704e-68,8.05981355438431e-67,2.75722505519031,66.0936750045024,182.23513671202
"KNL1","ENSG00000137812",478.329068279762,2.63991297772201,0.147896528910763,17.8497291124045,2.90441755573353e-71,1.9036169716022e-69,2.63991297772201,68.7204204319252,181.415929732752
"PCLAF","ENSG00000166803",276.476519670706,2.65833497384231,0.149612853627251,17.7680921751907,1.24865665340839e-70,8.00796182775497e-69,2.65833497384231,68.0964780057129,181.02324907807
"SLC39A8","ENSG00000138821",8143.78968708565,-2.49018825011652,0.135695931577583,-18.3512373670008,3.22679534463573e-75,2.4994393550462e-73,2.49018825011652,72.6021573962542,180.793039281262
"USHBP1","ENSG00000130307",137.995230931431,-2.30050675888858,0.120509597461198,-19.0898219507313,3.0681332413458e-81,2.93572770520858e-79,2.30050675888858,78.5322842285957,180.664050658843
"DNASE1L3","ENSG00000163687",230.064089159536,-3.48475777792728,0.225513192078991,-15.4525673012808,7.24973890117414e-54,2.38812054637863e-52,3.48475777792728,51.6219437548853,179.889970011561
"P2RY6","ENSG00000171631",810.76219491791,2.98908943935852,0.179408845259375,16.660769623912,2.52751014468894e-62,1.13345210573732e-60,2.98908943935852,59.9455968263566,179.182750409706
"KIFC1","ENSG00000237649",1093.17420533648,2.73468525387432,0.157013077916202,17.4169266036159,6.13872148350408e-68,3.509269760522e-66,2.73468525387432,65.4547832459188,178.998230538154
"CPNE7","ENSG00000178773",364.486378153375,3.25152746106089,0.203915670754381,15.9454516125805,3.06416983689602e-57,1.15183174141976e-55,3.25152746106089,54.9386109576402,178.634402201308
"RMI2","ENSG00000175643",671.363889609399,2.27813260569732,0.119673333016187,19.0362593593777,8.54144055003495e-81,8.00167517077358e-79,2.27813260569732,78.09681908285,177.914909953885
"PLEK2","ENSG00000100558",847.223407320737,2.72058524772049,0.156345418607588,17.4011190858677,8.09067401674865e-68,4.61039586565871e-66,2.72058524772049,65.3362617828772,177.7528699477
"COCH","ENSG00000100473",201.588948567439,3.75906712816789,0.254752521685547,14.7557602307383,2.82490140925709e-49,7.58948362099657e-48,3.75906712816789,47.1197877719544,177.126445299801
"BPIFA2","ENSG00000131050",152.37671479279,4.7208099182212,0.359726645232656,13.123325671825,2.42073979966935e-39,3.93408694236909e-38,4.7208099182212,37.4051560465077,176.582631656965
"C14orf132","ENSG00000227051",1089.73710710149,-2.62783707630084,0.148980296477665,-17.6388229747871,1.24017325036442e-69,7.67834600995519e-68,2.62783707630084,67.1147323211287,176.366581959468
"SLCO5A1","ENSG00000137571",198.006305060286,3.25208574750569,0.205509218470093,15.8245249128762,2.1078411911871e-56,7.71280213372409e-55,3.25208574750569,54.1127878100006,175.979425994703
"ARC","ENSG00000198576",114.425579562489,-3.4329494188038,0.222970641519559,-15.3964189877557,1.7298762431785e-53,5.54707448372633e-52,3.4329494188038,51.2559360025628,175.959035710243
"CDCA7","ENSG00000144354",1170.16758292062,2.92793184998085,0.175532883147256,16.6802470140286,1.82462881711069e-62,8.24446551125291e-61,2.92793184998085,60.0838374944206,175.921381468988
"CXCL14","ENSG00000145824",6998.93860669201,4.31221562845229,0.314451541788452,13.7134504220474,8.43492384399328e-43,1.63163343070888e-41,4.31221562845229,40.7873774049585,175.883966289244
"H2BC5","ENSG00000158373",963.317607626527,2.67838934374654,0.153709629441388,17.4249938242669,5.33142037778607e-68,3.05753541088866e-66,2.67838934374654,65.514628504475,175.473682845899
"PLPP2","ENSG00000141934",3801.30969666828,2.40945752292158,0.131474310290371,18.3264511340665,5.09054046338474e-75,3.85953561488742e-73,2.40945752292158,72.4134649471481,174.477167877724
"CDKN3","ENSG00000100526",405.255287611673,2.88623943641033,0.172577718403633,16.7242878345387,8.72124380100364e-63,4.01154795196293e-61,2.88623943641033,60.3966880120995,174.319302769093
"UMODL1","ENSG00000177398",309.816164275752,4.29618338239908,0.314297967860656,13.6691414572041,1.55215671328231e-42,2.96084648942007e-41,4.29618338239908,40.5285841088302,174.11822956052
"ESCO2","ENSG00000171320",233.918295219457,2.63851314115366,0.151406026895461,17.4267378601476,5.17131454484673e-68,2.97525180549655e-66,2.63851314115366,65.5264762725876,172.892468738716
"TAMALIN","ENSG00000161835",564.991877271428,-2.33724041638993,0.126202966867883,-18.5196946981182,1.43247030255273e-76,1.14424960373107e-74,2.33724041638993,73.9414792293026,172.819013702383
"ANOS1","ENSG00000011201",2457.11118171508,-2.78772215539228,0.164596295347934,-16.9367247877567,2.4118419842104e-64,1.18233119516375e-62,2.78772215539228,61.9272608516405,172.635997098875
"THSD1","ENSG00000136114",270.094835577962,-2.2255151524464,0.117658990708903,-18.9149604211078,8.58849292064717e-80,7.64546785219601e-78,2.2255151524464,77.1165959334812,171.624152755049
"TK1","ENSG00000167900",2630.11807829915,2.63894406868887,0.152294229010895,17.3279321601876,2.89553656609022e-67,1.60401968350007e-65,2.63894406868887,64.794790306636,170.989827561636
"SPDEF","ENSG00000124664",1799.48043987441,3.25510119705505,0.208831978129722,15.5871779131118,8.89783582162467e-55,3.04998038996801e-53,3.25510119705505,52.5157029529667,170.943927546389
"PTPRB","ENSG00000127329",2289.44656973742,-2.54018650212297,0.143879784841,-17.6549228575098,9.32610099377003e-70,5.79416406533081e-68,2.54018650212297,67.2370092116419,170.794543242531
"BUB1","ENSG00000169679",1069.40790045376,2.6372707194494,0.152382715925458,17.3068887992487,4.17366330204261e-67,2.30491844022989e-65,2.6372707194494,64.6373444375562,170.466175868133
"TENT5B","ENSG00000158246",428.078901737886,-2.80261863763905,0.167338913283135,-16.7481584686585,5.84064553281496e-63,2.73577671514812e-61,2.80261863763905,60.5629193511537,169.734766523374
"MMRN2","ENSG00000173269",1375.21237043467,-2.13490366760859,0.111217031045264,-19.1958340152032,4.00993706060466e-82,3.98610021252217e-80,2.13490366760859,79.3994517871212,169.510180826436
"ALB","ENSG00000163631",314.19143780626,5.21388645658625,0.427002818091893,12.2104263383671,2.73452481604205e-34,3.45490203243775e-33,5.21388645658625,32.4615642630148,169.250910270537
"TRIM31","ENSG00000204616",382.036640062639,3.86061001590515,0.271647532194849,14.2118354056535,7.73707562246231e-46,1.73483075329221e-44,3.86061001590515,43.7607428877299,168.94316229582
"GNG4","ENSG00000168243",437.118806047766,4.25823914781948,0.315159801501895,13.5113651154964,1.3401317732384e-41,2.46951367853293e-40,4.25823914781948,39.6073885639568,168.657732525938
"SPTSSB","ENSG00000196542",253.449799701069,4.51241134377605,0.344121055345863,13.1128603544494,2.77915511600773e-39,4.48803452082367e-38,4.51241134377605,37.347943811256,168.529285320622
"ERG","ENSG00000157554",993.733983984003,-2.13286177983301,0.111460412596162,-19.1355991796,1.27603830326577e-81,1.24765865357019e-79,2.13286177983301,78.9039042168557,168.291121583736
"ALG1L","ENSG00000189366",196.050645731282,3.23368725831202,0.208615835511927,15.500679756054,3.4324140434277e-54,1.14796606502901e-52,3.23368725831202,51.9400709499071,167.957945626537
"RNF183","ENSG00000165188",154.562741004551,4.1388038600061,0.30274401814164,13.6709682503776,1.5136754824838e-42,2.89361062052165e-41,4.1388038600061,40.5385599102371,167.781148235578
"COL22A1","ENSG00000169436",248.657909196778,3.58290253508437,0.243918495056158,14.6889334253209,7.58990496334796e-49,1.98257181765234e-47,3.58290253508437,46.7027710716294,167.331476868006
"HORMAD1","ENSG00000143452",264.317380558596,4.42847490453989,0.336169732853126,13.1733302309959,1.24961626160765e-39,2.06267377942303e-38,4.42847490453989,37.685569452104,166.889598581938
"ADAM12","ENSG00000148848",1266.63213563177,3.10187452164782,0.196662630039778,15.7725670658448,4.80561806686858e-56,1.73710957718141e-54,3.10187452164782,53.7601727853156,166.757310242155
"EFCC1","ENSG00000114654",290.556318673617,-2.57776610543436,0.149022456248207,-17.2978366504771,4.88386755300137e-67,2.68883206541088e-65,2.57776610543436,64.5704363213702,166.447482162336
"AURKA","ENSG00000087586",1038.98881874557,2.63325418898518,0.153924826527833,17.1074039736471,1.3069612601701e-65,6.73932502254281e-64,2.63325418898518,63.1713835980736,166.346310483617
"CENPE","ENSG00000138778",558.681169474701,2.65831361242255,0.156295818636492,17.0082196415323,7.13739442074398e-65,3.58734265085315e-63,2.65831361242255,62.4452271390008,165.998997334424
"ARHGAP6","ENSG00000047648",284.09295333905,-2.33611912043283,0.129176482150542,-18.0847092407294,4.20580174643793e-73,2.9396254159771e-71,2.33611912043283,70.5317080063697,164.770471670465
"SIRPB1","ENSG00000101307",388.915078401765,-2.77757523223777,0.16790824351865,-16.5422207631471,1.82180526879751e-61,7.97006397911829e-60,2.77757523223777,59.098538192322,164.150635944452
"SPRR1B","ENSG00000169469",236.170880966959,5.42075174231296,0.460477494337877,11.7720231910736,5.44038899092347e-32,6.13003024021371e-31,5.42075174231296,30.2125373830467,163.774664658846
"SFTPC","ENSG00000168484",164288.724932976,-4.71706030933633,0.373934951211582,-12.6146547522574,1.75324284910166e-36,2.48579828042599e-35,4.71706030933633,34.6045341167452,163.231674405174
"OCIAD2","ENSG00000145247",4956.29511891225,2.18866179340426,0.117747064951607,18.5878246247903,4.03202303776728e-77,3.2793176461259e-75,2.18866179340426,74.4842165140174,163.02075889588
"SCN4B","ENSG00000177098",442.442337438388,-2.80518213338427,0.17105780778999,-16.3990300684095,1.94315691957605e-60,8.12357634625567e-59,2.80518213338427,58.0902527336278,162.953739092149
"RASIP1","ENSG00000105538",670.356018311374,-2.31340931589398,0.128013295536084,-18.0716331550256,5.33119600477065e-73,3.69732907416129e-71,2.31340931589398,70.432111894103,162.938303793905
"ITLN2","ENSG00000158764",174.020697931611,-4.63922507122749,0.365201579183741,-12.7031900617642,5.6767640496343e-37,8.26479569895089e-36,4.63922507122749,35.0827678774724,162.756856305225
"KIF23","ENSG00000137807",793.453545787755,2.57749595707747,0.151107817537183,17.0573303161051,3.08327686974277e-65,1.57176846240192e-63,2.57749595707747,62.8036114296117,161.876054549688
"HELLS","ENSG00000119969",690.09059501681,2.41033648994755,0.136677393914286,17.6352242380268,1.32170800879426e-69,8.15037915189075e-68,2.41033648994755,67.0888221876105,161.7066361864
"CLDN10","ENSG00000134873",859.843488721195,4.11154506587318,0.305630403787995,13.4526703329071,2.96951600188187e-41,5.377889658064e-40,4.11154506587318,39.269388112746,161.45785893482
"AGMAT","ENSG00000116771",163.943874771392,2.59636682438511,0.153036619298147,16.9656572151979,1.47440796669559e-64,7.26765337412789e-63,2.59636682438511,62.1386057942552,161.334614597749
"HBEGF","ENSG00000113070",1801.12161841871,-2.57802323816227,0.151850318735028,-16.9773976086333,1.20721623127758e-64,5.98486773793359e-63,2.57802323816227,62.2229454428048,160.412199298454
"PTGES","ENSG00000148344",1918.26444996186,2.96761582703596,0.188033821410458,15.7823513066725,4.11566303927219e-56,1.49677964962799e-54,2.96761582703596,53.8248421301809,159.731453393237
"IGFL2","ENSG00000204866",118.467409113226,3.80082871118241,0.273111359982817,13.9167726725887,5.01021541763601e-44,1.03162007442763e-42,3.80082871118241,41.9864802154597,159.583419484412
"BMP8A","ENSG00000183682",498.910325338113,2.76666828670467,0.16993620887711,16.2806285075207,1.35470410837176e-59,5.4840996857683e-58,2.76666828670467,57.260894659538,158.42190132288
"RHOV","ENSG00000104140",1359.90658065651,3.61052571507824,0.253904841108743,14.2199955672839,6.88572997644407e-46,1.55367423037218e-44,3.61052571507824,43.8086400375192,158.172221398069
"TCF21","ENSG00000118526",281.349964596992,-3.08540845056529,0.200827222976807,-15.3634970639494,2.87631661535083e-53,9.15763935915879e-52,3.08540845056529,51.0382164636049,157.473744378587
"PPP1R14B","ENSG00000173457",4109.23007907232,2.07671104454367,0.110766686093445,18.7485165241082,1.99066828419716e-78,1.70425969421721e-76,2.07671104454367,75.7684642269566,157.349206488233
"CD93","ENSG00000125810",5601.15751642671,-2.1991706738507,0.120926615126231,-18.1859938075258,6.66364964502847e-74,4.88658537288912e-72,2.1991706738507,71.3109945093257,156.825047848037
"SLIT2","ENSG00000145147",1674.22249479482,-2.46567115908023,0.143925693814048,-17.1315565257298,8.63142310028709e-66,4.48959457946037e-64,2.46567115908023,63.3477928749995,156.194825883274
"MAD2L1","ENSG00000164109",877.294871114356,2.58194879054712,0.154552940716362,16.7059182347462,1.18686784991446e-62,5.39000671028411e-61,2.58194879054712,60.2684106941384,155.609950099928
"FUT6","ENSG00000156413",331.351536063051,3.92372591543732,0.290329229647799,13.514746414604,1.27995984692448e-41,2.36106407639379e-40,3.92372591543732,39.6268922265398,155.485063977516
"IQANK1","ENSG00000203499",1751.3247699753,2.2382087078473,0.124837558437375,17.9289689406261,7.00669998677904e-72,4.69553868402387e-70,2.2382087078473,69.328314577183,155.171237387028
"FEZ1","ENSG00000149557",435.225175260187,-2.14522526658501,0.117140278033154,-18.3133018173121,6.48175568329405e-75,4.89358879498651e-73,2.14522526658501,72.3103725269277,155.12203818094
"ASF1B","ENSG00000105011",824.610949421484,2.36880991943508,0.136251467880904,17.3855735741917,1.06120320838216e-67,6.0088952555639e-66,2.36880991943508,65.2212053663524,154.496638229328
"TUBB2B","ENSG00000137285",596.678266007032,4.00309100522639,0.300405147600439,13.3256405131606,1.64217315036926e-40,2.84722908716639e-39,4.00309100522639,38.5455775882483,154.301454934773
"SERTM1","ENSG00000180440",114.410347624428,-4.77585991646719,0.392502688324769,-12.1677126259973,4.61843865612813e-34,5.76676363392189e-33,4.77585991646719,32.2390678489337,153.969271883988
"NECTIN4","ENSG00000143217",2928.89689007608,2.33444544066308,0.133560768724455,17.4785265385767,2.08825742089731e-68,1.22508819777428e-66,2.33444544066308,65.9118326440114,153.86757720156
"H2BC8","ENSG00000273802",205.640351195191,3.80801097094654,0.279320171831033,13.6331398695047,2.54394955536573e-42,4.81172192327261e-41,3.80801097094654,40.3176994791455,153.530241939912
"PROM2","ENSG00000155066",3861.46804962756,2.60794182836552,0.158080384129095,16.4975676313879,3.81971749285874e-61,1.64689650842702e-59,2.60794182836552,58.7833336911953,153.303514744036
"GPC2","ENSG00000213420",112.980358142266,3.29367415426757,0.225229228490203,14.6236533168733,1.98458918784469e-48,5.04407021848082e-47,3.29367415426757,46.2972188762452,152.487953227157
"LGI3","ENSG00000168481",631.714941058487,-4.25624648183079,0.331788325120827,-12.828198461416,1.13983829200969e-37,1.70670515137484e-36,4.25624648183079,35.7678415006728,152.23674954992
"TNS4","ENSG00000131746",1599.71341641244,3.91370820078218,0.292440825806818,13.3829064050295,7.61119166845026e-41,1.34972301807315e-39,3.91370820078218,38.8697553456267,152.124880258576
"BLACAT1","ENSG00000281406",356.750521823836,2.86531990943963,0.182892385065225,15.6666987989564,2.55510222329624e-55,8.91197740378941e-54,2.86531990943963,53.0500259233173,152.00529547437
"SOX11","ENSG00000176887",160.748729489907,4.41212527040912,0.350939481753199,12.572325143832,2.9977582234014e-36,4.19709607913312e-35,4.41212527040912,34.3770510888872,151.675855831425
"FHL5","ENSG00000112214",166.82518531849,-2.74714301947154,0.171853384673909,-15.9853879205477,1.61558090530142e-57,6.20334530870348e-56,2.74714301947154,55.2073740431957,151.662552226119
"KDELR3","ENSG00000100196",2300.00930479749,2.23557568143553,0.126185752085797,17.7165460004986,3.12521809874048e-70,1.9689974450973e-68,2.23557568143553,67.705754847387,151.361339030054
"TNS1","ENSG00000079308",15239.6132541359,-2.16704511782727,0.120670954210839,-17.9582993438584,4.13277139129679e-72,2.81169880245146e-70,2.16704511782727,69.5510312040787,150.720222610651
"VEGFD","ENSG00000165197",460.968049432057,-3.57049938484918,0.255863308971334,-13.9547143324454,2.94479262462534e-44,6.14832840518334e-43,3.57049938484918,42.2112429432624,150.715216962638
"ADAMTS14","ENSG00000138316",331.822730605583,2.66913029649201,0.165160706061145,16.1608070112261,9.53058017355294e-59,3.78116787240316e-57,2.66913029649201,56.4223740408496,150.598667952436
"STYK1","ENSG00000060140",438.514050662677,2.59916220930541,0.158779379734676,16.3696458170366,3.15041991345781e-60,1.304871840544e-58,2.59916220930541,57.8844321409523,150.451028527867
"FAM189A2","ENSG00000135063",994.11969405121,-2.834726840909,0.180989640392712,-15.6623707012081,2.73508895831327e-55,9.5211958620816e-54,2.834726840909,53.0213085008081,150.300926347357
"IL20RB","ENSG00000174564",393.258871323721,3.81350057340513,0.28303505856227,13.4735979096601,2.23694359042037e-41,4.06764549424712e-40,3.81350057340513,39.3906569039796,150.216292690131
"POLE2","ENSG00000100479",283.072008787836,2.35942910684574,0.137484252399916,17.1614498799659,5.16090087948681e-66,2.7159999834311e-64,2.35942910684574,63.5660702370409,149.979636325075
"THBD","ENSG00000178726",2812.33299821173,-2.44036249270846,0.144860016718549,-16.8463496552667,1.11593660345096e-63,5.35320473070993e-62,2.44036249270846,61.2713861469178,149.524392629195
"PAFAH1B3","ENSG00000079462",1148.82514006846,2.26460530619997,0.129693563986278,17.4612003602551,2.82922068586778e-68,1.64361187442313e-66,2.26460530619997,65.7842007297989,148.975250036827
"CENPU","ENSG00000151725",705.765329353516,2.36203436579063,0.138212317548056,17.089897685634,1.76483226761855e-65,9.0223267898568e-64,2.36203436579063,63.0446814467505,148.913704157548
"TMEM59L","ENSG00000105696",1040.89046960174,4.13759484567922,0.322779231135433,12.8186526472738,1.2892131285942e-37,1.92392748206306e-36,4.13759484567922,35.7158113017023,147.777556751175
"CDKN2A","ENSG00000147889",878.602316794687,3.56867166878581,0.258476517229737,13.8065604838444,2.32678770406096e-43,4.61565547547259e-42,3.56867166878581,41.335766615512,147.51377922832
"MCM4","ENSG00000104738",3924.16514891639,2.20748716233896,0.125770487846655,17.5517102631456,5.77155720390764e-69,3.46545211575568e-67,2.20748716233896,66.4602400976845,146.710126821604
"GRIA1","ENSG00000155511",178.761155552627,-3.69977658324633,0.274028731876535,-13.5014184750279,1.53394024563561e-41,2.82374411678579e-40,3.69977658324633,39.5491746609145,146.32311029717
"DNA2","ENSG00000138346",394.508752379474,2.23956819417274,0.128920398104739,17.3717132982574,1.35130191665212e-67,7.6034104385712e-66,2.23956819417274,65.1189915652945,145.838422346236
"GLIPR2","ENSG00000122694",2187.72159274279,-2.20845116230044,0.126390817317355,-17.4731931415179,2.29294924227121e-68,1.34077584287447e-66,2.20845116230044,65.8726438234459,145.476516815692
"NME1","ENSG00000239672",950.253150062348,2.20868622764384,0.126432883468851,17.4692387537613,2.45751753457027e-68,1.43232447055589e-66,2.20868622764384,65.8439585883064,145.428644507544
"SCN8A","ENSG00000196876",223.843091037689,2.98242480335804,0.198900649260935,14.9945453392937,7.9706628472585e-51,2.29660338689205e-49,2.98242480335804,48.6389139990394,145.061903519134
"SRPK3","ENSG00000184343",255.253933291362,3.16150245115752,0.21752969220211,14.5336593784177,7.41510310335045e-48,1.82250604159684e-46,3.16150245115752,45.7393310233239,144.605007144544
"ABCC3","ENSG00000108846",10908.0087070399,2.53143947105565,0.155774673760165,16.2506485165434,2.21014081000207e-59,8.84699094258771e-58,2.53143947105565,57.0532044173523,144.426733612292
"CCDC150","ENSG00000144395",112.40362254841,2.64105544198247,0.166097474477384,15.9006357579632,6.27249526811702e-57,2.33334215867813e-55,2.64105544198247,54.6320215720806,144.286197879447
"SEMA6A","ENSG00000092421",572.032988896712,-2.53003788990567,0.155851953354695,-16.2335975613196,2.91841869720455e-59,1.16301260020225e-57,2.53003788990567,56.9344155800534,144.046228657171
"HGD","ENSG00000113924",1062.34166559213,3.80559260000565,0.288502705540436,13.1908385152813,9.90770366595868e-40,1.64451337379405e-38,3.80559260000565,37.7839625903228,143.790368432623
"FAM110D","ENSG00000197245",102.470452841522,-2.30997482860349,0.136061874847605,-16.9773849668819,1.20747624959147e-64,5.98486773793359e-63,2.30997482860349,62.2229454428048,143.733437734447
"MAP7D2","ENSG00000184368",454.765671589498,3.36543275615893,0.240104877603788,14.016511408454,1.23539883344897e-44,2.62841751806211e-43,3.36543275615893,42.5803056469554,143.301155391523
"KNTC1","ENSG00000184445",1343.02438565317,2.14619479568158,0.122147720512309,17.5704858566337,4.14606441545793e-69,2.50626792519556e-67,2.14619479568158,66.6009725038868,142.938660575174
"GSTM5","ENSG00000134201",196.388632713992,-2.45060903373943,0.149388099035913,-16.404312321762,1.7813231683886e-60,7.48197545821061e-59,2.45060903373943,58.1259837206742,142.444060800875
"PI16","ENSG00000164530",106.796246835943,-3.5724777596633,0.263688673413231,-13.5480895459806,8.13191167512562e-42,1.50781653474635e-40,3.5724777596633,39.8216514985157,142.26196433151
"CAVIN1","ENSG00000177469",11383.6256421874,-2.08114834831935,0.117327478455402,-17.7379449018878,2.13605557389649e-70,1.35533483630248e-68,2.08114834831935,67.8679533988159,141.24327911976
"NRK","ENSG00000123572",412.989819583357,3.73682958368505,0.283346103137175,13.1882159038409,1.02584342929004e-39,1.69957560002654e-38,3.73682958368505,37.7696595124907,141.138781031987
"ANKRD22","ENSG00000152766",1173.51089702102,2.80051676164513,0.183659538226679,15.2484144776006,1.68679518859363e-52,5.20376315681135e-51,2.80051676164513,50.2836824780656,140.820295617064
"COL1A1","ENSG00000108821",128522.419118997,2.88825139295901,0.192588390439996,14.9970171429357,7.67937091439093e-51,2.21624167372898e-49,2.88825139295901,48.6543828830031,140.526089135395
"LYPD3","ENSG00000124466",821.198519993132,3.43700863707964,0.250475792727924,13.721919390482,7.50519212887613e-43,1.45651196054209e-41,3.43700863707964,40.836685944695,140.356042301626
"NPR1","ENSG00000169418",938.326180617881,-2.61265118363984,0.165817994914233,-15.7561378364948,6.23273835022851e-56,2.2394053674827e-54,2.61265118363984,53.6498672851945,140.168389264784
"NXPH3","ENSG00000182575",167.668579874011,-2.42204075523775,0.148008244854124,-16.3642286118919,3.44363419125318e-60,1.42302417053333e-58,2.42204075523775,57.8467877232185,140.107277425222
"F12","ENSG00000131187",151.606599425361,2.75592744982072,0.179946691049376,15.3152438299881,6.04846354480239e-53,1.89868698609034e-51,2.75592744982072,50.7215466263207,139.784902644839
"ITPRID1","ENSG00000180347",187.932916599563,4.58787145250766,0.389180911901162,11.7885315343339,4.47271609564568e-32,5.05880588491707e-31,4.58787145250766,30.295951984898,138.993933238056
"MGAT3","ENSG00000128268",698.593839477534,-3.0151003668834,0.206701788495093,-14.586716393869,3.41230623374032e-48,8.58739738963651e-47,3.0151003668834,46.0661384392635,138.894030909125
"DDIT4L","ENSG00000145358",525.425716842113,3.29548775767705,0.2365484941358,13.9315524696815,4.07402657895455e-44,8.42734769679004e-43,3.29548775767705,42.0743090875215,138.655370510647
"HEG1","ENSG00000173706",4724.39644456591,-2.12223341959136,0.121976694765554,-17.3986795073469,8.44267969985428e-68,4.79571009109501e-66,2.12223341959136,65.3191470786264,138.622476869464
"BPIFA1","ENSG00000198183",11316.6295715933,4.86256943163409,0.425743211244572,11.4213669254276,3.2704907625767e-30,3.36702481097727e-29,4.86256943163409,28.4727536833652,138.450741695178
"GIMAP6","ENSG00000133561",1377.14329806776,-2.085901745909,0.118977012000522,-17.5319728646393,8.16854012212134e-69,4.8719896135039e-67,2.085901745909,66.3122936462378,138.320929091918
"AKR1C2","ENSG00000151632",14860.2868518501,4.59966065595357,0.392094866043082,11.730989243425,8.84192161731948e-32,9.8818553091004e-31,4.59966065595357,30.0051615093739,138.013560870199
"TRIP13","ENSG00000071539",959.011339726855,2.63981228118087,0.169744298825574,15.5516992290474,1.54939804192191e-54,5.23082625737899e-53,2.63981228118087,52.2814297048846,138.013160212649
"MB","ENSG00000198125",426.500452053989,3.22285327603413,0.229366892865679,14.0510831173943,7.58647867340267e-45,1.62959019091469e-43,3.22285327603413,42.7879215981736,137.899193297365
"CDK1","ENSG00000170312",1518.99097850356,2.45332497650242,0.152128783218176,16.1266324794301,1.65818812831544e-58,6.52422623426468e-57,2.45332497650242,56.1854709877622,137.841219290829
"THBS2","ENSG00000186340",4270.39516377851,2.94684851922556,0.200454725450711,14.7008184147305,6.36853312104412e-49,1.68071037072039e-47,2.94684851922556,46.774507120133,137.837387044469
"GREB1L","ENSG00000141449",217.158984270775,3.31488023862332,0.239390874770364,13.8471453508958,1.32368878196766e-43,2.66420285441478e-42,3.31488023862332,41.5744327107334,137.814265424785
"SLC29A4","ENSG00000164638",1242.18084263226,3.11615333596683,0.218457470261343,14.2643478029794,3.64988193186311e-46,8.33001752638095e-45,3.11615333596683,44.0793540848354,137.358026278723
"SLC25A10","ENSG00000183048",360.901844221534,2.27734417317406,0.136275982075574,16.7112659067914,1.08507369371169e-62,4.95286316366919e-61,2.27734417317406,60.3051436704194,137.335567550254
"CLDN5","ENSG00000184113",1805.07439098519,-2.70275093652174,0.176341270149829,-15.3268201721885,5.06165492811036e-53,1.59451041599786e-51,2.70275093652174,50.7973726394216,137.29264647404
"NPC1L1","ENSG00000015520",174.494461522356,4.10151203500149,0.331791802015122,12.3617039664367,4.21133995921769e-35,5.55294811276951e-34,4.10151203500149,33.2554763845939,136.39773662112
"TGFBR3","ENSG00000069702",1134.1770603601,-2.5430286659731,0.161457727638345,-15.7504301786615,6.82156956105726e-56,2.44116688311995e-54,2.5430286659731,53.6124025303162,136.337876486283
"STEAP1","ENSG00000164647",1059.43870080453,2.82499505138069,0.189175761675154,14.93317656747,2.00483473604092e-50,5.69404887809211e-49,2.82499505138069,48.2445788091605,136.290696391824
"C1QTNF6","ENSG00000133466",1211.68846813879,2.28239072772336,0.137307812936632,16.6224388759049,4.79419970657787e-62,2.1286008771662e-60,2.28239072772336,59.6719057632183,136.194604419552
"GRIN1","ENSG00000176884",120.346111992384,3.16322655795474,0.224724296924352,14.076032726535,5.3320229593518e-45,1.15085508819881e-43,3.16322655795474,42.9389793578278,135.825719876151
"LAMP3","ENSG00000078081",7678.95378912486,-2.77609230527064,0.184783540358628,-15.0234826104252,5.15278067640288e-51,1.49430639615684e-49,2.77609230527064,48.8255603446109,135.544262373202
"BHLHA15","ENSG00000180535",618.500372214919,2.95873090944403,0.203569010694948,14.5342893760866,7.34720203092192e-48,1.81328946123153e-46,2.95873090944403,45.7415328625448,135.336887125761
"TESC","ENSG00000088992",3589.28189532387,3.59270143163411,0.272859345750605,13.1668622958506,1.36138892023523e-39,2.24096890062271e-38,3.59270143163411,37.649564170409,135.263643095429
"CHGB","ENSG00000089199",549.983358371114,4.48845797261007,0.381797588908894,11.7561192186605,6.5684578044666e-32,7.37323811137521e-31,4.48845797261007,30.132341740763,135.247749519739
"SHCBP1","ENSG00000171241",506.762780649832,2.28340868160726,0.138008995408786,16.545361226953,1.72924392203389e-61,7.58366703356676e-60,2.28340868160726,59.1201207432674,134.995396962846
"CHRNA9","ENSG00000174343",152.254260565003,4.74699315981127,0.41613405264356,11.4073653181114,3.84190388029582e-30,3.9484885772621e-29,4.74699315981127,28.4035691140367,134.831548298559
"EGLN3","ENSG00000129521",2976.91935449474,3.05235289192241,0.213836713604164,14.2742227958697,3.16799951195091e-46,7.25800451566423e-45,3.05235289192241,44.1391827659333,134.728362162688
"ARHGAP31","ENSG00000031081",2404.9118170952,-2.11982993302821,0.123660151733483,-17.1423850230829,7.16504328762713e-66,3.73772943281377e-64,2.11982993302821,63.4273921395781,134.455284431396
"SLC15A1","ENSG00000088386",175.991167407602,3.99409615870454,0.321549526086137,12.4214027223744,2.00023295696554e-35,2.6829211618429e-34,3.99409615870454,33.5713920889679,134.087368184911
"ABCA4","ENSG00000198691",973.608759903358,3.68795646272151,0.2852993859935,12.9266189966687,3.18520494801493e-38,4.87535262060146e-37,3.68795646272151,36.3119939675258,133.917052826841
"PDIA2","ENSG00000185615",101.56799487687,4.08851684823461,0.334054920123781,12.2390559214624,1.92255847938376e-34,2.44494235050558e-33,4.08851684823461,32.6117313766845,133.333613183676
"CDO1","ENSG00000129596",131.199388177999,-2.68465649293949,0.177248490335656,-15.1462869322924,8.01697889235413e-52,2.38285387576233e-50,2.68465649293949,49.6229025891667,133.22044763451
"NQO1","ENSG00000181019",11811.5328287791,3.04137696090805,0.213991090718409,14.212633575994,7.64937838454385e-46,1.71731903933053e-44,3.04137696090805,43.7651490151771,133.106315905467
"TM4SF4","ENSG00000169903",802.229100147787,4.57223360961224,0.397275526684942,11.5089737537199,1.1888467887861e-30,1.25498735054571e-29,4.57223360961224,28.9013606515661,132.143772534615
"ITGA11","ENSG00000137809",1978.75282894994,2.86491578542655,0.196529202669114,14.5775576683637,3.90229356228381e-48,9.76555786153065e-47,2.86491578542655,46.0103029424156,131.815643191984
"CD36","ENSG00000135218",2149.14624250789,-2.90155160225684,0.200359648565207,-14.4817163687155,1.58099421610282e-47,3.81764230887015e-46,2.90155160225684,45.4182047649316,131.783264807317
"SERPINB5","ENSG00000206075",711.025624759695,4.38655005848151,0.373836534826082,11.7338720265055,8.54579983010039e-32,9.56285155472084e-31,4.38655005848151,30.0194125857762,131.681656033717
"TONSL","ENSG00000160949",963.546653781239,2.11834499115227,0.124952129932992,16.9532523558284,1.82095779662521e-64,8.95120820192716e-63,2.11834499115227,62.0481183412186,131.439320698544
"BEAN1","ENSG00000166546",399.041138040856,2.87155874895183,0.197593175713389,14.5326818023162,7.52170471605881e-48,1.84617095314733e-46,2.87155874895183,45.7337280863161,131.327087008445
"ECT2","ENSG00000114346",2322.25349296716,2.17085734344901,0.129719203157624,16.7350499433084,7.27960477283658e-63,3.36573561241253e-61,2.17085734344901,60.4729200020203,131.27808246619
"LTBP4","ENSG00000090006",6114.57823000151,-2.21992335162602,0.134235524798664,-16.5375250326292,1.96949382159033e-61,8.59515925602822e-60,2.21992335162602,59.0657460720457,131.121428986547
"FAM155B","ENSG00000130054",142.045637025679,3.2148273943471,0.234465291862103,13.7113146633142,8.6869436441597e-43,1.67856892683531e-41,3.2148273943471,40.7750608206777,131.084782532484
"SLC19A3","ENSG00000135917",299.804064083102,-2.89584769115627,0.200353466562303,-14.4536939681838,2.3759385604979e-47,5.66835582173186e-46,2.89584769115627,45.2465428954457,131.02709677658
"FRMD3","ENSG00000172159",251.01190540298,-2.39763484367951,0.150924566824952,-15.8863125740184,7.88303987111994e-57,2.92031537088921e-55,2.39763484367951,54.5345702456608,130.753985806084
"CGNL1","ENSG00000128849",2282.3926937005,-2.21255400999318,0.133875235696925,-16.5269849832578,2.34587933093505e-61,1.0188062832141e-59,2.21255400999318,58.9919083853056,130.522783455058
"E2F2","ENSG00000007968",309.844338006782,2.34390363481011,0.146138942904223,16.0388708733596,6.83864165712312e-58,2.64856742794164e-56,2.34390363481011,55.576988966202,130.267106449682
"MUC6","ENSG00000184956",1056.7440859739,4.77984515213486,0.428867695131733,11.1452674248795,7.55170904908453e-29,7.19503354713895e-28,4.77984515213486,27.1429671768068,129.739180074616
"GINS4","ENSG00000147536",246.808731369454,2.41636278277447,0.1533703549903,15.7550837182798,6.33753841813012e-56,2.27249649129463e-54,2.41636278277447,53.6434967786506,129.622149153813
"ERFE","ENSG00000178752",248.013799451508,3.32849840965356,0.248472627330928,13.3958353699078,6.39523969353221e-41,1.14087760554708e-39,3.32849840965356,38.9427609446148,129.620917871669
"SLC7A5","ENSG00000103257",5583.1330287772,2.68288716675522,0.179845904265725,14.9176995590136,2.52840990803158e-50,7.15836051968498e-49,2.68288716675522,48.1451864328296,129.168102821676
"CRLF1","ENSG00000006016",5662.16173332732,4.05457600099376,0.335263715404251,12.0936916662898,1.14044614106177e-33,1.39575942558264e-32,4.05457600099376,31.855189430671,129.159286572709
"PTTG1","ENSG00000164611",1060.93835579162,2.33490977948732,0.146143618580463,15.9768165190311,1.85374377311961e-57,7.05724198562321e-56,2.33490977948732,55.1513649907961,128.773461469084
"MYO3B","ENSG00000071909",137.552398751917,3.52956939070401,0.273926974113473,12.8850742141294,5.46229348177542e-38,8.28278112452607e-37,3.52956939070401,36.0818238148775,127.353300897767
"SPN","ENSG00000197471",1486.36829889335,-2.27466176232566,0.141574025698135,-16.0669427256078,4.3501873059219e-58,1.69951749923276e-56,2.27466176232566,55.7696743593062,126.857145762468
"GDF10","ENSG00000266524",272.370214180269,-3.17465491288135,0.234204792396574,-13.5550382227268,7.39736072047407e-42,1.37446495712817e-40,3.17465491288135,39.8618663282977,126.54766977575
"GIMAP1","ENSG00000213203",361.588025141523,-2.02582749452692,0.119290496750126,-16.9823041207579,1.11039769990916e-64,5.53435822965865e-63,2.02582749452692,62.2569327331371,126.121806055702
"INA","ENSG00000148798",142.220135796361,4.38984084177064,0.382615757650166,11.4732358874366,1.79807374976678e-30,1.88586949616512e-29,4.38984084177064,28.7244883641206,126.095932179782
"ADRB1","ENSG00000043591",307.202019428893,-3.14516093789485,0.231534904694243,-13.5839602328998,4.98561731112462e-42,9.31186331398256e-41,3.14516093789485,40.0309634075244,125.903822415644
"VWF","ENSG00000110799",13084.2556761718,-2.3127438650839,0.145755892347176,-15.8672409591179,1.06835080897289e-56,3.94144351029937e-55,2.3127438650839,54.4043446934677,125.823314423727
"ATP6V1C2","ENSG00000143882",305.74783025054,3.11704006368165,0.228772791298757,13.6250471307624,2.84226726316764e-42,5.364629550618e-41,3.11704006368165,40.2704602624543,125.52463802097
"NLRC4","ENSG00000091106",268.710958203428,-2.05697637133523,0.122357324937972,-16.8112237855641,2.01958609797174e-63,9.61075905611926e-62,2.05697637133523,61.0172423104724,125.511025676678
"BLM","ENSG00000197299",318.131363907366,2.14704950891846,0.130651334536547,16.433429605098,1.10243683986859e-60,4.67438444923427e-59,2.14704950891846,58.3302755715085,125.237989520886
"E2F7","ENSG00000165891",196.871619860081,2.73180649804993,0.187962952936854,14.5337496318632,7.40533740228145e-48,1.82250604159684e-46,2.73180649804993,45.7393310233239,124.951001705973
"MFAP4","ENSG00000166482",5788.63258153778,-2.6520449857188,0.179859302643156,-14.7451087975166,3.30786296982512e-49,8.8208035944979e-48,2.6520449857188,47.0544918478888,124.79062916074
"LDLR","ENSG00000130164",5825.23233185459,-2.12044470258957,0.128495098643274,-16.5021446341414,3.54090088853367e-61,1.5303705217037e-59,2.12044470258957,58.8152034083654,124.714386498997
"FPR2","ENSG00000171049",249.683020885809,-2.95439922100298,0.211716335419347,-13.954517090763,2.95295045082345e-44,6.15817510682798e-43,2.95439922100298,42.2105479661558,124.70681002932
"JCAD","ENSG00000165757",2819.79107436865,-2.09382216075877,0.126229036656481,-16.5874842763547,8.58414284366801e-62,3.78315438181655e-60,2.09382216075877,59.4221459357881,124.419406000195
"SPC25","ENSG00000152253",213.290026092568,2.35903374813521,0.151419660968481,15.5794414876299,1.00428370008336e-54,3.42932218427321e-53,2.35903374813521,52.4647917110708,123.766214235301
"TRIM54","ENSG00000138100",106.131263745001,3.70090463190484,0.298541256178759,12.3966271170536,2.72556558753837e-35,3.63401975095559e-34,3.70090463190484,33.4396127166241,123.756817592058
"C15orf48","ENSG00000166920",824.840879641514,3.0238009584917,0.220244147048262,13.7293135777592,6.77725494524424e-43,1.31667125662601e-41,3.0238009584917,40.8805226451257,123.614563557973
"NGEF","ENSG00000066248",464.225928937733,2.97891975556547,0.215551752167595,13.8199746724829,1.93137789725073e-43,3.85263597720259e-42,2.97891975556547,41.4142420240939,123.369703727343
"PRKG2","ENSG00000138669",156.528489242662,-2.63389284078212,0.179613546483463,-14.66422155984,1.09263047146815e-48,2.82929624109691e-47,2.63389284078212,46.5483215774147,122.603290953176
"RAI2","ENSG00000131831",596.623157170838,-2.13246862177994,0.131132709289443,-16.261912327862,1.83907147389656e-59,7.41137519874577e-58,2.13246862177994,57.130101200143,121.828148168417
"COL7A1","ENSG00000114270",1216.69958657918,3.15008073278861,0.236115535699202,13.3412683899023,1.33174168469313e-40,2.32250038637564e-39,3.15008073278861,38.6340442050843,121.700358280139
"CDC25A","ENSG00000164045",236.049259226858,2.3431594482284,0.151205139547281,15.4965595431741,3.65971437148465e-54,1.21942773275559e-52,2.3431594482284,51.9138439322879,121.642413903795
"SLC28A2","ENSG00000137860",214.083880294784,4.48993916388194,0.403454229987203,11.1287447996873,9.09065576554074e-29,8.61998429320723e-28,4.48993916388194,27.0644935255186,121.517929430855
"CNTN6","ENSG00000134115",152.178822119679,-3.4308017388117,0.268983002077541,-12.7547157713062,2.93443110012134e-37,4.32146301847499e-36,3.4308017388117,35.3643691991839,121.328139340539
"ADAMTS1","ENSG00000154734",2600.13579010962,-2.33794717229856,0.151648487389717,-15.4168842204824,1.26040334599469e-53,4.09299402357224e-52,2.33794717229856,51.3879588894939,120.142333175887
"DES","ENSG00000175084",711.178748516713,-3.04363704428703,0.225750654775363,-13.4822955322794,1.98823232620687e-41,3.63014704212443e-40,3.04363704428703,39.4400757831485,120.041275683079
"MASP1","ENSG00000127241",187.723733155526,-2.70695590012808,0.189292326652484,-14.300399535464,2.17556946945515e-46,5.02938818048592e-45,2.70695590012808,44.2984848431747,119.914044912966
"MUC21","ENSG00000204544",4084.28381673813,3.76171634047506,0.310995474493675,12.0957269445783,1.11253076192211e-33,1.36252655188722e-32,3.76171634047506,31.8656550257664,119.869555210367
"CENPK","ENSG00000123219",313.373149221616,2.25463601815989,0.143761905637861,15.683125569018,1.9730181966062e-55,6.93579854457265e-54,2.25463601815989,53.1589035297549,119.853978584072
"SLC14A1","ENSG00000141469",155.874988089109,-2.81899227579115,0.201714578228681,-13.9751539058089,2.2103527243879e-44,4.63655818258765e-43,2.81899227579115,42.3338042860335,119.338667287183
"JSRP1","ENSG00000167476",217.818737471368,3.08203942871624,0.230810097291418,13.3531395068254,1.13560064264743e-40,1.99208846067554e-39,3.08203942871624,38.7006913802044,119.277056752369
"CA10","ENSG00000154975",117.186571294404,4.97458747708017,0.476048462534181,10.4497501170335,1.46911793416808e-25,1.15648601830486e-24,4.97458747708017,23.936859613399,119.076002073441
"ACADL","ENSG00000115361",301.328381336036,-3.10169875113543,0.233455675602843,-13.2860284639731,2.78998481735942e-40,4.8001152247127e-39,3.10169875113543,38.318748337446,118.853213863329
"GCOM1","ENSG00000137878",161.794759586951,-2.55842627434256,0.174649897038587,-14.648885099413,1.36944367685349e-48,3.5206114525775e-47,2.55842627434256,46.453381902596,118.847552791671
"S100A2","ENSG00000196754",1760.59358802189,3.37944941131201,0.265815142772814,12.7135323294969,4.97360062880655e-37,7.25877944952982e-36,3.37944941131201,35.1391363989827,118.750933817555
"ABCA8","ENSG00000141338",682.416448526953,-2.82051559406387,0.202479651786988,-13.9298718126555,4.17103423318656e-44,8.61805029265672e-43,2.82051559406387,42.0645909758128,118.643834805198
"SEMA5A","ENSG00000112902",1519.85432802749,-2.49933953551221,0.168765088428379,-14.8095767838435,1.27037643273923e-49,3.46506791326267e-48,2.49933953551221,47.4602882490562,118.619374787672
"ACY3","ENSG00000132744",174.516902010652,2.89693150165357,0.210901454117171,13.7359484493839,6.18408927411227e-43,1.20404689207498e-41,2.89693150165357,40.9193565989811,118.540573158984
"BPIFB2","ENSG00000078898",426.601506113797,4.71211900402247,0.439660181437629,10.7176387650446,8.41235185358595e-27,7.1101658817295e-26,4.71211900402247,25.1481202669665,118.500935425416
"GOLGA7B","ENSG00000155265",1116.9228673169,2.71488869596974,0.191599489171328,14.1696029969166,1.4129704091886e-45,3.12899499153609e-44,2.71488869596974,43.504595132012,118.11013354664
"RAD51","ENSG00000051180",300.981729344286,2.19643761435722,0.139250700384517,15.7732608043775,4.75311289491008e-56,1.7216082799317e-54,2.19643761435722,53.7640656573055,118.089416110477
"MARCO","ENSG00000019169",4618.02264801437,-3.0173075701591,0.224925396532424,-13.4147037936827,4.95910517850948e-41,8.88220910501203e-40,3.0173075701591,39.0514790068791,117.830323233365
"SPTB","ENSG00000070182",1364.29966488387,3.32667201778923,0.26074171833071,12.7584954148759,2.79548446530604e-37,4.12023093391441e-36,3.32667201778923,35.3850784416091,117.714550298978
"IQSEC3","ENSG00000120645",115.635776962172,-2.58116604533633,0.178047649507742,-14.4970520670878,1.26465646401878e-47,3.07452419982174e-46,2.58116604533633,45.5122220842399,117.474602291646
"FOXA3","ENSG00000170608",386.182354280691,3.28827151602223,0.257480889532606,12.7709342700784,2.38277106366853e-37,3.51773289127236e-36,3.28827151602223,35.4537371405041,116.581513975659
"INAVA","ENSG00000163362",1918.44571446765,2.19320115269803,0.139892426923699,15.6777689895555,2.14662511883187e-55,7.53128691201151e-54,2.19320115269803,53.1231308071948,116.509711721268
"SOSTDC1","ENSG00000171243",282.236434354525,-3.73083669277807,0.311969240997309,-11.9589889081733,5.82670528893862e-33,6.86914793951611e-32,3.73083669277807,31.1630971302062,116.26442623398
"SPRED3","ENSG00000188766",154.145278985552,2.4821010753293,0.168870229398787,14.6982750255394,6.61227183426583e-49,1.73990264603704e-47,2.4821010753293,46.7594750514138,116.061743306948
"SMOC1","ENSG00000198732",1022.92100546458,3.8155101598733,0.323032588471441,11.8115332509575,3.40298368357796e-32,3.87092098221618e-31,3.8155101598733,30.4121856939194,116.038003499103
"CAV2","ENSG00000105971",5649.33110611708,-2.35338328102823,0.156075484669603,-15.078494140256,2.24327123757719e-51,6.60178491019222e-50,2.35338328102823,49.1803386293299,115.740186685572
"SELP","ENSG00000174175",485.810221890599,-2.32143968032344,0.153224679218466,-15.1505598978188,7.51238728732699e-52,2.2403190955357e-50,2.32143968032344,49.649690119362,115.25876075885
"COX4I2","ENSG00000131055",250.840477269908,-2.27646933791687,0.148801727231704,-15.2986754943516,7.80284556207432e-53,2.43233999376648e-51,2.27646933791687,50.6139757192445,115.221163794929
"ERO1A","ENSG00000197930",9337.18249125863,2.06601929956591,0.128642075647201,16.0602142741534,4.84873375575148e-58,1.8901610695351e-56,2.06601929956591,55.7235011859697,115.125828889597
"SBK1","ENSG00000188322",1366.08718468213,2.53838469460126,0.175573807038486,14.4576502464564,2.24326132734783e-47,5.35896861551865e-46,2.53838469460126,45.2709187863688,114.915007357855
"OLR1","ENSG00000173391",2366.83494617749,-2.53604187874064,0.175698339184119,-14.4340685889071,3.15884103866411e-47,7.48624406686317e-46,2.53604187874064,45.1257360181027,114.440756350903
"LARGE2","ENSG00000165905",1544.13556548898,2.45824087091005,0.167775575275331,14.6519591238231,1.30886573768626e-48,3.36971721502449e-47,2.45824087091005,46.4724065433742,114.24036913447
"P3H4","ENSG00000141696",1808.63088616215,2.06774158690972,0.129371129049964,15.9830218851313,1.67809742617978e-57,6.41585411252879e-56,2.06774158690972,55.1927455198554,114.12433520713
"TNFRSF18","ENSG00000186891",360.337320049447,2.65559347624797,0.188695377568408,14.0734421291546,5.53103485760746e-45,1.19237116514663e-43,2.65559347624797,42.9235885349617,113.987601690596
"ABI3BP","ENSG00000154175",1910.65922303414,-2.47883167426797,0.17012789288973,-14.5704013149369,4.33337870500724e-48,1.08292102190914e-46,2.47883167426797,45.9654032155813,113.940497411282
"NAT8L","ENSG00000185818",173.415372598106,3.35614999282141,0.268685705726419,12.4909882486964,8.36085912326693e-36,1.1411201547873e-34,3.35614999282141,33.9426686239309,113.916687058545
"FOXE1","ENSG00000178919",140.946752114333,4.24647166180269,0.38331826402976,11.078187658371,1.60080033231348e-28,1.49416381565389e-27,4.24647166180269,26.8256017851616,113.914157791492
"KRT80","ENSG00000167767",2721.36246674568,2.43000027466923,0.16542748183479,14.6892175817319,7.55814587590048e-49,1.97716234148373e-47,2.43000027466923,46.7039576700308,113.490629966315
"CXCR2","ENSG00000180871",120.054558172973,-2.59798350201216,0.183148071318473,-14.1851534843333,1.13217755659603e-45,2.51965833584239e-44,2.59798350201216,43.5986583452971,113.268595090947
"COL25A1","ENSG00000188517",483.649137071101,4.25999700289519,0.386447608019868,11.0234787704422,2.94454771793733e-28,2.71162080890647e-27,4.25999700289519,26.5667710419854,113.174365015461
"CD52","ENSG00000169442",2022.02031502749,-2.3649320926716,0.159361308751146,-14.8400644498007,8.06784128759836e-50,2.22740002350515e-48,2.3649320926716,47.6522017800922,112.694221276203
"NR0B1","ENSG00000169297",181.978682833947,5.99969318268176,0.650576488882251,9.22211805254409,2.91288516106318e-20,1.67052096752896e-19,5.99969318268176,18.7771480689483,112.657127259475
"TDRD5","ENSG00000162782",157.496703725225,3.67000293600001,0.309334771909098,11.8641784541393,1.81677035458821e-32,2.09590405897142e-31,3.67000293600001,30.6786286012746,112.590657039132
"SLC7A11","ENSG00000151012",1894.80437968184,3.08326349032204,0.238249394444711,12.9413277104364,2.63043837276774e-38,4.04698484986528e-37,3.08326349032204,36.3928684214133,112.208802511837
"CYP27B1","ENSG00000111012",345.411243871447,2.40498689404564,0.163877932407928,14.6754774038709,9.2561788641853e-49,2.40030157125895e-47,2.40498689404564,46.6197341905776,112.119849732231
"WDR62","ENSG00000075702",570.207124634936,2.35012956279832,0.158366130751541,14.8398496044929,8.09372113120554e-50,2.22801464924094e-48,2.35012956279832,47.652081957994,111.98856653837
"SELE","ENSG00000007908",224.767003252454,-2.9492494336865,0.223028855073448,-13.2236227133716,6.41006572054813e-40,1.07493257673634e-38,2.9492494336865,37.968618775255,111.97892742078
"FAM162B","ENSG00000183807",143.386323003512,-2.2841976679682,0.151873081252521,-15.0401746585377,4.00492026123548e-51,1.16710159990694e-49,2.2841976679682,48.9328913355927,111.772396275702
"MROH6","ENSG00000204839",1919.6885618326,2.44624821128704,0.168765442787158,14.4949592220262,1.30379786576781e-47,3.16109149216579e-46,2.44624821128704,45.5001629340979,111.304692190806
"CDH3","ENSG00000062038",5218.25478147571,2.78474307911256,0.205254378568403,13.5672773391507,6.26046043245268e-42,1.16685852622787e-40,2.78474307911256,39.9329817960567,111.203094684897
"COL3A1","ENSG00000168542",95527.7753443289,2.52949664590798,0.177813674435905,14.225546229403,6.36057546829775e-46,1.43880880978826e-44,2.52949664590798,43.8419969116718,110.898184137982
"FAM178B","ENSG00000168754",153.752192086024,2.9372125118884,0.223032055334132,13.1694634992627,1.31528983906601e-39,2.16707929009282e-38,2.9372125118884,37.6641251982234,110.627539781553
"FHL2","ENSG00000115641",2864.05725982,2.34788224587256,0.159301477171961,14.7386093811176,3.64207199025919e-49,9.69755864906364e-48,2.34788224587256,47.0133375851862,110.381780635472
"RTN4RL2","ENSG00000186907",460.993411320507,2.83105811136539,0.211225092726306,13.4030387906314,5.8037274203159e-41,1.03742352379333e-39,2.83105811136539,38.9840439085134,110.366093721021
"AK4","ENSG00000162433",1201.63509841445,2.59900678381356,0.185809653806557,13.9874690607805,1.85911031697227e-44,3.92276661575294e-43,2.59900678381356,42.4064075293687,110.214540845992
"SULF1","ENSG00000137573",7814.06243590527,2.55395624834842,0.181122611121372,14.1007035650397,3.76002241856267e-45,8.15491892549599e-44,2.55395624834842,43.0885803522674,110.046349023136
"PODNL1","ENSG00000132000",682.640698509034,2.82607663845737,0.211095811734602,13.3876490264545,7.14053697463888e-41,1.27129978196232e-39,2.82607663845737,38.8957520274944,109.922376140133
"DPEP2","ENSG00000167261",251.185494155763,-2.16235883016393,0.141055032575465,-15.3298949401685,4.82766747467181e-53,1.52348243605472e-51,2.16235883016393,50.8171625483126,109.88494016022
"DKK2","ENSG00000155011",255.75327819859,-2.3049729363647,0.155370193905197,-14.8353611360693,8.65369618077352e-50,2.37485560985553e-48,2.3049729363647,47.6243627901441,109.772867342896
"HMGA1","ENSG00000137309",11627.0494883743,2.26324681018895,0.151322719353075,14.9564243879877,1.41423060414893e-50,4.035857767151e-49,2.26324681018895,48.3940641476953,109.527711314351
"SST","ENSG00000157005",130.736516154882,6.40302547202234,0.729473144684705,8.77760273791831,1.66995936316887e-18,8.55931907338316e-18,6.40302547202234,17.0675607837381,109.284026443565
"UCHL1","ENSG00000154277",3113.13491314456,3.4734561170083,0.289440025541531,12.0006074160255,3.52698406780332e-33,4.19882408018662e-32,3.4734561170083,31.3768723207907,108.986189095239
"IL1RL2","ENSG00000115598",149.850607161585,2.27424633814182,0.153101474801591,14.854503139758,6.50484165526845e-50,1.80451367035222e-48,2.27424633814182,47.7436398235319,108.580798038229
"SYNGR3","ENSG00000127561",180.457477323481,2.81271308449327,0.210968918277596,13.3323577115387,1.50078528020988e-40,2.60967454021335e-39,2.81271308449327,38.5834136513601,108.524072421597
"CNFN","ENSG00000105427",110.144594735273,2.67513236319801,0.195613931094439,13.6755718175639,1.4208592519512e-42,2.7219951386684e-41,2.67513236319801,40.5651126547577,108.517045679516
"MELTF","ENSG00000163975",1085.70050650263,2.78386360623999,0.20798974516963,13.3846195348215,7.43772497548494e-41,1.3202699701027e-39,2.78386360623999,38.8793372547504,108.23477201823
"ADH1B","ENSG00000196616",3957.71243248739,-3.2592329016215,0.263941410746207,-12.3483196229311,4.97394934785038e-35,6.52006415246057e-34,3.2592329016215,33.1857481311204,108.160082173872
"GLDN","ENSG00000186417",415.296661003136,-2.523428154282,0.179544446643843,-14.0546154528948,7.21728818813204e-45,1.55215069170969e-43,2.523428154282,42.8090661172267,108.025602698729
"PKNOX2","ENSG00000165495",230.822364378893,-2.43371058426128,0.170027918656329,-14.3135939291268,1.79967280450214e-46,4.17659474590879e-45,2.43371058426128,44.3791776621909,108.006074397286
"AUNIP","ENSG00000127423",120.624687866951,2.33545317443762,0.159805212115953,14.614374234196,2.27434453269014e-48,5.7723186841737e-47,2.33545317443762,46.2386496999352,107.988201223423
"IVL","ENSG00000163207",384.925302925842,4.27790313756757,0.398685324622937,10.7300240900853,7.35769920757194e-27,6.26314519129803e-26,4.27790313756757,25.2032075204321,107.816880528423
"PIF1","ENSG00000140451",182.28562983557,2.37052174756707,0.163776182413094,14.4741543772701,1.76482823076565e-47,4.23866731987783e-46,2.37052174756707,45.3727706685488,107.557139617168
"CEACAM7","ENSG00000007306",130.209296411499,3.54400930756345,0.300615027754229,11.7891954172726,4.43760090954637e-32,5.02444336640878e-31,3.54400930756345,30.2989120446114,107.379626295149
"KLK12","ENSG00000186474",402.116385229466,4.78122035086718,0.473108773055875,10.1059642584614,5.19816544947075e-24,3.77785436179448e-23,4.78122035086718,22.4227547883645,107.208131516633
"MCIDAS","ENSG00000234602",106.19353416158,2.90626529229044,0.223599083569826,12.9976619129697,1.26141100769644e-38,1.97812683266542e-37,2.90626529229044,36.7037458659437,106.670822707241
"MUC5B","ENSG00000117983",30805.9093656197,3.94348473121501,0.354654159031405,11.1192400562425,1.01129713777612e-28,9.57414798213125e-28,3.94348473121501,27.0188998641607,106.548619068545
"XKRX","ENSG00000182489",690.381149332607,2.83135775860782,0.215171424010136,13.1586142148431,1.51845347352688e-39,2.49492084497856e-38,2.83135775860782,37.6029432284512,106.467385056365
"LGI2","ENSG00000153012",641.451847017167,2.75320226887618,0.206293722790415,13.3460302700209,1.24931299964265e-40,2.18300366236387e-39,2.75320226887618,38.6609455356866,106.441402965751
"PEAR1","ENSG00000187800",411.819229325582,-2.00935125715244,0.128384147105837,-15.6510854529101,3.26600998906697e-55,1.1303426834502e-53,2.00935125715244,52.9467898724727,106.388698792439
"FGR","ENSG00000000938",1341.65854278321,-2.09572008215754,0.13685278698729,-15.3136821565218,6.19548990652505e-53,1.94143434146152e-51,2.09572008215754,50.7118772925365,106.277899645878
"TMEM88","ENSG00000167874",126.258402932257,-2.14002966255714,0.141273010696137,-15.1481847241163,7.78883371736511e-52,2.31889520307511e-50,2.14002966255714,49.6347188778194,106.219770691218
"UGT1A6","ENSG00000167165",132.046744996676,4.98278498842657,0.506578901932789,9.83614787235585,7.86653422904228e-23,5.35397097604616e-22,4.98278498842657,21.2713239874594,105.99043384867
"C5orf34","ENSG00000172244",141.321613491394,2.05646316726462,0.133222414201906,15.43631512448,9.32794655018524e-54,3.04571072303767e-52,2.05646316726462,51.5163113476692,105.941396799818
"SNX22","ENSG00000157734",245.381525977872,-2.23489975005625,0.151188501203678,-14.7822071934257,1.90809249327417e-49,5.17295439123557e-48,2.23489975005625,47.2862613506499,105.680053673662
"TGM1","ENSG00000092295",149.539758546711,-2.42914022789629,0.171623155716731,-14.1539189030276,1.76633233122336e-45,3.89223945844576e-44,2.42914022789629,43.4098004489066,105.44849255539
"EEF1AKMT4","ENSG00000284753",228.471657687742,2.10085372982105,0.138041580852561,15.2189921098116,2.645756707235e-52,8.10625424016366e-51,2.10085372982105,50.091179779404,105.234241870698
"DNAH14","ENSG00000185842",546.137577283646,2.13897986553312,0.141895213018025,15.0743624117989,2.38810120295241e-51,7.01646877248398e-50,2.13897986553312,49.1538814033219,105.139162634508
"TESMIN","ENSG00000132749",233.008887466718,2.74693713761512,0.206977114293062,13.2716950228888,3.37851223197136e-40,5.77380318688286e-39,2.74693713761512,38.2385380241109,105.038860186538
"PLK4","ENSG00000142731",395.676748940061,2.04417153636475,0.132638985690615,15.4115437910001,1.36901829920214e-53,4.42163256816315e-52,2.04417153636475,51.3544173495568,104.97723821256
"PRR11","ENSG00000068489",923.996096845951,2.22103250577992,0.15032187839901,14.7751779676706,2.11797022379148e-49,5.72459837074032e-48,2.22103250577992,47.2422549773706,104.926583951083
"KRT20","ENSG00000171431",100.629460363786,5.17468623512308,0.539524458335655,9.59119861050628,8.70675812463246e-22,5.52251056802725e-21,5.17468623512308,20.2578634443779,104.828087118626
"ADGRE1","ENSG00000174837",158.159844448744,-2.6683356373916,0.198371341016797,-13.4512154009468,3.02853084683305e-41,5.4792216827486e-40,2.6683356373916,39.2612811281751,104.76227560396
"CCDC141","ENSG00000163492",134.086523347925,-2.94873018599004,0.230997095469958,-12.7652262466371,2.56404568027376e-37,3.78223160405098e-36,2.94873018599004,35.4222518807576,104.450663376532
"NCCRP1","ENSG00000188505",318.873608384175,3.59019737375367,0.31141927761272,11.5285007443195,9.47798721336606e-31,1.00230274946075e-29,3.59019737375367,28.9990010783083,104.112137512822
"EPHX4","ENSG00000172031",168.958558762309,2.62732062394742,0.195008320423383,13.4728642257071,2.25928734584727e-41,4.10410441413657e-40,2.62732062394742,39.3867815986987,103.481703605174
"SLC16A9","ENSG00000165449",1187.9742457781,3.20500686160596,0.263400868247485,12.1677915601805,4.61397545857335e-34,5.76521388828582e-33,3.20500686160596,32.2391845758317,103.326807778122
"SERINC2","ENSG00000168528",8873.10932100323,2.03430913862845,0.132856704902867,15.3120547443636,6.35249297844009e-53,1.98715309201449e-51,2.03430913862845,50.7017686731741,103.143071356464
"PARPBP","ENSG00000185480",202.933314509271,2.16622636538791,0.146035296454284,14.833580771112,8.88634878395982e-50,2.43496843478397e-48,2.16622636538791,47.6135066643007,103.141633484781
"VSIG1","ENSG00000101842",2566.32500201786,3.87481116414062,0.351204832635809,11.0329095845862,2.65145551888328e-28,2.44801308562325e-27,3.87481116414062,26.61118626504,103.113321630803
"MMP17","ENSG00000198598",361.800687920474,2.68263945279103,0.201629643339699,13.304786976543,2.17111032900881e-40,3.74977578348983e-39,2.68263945279103,38.4259946999801,103.083089394906
"WNT3","ENSG00000108379",475.519149719055,2.06928962113635,0.13638102962638,15.1728552483085,5.34980296895512e-52,1.61423312855841e-50,2.06928962113635,49.7920337440036,103.034138641738
"FAM83D","ENSG00000101447",640.201160594114,2.26067111755346,0.155833495294231,14.5069653561005,1.09456900461606e-47,2.66827291547618e-46,2.26067111755346,45.573769752108,103.027304996622
"RCOR2","ENSG00000167771",230.421865967101,2.81723636822318,0.21719263186187,12.9711415349251,1.78354173090899e-38,2.77503584270909e-37,2.81723636822318,36.5567314031034,102.988953212189
"HES6","ENSG00000144485",1074.27902924621,2.88840585801956,0.225685543160423,12.7983645632384,1.67440413393695e-37,2.48425482326151e-36,2.88840585801956,35.6048038583102,102.841124037981
"COL6A6","ENSG00000206384",594.571167066566,-2.79816051550171,0.215509554160184,-12.9839279117152,1.50936883354768e-38,2.35870188110644e-37,2.79816051550171,36.6273269465973,102.48914005034
"KRT6B","ENSG00000185479",134.889716979813,4.3753262604453,0.42380594785226,10.3238906452784,5.49503186804667e-25,4.19823250277366e-24,4.3753262604453,23.3769335133774,102.281711089764
"SLIT3","ENSG00000184347",1756.89568932215,-2.46660044867331,0.178572278259735,-13.812896787292,2.13087326392065e-43,4.24112517367433e-42,2.46660044867331,41.3725189094705,102.049473704845
"RIMS2","ENSG00000176406",121.199861151996,3.93300048062168,0.361192319763861,10.8889371822551,1.30150237996463e-27,1.15001393010899e-26,3.93300048062168,25.9392968990091,102.019267170791
"TSPAN18","ENSG00000157570",974.544461119207,-2.01881179322172,0.132196010591153,-15.2713518675338,1.18686814114843e-52,3.68052541586983e-51,2.01881179322172,50.4340901789013,101.816936033574
"PTPRN","ENSG00000054356",108.143562608063,3.59718968849379,0.316589194209814,11.3623261762681,6.44064686494746e-30,6.51824063091091e-29,3.59718968849379,28.185869610924,101.389919525646
"CYP27C1","ENSG00000186684",167.703859581974,3.01662353673358,0.242846195124707,12.4219510014743,1.98656997709695e-35,2.66659389348805e-34,3.01662353673358,33.5740431197607,101.280248698378
"TNXB","ENSG00000168477",1766.46698850796,-2.69675361812973,0.205614072304471,-13.1156082261549,2.68023256370808e-39,4.33611222987601e-38,2.69675361812973,37.3628994856521,100.75853437175
"CCN4","ENSG00000104415",938.096851924902,2.25712974946841,0.157313912022315,14.347934778637,1.09757229368153e-46,2.55714336599527e-45,2.25712974946841,44.592244922613,100.650482610411
"PHACTR1","ENSG00000112137",395.886771904479,-2.17452750071827,0.148826462163853,-14.6111616785205,2.38417715711728e-48,6.0339578320084e-47,2.17452750071827,46.2193977291942,100.505351428768
"TBX3","ENSG00000135111",657.350543933781,-2.10220675279404,0.141453869446571,-14.8614298146724,5.86597321427064e-50,1.63999779254601e-48,2.10220675279404,47.7851567365168,100.454279174827
"MS4A7","ENSG00000166927",1986.55576968176,-2.09941458824979,0.141487404517893,-14.8381730190286,8.29853874162256e-50,2.28088715366901e-48,2.09941458824979,47.6418962008045,100.020091895851
"OGDHL","ENSG00000197444",156.476277877828,3.53608834107399,0.310796646966734,11.3774983597313,5.41302484908914e-30,5.51253577830119e-29,3.53608834107399,28.2586485787906,99.9250777739686
"MUC5AC","ENSG00000215182",7057.2041199576,4.55962262255139,0.45686750297517,9.98018592449372,1.86117704665203e-23,1.31162035824123e-22,4.55962262255139,21.8821918510731,99.7745369951626
"CDHR2","ENSG00000074276",115.216986032276,3.46623183525525,0.301856039892815,11.4830627092506,1.60492755922412e-30,1.69022771143009e-29,3.46623183525525,28.7720547822765,99.7306122520348
"IL6","ENSG00000136244",490.173413408596,-2.84517535489776,0.22412954269089,-12.6943343601147,6.35681067320989e-37,9.23983861703855e-36,2.84517535489776,35.0343356140983,99.6788282644493
"FUT3","ENSG00000171124",1322.53780356467,2.31731962900149,0.164486915976895,14.0881699631781,4.49047955840104e-45,9.72737902402782e-44,2.31731962900149,43.0120041616575,99.6725615265027
"MAMDC2","ENSG00000165072",616.533560545302,-2.65516932488056,0.201986514337845,-13.1452801865747,1.81133338002886e-39,2.97068635828198e-38,2.65516932488056,37.527143198098,99.6409194699899
"IGSF10","ENSG00000152580",489.940733571897,-2.78142652540999,0.216769665769214,-12.8312534668539,1.09576879243408e-37,1.64346948893739e-36,2.78142652540999,35.7842383541982,99.5312297499604
"P4HA3","ENSG00000149380",311.09204252932,2.25048909242943,0.157507690336359,14.288121980733,2.59513809355045e-46,5.97616549651199e-45,2.25048909242943,44.2235773842136,99.5246785313816
"SPOCK1","ENSG00000152377",698.416804251243,3.12134390432323,0.258139491586197,12.0916946304628,1.16851304409551e-33,1.42760231968977e-32,3.12134390432323,31.8453927550372,99.4004225567144
"LIN7A","ENSG00000111052",295.902412930292,-2.50140293141154,0.184882647908093,-13.5296792842074,1.04478456519644e-41,1.9332295992823e-40,2.50140293141154,39.7137165640884,99.3400070306578
"FOSB","ENSG00000125740",8496.38477810713,-3.29766154451019,0.280655041357023,-11.7498746096466,7.0723713555671e-32,7.92894365069938e-31,3.29766154451019,30.1007846685753,99.2622000611427
"MSR1","ENSG00000038945",4051.29839381339,-2.29165315467003,0.162259920081687,-14.1233469948484,2.72724363273584e-45,5.95577894264903e-44,2.29165315467003,43.2250614300887,99.0568483870685
"LRRN3","ENSG00000173114",171.126278411406,-2.71104521814497,0.209068186597654,-12.9672776248942,1.87574792030337e-38,2.91343381406148e-37,2.71104521814497,36.5355948435475,99.0496496926816
"ITM2A","ENSG00000078596",1097.50620233919,-2.03192814847585,0.135669180050695,-14.9770798918117,1.03673027838716e-50,2.97756257964391e-49,2.03192814847585,48.5261391021513,98.6016279785159
"POU6F2","ENSG00000106536",206.523167488016,3.97149921626568,0.37309567231161,10.6447206735453,1.84536906486583e-26,1.53079224282078e-25,3.97149921626568,24.8150837471979,98.5530856535637
"CTXND1","ENSG00000259417",115.607835358755,-3.12133758307915,0.259318456861975,-12.0366965809167,2.27900161949927e-33,2.74415719903771e-32,3.12133758307915,31.5615910136945,98.5143802128177
"PHLDA2","ENSG00000181649",1289.35494197227,2.30210428798393,0.163892086167716,14.0464639984392,8.09774832392217e-45,1.73524563784358e-43,2.30210428798393,42.7606390386777,98.439450487873
"TFPI2","ENSG00000105825",6435.62071294824,3.63847220958858,0.327265109445905,11.1178127596581,1.02760372372366e-28,9.72338097757134e-28,3.63847220958858,27.0121826975644,98.2830760654177
"PALMD","ENSG00000099260",729.087576118606,-2.03804349858216,0.136708175174731,-14.9079855391038,2.9244309521613e-50,8.26648389052482e-49,2.03804349858216,48.082679176258,97.9945916895845
"GYG2","ENSG00000056998",554.6436554687,2.22944810913386,0.156885300380217,14.2106883419334,7.8648616633651e-46,1.76127621705371e-44,2.22944810913386,43.7541725292484,97.5476572120495
"VSIG4","ENSG00000155659",3327.74381149074,-2.38513364083523,0.17382251910362,-13.7216607671725,7.53201417067937e-43,1.46013358132141e-41,2.38513364083523,40.8356074106697,97.3983809791287
"ASPHD1","ENSG00000174939",487.404347493111,2.77585755581862,0.218565189462113,12.7003644205647,5.88550065533796e-37,8.56172871755789e-36,2.77585755581862,35.0674385371107,97.3422142264438
"SULT1C4","ENSG00000198075",266.049639660589,-2.24675935842894,0.15908185724363,-14.1232909733263,2.729413029102e-45,5.95577894264903e-44,2.24675935842894,43.2250614300887,97.1163112867175
"SLC17A9","ENSG00000101194",1217.05524187839,2.50376744068427,0.187383467996933,13.3617307196239,1.01183850820766e-40,1.78021892107764e-39,2.50376744068427,38.749526587371,97.019803011389
"STRIP2","ENSG00000128578",555.639936934677,2.74417288250877,0.215241566646335,12.7492701584807,3.14677450134911e-37,4.63036481518418e-36,2.74417288250877,35.3343847906279,96.9636605625713
"PKHD1L1","ENSG00000205038",191.918478756758,-2.54531747694476,0.1923239130591,-13.234534574817,5.54390972894064e-40,9.39367204355445e-39,2.54531747694476,38.0271646061882,96.791206670786
"SCG5","ENSG00000166922",535.016544892954,2.84756594367579,0.22788519190522,12.495616410478,7.88825002398906e-36,1.07908606788407e-34,2.84756594367579,33.9669439146161,96.7231127020063
"SYT13","ENSG00000019505",739.342327676811,4.1435634920254,0.401913851431744,10.3095812131498,6.37786316864843e-25,4.85819947537788e-24,4.1435634920254,23.3135246572383,96.6010696401666
"TOX3","ENSG00000103460",1265.44291463266,2.81800682364422,0.224638203769697,12.5446463529119,4.25308814571308e-36,5.91301524407491e-35,2.81800682364422,34.2281910013647,96.4552758028433
"ELAPOR2","ENSG00000164659",1156.91301981099,-2.08062684002691,0.142236193007885,-14.6279705328697,1.86260615345057e-48,4.75429556400728e-47,2.08062684002691,46.3229138226442,96.380697807647
"H3C10","ENSG00000278828",210.642705587894,2.69472665394772,0.210098461497845,12.8260180238177,1.17236501962283e-37,1.75247512916552e-36,2.69472665394772,35.7563481367524,96.3535843719405
"PLAU","ENSG00000122861",6106.15963142886,2.59921541557749,0.199349180402025,13.0385056529236,7.38911019657874e-39,1.17106597650473e-37,2.59921541557749,36.9314186365888,95.9927126393674
"S100A3","ENSG00000188015",112.229657523319,-2.35979188466086,0.172454477099975,-13.6835640590116,1.27297059816401e-42,2.44129291671476e-41,2.35979188466086,40.6123801089561,95.8367649978767
"ASCL1","ENSG00000139352",931.091662088488,4.71715658557943,0.49126982365045,9.60196689983507,7.84331664154318e-22,4.99432258601894e-21,4.71715658557943,20.3015234097613,95.7654648496506
"OSCAR","ENSG00000170909",734.339185118907,-2.21297413463185,0.15660177816779,-14.131219712338,2.43883266559916e-45,5.35435986325961e-44,2.21297413463185,43.271292443501,95.7582509495584
"ARHGAP11A","ENSG00000198826",576.538387638156,2.06497004086315,0.141558085854846,14.5874396958191,3.37632684370576e-48,8.50881918513058e-47,2.06497004086315,46.0701307051285,95.13343968474
"LRRC36","ENSG00000159708",290.235883867146,-2.90605840938282,0.237281164680302,-12.2473202341967,1.73639133116887e-34,2.21606634012872e-33,2.90605840938282,32.6544172427159,94.8956438316899
"RAC3","ENSG00000169750",633.581279357672,2.30542851959566,0.167560431949165,13.7587883534168,4.51022438168224e-43,8.83915058723333e-42,2.30542851959566,41.0535894672269,94.646115989517
"PFKP","ENSG00000067057",6086.0936596306,2.12230869962219,0.14806998495472,14.3331459125305,1.35825737363795e-46,3.15627262162388e-45,2.12230869962219,44.5008254918525,94.4444890817275
"METTL7B","ENSG00000170439",731.187053451188,2.59096961678032,0.200151758670867,12.9450254845922,2.50680037834893e-38,3.86340905855275e-37,2.59096961678032,36.4130293062308,94.3450525873754
"DLC1","ENSG00000164741",5055.91557941724,-2.2441188338781,0.161483203025347,-13.8969180189339,6.61280421814027e-44,1.35071810359799e-42,2.2441188338781,41.8694352792727,93.9599882740561
"ABCG2","ENSG00000118777",293.14283606578,-2.03583955877277,0.139586852084102,-14.5847515605994,3.51198141737302e-48,8.82582633441791e-47,2.03583955877277,46.0542446224073,93.7590530516949
"FAP","ENSG00000078098",916.173238302686,2.33199436208272,0.17137702784258,13.6073917924682,3.61931232600109e-42,6.79542029896512e-41,2.33199436208272,40.1677836768452,93.6710450717613
"ADAM28","ENSG00000042980",1668.09411228471,2.30712811830912,0.168775586281882,13.669797683036,1.53822265010858e-42,2.93739785254992e-41,2.30712811830912,40.5320372269654,93.5126027786839
"SLC2A5","ENSG00000142583",421.349794129191,2.41987040301946,0.181401408457923,13.3398655699013,1.35704025039208e-40,2.3643155988574e-39,2.41987040301946,38.6262945524549,93.4706269657975
"SHOC1","ENSG00000165181",183.93859096721,3.1800865616919,0.274116015529359,11.6012432019,4.06135036563759e-31,4.37769530676828e-30,3.1800865616919,29.3587544691715,93.3633805554243
"PLA2G4F","ENSG00000168907",1061.75692337437,-2.67561148111217,0.211361481288852,-12.6589360785923,9.98432709778819e-37,1.43608974888042e-35,2.67561148111217,34.8428184178754,93.2258449931739
"SLC6A3","ENSG00000142319",347.062506840972,3.73060778473703,0.34954551065205,10.6727383732604,1.36541983630115e-26,1.14019113065277e-25,3.73060778473703,24.9430223416195,93.0526333225154
"SLC14A2","ENSG00000132874",296.634415423967,4.16920742810368,0.413886827217121,10.0733030237673,7.25014948177428e-24,5.2246042963104e-23,4.16920742810368,22.2819465967837,92.8980572639202
"GJB3","ENSG00000188910",551.508263357998,3.25408461699156,0.284564431286681,11.4353174860187,2.78516074482926e-30,2.88229503801214e-29,3.25408461699156,28.5402615659154,92.8724261265607
"KLF4","ENSG00000136826",2188.84989587628,-2.28065285461915,0.167030135056381,-13.6541400379598,1.90727590738458e-42,3.62666182899386e-41,2.28065285461915,40.4404929386707,92.230725662785
"ADAM8","ENSG00000151651",2995.74578700749,2.12789203468498,0.150607135249413,14.1287597772913,2.52552953473775e-45,5.53112606671512e-44,2.12789203468498,43.2571864428769,92.0466224746809
"ADAMTSL3","ENSG00000156218",433.743159955559,-2.29549832545005,0.168974861968801,-13.5848510169157,4.92533147157362e-42,9.20887732715432e-41,2.29549832545005,40.035793312294,91.9020965064353
"DACH1","ENSG00000276644",266.566856004329,-2.43332456391015,0.184662558021308,-13.177140996982,1.18808501172497e-39,1.96291829314819e-38,2.43332456391015,37.7070977776152,91.7536072560328
"AIM2","ENSG00000163568",474.877927252615,2.84714991321097,0.234500161018815,12.1413558986108,6.37606094831817e-34,7.90075197702611e-33,2.84714991321097,32.1023315715031,91.4001505476749
"CPNE4","ENSG00000196353",175.635083516336,2.75552320734634,0.223242915728822,12.3431608046794,5.30323039099541e-35,6.94152899678718e-34,2.75552320734634,33.1585448578262,91.3691398775748
"PRAM1","ENSG00000133246",341.695146412549,-2.1483497089306,0.153616796847814,-13.9851224150894,1.92145947085092e-44,4.04478521316888e-43,2.1483497089306,42.3931045354144,91.0752137893221
"ALDH3B2","ENSG00000132746",565.13618025869,2.81590444412803,0.231158732419821,12.1816918385497,3.89125108393256e-34,4.86896193320317e-33,2.81590444412803,32.3125636208668,90.9890915011685
"CORO2B","ENSG00000103647",194.272113923308,-2.18432413963004,0.157622451966635,-13.8579505164176,1.13879559732264e-43,2.299827271207e-42,2.18432413963004,41.6383047804948,90.9515542653078
"SIX2","ENSG00000170577",282.869597822177,3.27991226039835,0.291224155367805,11.262500723046,2.00973393175292e-29,1.98236875638671e-28,3.27991226039835,27.7028155557197,90.8628043887592
"PRG4","ENSG00000116690",584.576054903672,-3.09151772258777,0.266416030183351,-11.604097998383,3.92807599595868e-31,4.23914739419111e-30,3.09151772258777,29.3727214828489,90.8062890248618
"GPX3","ENSG00000211445",13287.4523360733,-2.26590050810692,0.167137094245266,-13.5571371414524,7.18874752473703e-42,1.33709209418004e-40,2.26590050810692,39.8738386790381,90.3501513230058
"CNGB1","ENSG00000070729",120.448531511741,2.99168736672291,0.254434301371997,11.758191999234,6.40920495913493e-32,7.20351157875636e-31,2.99168736672291,30.1424557414164,90.1768040435997
"FBXO32","ENSG00000156804",2931.26036339809,2.11221359671129,0.150561725772548,14.0288880581921,1.03765769703742e-44,2.21296891216813e-43,2.11221359671129,42.6550246870075,90.096523111953
"CD300C","ENSG00000167850",209.461945732278,-2.08635954109776,0.147889244643651,-14.107581292507,3.41076844718803e-45,7.41541674672362e-44,2.08635954109776,43.1298644365821,89.9844041735161
"RBBP8NL","ENSG00000130701",226.064077113819,2.08393460234068,0.147777456419963,14.1018437644402,3.69975496446091e-45,8.03394606542464e-44,2.08393460234068,43.0950710881591,89.8073098309462
"CPLX2","ENSG00000145920",562.171647752507,4.7232384620017,0.510036236922037,9.26059389526021,2.03298242096631e-20,1.17951214196985e-19,4.7232384620017,18.9282975841015,89.4028631694422
"CBX2","ENSG00000173894",805.534896738117,2.48571136686211,0.193681824066327,12.8339939942473,1.05767913509924e-37,1.58900526988502e-36,2.48571136686211,35.7988746624665,88.985669669365
"FAM177B","ENSG00000197520",179.627542429235,3.14742434514582,0.277013674063872,11.3619818797108,6.46608471143493e-30,6.536590606876e-29,3.14742434514582,28.1846487144746,88.70904952332
"NELL1","ENSG00000165973",399.560635722143,4.30206084494266,0.444570810731097,9.67688552891702,3.78057451998633e-22,2.46343116846742e-21,4.30206084494266,20.6084595679831,88.6588469820041
"IQCN","ENSG00000130518",430.006386935404,-2.42978726796098,0.187514072634215,-12.9578928867957,2.11990982705382e-38,3.28127565185762e-37,2.42978726796098,36.4839572840754,88.6482548936786
"MYCN","ENSG00000134323",152.73373742632,3.37679033648455,0.308499224168323,10.9458633018866,6.95519528990301e-28,6.26317611083214e-27,3.37679033648455,26.2032053764374,88.4827307000738
"MMP10","ENSG00000166670",245.87738235949,3.34640493543807,0.3049595624916,10.9732743190509,5.13774815859893e-28,4.64996094091101e-27,3.34640493543807,26.3325506951139,88.1193776088024
"DCST2","ENSG00000163354",105.098661161926,2.36295749416017,0.18046614517417,13.0936331126242,3.58062372373933e-39,5.76670569656776e-38,2.36295749416017,37.2390722122128,87.9943447594201
"NPTX1","ENSG00000171246",1312.47464039291,3.51192278343262,0.328810452642897,10.680690821124,1.25335458736161e-26,1.04942787232856e-25,3.51192278343262,24.9790474053199,87.7244856911865
"SRRM3","ENSG00000177679",193.61666600803,2.31194091515994,0.175116759778596,13.2022823976585,8.51164490619833e-40,1.418052721663e-38,2.31194091515994,37.8483076222547,87.5030509614506
"MESP1","ENSG00000166823",194.50709893573,2.39427797872811,0.184887196964836,12.9499393037122,2.35139903000003e-38,3.62703300377505e-37,2.39427797872811,36.4404484925883,87.24856336078
"SLC16A14","ENSG00000163053",1618.49933463515,2.90516825054653,0.248166244256525,11.7065407475141,1.17996202095702e-31,1.30731024402377e-30,2.90516825054653,29.8836213356951,86.8169479158163
"RPL39L","ENSG00000163923",676.87641675258,2.31752270711417,0.176485959096479,13.1314849010015,2.17352257652264e-39,3.54197080707829e-38,2.31752270711417,37.4507550225861,86.7929751634134
"H2BC18","ENSG00000203814",134.730441297621,2.7449431803895,0.228041742391991,12.0370207296131,2.27006657370727e-33,2.73523913827233e-32,2.7449431803895,31.5630046978893,86.6386544980729
"ARNTL2","ENSG00000029153",1545.12042271285,2.47945231504833,0.195608451962276,12.6755888622159,8.07499829501281e-37,1.16709163564349e-35,2.47945231504833,34.9328950434474,86.614447486816
"MMRN1","ENSG00000138722",591.221814041104,-2.3452184653457,0.1799841686253,-13.0301375018605,8.24589217113975e-39,1.30339000546116e-37,2.3452184653457,36.8849256135458,86.5032086417902
"CFD","ENSG00000197766",1556.78746289798,-2.34203912650211,0.179851650324263,-13.0220608055558,9.16632041356406e-39,1.44759903936365e-37,2.34203912650211,36.8393517137645,86.2792031086089
"CEACAM1","ENSG00000079385",2226.87964706442,2.05482562373174,0.147684129841327,13.9136522383242,5.23372051724455e-44,1.07270287760661e-42,2.05482562373174,41.9695205543482,86.2400462508107
"RAD51AP1","ENSG00000111247",437.253503780423,2.06601587867465,0.148940799242142,13.8713897681978,9.44292728960579e-44,1.91567231284486e-42,2.06601587867465,41.7176787775614,86.1893867758903
"MAGEA4","ENSG00000147381",115.840624960183,6.62790794083744,0.870209970288602,7.61644679690273,2.6075399355271e-14,1.00857570398587e-13,6.62790794083744,12.9962914979575,86.1382236207508
"VEPH1","ENSG00000197415",936.762091763993,-2.59053789541038,0.209742090363543,-12.351063589193,4.8071656971888e-35,6.3199570771344e-34,2.59053789541038,33.1992858712788,86.0040081501103
"FA2H","ENSG00000103089",1202.71842210672,2.51728116755051,0.201236506732783,12.5090681031009,6.66009707739726e-36,9.16685515429762e-35,2.51728116755051,34.0377796308934,85.6826616500824
"PANX2","ENSG00000073150",716.225126430429,2.4451939487836,0.192718366318286,12.6879134329378,6.89995858905348e-37,1.00049399541275e-35,2.4451939487836,34.9997855134915,85.5812637463133
"GREB1","ENSG00000196208",474.042368156493,2.68302169668662,0.221947010962685,12.088568731109,1.21382884717114e-33,1.4805071276369e-32,2.68302169668662,31.8295894974365,85.3994792182507
"ANGPT1","ENSG00000154188",750.244205830135,-2.25409875492594,0.171277859544203,-13.1604794742557,1.48142764286397e-39,2.43632213361811e-38,2.25409875492594,37.6132652892726,84.7840144572484
"THPO","ENSG00000090534",115.901870891638,3.07646488968322,0.274373485127264,11.2126902067678,3.53289517320487e-29,3.42252806357091e-28,3.07646488968322,27.4656529821117,84.4971170716899
"MT1M","ENSG00000205364",243.854898695662,-2.77961247002705,0.235471846465744,-11.8044365462239,3.70262884066639e-32,4.20642145054246e-31,2.77961247002705,30.3760872165581,84.4337508177741
"SGK2","ENSG00000101049",159.299439537795,2.63991197477083,0.218085245152862,12.1049545232666,9.942446547712e-34,1.21849449368638e-32,2.63991197477083,31.9141764290291,84.250616519943
"TNNT1","ENSG00000105048",988.137145907892,3.21694874617375,0.294090288795023,10.9386432287668,7.53185996848219e-28,6.76204568068499e-27,3.21694874617375,26.1699218997042,84.1872974427183
"HSPB6","ENSG00000004776",125.15919972957,-2.51134736877369,0.202435970120673,-12.4056380260715,2.4356484397344e-35,3.25717918775543e-34,2.51134736877369,33.4871583488613,84.0978870071209
"COMP","ENSG00000105664",1936.44845720469,2.88840699334339,0.250046841438318,11.5514636246901,7.25738600637041e-31,7.72494989958273e-30,2.88840699334339,29.1121043285252,84.0876057334545
"DUOX1","ENSG00000137857",2932.61422717542,-2.56690234110233,0.209296614976811,-12.2644235855737,1.40609308483843e-34,1.80352857111212e-33,2.56690234110233,32.7438769732913,84.050334459508
"CKMT1B","ENSG00000237289",140.241598678022,2.91904705560443,0.254281155317321,11.4796043456768,1.67043163507941e-30,1.75405124685892e-29,2.91904705560443,28.7559577223138,83.9399937204056
"EPHB2","ENSG00000133216",1705.93916024612,2.24725122612478,0.171399587156998,13.1111822577866,2.84134275037712e-39,4.58432333926941e-38,2.24725122612478,37.3387247585127,83.9094949955033
"ZBED2","ENSG00000177494",295.775003297666,-2.36870613224383,0.185946793840707,-12.738623147614,3.60704316919766e-37,5.28157311182109e-36,2.36870613224383,35.2772367039759,83.5614069093248
"COL5A2","ENSG00000204262",9390.79000510704,2.19650409357451,0.16607721809252,13.2258001356384,6.22710118865959e-40,1.04719475158539e-38,2.19650409357451,37.9799725430837,83.4231651647309
"LY6K","ENSG00000160886",219.62416618645,3.52524620564159,0.339555659141986,10.3819391923829,2.99626281057431e-25,2.32590587720634e-24,3.52524620564159,23.6334078639141,83.3135813986433
"ARTN","ENSG00000117407",106.065439779756,2.61104872350899,0.216208184365281,12.0765489575438,1.40493486355279e-33,1.70893946387153e-32,2.61104872350899,31.7672733211132,82.9458984544538
"GPR37","ENSG00000170775",328.411385028683,2.71735999082206,0.229636483461648,11.8333112833784,2.62575079449015e-32,3.00399993387546e-31,2.71735999082206,30.5223000812276,82.9400770685929
"CKMT1A","ENSG00000223572",115.100173785331,2.88044015148185,0.251448133746197,11.4554047730148,2.20928758323805e-30,2.30634671685405e-29,2.88044015148185,28.6370754039374,82.4873818145146
"TBX4","ENSG00000121075",603.833392650166,-2.18049307427667,0.165359097127254,-13.1864113445095,1.0506906734579e-39,1.73913119520649e-38,2.18049307427667,37.7596676547971,82.3346938082739
"TMEM156","ENSG00000121895",311.348611371344,2.48780345142391,0.202071761981,12.3114849251319,7.85642562791003e-35,1.01865959246517e-33,2.48780345142391,32.9919709208147,82.0775391260801
"PABPC1L","ENSG00000101104",1543.94191177381,2.14120367446255,0.161159873853104,13.2862084293652,2.78328453142674e-40,4.79319635426551e-39,2.14120367446255,38.3193747796818,82.0495860813623
"OLFM4","ENSG00000102837",144.59967602624,4.20513916142368,0.447826481483529,9.3901083015305,5.99385939644602e-21,3.59169880042226e-20,4.20513916142368,19.4447000903787,81.76766983219
"SYT2","ENSG00000143858",185.663192746266,2.82168778912242,0.245195507604016,11.5079098173339,1.20360245372744e-30,1.26981478210761e-29,2.82168778912242,28.8962596215439,81.5362229254217
"FCRL5","ENSG00000143297",669.609997543859,2.57398084204458,0.213646717606616,12.0478370596079,1.99106180962358e-33,2.40554145574576e-32,2.57398084204458,31.6187871543106,81.3861523838807
"TMEM132A","ENSG00000006118",2413.79757053308,2.01739402916673,0.147991663156525,13.6318086177125,2.59078961902927e-42,4.89514241323027e-41,2.01739402916673,40.3102346688495,81.3216267352468
"FGFR4","ENSG00000160867",986.582993317902,-2.46059910694864,0.199688556018887,-12.3221838847686,6.8805382338724e-35,8.96022348025318e-34,2.46059910694864,33.0476811583032,81.3170947448443
"PPFIA4","ENSG00000143847",246.927945607093,2.4362418878879,0.197072174822771,12.362180962781,4.18642094487644e-35,5.52416150196712e-34,2.4362418878879,33.2577336330645,81.0238837730899
"PDK4","ENSG00000004799",3222.24383252177,-2.38195010619916,0.190603743402322,-12.4968694931212,7.76492235101759e-36,1.06302796960029e-34,2.38195010619916,33.9734553084934,80.9230754800182
"RETN","ENSG00000104918",155.754122145535,-2.95830647048844,0.265217084614332,-11.1542831970659,6.8240557259682e-29,6.51910459715692e-28,2.95830647048844,27.185812050774,80.4239636952872
"ST6GALNAC5","ENSG00000117069",529.517495065555,-2.16103827663218,0.165317608356873,-13.0720393194119,4.75728376387536e-39,7.61378160885705e-38,2.16103827663218,37.1183995844994,80.2142822694312
"CCN5","ENSG00000064205",660.261251007721,-2.17245657012236,0.166857590001359,-13.0198246906519,9.43873559538434e-39,1.48930596127171e-37,2.17245657012236,36.8270160721323,80.0050930239056
"C13orf46","ENSG00000283199",154.701460473837,-2.71768412153127,0.234036249755584,-11.6122358154751,3.57152828387853e-31,3.87070597113498e-30,2.71768412153127,29.4122098175634,79.9330956003381
"PDZD2","ENSG00000133401",1631.30731640614,-2.22201221207079,0.172714436135282,-12.8652373350561,7.06246626526594e-38,1.06820548507526e-36,2.22201221207079,35.971345196324,79.9287683108459
"AQP4","ENSG00000171885",6698.76115569689,-2.96281613665486,0.266764198121236,-11.1064983889193,1.16644305517398e-28,1.09963991497513e-27,2.96281613665486,26.9587495044244,79.8738180557448
"ITGA8","ENSG00000077943",1045.85745202011,-2.0885835315735,0.157838563594951,-13.232403311356,5.70340434495957e-40,9.64565349190563e-39,2.0885835315735,38.0156683436225,79.3988988442501
"OVOL1","ENSG00000172818",166.976962118938,2.2826140415083,0.180527590952147,12.6441284097862,1.20553978006767e-36,1.72290122082674e-35,2.2826140415083,34.7637396212633,79.3522001948341
"KCNQ5","ENSG00000185760",225.4888279463,2.7141339148732,0.234634431270473,11.5675005589632,6.02112273778682e-31,6.44739372514779e-30,2.7141339148732,29.1906158077728,79.2272403599098
"AGR2","ENSG00000106541",27063.0963643111,2.49447049475791,0.206783261228583,12.0632128535804,1.65209860672919e-33,2.00277780285944e-32,2.49447049475791,31.698367230609,79.0706417887551
"LHFPL5","ENSG00000197753",129.813588543817,2.02243639041665,0.150780156055346,13.4131469506789,5.06433835753863e-41,9.06162062314388e-40,2.02243639041665,39.042794124095,78.9615676201152
"CXCL2","ENSG00000081041",2417.29114939373,-2.40432236767058,0.196256077555193,-12.2509447738984,1.66050116283496e-34,2.12223909332899e-33,2.40432236767058,32.6732056896788,78.5569192631963
"FFAR4","ENSG00000186188",179.761398988713,-2.37889581698407,0.193205812022343,-12.3127549429463,7.73374563088265e-35,1.00348013468733e-33,2.37889581698407,32.9984912205667,78.4999727313917
"SMKR1","ENSG00000240204",179.672869847888,2.77812091317326,0.244609866014467,11.3573542982479,6.81782057495218e-30,6.88827010432633e-29,2.77812091317326,28.161889831572,78.2371350955717
"FGA","ENSG00000171560",13570.3284046981,3.9545529516691,0.419645457625827,9.42355714760325,4.36059351239876e-21,2.63862359544643e-20,3.9545529516691,19.5786225582755,77.4246996274435
"ERVH48-1","ENSG00000233056",107.376704880783,3.60499312332661,0.365981366867234,9.85020946335331,6.84012732510978e-23,4.67495791551525e-22,3.60499312332661,21.3302222943405,76.8953046901255
"PACSIN1","ENSG00000124507",115.152615016676,2.46586296710583,0.206736500825681,11.92756459192,8.50246810103733e-33,9.96297719265625e-32,2.46586296710583,31.0016108638719,76.4457241498476
"PAX9","ENSG00000198807",616.067096054856,2.70554230716819,0.237934969504513,11.3709317835976,5.83612138939906e-30,5.93327954662031e-29,2.70554230716819,28.2267051893847,76.3685450818441
"CLDN18","ENSG00000066405",9261.91019686868,-3.5285565819544,0.356612178870168,-9.89466089782379,4.39095979684725e-23,3.03349203262501e-22,3.5285565819544,21.5180571413797,75.9276821570864
"DEPDC7","ENSG00000121690",178.099042161815,2.56019370973001,0.2204895988636,11.6114035443178,3.60646629123481e-31,3.90620468214676e-30,2.56019370973001,29.4082450037522,75.2908038728055
"PRR36","ENSG00000183248",831.289083094435,2.17670747031533,0.172666275186888,12.6064425027953,1.94579644722716e-36,2.75226370199491e-35,2.17670747031533,34.5603099574879,75.2276848608772
"PIP5K1B","ENSG00000107242",530.14440249296,-2.23032230679135,0.179154222621112,-12.449175208715,1.41297779837206e-35,1.91243659200236e-34,2.23032230679135,33.7184129552332,75.202928563659
"RNFT2","ENSG00000135119",301.632661534948,2.22445826551534,0.179051572852845,12.4235617150569,1.94696546680947e-35,2.61735936120374e-34,2.22445826551534,33.582136645005,74.702061433647
"EPHX3","ENSG00000105131",794.921755848101,2.20759242817077,0.177153496865673,12.4614668478415,1.21122052832326e-35,1.64683654356293e-34,2.20759242817077,33.7833495045045,74.5798665643909
"QPCT","ENSG00000115828",2130.99310277821,2.67164543691015,0.236334838330555,11.3044926248808,1.24672686482541e-29,1.24623931800676e-28,2.67164543691015,27.9043985511682,74.5506590589508
"USH1C","ENSG00000006611",210.663328283735,3.55642134463323,0.365024307676451,9.74297127572545,1.97687904527344e-22,1.3120288114643e-21,3.55642134463323,20.8820566279767,74.2653919115761
"FIBIN","ENSG00000176971",586.643482975593,-2.15105265074388,0.17107060717527,-12.5740633429799,2.93255332245765e-36,4.10901931078581e-35,2.15105265074388,34.3862618177189,73.9666596321773
"MRC1","ENSG00000260314",6119.19452404604,-2.29527213878708,0.188938372762148,-12.14825821368,5.86007462713115e-34,7.28154967383733e-33,2.29527213878708,32.1377761834376,73.7649422764194
"KCNT2","ENSG00000162687",142.323140465526,-2.45001187880742,0.20862183151221,-11.7437943145659,7.59986452711081e-32,8.50966057469298e-31,2.45001187880742,30.0700877622982,73.6720722144123
"SLC1A1","ENSG00000106688",1240.26274482623,-2.18997123828063,0.176592478547021,-12.4012713129087,2.57210073339433e-35,3.43452227034513e-34,2.18997123828063,33.4641336631988,73.2854902363841
"C1QTNF7","ENSG00000163145",247.046701929522,-2.38840694742902,0.201757128873446,-11.838030015421,2.48214802759833e-32,2.84516813951422e-31,2.38840694742902,30.5458920632213,72.9560208192147
"MMP19","ENSG00000123342",1100.70176505303,-2.01738346165859,0.156558215573851,-12.8858358168176,5.4086349530577e-38,8.21534000127856e-37,2.01738346165859,36.0853744580812,72.7980376394903
"MYBPH","ENSG00000133055",145.127943608557,3.27959957251772,0.326656066098113,10.0399163306298,1.01760435143482e-23,7.27156336270893e-23,3.27959957251772,22.138372207187,72.6049960269286
"SIX1","ENSG00000126778",1237.68216579136,2.36841710918431,0.200011450113949,11.8414076185888,2.38417489509534e-32,2.73461803832954e-31,2.36841710918431,30.563103325795,72.3861768265808
"DSP","ENSG00000096696",16547.893842796,2.17852039476914,0.176355455219759,12.353008258545,4.69234095130701e-35,6.17353357659826e-34,2.17852039476914,33.2094661854729,72.3474993844488
"LEMD1","ENSG00000186007",153.079354257036,2.82336725497645,0.261034671061025,10.8160622629183,2.88925852532563e-27,2.50593808985223e-26,2.82336725497645,25.6010296626187,72.2811088431184
"PTHLH","ENSG00000087494",217.858429391593,2.77634585886765,0.255655593748714,10.8597109813155,1.79315823847447e-27,1.57356451010416e-26,2.77634585886765,25.8031154479792,71.6383727198811
"RADIL","ENSG00000157927",177.096460301563,-2.24629551653803,0.185982793518394,-12.0779749246849,1.38078566311983e-33,1.68185145474494e-32,2.24629551653803,31.7742123648006,71.3742707765787
"DIRAS1","ENSG00000176490",273.486432894351,2.57680874711074,0.228971258383478,11.2538524062052,2.21692950061865e-29,2.18073224599063e-28,2.57680874711074,27.6613976545622,71.2781314335843
"FAM83B","ENSG00000168143",142.014736007837,3.27211260408333,0.329103656339506,9.94249848354099,2.71919886788451e-23,1.89908764024424e-22,3.27211260408333,21.7214549927163,71.0750466606957
"GSDMC","ENSG00000147697",349.675623808363,2.54508807607313,0.225394882988633,11.2916852517964,1.442441167644e-29,1.437060123199e-28,2.54508807607313,27.842525061631,70.8616785421244
"LCN12","ENSG00000184925",101.390239970727,2.44242649116807,0.212127799116599,11.5139387734163,1.12232689037658e-30,1.18546605959316e-29,2.44242649116807,28.926110875547,70.6498994889007
"KPNA7","ENSG00000185467",171.871920314941,2.23632014171063,0.186027975673824,12.0214184646707,2.74223127616298e-33,3.28865577911422e-32,2.23632014171063,31.4829815813835,70.4060258315526
"GPER1","ENSG00000164850",210.392421939451,-2.2045374363243,0.182748066431667,-12.0632599806391,1.65115328281751e-33,2.00277780285944e-32,2.2045374363243,31.698367230609,69.880237230233
"SCN7A","ENSG00000136546",1146.00767864756,-2.33461768314472,0.199403620564687,-11.7080004692661,1.15982596780129e-31,1.28739243435909e-30,2.33461768314472,29.8902890474253,69.782397364426
"LINGO1","ENSG00000169783",238.983831918051,2.47722583707364,0.218671594627842,11.3285213897563,9.47914017384439e-30,9.51797166838371e-29,2.47722583707364,28.0214555922755,69.4154737855966
"LILRA5","ENSG00000187116",208.236951641876,-2.0308957002843,0.162173921697359,-12.5229486900752,5.59184461874938e-36,7.72028362371008e-35,2.0308957002843,34.1123667444894,69.2786589479048
"IGFBP3","ENSG00000146674",15297.0276331617,2.16946224717423,0.179189642037513,12.1070739497323,9.68891602477711e-34,1.18905195083221e-32,2.16946224717423,31.9247991702199,69.2596465484113
"BCHE","ENSG00000114200",199.857319792655,-2.43228231146851,0.213529694807529,-11.3908387011976,4.64497018471308e-30,4.75471690589651e-29,2.43228231146851,28.3228753356912,68.8892286889295
"DNMT3B","ENSG00000088305",311.716163752539,2.04548060469991,0.164846762614654,12.4083759502237,2.35378737382619e-35,3.15006114284756e-34,2.04548060469991,33.5016810164505,68.5270387439927
"DERL3","ENSG00000099958",409.953090184958,2.17076014981783,0.1804692780958,12.0284193117097,2.51938014765636e-33,3.02545429409499e-32,2.17076014981783,31.5192094036214,68.4206437271448
"FSIP2","ENSG00000188738",145.788350445921,2.87685501621403,0.276368072185226,10.4095056764948,2.24383733369572e-25,1.74864901619415e-24,2.87685501621403,23.7572973521147,68.3463000591194
"IL7R","ENSG00000168685",3514.63397288127,-2.00758458657523,0.160614389237384,-12.4994067848309,7.52104086046431e-36,1.03121826909033e-34,2.00758458657523,33.9866494016139,68.2310734880163
"IL1RL1","ENSG00000115602",585.209453438137,-2.87194816022686,0.276672885721065,-10.3803021851671,3.04808840989116e-25,2.36511040408424e-24,2.87194816022686,23.6261485814524,67.8530739517487
"IL23A","ENSG00000110944",124.249234536956,2.13597424758805,0.177413611579088,12.0395173097295,2.20240520181085e-33,2.65908476896097e-32,2.13597424758805,31.5752678175743,67.4439589190345
"B4GALNT1","ENSG00000135454",209.204683335265,2.62670800870468,0.242746584881607,10.8207825456567,2.74424153295336e-27,2.38131492478828e-26,2.62670800870468,25.6231831661014,67.3046204309055
"COL5A1","ENSG00000130635",14218.6459055862,2.01037789352059,0.16215072448429,12.3982048178599,2.67243727361204e-35,3.56584042779569e-34,2.01037789352059,33.4478380955068,67.2427942932627
"TRIM9","ENSG00000100505",151.144673322501,2.83352123489736,0.272678943369711,10.3914193002264,2.71285723774538e-25,2.1086513707636e-24,2.83352123489736,23.6759952174484,67.0864352059684
"IGLL5","ENSG00000254709",132.434164975541,2.45417322348191,0.220047429418265,11.1529283935284,6.92878525538109e-29,6.61562190899327e-28,2.45417322348191,27.1794293232152,66.7030276745537
"RAMP1","ENSG00000132329",1555.67723740154,2.21791437065951,0.189205395063896,11.7222575493183,9.8024432681268e-32,1.09348576930544e-30,2.21791437065951,29.9611868645261,66.4513469088473
"PLA2G4A","ENSG00000116711",2552.89670676869,2.42889694368657,0.217224373489639,11.1815120221876,5.02268538017568e-29,4.8214007246504e-28,2.42889694368657,27.3168267711779,66.3497570557294
"TF","ENSG00000091513",677.399690407721,3.27145222915788,0.341348517572495,9.58390636181127,9.3442316599413e-22,5.91008614674195e-21,3.27145222915788,20.2284061886988,66.1762645183297
"CXCL13","ENSG00000156234",1500.39802902699,2.64654153314466,0.247935189522419,10.6743279896755,1.34225187361955e-26,1.12228564367638e-25,2.64654153314466,24.9498965925593,66.0309375798726
"GLDC","ENSG00000178445",254.454400684609,2.75064354508304,0.262856336290658,10.4644369007771,1.25822400967289e-25,9.93092289593161e-25,2.75064354508304,24.0030103899753,66.0237255917467
"MFAP3L","ENSG00000198948",238.150472101071,-2.06782748497898,0.171012558059953,-12.0916703921477,1.16885787645756e-33,1.42760231968977e-32,2.06782748497898,31.8453927550372,65.8507784088163
"MME","ENSG00000196549",1134.81549784971,-2.45034936758841,0.220996806741876,-11.0877139073345,1.43918744521352e-28,1.34753432533781e-27,2.45034936758841,26.8704601633472,65.8420150680674
"SLC5A9","ENSG00000117834",146.808165968297,-2.4809074281853,0.225357839170298,-11.0087469658002,3.46793239653947e-28,3.18377190206674e-27,2.4809074281853,26.4970580543836,65.7367481521773
"ACKR1","ENSG00000213088",828.250645954076,-2.3776842994792,0.211524447812218,-11.24070680279,2.57313860463843e-29,2.51591087720194e-28,2.3776842994792,27.5993047472589,65.6224335740993
"DIO2","ENSG00000211448",660.994133429726,2.42699377264439,0.218651329269255,11.0998354355107,1.25675073764921e-28,1.18228396155401e-27,2.42699377264439,26.9272782018601,65.3523365101775
"BCO1","ENSG00000135697",102.572974134641,2.52482846785617,0.232706189743573,10.8498552214635,1.99741480812361e-27,1.74510464657011e-26,2.52482846785617,25.7581785251144,65.0349824203303
"HOXB8","ENSG00000120068",131.69650250703,3.37478025508985,0.361343714162652,9.33952943642671,9.67632030524545e-21,5.71602506509596e-20,3.37478025508985,19.2429058754708,64.9405787990914
"AGT","ENSG00000135744",1052.01038188692,2.78922951932945,0.271385828590012,10.2777272262922,8.87968194582797e-25,6.70963467300253e-24,2.78922951932945,23.1733011257056,64.6356555601284
"GRIN2D","ENSG00000105464",321.205060282074,2.50788217252928,0.23131476682069,10.8418593719671,2.1799474796954e-27,1.89994156133414e-26,2.50788217252928,25.7212597569316,64.5058887994036
"BIK","ENSG00000100290",336.781785870895,2.00540118152389,0.165087574821124,12.1474991906373,5.91472214000565e-34,7.34435275857884e-33,2.00540118152389,32.134046471591,64.4416547612722
"TAS1R3","ENSG00000169962",217.302603559305,2.26429810233681,0.199002008514679,11.3782675825093,5.36549872698854e-30,5.46724764931697e-29,2.26429810233681,28.2622312534734,63.9941165950439
"REEP6","ENSG00000115255",922.208122724034,2.22362340714761,0.19366753847131,11.4816526543348,1.63132143385124e-30,1.71629700235819e-29,2.22362340714761,28.765407556042,63.9634335577557
"SVEP1","ENSG00000165124",1414.98518235258,-2.06548567220726,0.173412959259138,-11.9107919098521,1.03984954525906e-32,1.21132994227346e-31,2.06548567220726,30.9167375475324,63.8580784358205
"ADAMTS16","ENSG00000145536",281.320624195285,2.32011066802084,0.207157402913048,11.1997478023736,4.08895871392797e-29,3.95266009013037e-28,2.32011066802084,27.4031105313003,63.5782490806241
"LCN2","ENSG00000148346",8893.13505289516,2.69378907115658,0.25993471632699,10.3633293360009,3.64064639871426e-25,2.81148407476022e-24,2.69378907115658,23.5510643721451,63.4415998197896
"GPR35","ENSG00000178623",384.67785313408,2.37025432486066,0.214468485884217,11.0517604257264,2.14957728965906e-28,1.9939028742286e-27,2.37025432486066,26.700296000595,63.2864920704701
"EDN1","ENSG00000078401",1520.08479138335,-2.01282812128116,0.167567304349346,-12.0120576570522,3.07107248394637e-33,3.67072143989662e-32,2.01282812128116,31.4352485715587,63.2737523242967
"STK32A","ENSG00000169302",1054.65827636541,2.10820979526176,0.179763291011266,11.7276991503768,9.19234827173862e-32,1.02670841214868e-30,2.10820979526176,29.9885528796505,63.2221609266044
"NDRG4","ENSG00000103034",557.938128916733,-2.04034326579327,0.171135230059222,-11.9224034997773,9.04606033520638e-33,1.05791606260031e-31,2.04034326579327,30.9755487888184,63.2007523755166
"NMNAT2","ENSG00000157064",865.663789880499,2.75576917526963,0.269667077408427,10.219153193461,1.62756422370471e-24,1.21595017347593e-23,2.75576917526963,22.9150842209743,63.1486827448685
"LHFPL4","ENSG00000156959",125.832249079259,3.55848850045049,0.397441913099525,8.95348070539152,3.44446081891346e-19,1.84195270271424e-18,3.55848850045049,17.7347215257211,63.1088026079703
"DUSP4","ENSG00000120875",4715.35454360613,2.41598957555529,0.221652556107156,10.8998949436311,1.15390440196197e-27,1.0246556557968e-26,2.41598957555529,25.9894220584255,62.7901727678628
"BHMT2","ENSG00000132840",896.099794324987,2.88474221493859,0.290066919615062,9.94509204554188,2.649289943954e-23,1.8531565663475e-22,2.88474221493859,21.7320878871958,62.6914713469492
"H2BC4","ENSG00000180596",375.444746287652,2.33505411103365,0.210804754540471,11.0768569528889,1.62476448929069e-28,1.51495106862315e-27,2.33505411103365,26.8196013942047,62.6252204918214
"FNDC1","ENSG00000164694",1836.25372724865,2.38943606781106,0.218912349102718,10.9150355272552,9.76910977954759e-28,8.71379268621361e-27,2.38943606781106,26.059792776774,62.2682087805059
"ANGPTL1","ENSG00000116194",188.138943468795,-2.24612402967123,0.199674391507207,-11.2489338904041,2.34408183717218e-29,2.30074911204179e-28,2.24612402967123,27.6381307369143,62.0786695833783
"ENO3","ENSG00000108515",622.793882714249,2.58684945096975,0.247324171571608,10.4593474812096,1.32766815036174e-25,1.04651833543712e-24,2.58684945096975,23.9802531582384,62.0333047165047
"AFF3","ENSG00000144218",518.113123068657,-2.3474714670263,0.21357242635406,-10.9914538458943,4.20103841593883e-28,3.83125282244615e-27,2.3474714670263,26.4166591881969,62.0123536984504
"FOXO6","ENSG00000204060",207.31306223347,2.26151248571878,0.201970305852929,11.1972523691952,4.20575939136004e-29,4.0589888236033e-28,2.26151248571878,27.3915821445078,61.946405023396
"SBSPON","ENSG00000164764",268.001722458466,-2.26573407822436,0.202848676388033,-11.1695778280071,5.74532959899691e-29,5.50033079266194e-28,2.26573407822436,27.2596111910316,61.7630300346665
"CCL24","ENSG00000106178",167.196670447145,-2.45310284715298,0.229424533213427,-10.6924172964141,1.1045401882864e-26,9.2873766865642e-26,2.45310284715298,25.0321069395517,61.4063328036522
"GHR","ENSG00000112964",145.950124087428,-2.00633379798567,0.16978686907691,-11.8167783462504,3.19711361026366e-32,3.63905558705138e-31,2.00633379798567,30.4390113104579,61.0708171694398
"HHIP","ENSG00000164161",1132.09576122671,-2.87675032487807,0.292960126017814,-9.81959683039986,9.27135941113249e-23,6.28856838299445e-22,2.87675032487807,21.2014482121273,60.9912730321228
"KL","ENSG00000133116",256.261048854458,-2.29882849555761,0.208707240438492,-11.0146082652801,3.24947024805921e-28,2.98474184540675e-27,2.29882849555761,26.5250932256615,60.9766401544727
"RFLNA","ENSG00000178882",293.595654134141,2.56739516001693,0.246799090073223,10.402774010452,2.40818563831589e-25,1.87591056275081e-24,2.56739516001693,23.7267878711967,60.9160403432587
"FCGR3B","ENSG00000162747",169.300092197349,-2.35965531083245,0.217321327830737,-10.857909503803,1.82887961150391e-27,1.60255352050144e-26,2.35965531083245,25.7951874574283,60.8677510778393
"SRSF12","ENSG00000154548",100.150330136863,2.1332564297269,0.186685058891008,11.4270335419416,3.06398022804566e-30,3.16169539910155e-29,2.1332564297269,28.5000799727534,60.7979788496071
"PLOD2","ENSG00000152952",5583.34509441831,2.06040661941523,0.177570137884687,11.6033396378464,3.9630501091019e-31,4.27431317674263e-30,2.06040661941523,29.3691336604714,60.5123574005258
"H4C8","ENSG00000158406",434.259755655914,2.11471881270265,0.184858744760052,11.4396471503016,2.64960920318007e-30,2.74837434623194e-29,2.11471881270265,28.5609241138867,60.398323531809
"B4GALNT2","ENSG00000167080",319.210458639519,3.37490280458333,0.375386470434711,8.99047533779007,2.46163460529587e-19,1.32548985833762e-18,3.37490280458333,17.8776235908165,60.3352419959316
"HAL","ENSG00000084110",482.853481637402,2.62939913115809,0.257690657588493,10.203703757693,1.90852482690893e-24,1.42347789611845e-23,2.62939913115809,22.846649272225,60.0729597462621
"HTR1D","ENSG00000179546",140.795973955012,2.68407102316159,0.266084069089808,10.0873044836655,6.28722759367382e-24,4.54718526004873e-23,2.68407102316159,22.3422573515398,59.968205549287
"GRIK2","ENSG00000164418",102.140103263372,2.6257184360652,0.257609214326236,10.1926417614084,2.13872002935644e-24,1.58854784081672e-23,2.6257184360652,22.7989997013972,59.8637538398036
"AKR1C1","ENSG00000187134",13102.633765956,3.24119016827648,0.35479030260551,9.13550946706778,6.50995242473111e-20,3.64235705865271e-19,3.24119016827648,18.4386174827581,59.7630657017264
"ATP1A2","ENSG00000018625",144.965402811631,-2.2767099126859,0.208077464986538,-10.9416457607901,7.28650377869407e-28,6.54833812718096e-27,2.2767099126859,26.1838689036374,59.6130738853793
"CRTAC1","ENSG00000095713",1888.47424110351,-2.57552050470349,0.250962216816133,-10.2625827002096,1.03890281480915e-24,7.82039884954991e-24,2.57552050470349,23.1067710968453,59.5119627574151
"H2BC15","ENSG00000233822",135.087767313442,2.03493240561975,0.17597490752953,11.5637645968262,6.28899243588809e-31,6.72215899972196e-30,2.03493240561975,29.1724912193457,59.3640477349042
"NTM","ENSG00000182667",991.666910834913,-2.08862998483033,0.18321960294764,-11.3995989033292,4.20049838411077e-30,4.30713567833203e-29,2.08862998483033,28.365811447387,59.2456843330558
"ESPN","ENSG00000187017",623.670818311276,2.25427523881089,0.205682803360967,10.9599597145451,5.95258604765201e-28,5.37113576150466e-27,2.25427523881089,26.2699338702037,59.2196614487997
"SLC5A5","ENSG00000105641",171.982689399766,3.1573372300958,0.343370351819614,9.19513642737119,3.7451904537782e-20,2.13348273764576e-19,3.1573372300958,18.6709108667374,58.9503619993503
"DOK5","ENSG00000101134",156.169474838341,2.27376757210301,0.208880585847851,10.8854902090289,1.35169408809726e-27,1.19318511683889e-26,2.27376757210301,25.9232921724362,58.9435411038373
"ANKRD36C","ENSG00000174501",365.146074587867,2.59234232827939,0.255021604829913,10.1651871025137,2.83577041184708e-24,2.08722500942739e-23,2.59234232827939,22.6804307300983,58.7954406052425
"MUC20","ENSG00000176945",1907.16141046151,2.14340078523272,0.192212982013061,11.1511759652481,7.06662071320102e-29,6.74362903580298e-28,2.14340078523272,27.171106328083,58.2385706392549
"NUP210L","ENSG00000143552",104.640863738015,2.48219692061515,0.240169837668518,10.3351734119131,4.88527696638283e-25,3.74196321744383e-24,2.48219692061515,23.4269004858204,58.150180245461
"STK31","ENSG00000196335",259.582022144933,2.04235103311501,0.179451351948268,11.3810846836293,5.19495395328167e-30,5.29648496216917e-29,2.04235103311501,28.2760122564325,57.7495428442976
"SCUBE3","ENSG00000146197",825.624372689429,2.36481923370623,0.224099420152622,10.5525450806418,4.94394290884294e-26,3.9991849216965e-25,2.36481923370623,24.398028513692,57.696927093692
"TFF3","ENSG00000160180",5699.86357292313,3.02585942531704,0.325584749956637,9.29361533585352,1.49134642546292e-20,8.72903552201765e-20,3.02585942531704,19.0590337391816,57.6699568771382
"ERN2","ENSG00000134398",1097.97820399213,3.08099716343481,0.335010886375717,9.19670759588228,3.69085114423891e-20,2.10386745854943e-19,3.08099716343481,18.6769816237549,57.5437274043128
"ADTRP","ENSG00000111863",225.892960049053,-2.09197216527386,0.18679525229593,-11.1992791013749,4.11064839152325e-29,3.97148119165905e-28,2.09197216527386,27.4010474898634,57.3222286481415
"GPA33","ENSG00000143167",198.053756845845,-2.71535900076589,0.277328117940683,-9.79114206279898,1.22899768082104e-22,8.27953896947698e-22,2.71535900076589,21.0819938454116,57.2451817422294
"SGCA","ENSG00000108823",245.610096988337,-2.0029753108493,0.175088972382666,-11.4397570766005,2.64625429590382e-30,2.74648654968718e-29,2.0029753108493,28.561222523499,57.2074235622414
"ACHE","ENSG00000087085",793.933520222634,2.4653405530972,0.240200801729476,10.2636649642567,1.0273207732161e-24,7.73972656638135e-24,2.4653405530972,23.1112743820573,56.9771619678424
"WDR86","ENSG00000187260",350.027890383399,2.29986961477908,0.216634422916554,10.6163627359673,2.50117813585613e-26,2.05952970017827e-25,2.29986961477908,24.6862319407648,56.7751147439539
"PLD5","ENSG00000180287",247.421337404088,2.7539171103495,0.285481751197131,9.64656094059007,5.0831873603793e-22,3.28351882452227e-21,2.7539171103495,20.4836604895446,56.4103031047469
"SLC1A7","ENSG00000162383",1414.8724413061,3.02256579154575,0.328806809331278,9.19252797012628,3.83715635692241e-20,2.18378621801567e-19,3.02256579154575,18.660789879191,56.4034651320658
"MUC16","ENSG00000181143",2952.27398256319,2.92119559213395,0.312590526526733,9.34511875517163,9.17864117143962e-21,5.43279611248988e-20,2.92119559213395,19.2649765933064,56.2767647069305
"KCND2","ENSG00000184408",142.495586077293,2.28386079102007,0.215495784716613,10.59816921256,3.03870487263136e-26,2.48953966510957e-25,2.28386079102007,24.6038809498461,56.191839008279
"ABCB4","ENSG00000005471",103.459737485626,2.14507205441405,0.196170765279299,10.9347182866927,7.86498769478966e-28,7.05758399312294e-27,2.14507205441405,26.1513439445615,56.0965170808489
"XKR9","ENSG00000221947",147.480670348739,2.21924129869987,0.206647654733499,10.7392522869998,6.65814267032861e-27,5.68388104962738e-26,2.21924129869987,25.24535501942,56.0255344594369
"KRT15","ENSG00000171346",2122.3261046847,2.41830326135378,0.235331579926844,10.276152746289,9.02588904413836e-25,6.81723227804e-24,2.41830326135378,23.1663919083849,56.0233611058471
"CHRDL1","ENSG00000101938",1283.94230948817,-2.28518436106679,0.216238723034875,-10.5678776168977,4.19889491982501e-26,3.41503758183767e-25,2.28518436106679,24.4666045126282,55.910702000664
"PCOLCE2","ENSG00000163710",476.744364116158,-2.32836043150414,0.222615902110622,-10.4590930361621,1.33123799353309e-25,1.04887016372909e-24,2.32836043150414,23.9792782683993,55.8324026961679
"CILP","ENSG00000138615",932.650535368893,2.46068285205876,0.242187887525072,10.1602226156088,2.98394345993921e-24,2.19267763156847e-23,2.46068285205876,22.6590252137954,55.7566747879534
"DLK1","ENSG00000185559",119.030946936209,4.67009124248598,0.641454627527272,7.28047010977005,3.32658888097203e-13,1.19619483213892e-12,4.67009124248598,11.9221980781807,55.677752836095
"EGF","ENSG00000138798",469.764908499491,2.22002531084077,0.207817039753389,10.6825951975603,1.22790132069966e-26,1.02907907874843e-25,2.22002531084077,24.9875512509475,55.4729962330344
"C2CD6","ENSG00000155754",129.47317250258,2.26057652761533,0.213625176273537,10.5819761839343,3.61257095933491e-26,2.94889289121257e-25,2.26057652761533,24.5303410014733,55.4527130823305
"TNNC2","ENSG00000101470",396.232176263121,2.90040879307661,0.311941452979086,9.29792679163762,1.43210787969548e-20,8.39053906070442e-20,2.90040879307661,19.0762101364813,55.3288076184276
"IGFBPL1","ENSG00000137142",592.256999639125,2.26532144728514,0.214688326921688,10.5516749781718,4.98994869695383e-26,4.03457532917284e-25,2.26532144728514,24.3942021714507,55.260709368397
"KRT14","ENSG00000186847",132.693371888036,3.29047505841306,0.378590460551987,8.69138396571199,3.58050711570481e-18,1.79506903393965e-17,3.29047505841306,16.745918844867,55.102028289244
"TWIST1","ENSG00000122691",124.207303892612,2.46251291644999,0.243970186788635,10.0934993281921,5.90269667983421e-24,4.27945509287981e-23,2.46251291644999,22.3686115265993,55.0829948073028
"PNMA3","ENSG00000183837",105.16751052809,2.669596175794,0.275770380443109,9.68050365490476,3.64913813756839e-22,2.38125560523381e-21,2.669596175794,20.623193984694,55.055599794197
"H2BC11","ENSG00000124635",140.14724277852,2.47790367117767,0.246536478623604,10.0508601607829,9.10690043620121e-24,6.53105288596987e-23,2.47790367117767,22.1850167994743,54.9723345725556
"GDA","ENSG00000119125",143.505255874059,3.24284731380342,0.370832266807129,8.74478195148545,2.23446734949205e-18,1.13551048805627e-17,3.24284731380342,16.9448088500978,54.949427862452
"APOBEC3B","ENSG00000179750",236.904875319872,2.19833089682588,0.205809612773737,10.6813810453192,1.24406940167625e-26,1.04214109570192e-25,2.19833089682588,24.9820734778346,54.9188639930981
"SUGCT","ENSG00000175600",199.252212510625,2.00386354296396,0.178972730774493,11.1964740901721,4.24286010530776e-29,4.08719520705902e-28,2.00386354296396,27.3885746196106,54.8829661739858
"VTCN1","ENSG00000134258",483.386986057701,2.81072760282102,0.298740231664742,9.40860086757693,5.02784822557254e-21,3.03212970340982e-20,2.81072760282102,19.5182522251144,54.8604902879518
"IL33","ENSG00000137033",1702.44332846458,-2.06637332187088,0.187788252014873,-11.0037411802907,3.66599966812356e-28,3.35185140836663e-27,2.06637332187088,26.4747152424155,54.7066452810558
"NR4A3","ENSG00000119508",923.393670259287,-2.2594384044561,0.215276595598178,-10.4955134494668,9.05838826980114e-26,7.2132506146663e-25,2.2594384044561,24.1418689785716,54.5470659255321
"ITIH5","ENSG00000123243",1140.83436865792,-2.08314038354648,0.19111694426747,-10.8998204818046,1.15484907956073e-27,1.02498584229068e-26,2.08314038354648,25.9892821332985,54.1393231512571
"ANKRD29","ENSG00000154065",1095.67177190959,-2.15614617609251,0.201475561033444,-10.7017752675949,9.98467034482635e-27,8.42715596603669e-26,2.15614617609251,25.0743189682762,54.0638969615726
"GFRA3","ENSG00000146013",1038.05644281905,2.95231509608207,0.325048282514917,9.08269710961043,1.05917048913804e-19,5.84900756725682e-19,2.95231509608207,18.2329178167602,53.8293185160448
"H2AW","ENSG00000181218",390.668248280783,2.38744324332175,0.235826628138311,10.123722084181,4.33605641795902e-24,3.15771499741721e-23,2.38744324332175,22.5006270702221,53.7189700693043
"CPXM1","ENSG00000088882",665.158145857534,2.00784590065936,0.181655122356195,11.0530651413304,2.11855609204479e-28,1.96716783367709e-27,2.00784590065936,26.7061585856168,53.6218510384895
"KCNQ3","ENSG00000184156",1655.5409406403,2.02202961650868,0.18414531238413,10.980619546213,4.73664100217782e-28,4.29998566473707e-27,2.02202961650868,26.366532992266,53.3139105950151
"GCLC","ENSG00000001084",4274.9593471112,2.2318958397089,0.214388383747573,10.4105259841727,2.219916971705e-25,1.73076141066307e-24,2.2318958397089,23.7617627964655,53.0337795295811
"AHNAK2","ENSG00000185567",4669.37228760486,2.18363813775899,0.207434525968538,10.5268789154713,6.49524491673856e-26,5.22804396289712e-25,2.18363813775899,24.281660769071,53.0223605034696
"RSPO2","ENSG00000147655",107.127148114016,-2.6115760015293,0.272385256606062,-9.58780234315803,8.998112904849e-22,5.69922952943233e-21,2.6115760015293,20.2441838519999,52.86922471843
"MUC4","ENSG00000145113",6139.51920448287,2.44127481696381,0.246685538959344,9.89630290961705,4.31948693563054e-23,2.9864211645764e-22,2.44127481696381,21.5248489452535,52.5480716689975
"DCSTAMP","ENSG00000164935",119.833830508165,-2.17088205958151,0.207018726631481,-10.4864042732035,9.97526356293474e-26,7.92572783888061e-25,2.17088205958151,24.1009608449594,52.3203435169988
"ABCA3","ENSG00000167972",15529.9873740797,-2.10306572695367,0.198188640905846,-10.6114342241883,2.63670239613755e-26,2.16713440395449e-25,2.10306572695367,24.6641141532461,51.8702531613648
"SLC44A5","ENSG00000137968",600.290851855651,2.50411609645688,0.258168258423681,9.69955064091328,3.02829383886472e-22,1.98772053040376e-21,2.50411609645688,20.7016446765964,51.8393216577959
"STAC","ENSG00000144681",450.81343352457,-2.07763866591626,0.194666367021383,-10.6728177943961,1.36425295535816e-26,1.14014844139297e-25,2.07763866591626,24.9430386021012,51.8226214451674
"APBA2","ENSG00000034053",842.379705924781,2.00685842703308,0.184911667152926,10.8530654551579,1.92847013863346e-27,1.68651594284304e-26,2.00685842703308,25.7730095490161,51.722781403447
"CATSPERB","ENSG00000133962",218.180459415606,2.26840486007143,0.224530936043026,10.1028611025643,5.36535584550837e-24,3.89777962418519e-23,2.26840486007143,22.4091827190167,50.8330989900462
"LGALS4","ENSG00000171747",1641.08457728959,3.29068870075286,0.395822266887997,8.31355124769673,9.28798840434267e-17,4.23629815240641e-16,3.29068870075286,15.3730134816646,50.5878017606351
"HCAR1","ENSG00000196917",443.506447362825,2.45621532664443,0.25439588389138,9.65509067628301,4.67745287092034e-22,3.02908665289098e-21,2.45621532664443,20.5186883026546,50.3983166916199
"NPTX2","ENSG00000106236",252.625792054815,2.4923246905273,0.260373549373333,9.57211167004416,1.04744067190154e-21,6.59924505011769e-21,2.4923246905273,20.1805057446583,50.29637273474
"HSD17B6","ENSG00000025423",1509.08154620031,-2.2658810335043,0.226119820398487,-10.0207095048598,1.23612345786918e-23,8.77348553417424e-23,2.2658810335043,22.0568278356502,49.9781478520696
"AGTR2","ENSG00000180772",390.073278382784,-2.99597014899587,0.347045202969513,-8.63279516143913,5.98705969235699e-18,2.95439765789696e-17,2.99597014899587,16.5295310496445,49.5219816016354
"LRRC15","ENSG00000172061",1277.13383527422,2.31332361439817,0.234742461033328,9.8547301762749,6.53920970949175e-23,4.48127458184358e-22,2.31332361439817,21.3485984446774,49.3862169163764
"CTSV","ENSG00000136943",400.920680194332,2.2488547513119,0.225983175403995,9.95142557534015,2.4859619266099e-23,1.74163338891272e-22,2.2488547513119,21.7590432580129,48.9329278147835
"GPC3","ENSG00000147257",1984.31398692373,-2.15525176884913,0.212213921462843,-10.1560338454351,3.1149108271835e-24,2.28516192828185e-23,2.15525176884913,22.6410830200722,48.7972342276706
"AMBP","ENSG00000106927",300.060929596531,2.87003682302767,0.327716313744562,8.75768676338985,1.99298084187822e-18,1.01654521675391e-17,2.87003682302767,16.9928732988263,48.7701720966751
"BDNF","ENSG00000176697",112.353727525369,-2.34766478973595,0.241647196773355,-9.71525770248379,2.59591531181362e-22,1.70892982613249e-21,2.34766478973595,20.7672757703683,48.7546021048302
"MSLNL","ENSG00000162006",148.288781347751,3.01267963675316,0.35293328541406,8.53611648790421,1.38808421866177e-17,6.69460671819812e-17,3.01267963675316,16.1742749309945,48.7279087238542
"SEMA6D","ENSG00000137872",368.879959636244,-2.03914051983013,0.195333676897655,-10.4392675764688,1.64071675984662e-25,1.28591086219604e-24,2.03914051983013,23.8907891351428,48.7166761761871
"CACNA2D2","ENSG00000007402",3326.26920472006,-2.37014225182867,0.245859277363006,-9.64023923461387,5.40618349475503e-22,3.47959860689395e-21,2.37014225182867,20.4584708517044,48.4894861734298
"TPPP3","ENSG00000159713",2865.04832357202,-2.19900165291725,0.21957788428562,-10.0146772980873,1.31389991542768e-23,9.31442598524066e-23,2.19900165291725,22.0308439039587,48.4458621599671
"ZG16B","ENSG00000162078",323.616324009743,2.50003563942235,0.267941596656723,9.33052452704947,1.05348250191332e-20,6.21100905176543e-20,2.50003563942235,19.2068378378243,48.0177791151666
"RET","ENSG00000165731",473.133987569959,2.69533926620479,0.300741700883527,8.96230638546752,3.17956943639306e-19,1.70335436902338e-18,2.69533926620479,17.7686949912027,47.8926613190051
"CCNO","ENSG00000152669",448.105344133818,2.12058551103794,0.209830557076925,10.1061806277363,5.1867023602666e-24,3.77258802163619e-23,2.12058551103794,22.4233606185199,47.5506536364121
"HOXB7","ENSG00000260027",486.470243983323,2.08364011634579,0.204545186495865,10.1866983625543,2.2735474241628e-24,1.6851940373051e-23,2.08364011634579,22.7733500861996,47.4514658231924
"SFTPA1","ENSG00000122852",190815.430916501,-2.8227366177471,0.324542875052978,-8.69757691425616,3.39045928636396e-18,1.70217418661364e-17,2.8227366177471,16.7689959998247,47.3344590515597
"KCNE4","ENSG00000152049",1034.02684940653,2.29744379024536,0.237610274335749,9.66895811499723,4.08515691597589e-22,2.65899282275579e-21,2.29744379024536,20.5752828349293,47.2705557816504
"CDA","ENSG00000158825",747.440337910282,2.43411371259943,0.259524322299871,9.37913522335257,6.65160248975614e-21,3.97518782061478e-20,2.43411371259943,19.4006423468743,47.2233695697639
"SMIM31","ENSG00000248771",232.439674178707,2.69555469550923,0.303024783195106,8.8954925306346,5.81607693053357e-19,3.06620696871058e-18,2.69555469550923,17.5133985336515,47.2083236517088
"PRRX2","ENSG00000167157",244.143411069749,2.18539494379942,0.220952921427833,9.89077188786213,4.564943673275e-23,3.15003999791398e-22,2.18539494379942,21.5016839316825,46.9896713474721
"SP5","ENSG00000204335",250.44938503213,2.33044366420005,0.244305817562157,9.53904285806509,1.44156603981638e-21,9.01255805396035e-21,2.33044366420005,20.0451519247764,46.7140973010227
"RSPO4","ENSG00000101282",147.677894943492,-2.28988011694798,0.237949357405359,-9.62339273329933,6.36948753710527e-22,4.0805313462737e-21,2.28988011694798,20.3892832815842,46.6890143853195
"CYP4B1","ENSG00000142973",7052.49067608997,-2.5262313440694,0.277154938301822,-9.11487040262775,7.87645537618538e-20,4.38908178281174e-19,2.5262313440694,18.3576263267666,46.3756110293913
"ADAMDEC1","ENSG00000134028",556.296125451232,2.26754678360622,0.235365892333079,9.63413501051075,5.7373153072471e-22,3.68477325170755e-21,2.26754678360622,20.4335892319737,46.3341195404927
"KRT17","ENSG00000128422",5561.52580413099,2.69725636477981,0.306509575978798,8.79990896260413,1.36927186577642e-18,7.05656149030458e-18,2.69725636477981,17.1514068697074,46.2617413442466
"MZB1","ENSG00000170476",1957.20640273992,2.10567853878394,0.210649229710399,9.99613690341444,1.58458364319832e-23,1.12022738552934e-22,2.10567853878394,21.9506938145999,46.2211048768203
"UGT8","ENSG00000174607",663.029326133601,2.17545897190779,0.221641496801442,9.81521512578791,9.68312319616831e-23,6.55295474088652e-22,2.17545897190779,21.1835628315633,46.0839718188968
"ECRG4","ENSG00000119147",157.442527663194,-2.52271494336974,0.278531111204286,-9.05721063784318,1.33828997229133e-19,7.33191135156424e-19,2.52271494336974,18.1347827946317,45.7488875507818
"SEC14L6","ENSG00000214491",402.369666562269,-2.09307440469805,0.209955464992892,-9.96913514382164,2.08032379520914e-23,1.46317742404392e-22,2.09307440469805,21.8347030083851,45.7016580010344
"SCGB1A1","ENSG00000149021",3669.4032549593,-3.21137790369196,0.402325882349373,-7.98203159324274,1.43944172159866e-15,6.07307963323857e-15,3.21137790369196,14.216591024155,45.6548462807968
"CA3","ENSG00000164879",140.768763078648,-2.08814880633854,0.209591597033408,-9.96294143417255,2.21413067381045e-23,1.55606599161392e-22,2.08814880633854,21.8079719888463,45.5382906771737
"JAKMIP3","ENSG00000188385",109.309671483932,2.33208106797935,0.247883717482918,9.40796391009447,5.05840406936383e-21,3.04747555599754e-20,2.33208106797935,19.5160597692003,45.5130335093055
"TRIM17","ENSG00000162931",203.294581873904,2.17735676951062,0.224134125834077,9.71452589563483,2.61462951521635e-22,1.72061662066076e-21,2.17735676951062,20.7643158862555,45.2113237591953
"CYP4F11","ENSG00000171903",583.030112536242,2.93858749727472,0.35342506790488,8.31459838062648,9.20635045500886e-17,4.20013331696771e-16,2.93858749727472,15.3767369243867,45.1858868748854
"ENTPD2","ENSG00000054179",186.44382122914,2.14280204937761,0.218887921151177,9.78949426769724,1.24919125871745e-22,8.40608469057217e-22,2.14280204937761,21.0754062388294,45.1604236800293
"CEMIP","ENSG00000103888",3084.11189773757,2.12243666010791,0.21592548044743,9.82948680123301,8.40459665503759e-23,5.70931844907318e-22,2.12243666010791,21.2434157326426,45.0878043368738
"HOXC6","ENSG00000197757",120.013343378706,2.34251271115757,0.252012523539772,9.29522342086258,1.46897358032913e-20,8.60371334626156e-20,2.34251271115757,19.0653140676257,44.6607405456243
"ZBTB16","ENSG00000109906",1562.20176136641,-2.35987223408144,0.256295103212334,-9.20763683934432,3.3338345481367e-20,1.90643341546213e-19,2.35987223408144,18.7197783583957,44.1762851761368
"CLDN2","ENSG00000165376",2139.75226093274,2.91111545824842,0.352913544213752,8.24880627558237,1.59984537621073e-16,7.19789623247137e-16,2.91111545824842,15.1427944185875,44.082422913028
"FSTL4","ENSG00000053108",835.26595983781,2.52277233606105,0.28465447094858,8.86257759329824,7.81853592170328e-19,4.09295094344754e-18,2.52277233606105,17.3879634606119,43.8658731988721
"KCNK3","ENSG00000171303",882.567025836324,-2.20445261787824,0.23236425189005,-9.48705577534939,2.37651699452467e-21,1.46378721456213e-20,2.20445261787824,19.834522050503,43.724264058595
"WDR97","ENSG00000179698",119.469615887545,2.07212778542286,0.212059209150669,9.77145861159276,1.49287086906866e-22,1.00007257432593e-21,2.07212778542286,20.9999684825144,43.5146181856224
"KLHDC8A","ENSG00000162873",104.860457965453,2.13623156901275,0.222603040229998,9.59659655504055,8.26278055227553e-22,5.25207575210892e-21,2.13623156901275,20.2796690185906,43.3220691666431
"CNTNAP2","ENSG00000174469",289.105292368244,2.65623554160756,0.310362629053268,8.55849027220241,1.14355126780645e-17,5.55567820658722e-17,2.65623554160756,16.2552629172092,43.1778070988665
"PEBP4","ENSG00000134020",1634.87670381614,-2.5720985452315,0.295574055161397,-8.70204437878358,3.25958060278075e-18,1.63876582538792e-17,2.5720985452315,16.7854831013458,43.1739166659795
"CYP4F3","ENSG00000186529",522.765890071426,3.00532754388143,0.374648086429543,8.02173466978755,1.04262163210091e-15,4.4428742231916e-15,3.00532754388143,14.352335981368,43.1334706438456
"ADGRF1","ENSG00000153292",3770.79378463205,2.43816637760488,0.273558630365661,8.91277447304744,4.9771153965924e-19,2.63555862063415e-18,2.43816637760488,17.5791273196749,42.8608371784666
"GPT","ENSG00000167701",121.869361994439,2.0853718302085,0.216259477357714,9.64291533341261,5.26704609481733e-22,3.3973776414768e-21,2.0853718302085,20.4688561756811,42.6851760653546
"CIT","ENSG00000122966",6004.07001929364,2.03288726663177,0.208886659458337,9.73201099535626,2.20196026064679e-22,1.45708857040507e-21,2.03288726663177,20.8365140484571,42.3582840901025
"PKIB","ENSG00000135549",699.558620242266,2.03831979010049,0.209890151397448,9.71136461872727,2.69701776332081e-22,1.77287798821085e-21,2.03831979010049,20.7513211520867,42.2978285750292
"SOX21","ENSG00000125285",207.183757604185,2.70893795178933,0.323507480455608,8.37364857212648,5.58611802097461e-17,2.57609303477574e-16,2.70893795178933,15.5890384566227,42.2297379070487
"CDH15","ENSG00000129910",209.925797211001,2.14797081103903,0.227983605832882,9.42160206297267,4.44257060535619e-21,2.68550391356886e-20,2.14797081103903,19.5709742103933,42.0378813475224
"WNK2","ENSG00000165238",614.002999458717,2.03393581046721,0.209902392248875,9.68991248110996,3.32813736583395e-22,2.17734412749056e-21,2.03393581046721,20.66207292564,42.0253300419443
"CAMK2B","ENSG00000058404",102.194370145434,2.55870504612761,0.297539951357337,8.59953439682686,8.00401520915982e-18,3.92372175719169e-17,2.55870504612761,16.4063017973167,41.9788871970868
"SLC35F3","ENSG00000183780",132.531292129751,2.20389831441406,0.23871841952666,9.23220888770978,2.65107433268011e-20,1.52477251798924e-19,2.20389831441406,18.8167949442196,41.4703026602407
"CNMD","ENSG00000136110",183.888244938572,3.70871396780607,0.527888532018828,7.02556267631478,2.1320527710128e-12,7.23749198097742e-12,3.70871396780607,11.1404119044554,41.3166012371668
"F5","ENSG00000198734",992.620269735077,2.3315686448381,0.261231736628745,8.92528861511056,4.44538561514417e-19,2.36167710248737e-18,2.3315686448381,17.6267794810638,41.0980463475239
"ADGRB1","ENSG00000181790",278.603827210542,2.25045917243363,0.248033104951,9.07322098345789,1.15549620906474e-19,6.36162882116779e-19,2.25045917243363,18.1964316740563,40.9503265664418
"PTX3","ENSG00000163661",151.969393743762,-2.06022291554995,0.217917119666858,-9.45415816205505,3.25631611176633e-21,1.98586449174625e-20,2.06022291554995,19.7020503895238,40.5906156958167
"KCP","ENSG00000135253",243.459601005977,2.07183860890371,0.220441323575265,9.39859448900615,5.52967672046193e-21,3.32356417733373e-20,2.07183860890371,19.4783959306727,40.3560927286805
"DLX3","ENSG00000064195",173.53021071549,2.17183559048477,0.237182760991098,9.15680204332507,5.3458015217651e-20,3.0126748544549e-19,2.17183559048477,18.5210477374059,40.2246706491656
"SFTPA2","ENSG00000185303",243848.008108017,-2.66995649376969,0.324839467734959,-8.21931064099682,2.0467625354992e-16,9.13284839094442e-16,2.66995649376969,15.03939375176,40.154527009871
"CD79A","ENSG00000105369",1373.32467212507,2.00965676927149,0.211616198998456,9.49670572849744,2.16635172305463e-21,1.33617826199988e-20,2.00965676927149,19.8741355979695,39.9401911378788
"LPL","ENSG00000175445",3456.10489181926,-2.0831571501474,0.224213060985464,-9.29097145809207,1.52886453605181e-20,8.94570737199968e-20,2.0831571501474,19.0483853123789,39.6807800622449
"CLDN9","ENSG00000213937",318.584922504414,2.29402962364758,0.259649063854912,8.83511609704648,9.99943565158883e-19,5.19361109183974e-18,2.29402962364758,17.2845305743431,39.6512251683855
"BMPER","ENSG00000164619",181.200059715295,-2.18182489975586,0.240843418724991,-9.05910118410665,1.3152988294863e-19,7.21036824632304e-19,2.18182489975586,18.142042554523,39.5827601778887
"CDHR5","ENSG00000099834",100.014318547562,2.75632912378751,0.343815193083199,8.01689157209672,1.08454779243047e-15,4.61603559704052e-15,2.75632912378751,14.3357308507322,39.5139924546522
"PNMA6A","ENSG00000235961",112.714552715323,2.133522232362,0.234968165732375,9.08004803847365,1.08526942093336e-19,5.98604369567219e-19,2.133522232362,18.2228601173121,38.8788771975081
"MLLT11","ENSG00000213190",376.92365671381,2.12264157872241,0.234255337378408,9.06123037569713,1.28987260442759e-19,7.07748865716741e-19,2.12264157872241,18.1501208179902,38.5262011071012
"B3GAT1","ENSG00000109956",274.415477741362,2.27210622614176,0.260063771922331,8.73672718559328,2.39961053395516e-18,1.21563508731766e-17,2.27210622614176,16.9151967732116,38.4331239048271
"SSTR1","ENSG00000139874",278.171508444144,-2.21648560898467,0.251264814406246,-8.8213131401719,1.13125175572109e-18,5.85860713896309e-18,2.21648560898467,17.2322056235321,38.1949357756237
"TBX18","ENSG00000112837",136.904947167184,2.68981410367452,0.33765638874964,7.96612826914087,1.63723002088961e-15,6.87675041403235e-15,2.68981410367452,14.1626167377309,38.0948062460854
"VSTM2L","ENSG00000132821",3290.35949852893,2.04952935473002,0.224163854881733,9.14299656298886,6.07453228085741e-20,3.40619260737642e-19,2.04952935473002,18.4677307979601,37.8501563856709
"CPB2","ENSG00000080618",488.615984197157,-2.70713784787422,0.342569485615293,-7.90244887985834,2.73476506947755e-15,1.1337616169639e-14,2.70713784787422,13.9454782499583,37.752331977169
"PCSK1N","ENSG00000102109",493.584871391635,2.31766886395817,0.27375088538132,8.46634289686329,2.53217983895421e-17,1.19990185006376e-16,2.31766886395817,15.9208542770516,36.8992682455377
"SFTPD","ENSG00000133661",11490.9872692364,-2.22917264721809,0.258936203097212,-8.60896475871007,7.37233074612017e-18,3.62199654146975e-17,2.22917264721809,16.4410519687159,36.6499433401525
"WDR72","ENSG00000166415",623.459157436929,2.56283572274105,0.321084193327471,7.98181840152821,1.44193066523795e-15,6.08071303160561e-15,2.56283572274105,14.2160454918564,36.4333892226413
"HNF4A","ENSG00000101076",300.488523965186,2.88110731370916,0.384588028191469,7.49141185506375,6.81366371143952e-14,2.560203376497e-13,2.88110731370916,12.591725533992,36.2781125282027
"VWDE","ENSG00000146530",198.169026538392,2.11740427505629,0.241848836207517,8.75507324434454,2.03970980083573e-18,1.039490956034e-17,2.11740427505629,16.983179284843,35.9602564217739
"CCBE1","ENSG00000183287",484.977619690139,-2.10167822085538,0.240233332135494,-8.74848715693626,2.1623197359958e-18,1.10072224853977e-17,2.10167822085538,16.958322255183,35.6409365459651
"IL5RA","ENSG00000091181",131.721310574861,-2.08094237789919,0.236780134842385,-8.78850068771346,1.51569109811536e-18,7.79317839614315e-18,2.08094237789919,17.1082853820729,35.6013560647488
"C8B","ENSG00000021852",185.933637688959,-2.64519278548965,0.341366178729772,-7.74884259282057,9.27338842321609e-15,3.70956268850001e-14,2.64519278548965,13.4306772853083,35.5267306593372
"SCARA5","ENSG00000168079",400.899466975146,-2.31845226647635,0.28051683020096,-8.26493107317459,1.39775481066382e-16,6.31566334020399e-16,2.31845226647635,15.1995810283453,35.239503084658
"C4BPB","ENSG00000123843",486.482221750128,2.23660036527629,0.26810872272929,8.34213949664963,7.29583149133385e-17,3.34386047321815e-16,2.23660036527629,15.4757518523382,34.6130722458648
"CST2","ENSG00000170369",108.382764322961,2.24584514505514,0.270006236240812,8.31775286498246,8.96466912538674e-17,4.09300394642881e-16,2.24584514505514,15.3879578366126,34.5589703996697
"FAM83F","ENSG00000133477",429.954465648141,2.25605225896178,0.272259568514614,8.28640209514135,1.16725694717579e-16,5.29288610132196e-16,2.25605225896178,15.2763074515783,34.4641479347278
"TMPRSS6","ENSG00000187045",589.775823171968,2.30505301829902,0.281493035871255,8.18866801150016,2.64133019300819e-16,1.16838865620508e-15,2.30505301829902,14.9324126682095,34.4200028913428
"C9orf24","ENSG00000164972",267.695541022856,-2.388757501636,0.298066304846846,-8.01418161929911,1.10872770318535e-15,4.71446406680025e-15,2.388757501636,14.3265676700656,34.2226959945651
"MSI1","ENSG00000135097",190.021619506149,2.31560029747638,0.284782816814844,8.13110960617369,4.25378496552362e-16,1.85913469438481e-15,2.31560029747638,14.7306891444352,34.1103881648863
"HOATZ","ENSG00000183644",104.448135382429,-2.41683766917436,0.30452106645907,-7.93652044266436,2.07932109633209e-15,8.6826820015566e-15,2.41683766917436,14.0613461044821,33.9839909446105
"DPP10","ENSG00000175497",181.583571006485,2.44400207848928,0.310319552380362,7.87575922864712,3.38679887524348e-15,1.38958936653822e-14,2.44400207848928,13.8571135178709,33.8668142395383
"NEB","ENSG00000183091",317.567245153388,2.02534735372357,0.234248375158956,8.646153265094,5.3264563017721e-18,2.64006323012765e-17,2.02534735372357,16.5783856715519,33.5769895488864
"BCAS1","ENSG00000064787",1428.51957999896,2.26271880017156,0.277286192975806,8.16022888081192,3.34390335784856e-16,1.46900227797654e-15,2.26271880017156,14.8329775307503,33.5628571213511
"OGN","ENSG00000106809",454.410981354151,-2.13568743171472,0.255884049207859,-8.34630934724606,7.04291874543276e-17,3.23208374229362e-16,2.13568743171472,15.4905173953155,33.0829033119335
"CHODL","ENSG00000154645",113.480848286969,2.09342490289654,0.24896508601518,8.40850794142634,4.15259300287699e-17,1.93244074383558e-16,2.09342490289654,15.7138938143668,32.8958566324674
"ENPP3","ENSG00000154269",459.905039455737,2.18662151834243,0.266190535095927,8.21449762499799,2.13054313632194e-16,9.48303690005187e-16,2.18662151834243,15.0230525595264,32.8497299978498
"ARSL","ENSG00000157399",1335.49289644014,2.01756769778107,0.236763526059806,8.52144640417053,1.57572929092582e-17,7.57103227780227e-17,2.01756769778107,16.1208449022715,32.5248959357616
"SAA2","ENSG00000134339",182.434776805616,2.35495463304464,0.300258650282831,7.84308672148618,4.39604170536206e-15,1.79298778741836e-14,2.35495463304464,13.7464226685387,32.3722017510651
"SERPINA5","ENSG00000188488",155.177513374072,2.33714478010294,0.301223898611342,7.75882919940052,8.57169961511497e-15,3.44040873066963e-14,2.33714478010294,13.4633899589024,31.4658915649391
"RASGRF1","ENSG00000058335",956.683563744067,-2.04452240819161,0.246458075882965,-8.29561945116574,1.08020819467165e-16,4.90687109095196e-16,2.04452240819161,15.309195351276,31.2999929470666
"SLC9A2","ENSG00000115616",141.786431837026,2.36137439954481,0.307814141794834,7.67142921301753,1.70090339054592e-14,6.67271746701121e-14,2.36137439954481,13.1756972634477,31.112754214058
"PSCA","ENSG00000167653",456.145177717545,2.59815642965032,0.357905180710367,7.25934289214121,3.88975287815156e-13,1.38976334362552e-12,2.59815642965032,11.8570591474494,30.8064944606899
"HABP2","ENSG00000148702",983.470688044898,2.23771556556946,0.285402628002873,7.84055697464334,4.48552352393859e-15,1.8282339957593e-14,2.23771556556946,13.7379682196725,30.7416653244598
"SLCO1A2","ENSG00000084453",131.975297040415,-2.65995877177422,0.375423585672475,-7.08522019736611,1.38823387311308e-12,4.78329841933608e-12,2.65995877177422,11.3202725236173,30.1114581980704
"NEFH","ENSG00000100285",292.5898444377,2.3232472724193,0.305779418157803,7.59778825669798,3.01234683030841e-14,1.16038583067187e-13,2.3232472724193,12.9353975829533,30.0521271522555
"STUM","ENSG00000203685",407.400223591307,2.42165574625916,0.326135953005738,7.42529526088941,1.12528606747289e-13,4.16954723654844e-13,2.42165574625916,12.3799111017035,29.9798828576179
"NTS","ENSG00000133636",558.032227858596,3.0465138484645,0.463813464982576,6.56840320187546,5.08576761460861e-11,1.55954824212839e-10,3.0465138484645,9.80700118649446,29.8771649265632
"EREG","ENSG00000124882",1500.58366596394,2.58699256910962,0.361437538494275,7.15750937184571,8.21559753426074e-13,2.87000559704271e-12,2.58699256910962,11.5421172563105,29.8593715738671
"SUSD2","ENSG00000099994",11105.1463958245,-2.04457867893834,0.25319902877598,-8.07498626208119,6.74842433084842e-16,2.91243503501859e-15,2.04457867893834,14.5357437532612,29.7194717604291
"MMP7","ENSG00000137673",4679.27935761512,2.02980789258961,0.252660898020001,8.03372389038578,9.45578624350778e-16,4.04089761774742e-15,2.02980789258961,14.3935221529255,29.2160848681715
"GJB5","ENSG00000189280",116.462593633008,2.35124143092862,0.321274438662412,7.3184827299605,2.507902889577e-13,9.0874658572704e-13,2.35124143092862,12.0415572078278,28.3126081999418
"KBTBD12","ENSG00000187715",182.525501045569,2.06413295813552,0.264312662514444,7.80943651544778,5.74442236244384e-15,2.32755772942046e-14,2.06413295813552,13.6330995385925,28.1405300791508
"UPK1B","ENSG00000114638",197.871935297795,3.00866770919687,0.470429805755807,6.39557203303275,1.59947415511637e-10,4.71489144275076e-10,3.00866770919687,9.32652830215403,28.0604245416015
"C1orf194","ENSG00000179902",168.759493901308,-2.2124173969026,0.294961389760027,-7.50070169761053,6.34770994881776e-14,2.39064563490204e-13,2.2124173969026,12.6214847945293,27.9239925341582
"CFAP52","ENSG00000166596",167.445341469738,-2.06598353789443,0.26670487403572,-7.74632839150037,9.45876981791593e-15,3.77949460366167e-14,2.06598353789443,13.422566270405,27.7308009509537
"SNTN","ENSG00000188817",406.902700042115,-2.20919607578049,0.296404519784928,-7.45331440081782,9.10240175254728e-14,3.38887379438886e-13,2.20919607578049,12.4699446044943,27.5485526854489
"FAM216B","ENSG00000179813",426.981931167838,-2.33433914435232,0.323062685726858,-7.22565386683485,4.9869646633956e-13,1.7687167239274e-12,2.33433914435232,11.7523417177327,27.4339513095082
"SAA1","ENSG00000173432",716.75040895409,2.15305052493484,0.28756549883035,7.48716564988569,7.03768565541731e-14,2.64105095286036e-13,2.15305052493484,12.5782232200227,27.0815501066174
"RIMBP2","ENSG00000060709",140.888447114055,2.48670462826438,0.358675660586362,6.93301749050695,4.11957247577259e-12,1.36654635352241e-11,2.48670462826438,10.8643756323668,27.0164931682093
"AKR1C3","ENSG00000196139",7767.07111228037,2.12828616917554,0.283718121273223,7.5014107651093,6.31346037025767e-14,2.37824729273728e-13,2.12828616917554,12.6237429889573,26.8669376066245
"DKK1","ENSG00000107984",703.303604298519,2.38548157013432,0.337950858535819,7.0586640331955,1.68110971078719e-12,5.7591606462024e-12,2.38548157013432,11.2396408070776,26.8119560002133
"WNT7A","ENSG00000154764",195.465922064449,-2.26360568528752,0.312355674054699,-7.24688511626371,4.26465394528056e-13,1.51978213741906e-12,2.26360568528752,11.818218664225,26.7517869583108
"LYPD6B","ENSG00000150556",317.714960815729,2.06330930982073,0.272443265665951,7.57335405144718,3.63709283592631e-14,1.3929473911222e-13,2.06330930982073,12.856065285713,26.5260391916747
"TSPAN8","ENSG00000127324",4324.93415846771,2.14492890013817,0.291281433822314,7.36376799575424,1.78790320829834e-13,6.54881312304651e-13,2.14492890013817,12.1838374024232,26.1334649590419
"PLA2G1B","ENSG00000170890",270.928686450402,-2.17639533736637,0.298129484486925,-7.30016804983882,2.87408528458406e-13,1.03786090811428e-12,2.17639533736637,11.9838608457998,26.081618868446
"TUBA4B","ENSG00000243910",123.641722657998,-2.20910813579062,0.305172976867022,-7.2388720602651,4.52431564118315e-13,1.60941510472545e-12,2.20910813579062,11.7933319270378,26.0527455080985
"C1orf87","ENSG00000162598",112.709972342877,-2.39585745251889,0.353182307741614,-6.78362817163448,1.17194724283333e-11,3.76407323927782e-11,2.39585745251889,10.4243419348981,24.9752373123309
"FAT2","ENSG00000086570",247.698082978933,2.12319938277498,0.294731299644334,7.20384765831501,5.8536765156388e-13,2.06832215431132e-12,2.12319938277498,11.6843818161858,24.8082722602329
"TENM1","ENSG00000009694",429.478507449105,2.21293571104807,0.314316338565777,7.04047305063961,1.91588263840375e-12,6.53467175923718e-12,2.21293571104807,11.1847762224265,24.751190722689
"ATP6V0A4","ENSG00000105929",379.509548651691,2.02884898029892,0.28064989818396,7.22910998160793,4.86169600769557e-13,1.72497177603999e-12,2.02884898029892,11.7632180064518,23.8657928574236
"PKP1","ENSG00000081277",1685.35717920276,2.23678640700972,0.327585881367486,6.82809160661137,8.60516346497445e-12,2.78985667473796e-11,2.23678640700972,10.5544181074681,23.6079789566819
"TEKT1","ENSG00000167858",310.512360390393,-2.24182789453963,0.337517044754161,-6.64211757415843,3.09208145634574e-11,9.65223543237864e-11,2.24182789453963,10.0153720935457,22.4527405335045
"EFCAB1","ENSG00000034239",273.79496832328,-2.06521198307995,0.297952856665631,-6.93133808546623,4.16878412848363e-12,1.38159019097902e-11,2.06521198307995,10.8596207588358,22.4274189228515
"GABRP","ENSG00000094755",369.582276859708,2.21648268760167,0.336156437597432,6.59360476164983,4.29273589598067e-11,1.32271264657796e-10,2.21648268760167,9.87853449410445,21.8956006850584
"WIF1","ENSG00000156076",2352.39480168093,-2.28888873852431,0.353528019000968,-6.47441960892507,9.51770676683038e-11,2.85595048094744e-10,2.28888873852431,9.54424932702111,21.8457248022869
"GABBR2","ENSG00000136928",206.40635474327,2.05233292267645,0.300632167717655,6.82672429320317,8.68754253975808e-12,2.81554426125505e-11,2.05233292267645,10.5504376410213,21.653010519313
"PTPRZ1","ENSG00000106278",473.63006495165,2.06041445788904,0.30663818478122,6.71936686345538,1.82515858881358e-11,5.77601036958637e-11,2.06041445788904,10.2383720357552,21.0952897677169
"ALOX15","ENSG00000161905",489.338129338033,-2.11981820275473,0.321493034394553,-6.59366759453075,4.29091860141683e-11,1.32260820904654e-10,2.11981820275473,9.87856878608346,20.9407699299044
"C6","ENSG00000039537",239.60203043742,-2.0062510953735,0.299545255076574,-6.69765606823125,2.11788994279866e-11,6.68231436192847e-11,2.0062510953735,10.1750730973241,20.413751547012
"WDR38","ENSG00000136918",182.448235991415,-2.04503297544878,0.318427810060801,-6.42228131725775,1.34247029571975e-10,3.98223159836099e-10,2.04503297544878,9.39987348590446,19.2230512437213
"PPBP","ENSG00000163736",108.702066834414,-2.05233604662075,0.32173455337378,-6.3789730543378,1.78279398050318e-10,5.23801850462126e-10,2.05233604662075,9.2808329716533,19.0473880503904
"KRT4","ENSG00000170477",646.357901313419,-2.12740412811088,0.340413658277782,-6.24946760031257,4.11854163707794e-10,1.17495321288641e-09,2.12740412811088,8.92997942683038,18.9976750965842
"DRGX","ENSG00000165606",108.274693752863,2.20315192781006,0.360471836272583,6.1118559235903,9.84790741510485e-10,2.72557784034758e-09,2.20315192781006,8.56454141035223,18.8689859190266
"HHLA2","ENSG00000114455",1392.47005730699,2.24095326933982,0.372633058567203,6.01383376439122,1.8118631416617e-09,4.88910680044531e-09,2.24095326933982,8.31077047565548,18.624048268153
"CAPSL","ENSG00000152611",141.78028553399,-2.05787483915717,0.328401512209572,-6.26633789019801,3.69637810076437e-10,1.05839803739761e-09,2.05787483915717,8.97535097413818,18.4701489422838
"C20orf85","ENSG00000124237",518.432971387198,-2.23794606467637,0.379211525413085,-5.90157712700984,3.60043038258572e-09,9.48738022513294e-09,2.23794606467637,8.02285369387825,17.9547138516891
"STOML3","ENSG00000133115",108.380523009659,-2.0526568547569,0.340431102718168,-6.02958084137283,1.6438547192131e-09,4.44917448054456e-09,2.0526568547569,8.35172056245788,17.1432164615433
"ERICH3","ENSG00000178965",294.201735439437,-2.02171239364156,0.346251218929182,-5.83886000428797,5.25592096300126e-09,1.36295933030408e-08,2.02171239364156,7.86551710299734,15.9018134095294
"MSMB","ENSG00000263639",1588.42002631986,2.18196912112833,0.412962981011633,5.28369181126883,1.26606170891227e-07,2.923427817469e-07,2.18196912112833,6.53410762488533,14.257221071629
